{
  "experiment_info": {
    "model": "YOLO8",
    "detection_experiment": "multi_pipeline_20250920_144629_yolo8_det",
    "classification_experiment": "multi_pipeline_20250920_144629_yolo8_cls",
    "timestamp": "2025-09-20 15:00:18"
  },
  "detection": {
    "epochs": 28,
    "mAP50": 0.995,
    "mAP50_95": 0.995,
    "precision": 0.97545,
    "recall": 0.97285,
    "training_time_sec": 723.001
  },
  "classification": {
    "epochs": 20,
    "top1_accuracy": 0.89286,
    "top5_accuracy": 1.0,
    "training_time_sec": 32.2376
  },
  "iou_analysis": {
    "iou_0.3": {
      "iou_threshold": 0.3,
      "map50": 0.9695833333333334,
      "map50_95": 0.9695833333333332,
      "precision": 0.9762955531186358,
      "recall": 0.9502626101492038,
      "confidence_threshold": 0.25
    },
    "iou_0.5": {
      "iou_threshold": 0.5,
      "map50": 0.9695833333333334,
      "map50_95": 0.9695833333333332,
      "precision": 0.9762955531186358,
      "recall": 0.9502626101492038,
      "confidence_threshold": 0.25
    },
    "iou_0.7": {
      "iou_threshold": 0.7,
      "map50": 0.9695833333333334,
      "map50_95": 0.9695833333333332,
      "precision": 0.9762955531186358,
      "recall": 0.9502626101492038,
      "confidence_threshold": 0.25
    }
  }
}