epoch,train_loss,train_acc,val_loss,val_acc
1,1.370635,63.57,2.410922,2.73
2,1.256733,78.22,530.196411,95.91
3,0.737749,87.79,260.593750,95.91
