{
  "iou_0.5": {
    "iou_threshold": 0.5,
    "map50": 8.190044398907104e-05,
    "map50_95": 7.371039959016393e-05,
    "precision": 0.00015873015873015873,
    "recall": 0.010309278350515464
  },
  "iou_0.75": {
    "iou_threshold": 0.75,
    "map75": 8.190044398907104e-05,
    "map50_95": 7.371039959016393e-05,
    "precision": 0.00015873015873015873,
    "recall": 0.010309278350515464
  },
  "iou_avg": {
    "iou_threshold": "0.5:0.95",
    "map_avg": 7.371039959016393e-05,
    "map50_95": 7.371039959016393e-05,
    "precision": 0.00015873015873015873,
    "recall": 0.010309278350515464
  }
}