{
  "iou_0.3": {
    "iou_threshold": 0.3,
    "map50": 0.9644583333333333,
    "map50_95": 0.9644583333333333,
    "precision": 0.9368429588907323,
    "recall": 0.9495798319327731
  },
  "iou_0.5": {
    "iou_threshold": 0.5,
    "map50": 0.9644583333333333,
    "map50_95": 0.9644583333333333,
    "precision": 0.9368429588907323,
    "recall": 0.9495798319327731
  },
  "iou_0.7": {
    "iou_threshold": 0.7,
    "map50": 0.9644583333333333,
    "map50_95": 0.9644583333333333,
    "precision": 0.9368077027092676,
    "recall": 0.9495798319327731
  }
}