{
  "confusion_matrix": [
    [
      16,
      0,
      1,
      0
    ],
    [
      0,
      6,
      0,
      0
    ],
    [
      3,
      0,
      4,
      0
    ],
    [
      0,
      0,
      0,
      5
    ]
  ],
  "confusion_matrix_normalized": [
    [
      0.9411764705882353,
      0.0,
      0.058823529411764705,
      0.0
    ],
    [
      0.0,
      1.0,
      0.0,
      0.0
    ],
    [
      0.42857142857142855,
      0.0,
      0.5714285714285714,
      0.0
    ],
    [
      0.0,
      0.0,
      0.0,
      1.0
    ]
  ],
  "per_class_metrics": {
    "P_falciparum": {
      "precision": 0.8421052631578947,
      "recall": 0.9411764705882353,
      "f1_score": 0.8888888888888888,
      "support": 17,
      "class_index": 0
    },
    "P_malariae": {
      "precision": 1.0,
      "recall": 1.0,
      "f1_score": 1.0,
      "support": 6,
      "class_index": 1
    },
    "P_ovale": {
      "precision": 0.8,
      "recall": 0.5714285714285714,
      "f1_score": 0.6666666666666666,
      "support": 7,
      "class_index": 2
    },
    "P_vivax": {
      "precision": 1.0,
      "recall": 1.0,
      "f1_score": 1.0,
      "support": 5,
      "class_index": 3
    }
  },
  "overall_metrics": {
    "accuracy": 0.8857142857142857,
    "macro_precision": 0.9105263157894736,
    "macro_recall": 0.8781512605042017,
    "macro_f1": 0.8888888888888888,
    "weighted_precision": 0.8833082706766917,
    "weighted_recall": 0.8857142857142857,
    "weighted_f1": 0.8793650793650793
  },
  "class_mapping": {
    "0": "P_falciparum",
    "1": "P_malariae",
    "2": "P_ovale",
    "3": "P_vivax"
  },
  "total_samples": 35,
  "analysis_timestamp": "2025-09-20T20:55:15.039691"
}