epoch,train_loss,train_acc,val_loss,val_acc
1,0.632265,83.40,nan,95.91
2,0.877343,90.33,nan,95.91
3,0.467919,90.53,7.668327,95.91
