image_name,image_file,n_gt_boxes,n_pred_boxes,n_correct_matches,n_false_positives,n_false_negatives,avg_confidence,status,paper_score,recommendation,dataset
PA171739,results\optA_20251207_233941\experiments\experiment_iml_lifecycle\visualizations\pred_detection_yolo11\PA171739.png,1,1,1,0,0,0.874,Perfect,10,Best for paper,iml_lifecycle
PA171739,results\optA_20251207_233941\experiments\experiment_iml_lifecycle\visualizations\pred_detection_yolo11\PA171739.png,1,1,1,0,0,0.874,Perfect,10,Best for paper,iml_lifecycle
PA171752,results\optA_20251207_233941\experiments\experiment_iml_lifecycle\visualizations\pred_detection_yolo11\PA171752.png,2,2,2,0,0,0.9,Perfect,10,Best for paper,iml_lifecycle
PA171752,results\optA_20251207_233941\experiments\experiment_iml_lifecycle\visualizations\pred_detection_yolo11\PA171752.png,2,2,2,0,0,0.9,Perfect,10,Best for paper,iml_lifecycle
PA171756,results\optA_20251207_233941\experiments\experiment_iml_lifecycle\visualizations\pred_detection_yolo11\PA171756.png,2,2,2,0,0,0.88,Perfect,10,Best for paper,iml_lifecycle
PA171756,results\optA_20251207_233941\experiments\experiment_iml_lifecycle\visualizations\pred_detection_yolo11\PA171756.png,2,2,2,0,0,0.88,Perfect,10,Best for paper,iml_lifecycle
PA171770,results\optA_20251207_233941\experiments\experiment_iml_lifecycle\visualizations\pred_detection_yolo11\PA171770.png,2,2,2,0,0,0.809,Perfect,10,Best for paper,iml_lifecycle
PA171770,results\optA_20251207_233941\experiments\experiment_iml_lifecycle\visualizations\pred_detection_yolo11\PA171770.png,2,2,2,0,0,0.809,Perfect,10,Best for paper,iml_lifecycle
PA171777,results\optA_20251207_233941\experiments\experiment_iml_lifecycle\visualizations\pred_detection_yolo11\PA171777.png,1,1,1,0,0,0.896,Perfect,10,Best for paper,iml_lifecycle
PA171777,results\optA_20251207_233941\experiments\experiment_iml_lifecycle\visualizations\pred_detection_yolo11\PA171777.png,1,1,1,0,0,0.896,Perfect,10,Best for paper,iml_lifecycle
PA171801,results\optA_20251207_233941\experiments\experiment_iml_lifecycle\visualizations\pred_detection_yolo11\PA171801.png,3,3,3,0,0,0.855,Perfect,10,Best for paper,iml_lifecycle
PA171801,results\optA_20251207_233941\experiments\experiment_iml_lifecycle\visualizations\pred_detection_yolo11\PA171801.png,3,3,3,0,0,0.855,Perfect,10,Best for paper,iml_lifecycle
PA171851,results\optA_20251207_233941\experiments\experiment_iml_lifecycle\visualizations\pred_detection_yolo11\PA171851.png,1,1,1,0,0,0.815,Perfect,10,Best for paper,iml_lifecycle
PA171851,results\optA_20251207_233941\experiments\experiment_iml_lifecycle\visualizations\pred_detection_yolo11\PA171851.png,1,1,1,0,0,0.815,Perfect,10,Best for paper,iml_lifecycle
PA171841,results\optA_20251207_233941\experiments\experiment_iml_lifecycle\visualizations\pred_detection_yolo11\PA171841.png,1,1,1,0,0,0.883,Perfect,10,Best for paper,iml_lifecycle
PA171841,results\optA_20251207_233941\experiments\experiment_iml_lifecycle\visualizations\pred_detection_yolo11\PA171841.png,1,1,1,0,0,0.883,Perfect,10,Best for paper,iml_lifecycle
PA171836,results\optA_20251207_233941\experiments\experiment_iml_lifecycle\visualizations\pred_detection_yolo11\PA171836.png,1,1,1,0,0,0.908,Perfect,10,Best for paper,iml_lifecycle
PA171836,results\optA_20251207_233941\experiments\experiment_iml_lifecycle\visualizations\pred_detection_yolo11\PA171836.png,1,1,1,0,0,0.908,Perfect,10,Best for paper,iml_lifecycle
PA171852,results\optA_20251207_233941\experiments\experiment_iml_lifecycle\visualizations\pred_detection_yolo11\PA171852.png,3,3,3,0,0,0.852,Perfect,10,Best for paper,iml_lifecycle
PA171852,results\optA_20251207_233941\experiments\experiment_iml_lifecycle\visualizations\pred_detection_yolo11\PA171852.png,3,3,3,0,0,0.852,Perfect,10,Best for paper,iml_lifecycle
PA171822,results\optA_20251207_233941\experiments\experiment_iml_lifecycle\visualizations\pred_detection_yolo11\PA171822.png,1,1,1,0,0,0.885,Perfect,10,Best for paper,iml_lifecycle
PA171822,results\optA_20251207_233941\experiments\experiment_iml_lifecycle\visualizations\pred_detection_yolo11\PA171822.png,1,1,1,0,0,0.885,Perfect,10,Best for paper,iml_lifecycle
PA171810,results\optA_20251207_233941\experiments\experiment_iml_lifecycle\visualizations\pred_detection_yolo11\PA171810.png,1,1,1,0,0,0.815,Perfect,10,Best for paper,iml_lifecycle
PA171810,results\optA_20251207_233941\experiments\experiment_iml_lifecycle\visualizations\pred_detection_yolo11\PA171810.png,1,1,1,0,0,0.815,Perfect,10,Best for paper,iml_lifecycle
PA171802,results\optA_20251207_233941\experiments\experiment_iml_lifecycle\visualizations\pred_detection_yolo11\PA171802.png,3,3,3,0,0,0.878,Perfect,10,Best for paper,iml_lifecycle
PA171802,results\optA_20251207_233941\experiments\experiment_iml_lifecycle\visualizations\pred_detection_yolo11\PA171802.png,3,3,3,0,0,0.878,Perfect,10,Best for paper,iml_lifecycle
PA171786,results\optA_20251207_233941\experiments\experiment_iml_lifecycle\visualizations\pred_detection_yolo11\PA171786.png,1,1,1,0,0,0.894,Perfect,10,Best for paper,iml_lifecycle
PA171786,results\optA_20251207_233941\experiments\experiment_iml_lifecycle\visualizations\pred_detection_yolo11\PA171786.png,1,1,1,0,0,0.894,Perfect,10,Best for paper,iml_lifecycle
PA172034,results\optA_20251207_233941\experiments\experiment_iml_lifecycle\visualizations\pred_detection_yolo11\PA172034.png,2,2,2,0,0,0.901,Perfect,10,Best for paper,iml_lifecycle
PA172034,results\optA_20251207_233941\experiments\experiment_iml_lifecycle\visualizations\pred_detection_yolo11\PA172034.png,2,2,2,0,0,0.901,Perfect,10,Best for paper,iml_lifecycle
PA171942,results\optA_20251207_233941\experiments\experiment_iml_lifecycle\visualizations\pred_detection_yolo11\PA171942.png,1,1,1,0,0,0.908,Perfect,10,Best for paper,iml_lifecycle
PA171942,results\optA_20251207_233941\experiments\experiment_iml_lifecycle\visualizations\pred_detection_yolo11\PA171942.png,1,1,1,0,0,0.908,Perfect,10,Best for paper,iml_lifecycle
PA171949,results\optA_20251207_233941\experiments\experiment_iml_lifecycle\visualizations\pred_detection_yolo11\PA171949.png,1,1,1,0,0,0.885,Perfect,10,Best for paper,iml_lifecycle
PA171949,results\optA_20251207_233941\experiments\experiment_iml_lifecycle\visualizations\pred_detection_yolo11\PA171949.png,1,1,1,0,0,0.885,Perfect,10,Best for paper,iml_lifecycle
PA171959,results\optA_20251207_233941\experiments\experiment_iml_lifecycle\visualizations\pred_detection_yolo11\PA171959.png,5,5,5,0,0,0.89,Perfect,10,Best for paper,iml_lifecycle
PA171959,results\optA_20251207_233941\experiments\experiment_iml_lifecycle\visualizations\pred_detection_yolo11\PA171959.png,5,5,5,0,0,0.89,Perfect,10,Best for paper,iml_lifecycle
PA171964,results\optA_20251207_233941\experiments\experiment_iml_lifecycle\visualizations\pred_detection_yolo11\PA171964.png,2,2,2,0,0,0.87,Perfect,10,Best for paper,iml_lifecycle
PA171964,results\optA_20251207_233941\experiments\experiment_iml_lifecycle\visualizations\pred_detection_yolo11\PA171964.png,2,2,2,0,0,0.87,Perfect,10,Best for paper,iml_lifecycle
PA171998,results\optA_20251207_233941\experiments\experiment_iml_lifecycle\visualizations\pred_detection_yolo11\PA171998.png,2,2,2,0,0,0.91,Perfect,10,Best for paper,iml_lifecycle
PA171998,results\optA_20251207_233941\experiments\experiment_iml_lifecycle\visualizations\pred_detection_yolo11\PA171998.png,2,2,2,0,0,0.91,Perfect,10,Best for paper,iml_lifecycle
PA171919,results\optA_20251207_233941\experiments\experiment_iml_lifecycle\visualizations\pred_detection_yolo11\PA171919.png,2,2,2,0,0,0.89,Perfect,10,Best for paper,iml_lifecycle
PA171919,results\optA_20251207_233941\experiments\experiment_iml_lifecycle\visualizations\pred_detection_yolo11\PA171919.png,2,2,2,0,0,0.89,Perfect,10,Best for paper,iml_lifecycle
PA171923,results\optA_20251207_233941\experiments\experiment_iml_lifecycle\visualizations\pred_detection_yolo11\PA171923.png,1,1,1,0,0,0.911,Perfect,10,Best for paper,iml_lifecycle
PA171923,results\optA_20251207_233941\experiments\experiment_iml_lifecycle\visualizations\pred_detection_yolo11\PA171923.png,1,1,1,0,0,0.911,Perfect,10,Best for paper,iml_lifecycle
PA171927,results\optA_20251207_233941\experiments\experiment_iml_lifecycle\visualizations\pred_detection_yolo11\PA171927.png,1,1,1,0,0,0.921,Perfect,10,Best for paper,iml_lifecycle
PA171927,results\optA_20251207_233941\experiments\experiment_iml_lifecycle\visualizations\pred_detection_yolo11\PA171927.png,1,1,1,0,0,0.921,Perfect,10,Best for paper,iml_lifecycle
PA171909,results\optA_20251207_233941\experiments\experiment_iml_lifecycle\visualizations\pred_detection_yolo11\PA171909.png,2,2,2,0,0,0.894,Perfect,10,Best for paper,iml_lifecycle
PA171909,results\optA_20251207_233941\experiments\experiment_iml_lifecycle\visualizations\pred_detection_yolo11\PA171909.png,2,2,2,0,0,0.894,Perfect,10,Best for paper,iml_lifecycle
PA171912,results\optA_20251207_233941\experiments\experiment_iml_lifecycle\visualizations\pred_detection_yolo11\PA171912.png,3,3,3,0,0,0.88,Perfect,10,Best for paper,iml_lifecycle
PA171912,results\optA_20251207_233941\experiments\experiment_iml_lifecycle\visualizations\pred_detection_yolo11\PA171912.png,3,3,3,0,0,0.88,Perfect,10,Best for paper,iml_lifecycle
PA171900,results\optA_20251207_233941\experiments\experiment_iml_lifecycle\visualizations\pred_detection_yolo11\PA171900.png,1,1,1,0,0,0.881,Perfect,10,Best for paper,iml_lifecycle
PA171900,results\optA_20251207_233941\experiments\experiment_iml_lifecycle\visualizations\pred_detection_yolo11\PA171900.png,1,1,1,0,0,0.881,Perfect,10,Best for paper,iml_lifecycle
PA171902,results\optA_20251207_233941\experiments\experiment_iml_lifecycle\visualizations\pred_detection_yolo11\PA171902.png,1,1,1,0,0,0.904,Perfect,10,Best for paper,iml_lifecycle
PA171902,results\optA_20251207_233941\experiments\experiment_iml_lifecycle\visualizations\pred_detection_yolo11\PA171902.png,1,1,1,0,0,0.904,Perfect,10,Best for paper,iml_lifecycle
PA171898,results\optA_20251207_233941\experiments\experiment_iml_lifecycle\visualizations\pred_detection_yolo11\PA171898.png,1,1,1,0,0,0.911,Perfect,10,Best for paper,iml_lifecycle
PA171898,results\optA_20251207_233941\experiments\experiment_iml_lifecycle\visualizations\pred_detection_yolo11\PA171898.png,1,1,1,0,0,0.911,Perfect,10,Best for paper,iml_lifecycle
PA171886,results\optA_20251207_233941\experiments\experiment_iml_lifecycle\visualizations\pred_detection_yolo11\PA171886.png,1,1,1,0,0,0.908,Perfect,10,Best for paper,iml_lifecycle
PA171886,results\optA_20251207_233941\experiments\experiment_iml_lifecycle\visualizations\pred_detection_yolo11\PA171886.png,1,1,1,0,0,0.908,Perfect,10,Best for paper,iml_lifecycle
PA171878,results\optA_20251207_233941\experiments\experiment_iml_lifecycle\visualizations\pred_detection_yolo11\PA171878.png,3,3,3,0,0,0.9,Perfect,10,Best for paper,iml_lifecycle
PA171878,results\optA_20251207_233941\experiments\experiment_iml_lifecycle\visualizations\pred_detection_yolo11\PA171878.png,3,3,3,0,0,0.9,Perfect,10,Best for paper,iml_lifecycle
PA171869,results\optA_20251207_233941\experiments\experiment_iml_lifecycle\visualizations\pred_detection_yolo11\PA171869.png,1,1,1,0,0,0.88,Perfect,10,Best for paper,iml_lifecycle
PA171869,results\optA_20251207_233941\experiments\experiment_iml_lifecycle\visualizations\pred_detection_yolo11\PA171869.png,1,1,1,0,0,0.88,Perfect,10,Best for paper,iml_lifecycle
PA171995,results\optA_20251207_233941\experiments\experiment_iml_lifecycle\visualizations\pred_detection_yolo11\PA171995.png,2,2,2,0,0,0.892,Perfect,10,Best for paper,iml_lifecycle
PA171995,results\optA_20251207_233941\experiments\experiment_iml_lifecycle\visualizations\pred_detection_yolo11\PA171995.png,2,2,2,0,0,0.892,Perfect,10,Best for paper,iml_lifecycle
PA171996,results\optA_20251207_233941\experiments\experiment_iml_lifecycle\visualizations\pred_detection_yolo11\PA171996.png,1,1,1,0,0,0.903,Perfect,10,Best for paper,iml_lifecycle
PA171996,results\optA_20251207_233941\experiments\experiment_iml_lifecycle\visualizations\pred_detection_yolo11\PA171996.png,1,1,1,0,0,0.903,Perfect,10,Best for paper,iml_lifecycle
PA171990,results\optA_20251207_233941\experiments\experiment_iml_lifecycle\visualizations\pred_detection_yolo11\PA171990.png,3,3,3,0,0,0.9,Perfect,10,Best for paper,iml_lifecycle
PA171990,results\optA_20251207_233941\experiments\experiment_iml_lifecycle\visualizations\pred_detection_yolo11\PA171990.png,3,3,3,0,0,0.9,Perfect,10,Best for paper,iml_lifecycle
PA171698,results\optA_20251207_233941\experiments\experiment_iml_lifecycle\visualizations\pred_detection_yolo11\PA171698.png,3,3,3,0,0,0.773,Perfect,9,Best for paper,iml_lifecycle
PA171698,results\optA_20251207_233941\experiments\experiment_iml_lifecycle\visualizations\pred_detection_yolo11\PA171698.png,3,3,3,0,0,0.773,Perfect,9,Best for paper,iml_lifecycle
PA171899,results\optA_20251207_233941\experiments\experiment_iml_lifecycle\visualizations\pred_detection_yolo11\PA171899.png,2,2,2,0,0,0.663,Perfect,9,Best for paper,iml_lifecycle
PA171899,results\optA_20251207_233941\experiments\experiment_iml_lifecycle\visualizations\pred_detection_yolo11\PA171899.png,2,2,2,0,0,0.663,Perfect,9,Best for paper,iml_lifecycle
PA171926,results\optA_20251207_233941\experiments\experiment_iml_lifecycle\visualizations\pred_detection_yolo11\PA171926.png,1,1,1,0,0,0.708,Perfect,9,Best for paper,iml_lifecycle
PA171926,results\optA_20251207_233941\experiments\experiment_iml_lifecycle\visualizations\pred_detection_yolo11\PA171926.png,1,1,1,0,0,0.708,Perfect,9,Best for paper,iml_lifecycle
PA171693,results\optA_20251207_233941\experiments\experiment_iml_lifecycle\visualizations\pred_detection_yolo11\PA171693.png,2,2,2,0,0,0.774,Perfect,9,Best for paper,iml_lifecycle
PA171693,results\optA_20251207_233941\experiments\experiment_iml_lifecycle\visualizations\pred_detection_yolo11\PA171693.png,2,2,2,0,0,0.774,Perfect,9,Best for paper,iml_lifecycle
PA171931,results\optA_20251207_233941\experiments\experiment_iml_lifecycle\visualizations\pred_detection_yolo11\PA171931.png,2,1,1,0,1,0.9,Missing detections (FN),7,Good for paper,iml_lifecycle
PA171931,results\optA_20251207_233941\experiments\experiment_iml_lifecycle\visualizations\pred_detection_yolo11\PA171931.png,2,1,1,0,1,0.9,Missing detections (FN),7,Good for paper,iml_lifecycle
PA171831,results\optA_20251207_233941\experiments\experiment_iml_lifecycle\visualizations\pred_detection_yolo11\PA171831.png,3,2,2,0,1,0.886,Missing detections (FN),7,Good for paper,iml_lifecycle
PA171831,results\optA_20251207_233941\experiments\experiment_iml_lifecycle\visualizations\pred_detection_yolo11\PA171831.png,3,2,2,0,1,0.886,Missing detections (FN),7,Good for paper,iml_lifecycle
PA171751,results\optA_20251207_233941\experiments\experiment_iml_lifecycle\visualizations\pred_detection_yolo11\PA171751.png,3,3,2,1,1,0.889,Mixed (FP + FN),5,Challenging case,iml_lifecycle
PA171751,results\optA_20251207_233941\experiments\experiment_iml_lifecycle\visualizations\pred_detection_yolo11\PA171751.png,3,3,2,1,1,0.889,Mixed (FP + FN),5,Challenging case,iml_lifecycle
PA171824,results\optA_20251207_233941\experiments\experiment_iml_lifecycle\visualizations\pred_detection_yolo11\PA171824.png,1,0,0,0,1,0.0,Missing detections (FN),4,Not recommended,iml_lifecycle
PA171824,results\optA_20251207_233941\experiments\experiment_iml_lifecycle\visualizations\pred_detection_yolo11\PA171824.png,1,0,0,0,1,0.0,Missing detections (FN),4,Not recommended,iml_lifecycle
PA171699,results\optA_20251207_233941\experiments\experiment_iml_lifecycle\visualizations\pred_detection_yolo11\PA171699.png,2,0,0,0,2,0.0,Missing detections (FN),4,Not recommended,iml_lifecycle
PA171699,results\optA_20251207_233941\experiments\experiment_iml_lifecycle\visualizations\pred_detection_yolo11\PA171699.png,2,0,0,0,2,0.0,Missing detections (FN),4,Not recommended,iml_lifecycle
PA171934,results\optA_20251207_233941\experiments\experiment_iml_lifecycle\visualizations\pred_detection_yolo11\PA171934.png,1,0,0,0,1,0.0,Missing detections (FN),4,Not recommended,iml_lifecycle
PA171934,results\optA_20251207_233941\experiments\experiment_iml_lifecycle\visualizations\pred_detection_yolo11\PA171934.png,1,0,0,0,1,0.0,Missing detections (FN),4,Not recommended,iml_lifecycle
PA171722,results\optA_20251207_233941\experiments\experiment_iml_lifecycle\visualizations\pred_detection_yolo11\PA171722.png,2,3,2,1,0,0.809,False positives (FP),3,Not recommended,iml_lifecycle
PA171722,results\optA_20251207_233941\experiments\experiment_iml_lifecycle\visualizations\pred_detection_yolo11\PA171722.png,2,3,2,1,0,0.809,False positives (FP),3,Not recommended,iml_lifecycle
PA171697,results\optA_20251207_233941\experiments\experiment_iml_lifecycle\visualizations\pred_detection_yolo11\PA171697.png,3,4,3,1,0,0.783,False positives (FP),3,Not recommended,iml_lifecycle
PA171697,results\optA_20251207_233941\experiments\experiment_iml_lifecycle\visualizations\pred_detection_yolo11\PA171697.png,3,4,3,1,0,0.783,False positives (FP),3,Not recommended,iml_lifecycle
PA171721,results\optA_20251207_233941\experiments\experiment_iml_lifecycle\visualizations\pred_detection_yolo11\PA171721.png,2,3,2,1,0,0.675,False positives (FP),3,Not recommended,iml_lifecycle
PA171721,results\optA_20251207_233941\experiments\experiment_iml_lifecycle\visualizations\pred_detection_yolo11\PA171721.png,2,3,2,1,0,0.675,False positives (FP),3,Not recommended,iml_lifecycle
PA171855,results\optA_20251207_233941\experiments\experiment_iml_lifecycle\visualizations\pred_detection_yolo11\PA171855.png,1,2,1,1,0,0.888,False positives (FP),3,Not recommended,iml_lifecycle
PA171855,results\optA_20251207_233941\experiments\experiment_iml_lifecycle\visualizations\pred_detection_yolo11\PA171855.png,1,2,1,1,0,0.888,False positives (FP),3,Not recommended,iml_lifecycle
PA171854,results\optA_20251207_233941\experiments\experiment_iml_lifecycle\visualizations\pred_detection_yolo11\PA171854.png,1,2,1,1,0,0.861,False positives (FP),3,Not recommended,iml_lifecycle
PA171854,results\optA_20251207_233941\experiments\experiment_iml_lifecycle\visualizations\pred_detection_yolo11\PA171854.png,1,2,1,1,0,0.861,False positives (FP),3,Not recommended,iml_lifecycle
PA171826,results\optA_20251207_233941\experiments\experiment_iml_lifecycle\visualizations\pred_detection_yolo11\PA171826.png,1,2,1,1,0,0.892,False positives (FP),3,Not recommended,iml_lifecycle
PA171826,results\optA_20251207_233941\experiments\experiment_iml_lifecycle\visualizations\pred_detection_yolo11\PA171826.png,1,2,1,1,0,0.892,False positives (FP),3,Not recommended,iml_lifecycle
PA171825,results\optA_20251207_233941\experiments\experiment_iml_lifecycle\visualizations\pred_detection_yolo11\PA171825.png,1,2,1,1,0,0.694,False positives (FP),3,Not recommended,iml_lifecycle
PA171825,results\optA_20251207_233941\experiments\experiment_iml_lifecycle\visualizations\pred_detection_yolo11\PA171825.png,1,2,1,1,0,0.694,False positives (FP),3,Not recommended,iml_lifecycle
PA171823,results\optA_20251207_233941\experiments\experiment_iml_lifecycle\visualizations\pred_detection_yolo11\PA171823.png,1,2,1,1,0,0.886,False positives (FP),3,Not recommended,iml_lifecycle
PA171823,results\optA_20251207_233941\experiments\experiment_iml_lifecycle\visualizations\pred_detection_yolo11\PA171823.png,1,2,1,1,0,0.886,False positives (FP),3,Not recommended,iml_lifecycle
PA171742,results\optA_20251207_233941\experiments\experiment_iml_lifecycle\visualizations\pred_detection_yolo11\PA171742.png,3,4,3,1,0,0.877,False positives (FP),3,Not recommended,iml_lifecycle
PA171742,results\optA_20251207_233941\experiments\experiment_iml_lifecycle\visualizations\pred_detection_yolo11\PA171742.png,3,4,3,1,0,0.877,False positives (FP),3,Not recommended,iml_lifecycle
PA171771,results\optA_20251207_233941\experiments\experiment_iml_lifecycle\visualizations\pred_detection_yolo11\PA171771.png,3,4,3,1,0,0.789,False positives (FP),3,Not recommended,iml_lifecycle
PA171771,results\optA_20251207_233941\experiments\experiment_iml_lifecycle\visualizations\pred_detection_yolo11\PA171771.png,3,4,3,1,0,0.789,False positives (FP),3,Not recommended,iml_lifecycle
PA171785,results\optA_20251207_233941\experiments\experiment_iml_lifecycle\visualizations\pred_detection_yolo11\PA171785.png,1,4,1,3,0,0.867,False positives (FP),3,Not recommended,iml_lifecycle
PA171785,results\optA_20251207_233941\experiments\experiment_iml_lifecycle\visualizations\pred_detection_yolo11\PA171785.png,1,4,1,3,0,0.867,False positives (FP),3,Not recommended,iml_lifecycle
PA171913,results\optA_20251207_233941\experiments\experiment_iml_lifecycle\visualizations\pred_detection_yolo11\PA171913.png,1,2,1,1,0,0.847,False positives (FP),3,Not recommended,iml_lifecycle
PA171913,results\optA_20251207_233941\experiments\experiment_iml_lifecycle\visualizations\pred_detection_yolo11\PA171913.png,1,2,1,1,0,0.847,False positives (FP),3,Not recommended,iml_lifecycle
PA171876,results\optA_20251207_233941\experiments\experiment_iml_lifecycle\visualizations\pred_detection_yolo11\PA171876.png,1,2,1,1,0,0.828,False positives (FP),3,Not recommended,iml_lifecycle
PA171876,results\optA_20251207_233941\experiments\experiment_iml_lifecycle\visualizations\pred_detection_yolo11\PA171876.png,1,2,1,1,0,0.828,False positives (FP),3,Not recommended,iml_lifecycle
PA171962,results\optA_20251207_233941\experiments\experiment_iml_lifecycle\visualizations\pred_detection_yolo11\PA171962.png,1,2,1,1,0,0.903,False positives (FP),3,Not recommended,iml_lifecycle
PA171962,results\optA_20251207_233941\experiments\experiment_iml_lifecycle\visualizations\pred_detection_yolo11\PA171962.png,1,2,1,1,0,0.903,False positives (FP),3,Not recommended,iml_lifecycle
PA171972,results\optA_20251207_233941\experiments\experiment_iml_lifecycle\visualizations\pred_detection_yolo11\PA171972.png,1,2,1,1,0,0.891,False positives (FP),3,Not recommended,iml_lifecycle
PA171972,results\optA_20251207_233941\experiments\experiment_iml_lifecycle\visualizations\pred_detection_yolo11\PA171972.png,1,2,1,1,0,0.891,False positives (FP),3,Not recommended,iml_lifecycle
PA171987,results\optA_20251207_233941\experiments\experiment_iml_lifecycle\visualizations\pred_detection_yolo11\PA171987.png,1,2,1,1,0,0.908,False positives (FP),3,Not recommended,iml_lifecycle
PA171987,results\optA_20251207_233941\experiments\experiment_iml_lifecycle\visualizations\pred_detection_yolo11\PA171987.png,1,2,1,1,0,0.908,False positives (FP),3,Not recommended,iml_lifecycle
PA172004,results\optA_20251207_233941\experiments\experiment_iml_lifecycle\visualizations\pred_detection_yolo11\PA172004.png,2,4,2,2,0,0.748,False positives (FP),3,Not recommended,iml_lifecycle
PA172004,results\optA_20251207_233941\experiments\experiment_iml_lifecycle\visualizations\pred_detection_yolo11\PA172004.png,2,4,2,2,0,0.748,False positives (FP),3,Not recommended,iml_lifecycle
PA172021,results\optA_20251207_233941\experiments\experiment_iml_lifecycle\visualizations\pred_detection_yolo11\PA172021.png,2,3,2,1,0,0.885,False positives (FP),3,Not recommended,iml_lifecycle
PA172021,results\optA_20251207_233941\experiments\experiment_iml_lifecycle\visualizations\pred_detection_yolo11\PA172021.png,2,3,2,1,0,0.885,False positives (FP),3,Not recommended,iml_lifecycle
PA172030,results\optA_20251207_233941\experiments\experiment_iml_lifecycle\visualizations\pred_detection_yolo11\PA172030.png,2,4,2,2,0,0.867,False positives (FP),3,Not recommended,iml_lifecycle
PA172030,results\optA_20251207_233941\experiments\experiment_iml_lifecycle\visualizations\pred_detection_yolo11\PA172030.png,2,4,2,2,0,0.867,False positives (FP),3,Not recommended,iml_lifecycle
1401080976-0002-T,results\optA_20251207_233941\experiments\experiment_mp_idb_species\visualizations\pred_detection_yolo11\1401080976-0002-T.png,1,1,1,0,0,0.882,Perfect,10,Best for paper,mp_idb_species
1401080976-0002-T,results\optA_20251207_233941\experiments\experiment_mp_idb_species\visualizations\pred_detection_yolo11\1401080976-0002-T.png,1,1,1,0,0,0.882,Perfect,10,Best for paper,mp_idb_species
1401063467-0013-T,results\optA_20251207_233941\experiments\experiment_mp_idb_species\visualizations\pred_detection_yolo11\1401063467-0013-T.png,1,1,1,0,0,0.85,Perfect,10,Best for paper,mp_idb_species
1401063467-0013-T,results\optA_20251207_233941\experiments\experiment_mp_idb_species\visualizations\pred_detection_yolo11\1401063467-0013-T.png,1,1,1,0,0,0.85,Perfect,10,Best for paper,mp_idb_species
1707180816-0005-T,results\optA_20251207_233941\experiments\experiment_mp_idb_species\visualizations\pred_detection_yolo11\1707180816-0005-T.png,1,1,1,0,0,0.858,Perfect,10,Best for paper,mp_idb_species
1707180816-0005-T,results\optA_20251207_233941\experiments\experiment_mp_idb_species\visualizations\pred_detection_yolo11\1707180816-0005-T.png,1,1,1,0,0,0.858,Perfect,10,Best for paper,mp_idb_species
1707180816-0007-T,results\optA_20251207_233941\experiments\experiment_mp_idb_species\visualizations\pred_detection_yolo11\1707180816-0007-T.png,1,1,1,0,0,0.858,Perfect,10,Best for paper,mp_idb_species
1707180816-0007-T,results\optA_20251207_233941\experiments\experiment_mp_idb_species\visualizations\pred_detection_yolo11\1707180816-0007-T.png,1,1,1,0,0,0.858,Perfect,10,Best for paper,mp_idb_species
1707180816-0019-S,results\optA_20251207_233941\experiments\experiment_mp_idb_species\visualizations\pred_detection_yolo11\1707180816-0019-S.png,1,1,1,0,0,0.824,Perfect,10,Best for paper,mp_idb_species
1707180816-0019-S,results\optA_20251207_233941\experiments\experiment_mp_idb_species\visualizations\pred_detection_yolo11\1707180816-0019-S.png,1,1,1,0,0,0.824,Perfect,10,Best for paper,mp_idb_species
1709041080-0037-S,results\optA_20251207_233941\experiments\experiment_mp_idb_species\visualizations\pred_detection_yolo11\1709041080-0037-S.png,1,1,1,0,0,0.828,Perfect,10,Best for paper,mp_idb_species
1709041080-0037-S,results\optA_20251207_233941\experiments\experiment_mp_idb_species\visualizations\pred_detection_yolo11\1709041080-0037-S.png,1,1,1,0,0,0.828,Perfect,10,Best for paper,mp_idb_species
1708161076-0007-R,results\optA_20251207_233941\experiments\experiment_mp_idb_species\visualizations\pred_detection_yolo11\1708161076-0007-R.png,1,1,1,0,0,0.838,Perfect,10,Best for paper,mp_idb_species
1708161076-0007-R,results\optA_20251207_233941\experiments\experiment_mp_idb_species\visualizations\pred_detection_yolo11\1708161076-0007-R.png,1,1,1,0,0,0.838,Perfect,10,Best for paper,mp_idb_species
1708161076-0001-R,results\optA_20251207_233941\experiments\experiment_mp_idb_species\visualizations\pred_detection_yolo11\1708161076-0001-R.png,1,1,1,0,0,0.845,Perfect,10,Best for paper,mp_idb_species
1708161076-0001-R,results\optA_20251207_233941\experiments\experiment_mp_idb_species\visualizations\pred_detection_yolo11\1708161076-0001-R.png,1,1,1,0,0,0.845,Perfect,10,Best for paper,mp_idb_species
1703121298-0008-G,results\optA_20251207_233941\experiments\experiment_mp_idb_species\visualizations\pred_detection_yolo11\1703121298-0008-G.png,1,1,1,0,0,0.87,Perfect,10,Best for paper,mp_idb_species
1703121298-0008-G,results\optA_20251207_233941\experiments\experiment_mp_idb_species\visualizations\pred_detection_yolo11\1703121298-0008-G.png,1,1,1,0,0,0.87,Perfect,10,Best for paper,mp_idb_species
1401080976-0004-T,results\optA_20251207_233941\experiments\experiment_mp_idb_species\visualizations\pred_detection_yolo11\1401080976-0004-T.png,1,1,1,0,0,0.814,Perfect,10,Best for paper,mp_idb_species
1401080976-0004-T,results\optA_20251207_233941\experiments\experiment_mp_idb_species\visualizations\pred_detection_yolo11\1401080976-0004-T.png,1,1,1,0,0,0.814,Perfect,10,Best for paper,mp_idb_species
1707180816-0015-T,results\optA_20251207_233941\experiments\experiment_mp_idb_species\visualizations\pred_detection_yolo11\1707180816-0015-T.png,1,1,1,0,0,0.881,Perfect,10,Best for paper,mp_idb_species
1707180816-0015-T,results\optA_20251207_233941\experiments\experiment_mp_idb_species\visualizations\pred_detection_yolo11\1707180816-0015-T.png,1,1,1,0,0,0.881,Perfect,10,Best for paper,mp_idb_species
1709041080-0014-R,results\optA_20251207_233941\experiments\experiment_mp_idb_species\visualizations\pred_detection_yolo11\1709041080-0014-R.png,1,1,1,0,0,0.727,Perfect,9,Best for paper,mp_idb_species
1709041080-0014-R,results\optA_20251207_233941\experiments\experiment_mp_idb_species\visualizations\pred_detection_yolo11\1709041080-0014-R.png,1,1,1,0,0,0.727,Perfect,9,Best for paper,mp_idb_species
1409171742-0007-R,results\optA_20251207_233941\experiments\experiment_mp_idb_species\visualizations\pred_detection_yolo11\1409171742-0007-R.png,4,4,4,0,0,0.778,Perfect,9,Best for paper,mp_idb_species
1409171742-0007-R,results\optA_20251207_233941\experiments\experiment_mp_idb_species\visualizations\pred_detection_yolo11\1409171742-0007-R.png,4,4,4,0,0,0.778,Perfect,9,Best for paper,mp_idb_species
1408290968-0003-R,results\optA_20251207_233941\experiments\experiment_mp_idb_species\visualizations\pred_detection_yolo11\1408290968-0003-R.png,1,1,1,0,0,0.698,Perfect,9,Best for paper,mp_idb_species
1408290968-0003-R,results\optA_20251207_233941\experiments\experiment_mp_idb_species\visualizations\pred_detection_yolo11\1408290968-0003-R.png,1,1,1,0,0,0.698,Perfect,9,Best for paper,mp_idb_species
1703121298-0009-R,results\optA_20251207_233941\experiments\experiment_mp_idb_species\visualizations\pred_detection_yolo11\1703121298-0009-R.png,1,1,1,0,0,0.273,Perfect,9,Best for paper,mp_idb_species
1703121298-0009-R,results\optA_20251207_233941\experiments\experiment_mp_idb_species\visualizations\pred_detection_yolo11\1703121298-0009-R.png,1,1,1,0,0,0.273,Perfect,9,Best for paper,mp_idb_species
1409171742-0009-R,results\optA_20251207_233941\experiments\experiment_mp_idb_species\visualizations\pred_detection_yolo11\1409171742-0009-R.png,6,6,6,0,0,0.771,Perfect,9,Best for paper,mp_idb_species
1409171742-0009-R,results\optA_20251207_233941\experiments\experiment_mp_idb_species\visualizations\pred_detection_yolo11\1409171742-0009-R.png,6,6,6,0,0,0.771,Perfect,9,Best for paper,mp_idb_species
1305121398-0003-R,results\optA_20251207_233941\experiments\experiment_mp_idb_species\visualizations\pred_detection_yolo11\1305121398-0003-R.png,1,1,1,0,0,0.764,Perfect,9,Best for paper,mp_idb_species
1305121398-0003-R,results\optA_20251207_233941\experiments\experiment_mp_idb_species\visualizations\pred_detection_yolo11\1305121398-0003-R.png,1,1,1,0,0,0.764,Perfect,9,Best for paper,mp_idb_species
1312132815-0015-S,results\optA_20251207_233941\experiments\experiment_mp_idb_species\visualizations\pred_detection_yolo11\1312132815-0015-S.png,2,1,1,0,1,0.891,Missing detections (FN),7,Good for paper,mp_idb_species
1312132815-0015-S,results\optA_20251207_233941\experiments\experiment_mp_idb_species\visualizations\pred_detection_yolo11\1312132815-0015-S.png,2,1,1,0,1,0.891,Missing detections (FN),7,Good for paper,mp_idb_species
1709041080-0023-R,results\optA_20251207_233941\experiments\experiment_mp_idb_species\visualizations\pred_detection_yolo11\1709041080-0023-R.png,2,1,1,0,1,0.756,Missing detections (FN),7,Good for paper,mp_idb_species
1709041080-0023-R,results\optA_20251207_233941\experiments\experiment_mp_idb_species\visualizations\pred_detection_yolo11\1709041080-0023-R.png,2,1,1,0,1,0.756,Missing detections (FN),7,Good for paper,mp_idb_species
1704282807-0015-R,results\optA_20251207_233941\experiments\experiment_mp_idb_species\visualizations\pred_detection_yolo11\1704282807-0015-R.png,21,20,18,2,3,0.826,Mixed (FP + FN),5,Challenging case,mp_idb_species
1704282807-0015-R,results\optA_20251207_233941\experiments\experiment_mp_idb_species\visualizations\pred_detection_yolo11\1704282807-0015-R.png,21,20,18,2,3,0.826,Mixed (FP + FN),5,Challenging case,mp_idb_species
1409191647-0009-R,results\optA_20251207_233941\experiments\experiment_mp_idb_species\visualizations\pred_detection_yolo11\1409191647-0009-R.png,7,9,5,4,2,0.675,Mixed (FP + FN),5,Challenging case,mp_idb_species
1409191647-0009-R,results\optA_20251207_233941\experiments\experiment_mp_idb_species\visualizations\pred_detection_yolo11\1409191647-0009-R.png,7,9,5,4,2,0.675,Mixed (FP + FN),5,Challenging case,mp_idb_species
1704282807-0004-R_T,results\optA_20251207_233941\experiments\experiment_mp_idb_species\visualizations\pred_detection_yolo11\1704282807-0004-R_T.png,11,17,10,7,1,0.745,Mixed (FP + FN),5,Challenging case,mp_idb_species
1704282807-0004-R_T,results\optA_20251207_233941\experiments\experiment_mp_idb_species\visualizations\pred_detection_yolo11\1704282807-0004-R_T.png,11,17,10,7,1,0.745,Mixed (FP + FN),5,Challenging case,mp_idb_species
1307210661-0002-R,results\optA_20251207_233941\experiments\experiment_mp_idb_species\visualizations\pred_detection_yolo11\1307210661-0002-R.png,25,34,24,10,1,0.721,Mixed (FP + FN),5,Challenging case,mp_idb_species
1307210661-0002-R,results\optA_20251207_233941\experiments\experiment_mp_idb_species\visualizations\pred_detection_yolo11\1307210661-0002-R.png,25,34,24,10,1,0.721,Mixed (FP + FN),5,Challenging case,mp_idb_species
1307210661-0010-R,results\optA_20251207_233941\experiments\experiment_mp_idb_species\visualizations\pred_detection_yolo11\1307210661-0010-R.png,42,47,36,11,6,0.684,Mixed (FP + FN),5,Challenging case,mp_idb_species
1307210661-0010-R,results\optA_20251207_233941\experiments\experiment_mp_idb_species\visualizations\pred_detection_yolo11\1307210661-0010-R.png,42,47,36,11,6,0.684,Mixed (FP + FN),5,Challenging case,mp_idb_species
1704282807-0019-R_G,results\optA_20251207_233941\experiments\experiment_mp_idb_species\visualizations\pred_detection_yolo11\1704282807-0019-R_G.png,41,40,36,4,5,0.744,Mixed (FP + FN),5,Challenging case,mp_idb_species
1704282807-0019-R_G,results\optA_20251207_233941\experiments\experiment_mp_idb_species\visualizations\pred_detection_yolo11\1704282807-0019-R_G.png,41,40,36,4,5,0.744,Mixed (FP + FN),5,Challenging case,mp_idb_species
1603223711-0002-T_G,results\optA_20251207_233941\experiments\experiment_mp_idb_species\visualizations\pred_detection_yolo11\1603223711-0002-T_G.png,2,2,1,1,1,0.628,Mixed (FP + FN),5,Challenging case,mp_idb_species
1603223711-0002-T_G,results\optA_20251207_233941\experiments\experiment_mp_idb_species\visualizations\pred_detection_yolo11\1603223711-0002-T_G.png,2,2,1,1,1,0.628,Mixed (FP + FN),5,Challenging case,mp_idb_species
1701151546-0015-R_T,results\optA_20251207_233941\experiments\experiment_mp_idb_species\visualizations\pred_detection_yolo11\1701151546-0015-R_T.png,37,39,28,11,9,0.688,Mixed (FP + FN),5,Challenging case,mp_idb_species
1701151546-0015-R_T,results\optA_20251207_233941\experiments\experiment_mp_idb_species\visualizations\pred_detection_yolo11\1701151546-0015-R_T.png,37,39,28,11,9,0.688,Mixed (FP + FN),5,Challenging case,mp_idb_species
1701151546-0007-R,results\optA_20251207_233941\experiments\experiment_mp_idb_species\visualizations\pred_detection_yolo11\1701151546-0007-R.png,27,30,25,5,2,0.745,Mixed (FP + FN),5,Challenging case,mp_idb_species
1701151546-0007-R,results\optA_20251207_233941\experiments\experiment_mp_idb_species\visualizations\pred_detection_yolo11\1701151546-0007-R.png,27,30,25,5,2,0.745,Mixed (FP + FN),5,Challenging case,mp_idb_species
1703121298-0005-R,results\optA_20251207_233941\experiments\experiment_mp_idb_species\visualizations\pred_detection_yolo11\1703121298-0005-R.png,1,1,0,1,1,0.488,Mixed (FP + FN),5,Challenging case,mp_idb_species
1703121298-0005-R,results\optA_20251207_233941\experiments\experiment_mp_idb_species\visualizations\pred_detection_yolo11\1703121298-0005-R.png,1,1,0,1,1,0.488,Mixed (FP + FN),5,Challenging case,mp_idb_species
1709041080-0020-R,results\optA_20251207_233941\experiments\experiment_mp_idb_species\visualizations\pred_detection_yolo11\1709041080-0020-R.png,2,0,0,0,2,0.0,Missing detections (FN),4,Not recommended,mp_idb_species
1709041080-0020-R,results\optA_20251207_233941\experiments\experiment_mp_idb_species\visualizations\pred_detection_yolo11\1709041080-0020-R.png,2,0,0,0,2,0.0,Missing detections (FN),4,Not recommended,mp_idb_species
1401063467-0010-T,results\optA_20251207_233941\experiments\experiment_mp_idb_species\visualizations\pred_detection_yolo11\1401063467-0010-T.png,1,2,1,1,0,0.715,False positives (FP),3,Not recommended,mp_idb_species
1401063467-0010-T,results\optA_20251207_233941\experiments\experiment_mp_idb_species\visualizations\pred_detection_yolo11\1401063467-0010-T.png,1,2,1,1,0,0.715,False positives (FP),3,Not recommended,mp_idb_species
1312132815-0013-S,results\optA_20251207_233941\experiments\experiment_mp_idb_species\visualizations\pred_detection_yolo11\1312132815-0013-S.png,1,2,1,1,0,0.573,False positives (FP),3,Not recommended,mp_idb_species
1312132815-0013-S,results\optA_20251207_233941\experiments\experiment_mp_idb_species\visualizations\pred_detection_yolo11\1312132815-0013-S.png,1,2,1,1,0,0.573,False positives (FP),3,Not recommended,mp_idb_species
1312132815-0001-G,results\optA_20251207_233941\experiments\experiment_mp_idb_species\visualizations\pred_detection_yolo11\1312132815-0001-G.png,1,3,1,2,0,0.593,False positives (FP),3,Not recommended,mp_idb_species
1312132815-0001-G,results\optA_20251207_233941\experiments\experiment_mp_idb_species\visualizations\pred_detection_yolo11\1312132815-0001-G.png,1,3,1,2,0,0.593,False positives (FP),3,Not recommended,mp_idb_species
1307210661-0001-R,results\optA_20251207_233941\experiments\experiment_mp_idb_species\visualizations\pred_detection_yolo11\1307210661-0001-R.png,31,36,31,5,0,0.749,False positives (FP),3,Not recommended,mp_idb_species
1307210661-0001-R,results\optA_20251207_233941\experiments\experiment_mp_idb_species\visualizations\pred_detection_yolo11\1307210661-0001-R.png,31,36,31,5,0,0.749,False positives (FP),3,Not recommended,mp_idb_species
1703121298-0007-R,results\optA_20251207_233941\experiments\experiment_mp_idb_species\visualizations\pred_detection_yolo11\1703121298-0007-R.png,1,3,1,2,0,0.647,False positives (FP),3,Not recommended,mp_idb_species
1703121298-0007-R,results\optA_20251207_233941\experiments\experiment_mp_idb_species\visualizations\pred_detection_yolo11\1703121298-0007-R.png,1,3,1,2,0,0.647,False positives (FP),3,Not recommended,mp_idb_species
1603223711-0006-G,results\optA_20251207_233941\experiments\experiment_mp_idb_species\visualizations\pred_detection_yolo11\1603223711-0006-G.png,1,3,1,2,0,0.573,False positives (FP),3,Not recommended,mp_idb_species
1603223711-0006-G,results\optA_20251207_233941\experiments\experiment_mp_idb_species\visualizations\pred_detection_yolo11\1603223711-0006-G.png,1,3,1,2,0,0.573,False positives (FP),3,Not recommended,mp_idb_species
1409191647-0003-R,results\optA_20251207_233941\experiments\experiment_mp_idb_species\visualizations\pred_detection_yolo11\1409191647-0003-R.png,4,6,4,2,0,0.603,False positives (FP),3,Not recommended,mp_idb_species
1409191647-0003-R,results\optA_20251207_233941\experiments\experiment_mp_idb_species\visualizations\pred_detection_yolo11\1409191647-0003-R.png,4,6,4,2,0,0.603,False positives (FP),3,Not recommended,mp_idb_species
1409191647-0001-R,results\optA_20251207_233941\experiments\experiment_mp_idb_species\visualizations\pred_detection_yolo11\1409191647-0001-R.png,1,2,1,1,0,0.587,False positives (FP),3,Not recommended,mp_idb_species
1409191647-0001-R,results\optA_20251207_233941\experiments\experiment_mp_idb_species\visualizations\pred_detection_yolo11\1409191647-0001-R.png,1,2,1,1,0,0.587,False positives (FP),3,Not recommended,mp_idb_species
1704282807-0020-R_T_S,results\optA_20251207_233941\experiments\experiment_mp_idb_species\visualizations\pred_detection_yolo11\1704282807-0020-R_T_S.png,14,19,14,5,0,0.78,False positives (FP),3,Not recommended,mp_idb_species
1704282807-0020-R_T_S,results\optA_20251207_233941\experiments\experiment_mp_idb_species\visualizations\pred_detection_yolo11\1704282807-0020-R_T_S.png,14,19,14,5,0,0.78,False positives (FP),3,Not recommended,mp_idb_species
1704282807-0005-R,results\optA_20251207_233941\experiments\experiment_mp_idb_species\visualizations\pred_detection_yolo11\1704282807-0005-R.png,18,20,18,2,0,0.811,False positives (FP),3,Not recommended,mp_idb_species
1704282807-0005-R,results\optA_20251207_233941\experiments\experiment_mp_idb_species\visualizations\pred_detection_yolo11\1704282807-0005-R.png,18,20,18,2,0,0.811,False positives (FP),3,Not recommended,mp_idb_species
1704282807-0007-R,results\optA_20251207_233941\experiments\experiment_mp_idb_species\visualizations\pred_detection_yolo11\1704282807-0007-R.png,16,20,16,4,0,0.802,False positives (FP),3,Not recommended,mp_idb_species
1704282807-0007-R,results\optA_20251207_233941\experiments\experiment_mp_idb_species\visualizations\pred_detection_yolo11\1704282807-0007-R.png,16,20,16,4,0,0.802,False positives (FP),3,Not recommended,mp_idb_species
1704282807-0010-R,results\optA_20251207_233941\experiments\experiment_mp_idb_species\visualizations\pred_detection_yolo11\1704282807-0010-R.png,14,17,14,3,0,0.774,False positives (FP),3,Not recommended,mp_idb_species
1704282807-0010-R,results\optA_20251207_233941\experiments\experiment_mp_idb_species\visualizations\pred_detection_yolo11\1704282807-0010-R.png,14,17,14,3,0,0.774,False positives (FP),3,Not recommended,mp_idb_species
1305121398-0014-S,results\optA_20251207_233941\experiments\experiment_mp_idb_stages\visualizations\pred_detection_yolo11\1305121398-0014-S.png,1,1,1,0,0,0.881,Perfect,10,Best for paper,mp_idb_stages
1305121398-0014-S,results\optA_20251207_233941\experiments\experiment_mp_idb_stages\visualizations\pred_detection_yolo11\1305121398-0014-S.png,1,1,1,0,0,0.881,Perfect,10,Best for paper,mp_idb_stages
1305121398-0020-S,results\optA_20251207_233941\experiments\experiment_mp_idb_stages\visualizations\pred_detection_yolo11\1305121398-0020-S.png,1,1,1,0,0,0.857,Perfect,10,Best for paper,mp_idb_stages
1305121398-0020-S,results\optA_20251207_233941\experiments\experiment_mp_idb_stages\visualizations\pred_detection_yolo11\1305121398-0020-S.png,1,1,1,0,0,0.857,Perfect,10,Best for paper,mp_idb_stages
1312132815-0017-T,results\optA_20251207_233941\experiments\experiment_mp_idb_stages\visualizations\pred_detection_yolo11\1312132815-0017-T.png,1,1,1,0,0,0.893,Perfect,10,Best for paper,mp_idb_stages
1312132815-0017-T,results\optA_20251207_233941\experiments\experiment_mp_idb_stages\visualizations\pred_detection_yolo11\1312132815-0017-T.png,1,1,1,0,0,0.893,Perfect,10,Best for paper,mp_idb_stages
1707180816-0006-T,results\optA_20251207_233941\experiments\experiment_mp_idb_stages\visualizations\pred_detection_yolo11\1707180816-0006-T.png,1,1,1,0,0,0.876,Perfect,10,Best for paper,mp_idb_stages
1707180816-0006-T,results\optA_20251207_233941\experiments\experiment_mp_idb_stages\visualizations\pred_detection_yolo11\1707180816-0006-T.png,1,1,1,0,0,0.876,Perfect,10,Best for paper,mp_idb_stages
1707180816-0007-T,results\optA_20251207_233941\experiments\experiment_mp_idb_stages\visualizations\pred_detection_yolo11\1707180816-0007-T.png,1,1,1,0,0,0.85,Perfect,10,Best for paper,mp_idb_stages
1707180816-0007-T,results\optA_20251207_233941\experiments\experiment_mp_idb_stages\visualizations\pred_detection_yolo11\1707180816-0007-T.png,1,1,1,0,0,0.85,Perfect,10,Best for paper,mp_idb_stages
1707180816-0015-T,results\optA_20251207_233941\experiments\experiment_mp_idb_stages\visualizations\pred_detection_yolo11\1707180816-0015-T.png,1,1,1,0,0,0.896,Perfect,10,Best for paper,mp_idb_stages
1707180816-0015-T,results\optA_20251207_233941\experiments\experiment_mp_idb_stages\visualizations\pred_detection_yolo11\1707180816-0015-T.png,1,1,1,0,0,0.896,Perfect,10,Best for paper,mp_idb_stages
1708161076-0001-R,results\optA_20251207_233941\experiments\experiment_mp_idb_stages\visualizations\pred_detection_yolo11\1708161076-0001-R.png,1,1,1,0,0,0.817,Perfect,10,Best for paper,mp_idb_stages
1708161076-0001-R,results\optA_20251207_233941\experiments\experiment_mp_idb_stages\visualizations\pred_detection_yolo11\1708161076-0001-R.png,1,1,1,0,0,0.817,Perfect,10,Best for paper,mp_idb_stages
1709041080-0031-S,results\optA_20251207_233941\experiments\experiment_mp_idb_stages\visualizations\pred_detection_yolo11\1709041080-0031-S.png,1,1,1,0,0,0.836,Perfect,10,Best for paper,mp_idb_stages
1709041080-0031-S,results\optA_20251207_233941\experiments\experiment_mp_idb_stages\visualizations\pred_detection_yolo11\1709041080-0031-S.png,1,1,1,0,0,0.836,Perfect,10,Best for paper,mp_idb_stages
1707180816-0016-R,results\optA_20251207_233941\experiments\experiment_mp_idb_stages\visualizations\pred_detection_yolo11\1707180816-0016-R.png,1,1,1,0,0,0.884,Perfect,10,Best for paper,mp_idb_stages
1707180816-0016-R,results\optA_20251207_233941\experiments\experiment_mp_idb_stages\visualizations\pred_detection_yolo11\1707180816-0016-R.png,1,1,1,0,0,0.884,Perfect,10,Best for paper,mp_idb_stages
1703121298-0010-G,results\optA_20251207_233941\experiments\experiment_mp_idb_stages\visualizations\pred_detection_yolo11\1703121298-0010-G.png,2,2,2,0,0,0.885,Perfect,10,Best for paper,mp_idb_stages
1703121298-0010-G,results\optA_20251207_233941\experiments\experiment_mp_idb_stages\visualizations\pred_detection_yolo11\1703121298-0010-G.png,2,2,2,0,0,0.885,Perfect,10,Best for paper,mp_idb_stages
1707180816-0009-T,results\optA_20251207_233941\experiments\experiment_mp_idb_stages\visualizations\pred_detection_yolo11\1707180816-0009-T.png,1,1,1,0,0,0.798,Perfect,9,Best for paper,mp_idb_stages
1707180816-0009-T,results\optA_20251207_233941\experiments\experiment_mp_idb_stages\visualizations\pred_detection_yolo11\1707180816-0009-T.png,1,1,1,0,0,0.798,Perfect,9,Best for paper,mp_idb_stages
1708161076-0007-R,results\optA_20251207_233941\experiments\experiment_mp_idb_stages\visualizations\pred_detection_yolo11\1708161076-0007-R.png,1,1,1,0,0,0.719,Perfect,9,Best for paper,mp_idb_stages
1708161076-0007-R,results\optA_20251207_233941\experiments\experiment_mp_idb_stages\visualizations\pred_detection_yolo11\1708161076-0007-R.png,1,1,1,0,0,0.719,Perfect,9,Best for paper,mp_idb_stages
1603223711-0001-G,results\optA_20251207_233941\experiments\experiment_mp_idb_stages\visualizations\pred_detection_yolo11\1603223711-0001-G.png,1,1,1,0,0,0.424,Perfect,9,Best for paper,mp_idb_stages
1603223711-0001-G,results\optA_20251207_233941\experiments\experiment_mp_idb_stages\visualizations\pred_detection_yolo11\1603223711-0001-G.png,1,1,1,0,0,0.424,Perfect,9,Best for paper,mp_idb_stages
1709041080-0036-S_R,results\optA_20251207_233941\experiments\experiment_mp_idb_stages\visualizations\pred_detection_yolo11\1709041080-0036-S_R.png,2,2,2,0,0,0.798,Perfect,9,Best for paper,mp_idb_stages
1709041080-0036-S_R,results\optA_20251207_233941\experiments\experiment_mp_idb_stages\visualizations\pred_detection_yolo11\1709041080-0036-S_R.png,2,2,2,0,0,0.798,Perfect,9,Best for paper,mp_idb_stages
1709041080-0033-S,results\optA_20251207_233941\experiments\experiment_mp_idb_stages\visualizations\pred_detection_yolo11\1709041080-0033-S.png,1,1,1,0,0,0.792,Perfect,9,Best for paper,mp_idb_stages
1709041080-0033-S,results\optA_20251207_233941\experiments\experiment_mp_idb_stages\visualizations\pred_detection_yolo11\1709041080-0033-S.png,1,1,1,0,0,0.792,Perfect,9,Best for paper,mp_idb_stages
1709041080-0029-T,results\optA_20251207_233941\experiments\experiment_mp_idb_stages\visualizations\pred_detection_yolo11\1709041080-0029-T.png,1,1,1,0,0,0.796,Perfect,9,Best for paper,mp_idb_stages
1709041080-0029-T,results\optA_20251207_233941\experiments\experiment_mp_idb_stages\visualizations\pred_detection_yolo11\1709041080-0029-T.png,1,1,1,0,0,0.796,Perfect,9,Best for paper,mp_idb_stages
1408290968-0002-R,results\optA_20251207_233941\experiments\experiment_mp_idb_stages\visualizations\pred_detection_yolo11\1408290968-0002-R.png,1,1,1,0,0,0.677,Perfect,9,Best for paper,mp_idb_stages
1408290968-0002-R,results\optA_20251207_233941\experiments\experiment_mp_idb_stages\visualizations\pred_detection_yolo11\1408290968-0002-R.png,1,1,1,0,0,0.677,Perfect,9,Best for paper,mp_idb_stages
1405022890-0005-R,results\optA_20251207_233941\experiments\experiment_mp_idb_stages\visualizations\pred_detection_yolo11\1405022890-0005-R.png,17,16,16,0,1,0.704,Missing detections (FN),7,Good for paper,mp_idb_stages
1405022890-0005-R,results\optA_20251207_233941\experiments\experiment_mp_idb_stages\visualizations\pred_detection_yolo11\1405022890-0005-R.png,17,16,16,0,1,0.704,Missing detections (FN),7,Good for paper,mp_idb_stages
1701151546-0009-R,results\optA_20251207_233941\experiments\experiment_mp_idb_stages\visualizations\pred_detection_yolo11\1701151546-0009-R.png,24,23,23,0,1,0.792,Missing detections (FN),7,Good for paper,mp_idb_stages
1701151546-0009-R,results\optA_20251207_233941\experiments\experiment_mp_idb_stages\visualizations\pred_detection_yolo11\1701151546-0009-R.png,24,23,23,0,1,0.792,Missing detections (FN),7,Good for paper,mp_idb_stages
1312132815-0015-S,results\optA_20251207_233941\experiments\experiment_mp_idb_stages\visualizations\pred_detection_yolo11\1312132815-0015-S.png,2,1,1,0,1,0.887,Missing detections (FN),7,Good for paper,mp_idb_stages
1312132815-0015-S,results\optA_20251207_233941\experiments\experiment_mp_idb_stages\visualizations\pred_detection_yolo11\1312132815-0015-S.png,2,1,1,0,1,0.887,Missing detections (FN),7,Good for paper,mp_idb_stages
1409171742-0002-R,results\optA_20251207_233941\experiments\experiment_mp_idb_stages\visualizations\pred_detection_yolo11\1409171742-0002-R.png,3,5,2,3,1,0.622,Mixed (FP + FN),5,Challenging case,mp_idb_stages
1409171742-0002-R,results\optA_20251207_233941\experiments\experiment_mp_idb_stages\visualizations\pred_detection_yolo11\1409171742-0002-R.png,3,5,2,3,1,0.622,Mixed (FP + FN),5,Challenging case,mp_idb_stages
1307210661-0007-R,results\optA_20251207_233941\experiments\experiment_mp_idb_stages\visualizations\pred_detection_yolo11\1307210661-0007-R.png,31,36,30,6,1,0.702,Mixed (FP + FN),5,Challenging case,mp_idb_stages
1307210661-0007-R,results\optA_20251207_233941\experiments\experiment_mp_idb_stages\visualizations\pred_detection_yolo11\1307210661-0007-R.png,31,36,30,6,1,0.702,Mixed (FP + FN),5,Challenging case,mp_idb_stages
1405022890-0003-R,results\optA_20251207_233941\experiments\experiment_mp_idb_stages\visualizations\pred_detection_yolo11\1405022890-0003-R.png,24,26,21,5,3,0.68,Mixed (FP + FN),5,Challenging case,mp_idb_stages
1405022890-0003-R,results\optA_20251207_233941\experiments\experiment_mp_idb_stages\visualizations\pred_detection_yolo11\1405022890-0003-R.png,24,26,21,5,3,0.68,Mixed (FP + FN),5,Challenging case,mp_idb_stages
1701151546-0007-R,results\optA_20251207_233941\experiments\experiment_mp_idb_stages\visualizations\pred_detection_yolo11\1701151546-0007-R.png,27,28,23,5,4,0.72,Mixed (FP + FN),5,Challenging case,mp_idb_stages
1701151546-0007-R,results\optA_20251207_233941\experiments\experiment_mp_idb_stages\visualizations\pred_detection_yolo11\1701151546-0007-R.png,27,28,23,5,4,0.72,Mixed (FP + FN),5,Challenging case,mp_idb_stages
1701151546-0003-R,results\optA_20251207_233941\experiments\experiment_mp_idb_stages\visualizations\pred_detection_yolo11\1701151546-0003-R.png,15,18,14,4,1,0.73,Mixed (FP + FN),5,Challenging case,mp_idb_stages
1701151546-0003-R,results\optA_20251207_233941\experiments\experiment_mp_idb_stages\visualizations\pred_detection_yolo11\1701151546-0003-R.png,15,18,14,4,1,0.73,Mixed (FP + FN),5,Challenging case,mp_idb_stages
1701151546-0006-R_T,results\optA_20251207_233941\experiments\experiment_mp_idb_stages\visualizations\pred_detection_yolo11\1701151546-0006-R_T.png,19,20,16,4,3,0.707,Mixed (FP + FN),5,Challenging case,mp_idb_stages
1701151546-0006-R_T,results\optA_20251207_233941\experiments\experiment_mp_idb_stages\visualizations\pred_detection_yolo11\1701151546-0006-R_T.png,19,20,16,4,3,0.707,Mixed (FP + FN),5,Challenging case,mp_idb_stages
1704282807-0019-R_G,results\optA_20251207_233941\experiments\experiment_mp_idb_stages\visualizations\pred_detection_yolo11\1704282807-0019-R_G.png,41,43,38,5,3,0.754,Mixed (FP + FN),5,Challenging case,mp_idb_stages
1704282807-0019-R_G,results\optA_20251207_233941\experiments\experiment_mp_idb_stages\visualizations\pred_detection_yolo11\1704282807-0019-R_G.png,41,43,38,5,3,0.754,Mixed (FP + FN),5,Challenging case,mp_idb_stages
1709041080-0025-R_T,results\optA_20251207_233941\experiments\experiment_mp_idb_stages\visualizations\pred_detection_yolo11\1709041080-0025-R_T.png,4,3,2,1,2,0.621,Mixed (FP + FN),5,Challenging case,mp_idb_stages
1709041080-0025-R_T,results\optA_20251207_233941\experiments\experiment_mp_idb_stages\visualizations\pred_detection_yolo11\1709041080-0025-R_T.png,4,3,2,1,2,0.621,Mixed (FP + FN),5,Challenging case,mp_idb_stages
1701151546-0012-R,results\optA_20251207_233941\experiments\experiment_mp_idb_stages\visualizations\pred_detection_yolo11\1701151546-0012-R.png,22,27,21,6,1,0.649,Mixed (FP + FN),5,Challenging case,mp_idb_stages
1701151546-0012-R,results\optA_20251207_233941\experiments\experiment_mp_idb_stages\visualizations\pred_detection_yolo11\1701151546-0012-R.png,22,27,21,6,1,0.649,Mixed (FP + FN),5,Challenging case,mp_idb_stages
1704282807-0016-R,results\optA_20251207_233941\experiments\experiment_mp_idb_stages\visualizations\pred_detection_yolo11\1704282807-0016-R.png,29,30,24,6,5,0.768,Mixed (FP + FN),5,Challenging case,mp_idb_stages
1704282807-0016-R,results\optA_20251207_233941\experiments\experiment_mp_idb_stages\visualizations\pred_detection_yolo11\1704282807-0016-R.png,29,30,24,6,5,0.768,Mixed (FP + FN),5,Challenging case,mp_idb_stages
1704282807-0003-R,results\optA_20251207_233941\experiments\experiment_mp_idb_stages\visualizations\pred_detection_yolo11\1704282807-0003-R.png,17,18,15,3,2,0.729,Mixed (FP + FN),5,Challenging case,mp_idb_stages
1704282807-0003-R,results\optA_20251207_233941\experiments\experiment_mp_idb_stages\visualizations\pred_detection_yolo11\1704282807-0003-R.png,17,18,15,3,2,0.729,Mixed (FP + FN),5,Challenging case,mp_idb_stages
1709041080-0024-R,results\optA_20251207_233941\experiments\experiment_mp_idb_stages\visualizations\pred_detection_yolo11\1709041080-0024-R.png,2,1,1,0,1,0.523,Missing detections (FN),4,Not recommended,mp_idb_stages
1709041080-0024-R,results\optA_20251207_233941\experiments\experiment_mp_idb_stages\visualizations\pred_detection_yolo11\1709041080-0024-R.png,2,1,1,0,1,0.523,Missing detections (FN),4,Not recommended,mp_idb_stages
1305121398-0012-S,results\optA_20251207_233941\experiments\experiment_mp_idb_stages\visualizations\pred_detection_yolo11\1305121398-0012-S.png,1,0,0,0,1,0.0,Missing detections (FN),4,Not recommended,mp_idb_stages
1305121398-0012-S,results\optA_20251207_233941\experiments\experiment_mp_idb_stages\visualizations\pred_detection_yolo11\1305121398-0012-S.png,1,0,0,0,1,0.0,Missing detections (FN),4,Not recommended,mp_idb_stages
1312132815-0009-G,results\optA_20251207_233941\experiments\experiment_mp_idb_stages\visualizations\pred_detection_yolo11\1312132815-0009-G.png,1,0,0,0,1,0.0,Missing detections (FN),4,Not recommended,mp_idb_stages
1312132815-0009-G,results\optA_20251207_233941\experiments\experiment_mp_idb_stages\visualizations\pred_detection_yolo11\1312132815-0009-G.png,1,0,0,0,1,0.0,Missing detections (FN),4,Not recommended,mp_idb_stages
1401063467-0010-T,results\optA_20251207_233941\experiments\experiment_mp_idb_stages\visualizations\pred_detection_yolo11\1401063467-0010-T.png,1,2,1,1,0,0.66,False positives (FP),3,Not recommended,mp_idb_stages
1401063467-0010-T,results\optA_20251207_233941\experiments\experiment_mp_idb_stages\visualizations\pred_detection_yolo11\1401063467-0010-T.png,1,2,1,1,0,0.66,False positives (FP),3,Not recommended,mp_idb_stages
1704282807-0010-R,results\optA_20251207_233941\experiments\experiment_mp_idb_stages\visualizations\pred_detection_yolo11\1704282807-0010-R.png,14,18,14,4,0,0.737,False positives (FP),3,Not recommended,mp_idb_stages
1704282807-0010-R,results\optA_20251207_233941\experiments\experiment_mp_idb_stages\visualizations\pred_detection_yolo11\1704282807-0010-R.png,14,18,14,4,0,0.737,False positives (FP),3,Not recommended,mp_idb_stages
1704282807-0012-R_T,results\optA_20251207_233941\experiments\experiment_mp_idb_stages\visualizations\pred_detection_yolo11\1704282807-0012-R_T.png,27,28,27,1,0,0.82,False positives (FP),3,Not recommended,mp_idb_stages
1704282807-0012-R_T,results\optA_20251207_233941\experiments\experiment_mp_idb_stages\visualizations\pred_detection_yolo11\1704282807-0012-R_T.png,27,28,27,1,0,0.82,False positives (FP),3,Not recommended,mp_idb_stages
1704282807-0002-R,results\optA_20251207_233941\experiments\experiment_mp_idb_stages\visualizations\pred_detection_yolo11\1704282807-0002-R.png,19,22,19,3,0,0.809,False positives (FP),3,Not recommended,mp_idb_stages
1704282807-0002-R,results\optA_20251207_233941\experiments\experiment_mp_idb_stages\visualizations\pred_detection_yolo11\1704282807-0002-R.png,19,22,19,3,0,0.809,False positives (FP),3,Not recommended,mp_idb_stages
1703121298-0007-R,results\optA_20251207_233941\experiments\experiment_mp_idb_stages\visualizations\pred_detection_yolo11\1703121298-0007-R.png,1,2,1,1,0,0.8,False positives (FP),3,Not recommended,mp_idb_stages
1703121298-0007-R,results\optA_20251207_233941\experiments\experiment_mp_idb_stages\visualizations\pred_detection_yolo11\1703121298-0007-R.png,1,2,1,1,0,0.8,False positives (FP),3,Not recommended,mp_idb_stages
1603223711-0005-G,results\optA_20251207_233941\experiments\experiment_mp_idb_stages\visualizations\pred_detection_yolo11\1603223711-0005-G.png,1,4,1,3,0,0.629,False positives (FP),3,Not recommended,mp_idb_stages
1603223711-0005-G,results\optA_20251207_233941\experiments\experiment_mp_idb_stages\visualizations\pred_detection_yolo11\1603223711-0005-G.png,1,4,1,3,0,0.629,False positives (FP),3,Not recommended,mp_idb_stages
1704282807-0006-R,results\optA_20251207_233941\experiments\experiment_mp_idb_stages\visualizations\pred_detection_yolo11\1704282807-0006-R.png,16,18,16,2,0,0.804,False positives (FP),3,Not recommended,mp_idb_stages
1704282807-0006-R,results\optA_20251207_233941\experiments\experiment_mp_idb_stages\visualizations\pred_detection_yolo11\1704282807-0006-R.png,16,18,16,2,0,0.804,False positives (FP),3,Not recommended,mp_idb_stages
1709041080-0013-R,results\optA_20251207_233941\experiments\experiment_mp_idb_stages\visualizations\pred_detection_yolo11\1709041080-0013-R.png,1,3,1,2,0,0.639,False positives (FP),3,Not recommended,mp_idb_stages
1709041080-0013-R,results\optA_20251207_233941\experiments\experiment_mp_idb_stages\visualizations\pred_detection_yolo11\1709041080-0013-R.png,1,3,1,2,0,0.639,False positives (FP),3,Not recommended,mp_idb_stages
Trip 017 Day 1 19-10-05 Image 15 add_13,results\optA_20251207_233941\experiments\experiment_md_2019_stages\visualizations\pred_detection_yolo11\Trip 017 Day 1 19-10-05 Image 15 add_13.png,5,5,5,0,0,0.811,Perfect,10,Best for paper,md_2019_stages
Trip 804 Day 1 02-12-05 Image 3_9,results\optA_20251207_233941\experiments\experiment_md_2019_stages\visualizations\pred_detection_yolo11\Trip 804 Day 1 02-12-05 Image 3_9.png,3,3,3,0,0,0.863,Perfect,10,Best for paper,md_2019_stages
Trip 804 Day 1 02-12-05 Image 3_9,results\optA_20251207_233941\experiments\experiment_md_2019_stages\visualizations\pred_detection_yolo11\Trip 804 Day 1 02-12-05 Image 3_9.png,3,3,3,0,0,0.863,Perfect,10,Best for paper,md_2019_stages
Trip 017 Day 1 19-10-05 Image 15 add_13,results\optA_20251207_233941\experiments\experiment_md_2019_stages\visualizations\pred_detection_yolo11\Trip 017 Day 1 19-10-05 Image 15 add_13.png,5,5,5,0,0,0.811,Perfect,10,Best for paper,md_2019_stages
Trip 017 Day 1 19-10-05 Image 15 add_14,results\optA_20251207_233941\experiments\experiment_md_2019_stages\visualizations\pred_detection_yolo11\Trip 017 Day 1 19-10-05 Image 15 add_14.png,7,7,7,0,0,0.816,Perfect,10,Best for paper,md_2019_stages
Trip 017 Day 1 19-10-05 Image 15 add_14,results\optA_20251207_233941\experiments\experiment_md_2019_stages\visualizations\pred_detection_yolo11\Trip 017 Day 1 19-10-05 Image 15 add_14.png,7,7,7,0,0,0.816,Perfect,10,Best for paper,md_2019_stages
Trip 017 Day 1 19-10-05 Image 15 add_11,results\optA_20251207_233941\experiments\experiment_md_2019_stages\visualizations\pred_detection_yolo11\Trip 017 Day 1 19-10-05 Image 15 add_11.png,1,1,1,0,0,0.864,Perfect,10,Best for paper,md_2019_stages
Trip 017 Day 1 19-10-05 Image 15 add_11,results\optA_20251207_233941\experiments\experiment_md_2019_stages\visualizations\pred_detection_yolo11\Trip 017 Day 1 19-10-05 Image 15 add_11.png,1,1,1,0,0,0.864,Perfect,10,Best for paper,md_2019_stages
Trip 067 Day 2 01-12-05 Image 1_2,results\optA_20251207_233941\experiments\experiment_md_2019_stages\visualizations\pred_detection_yolo11\Trip 067 Day 2 01-12-05 Image 1_2.png,3,3,3,0,0,0.895,Perfect,10,Best for paper,md_2019_stages
Trip 067 Day 2 01-12-05 Image 1_2,results\optA_20251207_233941\experiments\experiment_md_2019_stages\visualizations\pred_detection_yolo11\Trip 067 Day 2 01-12-05 Image 1_2.png,3,3,3,0,0,0.895,Perfect,10,Best for paper,md_2019_stages
Trip 067 Day 2 01-12-05 Image 1_6,results\optA_20251207_233941\experiments\experiment_md_2019_stages\visualizations\pred_detection_yolo11\Trip 067 Day 2 01-12-05 Image 1_6.png,6,6,6,0,0,0.816,Perfect,10,Best for paper,md_2019_stages
Trip 067 Day 2 01-12-05 Image 1_6,results\optA_20251207_233941\experiments\experiment_md_2019_stages\visualizations\pred_detection_yolo11\Trip 067 Day 2 01-12-05 Image 1_6.png,6,6,6,0,0,0.816,Perfect,10,Best for paper,md_2019_stages
Trip 029 Day 1 22-11-05 Image 9 add_2,results\optA_20251207_233941\experiments\experiment_md_2019_stages\visualizations\pred_detection_yolo11\Trip 029 Day 1 22-11-05 Image 9 add_2.png,3,3,3,0,0,0.876,Perfect,10,Best for paper,md_2019_stages
Trip 029 Day 1 22-11-05 Image 9 add_2,results\optA_20251207_233941\experiments\experiment_md_2019_stages\visualizations\pred_detection_yolo11\Trip 029 Day 1 22-11-05 Image 9 add_2.png,3,3,3,0,0,0.876,Perfect,10,Best for paper,md_2019_stages
Trip 029 Day 1 22-11-05 Image 9 add_3,results\optA_20251207_233941\experiments\experiment_md_2019_stages\visualizations\pred_detection_yolo11\Trip 029 Day 1 22-11-05 Image 9 add_3.png,4,4,4,0,0,0.817,Perfect,10,Best for paper,md_2019_stages
Trip 029 Day 1 22-11-05 Image 9 add_3,results\optA_20251207_233941\experiments\experiment_md_2019_stages\visualizations\pred_detection_yolo11\Trip 029 Day 1 22-11-05 Image 9 add_3.png,4,4,4,0,0,0.817,Perfect,10,Best for paper,md_2019_stages
Trip 029 Day 1 22-11-05 Image 9 add_7,results\optA_20251207_233941\experiments\experiment_md_2019_stages\visualizations\pred_detection_yolo11\Trip 029 Day 1 22-11-05 Image 9 add_7.png,4,4,4,0,0,0.839,Perfect,10,Best for paper,md_2019_stages
Trip 029 Day 1 22-11-05 Image 9 add_7,results\optA_20251207_233941\experiments\experiment_md_2019_stages\visualizations\pred_detection_yolo11\Trip 029 Day 1 22-11-05 Image 9 add_7.png,4,4,4,0,0,0.839,Perfect,10,Best for paper,md_2019_stages
Trip 067 Day 2 01-12-05 Image 1_1,results\optA_20251207_233941\experiments\experiment_md_2019_stages\visualizations\pred_detection_yolo11\Trip 067 Day 2 01-12-05 Image 1_1.png,6,6,6,0,0,0.886,Perfect,10,Best for paper,md_2019_stages
Trip 067 Day 2 01-12-05 Image 1_1,results\optA_20251207_233941\experiments\experiment_md_2019_stages\visualizations\pred_detection_yolo11\Trip 067 Day 2 01-12-05 Image 1_1.png,6,6,6,0,0,0.886,Perfect,10,Best for paper,md_2019_stages
Trip 067 Day 2 01-12-05 Image 1_10,results\optA_20251207_233941\experiments\experiment_md_2019_stages\visualizations\pred_detection_yolo11\Trip 067 Day 2 01-12-05 Image 1_10.png,3,3,3,0,0,0.898,Perfect,10,Best for paper,md_2019_stages
Trip 067 Day 2 01-12-05 Image 1_10,results\optA_20251207_233941\experiments\experiment_md_2019_stages\visualizations\pred_detection_yolo11\Trip 067 Day 2 01-12-05 Image 1_10.png,3,3,3,0,0,0.898,Perfect,10,Best for paper,md_2019_stages
Trip 065 Day 2 01-12-05 Image 7_14,results\optA_20251207_233941\experiments\experiment_md_2019_stages\visualizations\pred_detection_yolo11\Trip 065 Day 2 01-12-05 Image 7_14.png,5,5,5,0,0,0.82,Perfect,10,Best for paper,md_2019_stages
Trip 065 Day 2 01-12-05 Image 7_14,results\optA_20251207_233941\experiments\experiment_md_2019_stages\visualizations\pred_detection_yolo11\Trip 065 Day 2 01-12-05 Image 7_14.png,5,5,5,0,0,0.82,Perfect,10,Best for paper,md_2019_stages
Trip 065 Day 2 01-12-05 Image 7_16,results\optA_20251207_233941\experiments\experiment_md_2019_stages\visualizations\pred_detection_yolo11\Trip 065 Day 2 01-12-05 Image 7_16.png,2,2,2,0,0,0.842,Perfect,10,Best for paper,md_2019_stages
Trip 065 Day 2 01-12-05 Image 7_16,results\optA_20251207_233941\experiments\experiment_md_2019_stages\visualizations\pred_detection_yolo11\Trip 065 Day 2 01-12-05 Image 7_16.png,2,2,2,0,0,0.842,Perfect,10,Best for paper,md_2019_stages
Trip 065 Day 2 01-12-05 Image 7_5,results\optA_20251207_233941\experiments\experiment_md_2019_stages\visualizations\pred_detection_yolo11\Trip 065 Day 2 01-12-05 Image 7_5.png,1,1,1,0,0,0.903,Perfect,10,Best for paper,md_2019_stages
Trip 065 Day 2 01-12-05 Image 7_5,results\optA_20251207_233941\experiments\experiment_md_2019_stages\visualizations\pred_detection_yolo11\Trip 065 Day 2 01-12-05 Image 7_5.png,1,1,1,0,0,0.903,Perfect,10,Best for paper,md_2019_stages
Trip 802 Day 2 01-12-05 Image 5_7,results\optA_20251207_233941\experiments\experiment_md_2019_stages\visualizations\pred_detection_yolo11\Trip 802 Day 2 01-12-05 Image 5_7.png,1,1,1,0,0,0.856,Perfect,10,Best for paper,md_2019_stages
Trip 802 Day 2 01-12-05 Image 5_7,results\optA_20251207_233941\experiments\experiment_md_2019_stages\visualizations\pred_detection_yolo11\Trip 802 Day 2 01-12-05 Image 5_7.png,1,1,1,0,0,0.856,Perfect,10,Best for paper,md_2019_stages
Trip 038 Day 1 01-12-05 Image 26 add_1,results\optA_20251207_233941\experiments\experiment_md_2019_stages\visualizations\pred_detection_yolo11\Trip 038 Day 1 01-12-05 Image 26 add_1.png,2,2,2,0,0,0.893,Perfect,10,Best for paper,md_2019_stages
Trip 038 Day 1 01-12-05 Image 26 add_1,results\optA_20251207_233941\experiments\experiment_md_2019_stages\visualizations\pred_detection_yolo11\Trip 038 Day 1 01-12-05 Image 26 add_1.png,2,2,2,0,0,0.893,Perfect,10,Best for paper,md_2019_stages
Trip 038 Day 1 01-12-05 Image 26 add_15,results\optA_20251207_233941\experiments\experiment_md_2019_stages\visualizations\pred_detection_yolo11\Trip 038 Day 1 01-12-05 Image 26 add_15.png,1,1,1,0,0,0.887,Perfect,10,Best for paper,md_2019_stages
Trip 038 Day 1 01-12-05 Image 26 add_15,results\optA_20251207_233941\experiments\experiment_md_2019_stages\visualizations\pred_detection_yolo11\Trip 038 Day 1 01-12-05 Image 26 add_15.png,1,1,1,0,0,0.887,Perfect,10,Best for paper,md_2019_stages
Trip 038 Day 1 01-12-05 Image 26 add_3,results\optA_20251207_233941\experiments\experiment_md_2019_stages\visualizations\pred_detection_yolo11\Trip 038 Day 1 01-12-05 Image 26 add_3.png,1,1,1,0,0,0.873,Perfect,10,Best for paper,md_2019_stages
Trip 038 Day 1 01-12-05 Image 26 add_3,results\optA_20251207_233941\experiments\experiment_md_2019_stages\visualizations\pred_detection_yolo11\Trip 038 Day 1 01-12-05 Image 26 add_3.png,1,1,1,0,0,0.873,Perfect,10,Best for paper,md_2019_stages
Trip 029 Day 1 22-11-05 Image 9 add_15,results\optA_20251207_233941\experiments\experiment_md_2019_stages\visualizations\pred_detection_yolo11\Trip 029 Day 1 22-11-05 Image 9 add_15.png,2,2,2,0,0,0.809,Perfect,10,Best for paper,md_2019_stages
Trip 029 Day 1 22-11-05 Image 9 add_15,results\optA_20251207_233941\experiments\experiment_md_2019_stages\visualizations\pred_detection_yolo11\Trip 029 Day 1 22-11-05 Image 9 add_15.png,2,2,2,0,0,0.809,Perfect,10,Best for paper,md_2019_stages
Trip 064 Day 2 25-11-05 Image 7_9,results\optA_20251207_233941\experiments\experiment_md_2019_stages\visualizations\pred_detection_yolo11\Trip 064 Day 2 25-11-05 Image 7_9.png,5,5,5,0,0,0.822,Perfect,10,Best for paper,md_2019_stages
Trip 064 Day 2 25-11-05 Image 7_9,results\optA_20251207_233941\experiments\experiment_md_2019_stages\visualizations\pred_detection_yolo11\Trip 064 Day 2 25-11-05 Image 7_9.png,5,5,5,0,0,0.822,Perfect,10,Best for paper,md_2019_stages
Trip 065 Day 2 01-12-05 Image 7_1,results\optA_20251207_233941\experiments\experiment_md_2019_stages\visualizations\pred_detection_yolo11\Trip 065 Day 2 01-12-05 Image 7_1.png,7,7,7,0,0,0.899,Perfect,10,Best for paper,md_2019_stages
Trip 065 Day 2 01-12-05 Image 7_1,results\optA_20251207_233941\experiments\experiment_md_2019_stages\visualizations\pred_detection_yolo11\Trip 065 Day 2 01-12-05 Image 7_1.png,7,7,7,0,0,0.899,Perfect,10,Best for paper,md_2019_stages
Trip 802 Day 2 01-12-05 Image 5_15,results\optA_20251207_233941\experiments\experiment_md_2019_stages\visualizations\pred_detection_yolo11\Trip 802 Day 2 01-12-05 Image 5_15.png,2,2,2,0,0,0.888,Perfect,10,Best for paper,md_2019_stages
Trip 802 Day 2 01-12-05 Image 5_15,results\optA_20251207_233941\experiments\experiment_md_2019_stages\visualizations\pred_detection_yolo11\Trip 802 Day 2 01-12-05 Image 5_15.png,2,2,2,0,0,0.888,Perfect,10,Best for paper,md_2019_stages
Trip 802 Day 2 01-12-05 Image 5_3,results\optA_20251207_233941\experiments\experiment_md_2019_stages\visualizations\pred_detection_yolo11\Trip 802 Day 2 01-12-05 Image 5_3.png,1,1,1,0,0,0.913,Perfect,10,Best for paper,md_2019_stages
Trip 802 Day 2 01-12-05 Image 5_3,results\optA_20251207_233941\experiments\experiment_md_2019_stages\visualizations\pred_detection_yolo11\Trip 802 Day 2 01-12-05 Image 5_3.png,1,1,1,0,0,0.913,Perfect,10,Best for paper,md_2019_stages
Trip 802 Day 2 01-12-05 Image 5_4,results\optA_20251207_233941\experiments\experiment_md_2019_stages\visualizations\pred_detection_yolo11\Trip 802 Day 2 01-12-05 Image 5_4.png,3,3,3,0,0,0.893,Perfect,10,Best for paper,md_2019_stages
Trip 802 Day 2 01-12-05 Image 5_4,results\optA_20251207_233941\experiments\experiment_md_2019_stages\visualizations\pred_detection_yolo11\Trip 802 Day 2 01-12-05 Image 5_4.png,3,3,3,0,0,0.893,Perfect,10,Best for paper,md_2019_stages
Trip 802 Day 2 01-12-05 Image 5_6,results\optA_20251207_233941\experiments\experiment_md_2019_stages\visualizations\pred_detection_yolo11\Trip 802 Day 2 01-12-05 Image 5_6.png,3,3,3,0,0,0.908,Perfect,10,Best for paper,md_2019_stages
Trip 802 Day 2 01-12-05 Image 5_6,results\optA_20251207_233941\experiments\experiment_md_2019_stages\visualizations\pred_detection_yolo11\Trip 802 Day 2 01-12-05 Image 5_6.png,3,3,3,0,0,0.908,Perfect,10,Best for paper,md_2019_stages
Trip 064 Day 2 25-11-05 Image 7_4,results\optA_20251207_233941\experiments\experiment_md_2019_stages\visualizations\pred_detection_yolo11\Trip 064 Day 2 25-11-05 Image 7_4.png,3,3,3,0,0,0.849,Perfect,10,Best for paper,md_2019_stages
Trip 064 Day 2 25-11-05 Image 7_4,results\optA_20251207_233941\experiments\experiment_md_2019_stages\visualizations\pred_detection_yolo11\Trip 064 Day 2 25-11-05 Image 7_4.png,3,3,3,0,0,0.849,Perfect,10,Best for paper,md_2019_stages
Trip 064 Day 2 25-11-05 Image 7_10,results\optA_20251207_233941\experiments\experiment_md_2019_stages\visualizations\pred_detection_yolo11\Trip 064 Day 2 25-11-05 Image 7_10.png,5,5,5,0,0,0.889,Perfect,10,Best for paper,md_2019_stages
Trip 064 Day 2 25-11-05 Image 7_10,results\optA_20251207_233941\experiments\experiment_md_2019_stages\visualizations\pred_detection_yolo11\Trip 064 Day 2 25-11-05 Image 7_10.png,5,5,5,0,0,0.889,Perfect,10,Best for paper,md_2019_stages
Trip 064 Day 2 25-11-05 Image 5_15,results\optA_20251207_233941\experiments\experiment_md_2019_stages\visualizations\pred_detection_yolo11\Trip 064 Day 2 25-11-05 Image 5_15.png,3,3,3,0,0,0.88,Perfect,10,Best for paper,md_2019_stages
Trip 064 Day 2 25-11-05 Image 5_15,results\optA_20251207_233941\experiments\experiment_md_2019_stages\visualizations\pred_detection_yolo11\Trip 064 Day 2 25-11-05 Image 5_15.png,3,3,3,0,0,0.88,Perfect,10,Best for paper,md_2019_stages
Trip 064 Day 2 25-11-05 Image 5_16,results\optA_20251207_233941\experiments\experiment_md_2019_stages\visualizations\pred_detection_yolo11\Trip 064 Day 2 25-11-05 Image 5_16.png,6,6,6,0,0,0.879,Perfect,10,Best for paper,md_2019_stages
Trip 064 Day 2 25-11-05 Image 5_16,results\optA_20251207_233941\experiments\experiment_md_2019_stages\visualizations\pred_detection_yolo11\Trip 064 Day 2 25-11-05 Image 5_16.png,6,6,6,0,0,0.879,Perfect,10,Best for paper,md_2019_stages
Trip 064 Day 2 25-11-05 Image 5_2,results\optA_20251207_233941\experiments\experiment_md_2019_stages\visualizations\pred_detection_yolo11\Trip 064 Day 2 25-11-05 Image 5_2.png,2,2,2,0,0,0.9,Perfect,10,Best for paper,md_2019_stages
Trip 064 Day 2 25-11-05 Image 5_2,results\optA_20251207_233941\experiments\experiment_md_2019_stages\visualizations\pred_detection_yolo11\Trip 064 Day 2 25-11-05 Image 5_2.png,2,2,2,0,0,0.9,Perfect,10,Best for paper,md_2019_stages
Trip 064 Day 2 25-11-05 Image 5_4,results\optA_20251207_233941\experiments\experiment_md_2019_stages\visualizations\pred_detection_yolo11\Trip 064 Day 2 25-11-05 Image 5_4.png,6,6,6,0,0,0.85,Perfect,10,Best for paper,md_2019_stages
Trip 064 Day 2 25-11-05 Image 5_4,results\optA_20251207_233941\experiments\experiment_md_2019_stages\visualizations\pred_detection_yolo11\Trip 064 Day 2 25-11-05 Image 5_4.png,6,6,6,0,0,0.85,Perfect,10,Best for paper,md_2019_stages
Trip 802 Day 2 01-12-05 Image 5_14,results\optA_20251207_233941\experiments\experiment_md_2019_stages\visualizations\pred_detection_yolo11\Trip 802 Day 2 01-12-05 Image 5_14.png,2,2,2,0,0,0.916,Perfect,10,Best for paper,md_2019_stages
Trip 802 Day 2 01-12-05 Image 5_14,results\optA_20251207_233941\experiments\experiment_md_2019_stages\visualizations\pred_detection_yolo11\Trip 802 Day 2 01-12-05 Image 5_14.png,2,2,2,0,0,0.916,Perfect,10,Best for paper,md_2019_stages
Trip 043 Day 2 24-10-05 Image 1_8,results\optA_20251207_233941\experiments\experiment_md_2019_stages\visualizations\pred_detection_yolo11\Trip 043 Day 2 24-10-05 Image 1_8.png,3,3,3,0,0,0.803,Perfect,10,Best for paper,md_2019_stages
Trip 043 Day 2 24-10-05 Image 1_8,results\optA_20251207_233941\experiments\experiment_md_2019_stages\visualizations\pred_detection_yolo11\Trip 043 Day 2 24-10-05 Image 1_8.png,3,3,3,0,0,0.803,Perfect,10,Best for paper,md_2019_stages
Trip 053 Day 2 19-11-05 Image 2_1,results\optA_20251207_233941\experiments\experiment_md_2019_stages\visualizations\pred_detection_yolo11\Trip 053 Day 2 19-11-05 Image 2_1.png,3,3,3,0,0,0.886,Perfect,10,Best for paper,md_2019_stages
Trip 053 Day 2 19-11-05 Image 2_1,results\optA_20251207_233941\experiments\experiment_md_2019_stages\visualizations\pred_detection_yolo11\Trip 053 Day 2 19-11-05 Image 2_1.png,3,3,3,0,0,0.886,Perfect,10,Best for paper,md_2019_stages
Trip 043 Day 2 24-10-05 Image 1_1,results\optA_20251207_233941\experiments\experiment_md_2019_stages\visualizations\pred_detection_yolo11\Trip 043 Day 2 24-10-05 Image 1_1.png,3,3,3,0,0,0.883,Perfect,10,Best for paper,md_2019_stages
Trip 043 Day 2 24-10-05 Image 1_1,results\optA_20251207_233941\experiments\experiment_md_2019_stages\visualizations\pred_detection_yolo11\Trip 043 Day 2 24-10-05 Image 1_1.png,3,3,3,0,0,0.883,Perfect,10,Best for paper,md_2019_stages
Trip 064 Day 2 25-11-05 Image 5_5,results\optA_20251207_233941\experiments\experiment_md_2019_stages\visualizations\pred_detection_yolo11\Trip 064 Day 2 25-11-05 Image 5_5.png,8,8,8,0,0,0.867,Perfect,10,Best for paper,md_2019_stages
Trip 064 Day 2 25-11-05 Image 5_5,results\optA_20251207_233941\experiments\experiment_md_2019_stages\visualizations\pred_detection_yolo11\Trip 064 Day 2 25-11-05 Image 5_5.png,8,8,8,0,0,0.867,Perfect,10,Best for paper,md_2019_stages
Trip 064 Day 2 25-11-05 Image 5_6,results\optA_20251207_233941\experiments\experiment_md_2019_stages\visualizations\pred_detection_yolo11\Trip 064 Day 2 25-11-05 Image 5_6.png,9,9,9,0,0,0.877,Perfect,10,Best for paper,md_2019_stages
Trip 064 Day 2 25-11-05 Image 5_6,results\optA_20251207_233941\experiments\experiment_md_2019_stages\visualizations\pred_detection_yolo11\Trip 064 Day 2 25-11-05 Image 5_6.png,9,9,9,0,0,0.877,Perfect,10,Best for paper,md_2019_stages
Trip 053 Day 2 19-11-05 Image 2_2,results\optA_20251207_233941\experiments\experiment_md_2019_stages\visualizations\pred_detection_yolo11\Trip 053 Day 2 19-11-05 Image 2_2.png,3,3,3,0,0,0.86,Perfect,10,Best for paper,md_2019_stages
Trip 053 Day 2 19-11-05 Image 2_2,results\optA_20251207_233941\experiments\experiment_md_2019_stages\visualizations\pred_detection_yolo11\Trip 053 Day 2 19-11-05 Image 2_2.png,3,3,3,0,0,0.86,Perfect,10,Best for paper,md_2019_stages
Trip 802 Day 2 01-12-05 Image 5_1,results\optA_20251207_233941\experiments\experiment_md_2019_stages\visualizations\pred_detection_yolo11\Trip 802 Day 2 01-12-05 Image 5_1.png,5,5,5,0,0,0.884,Perfect,10,Best for paper,md_2019_stages
Trip 802 Day 2 01-12-05 Image 5_1,results\optA_20251207_233941\experiments\experiment_md_2019_stages\visualizations\pred_detection_yolo11\Trip 802 Day 2 01-12-05 Image 5_1.png,5,5,5,0,0,0.884,Perfect,10,Best for paper,md_2019_stages
Trip 802 Day 2 01-12-05 Image 5_11,results\optA_20251207_233941\experiments\experiment_md_2019_stages\visualizations\pred_detection_yolo11\Trip 802 Day 2 01-12-05 Image 5_11.png,3,3,3,0,0,0.887,Perfect,10,Best for paper,md_2019_stages
Trip 802 Day 2 01-12-05 Image 5_11,results\optA_20251207_233941\experiments\experiment_md_2019_stages\visualizations\pred_detection_yolo11\Trip 802 Day 2 01-12-05 Image 5_11.png,3,3,3,0,0,0.887,Perfect,10,Best for paper,md_2019_stages
Trip 802 Day 2 01-12-05 Image 5_13,results\optA_20251207_233941\experiments\experiment_md_2019_stages\visualizations\pred_detection_yolo11\Trip 802 Day 2 01-12-05 Image 5_13.png,2,2,2,0,0,0.892,Perfect,10,Best for paper,md_2019_stages
Trip 802 Day 2 01-12-05 Image 5_13,results\optA_20251207_233941\experiments\experiment_md_2019_stages\visualizations\pred_detection_yolo11\Trip 802 Day 2 01-12-05 Image 5_13.png,2,2,2,0,0,0.892,Perfect,10,Best for paper,md_2019_stages
Trip 064 Day 2 25-11-05 Image 5_1,results\optA_20251207_233941\experiments\experiment_md_2019_stages\visualizations\pred_detection_yolo11\Trip 064 Day 2 25-11-05 Image 5_1.png,5,5,5,0,0,0.911,Perfect,10,Best for paper,md_2019_stages
Trip 064 Day 2 25-11-05 Image 5_1,results\optA_20251207_233941\experiments\experiment_md_2019_stages\visualizations\pred_detection_yolo11\Trip 064 Day 2 25-11-05 Image 5_1.png,5,5,5,0,0,0.911,Perfect,10,Best for paper,md_2019_stages
Trip 064 Day 2 25-11-05 Image 5_10,results\optA_20251207_233941\experiments\experiment_md_2019_stages\visualizations\pred_detection_yolo11\Trip 064 Day 2 25-11-05 Image 5_10.png,3,3,3,0,0,0.909,Perfect,10,Best for paper,md_2019_stages
Trip 064 Day 2 25-11-05 Image 5_10,results\optA_20251207_233941\experiments\experiment_md_2019_stages\visualizations\pred_detection_yolo11\Trip 064 Day 2 25-11-05 Image 5_10.png,3,3,3,0,0,0.909,Perfect,10,Best for paper,md_2019_stages
Trip 064 Day 2 25-11-05 Image 5_11,results\optA_20251207_233941\experiments\experiment_md_2019_stages\visualizations\pred_detection_yolo11\Trip 064 Day 2 25-11-05 Image 5_11.png,8,8,8,0,0,0.827,Perfect,10,Best for paper,md_2019_stages
Trip 064 Day 2 25-11-05 Image 5_11,results\optA_20251207_233941\experiments\experiment_md_2019_stages\visualizations\pred_detection_yolo11\Trip 064 Day 2 25-11-05 Image 5_11.png,8,8,8,0,0,0.827,Perfect,10,Best for paper,md_2019_stages
Trip 053 Day 2 19-11-05 Image 3_13,results\optA_20251207_233941\experiments\experiment_md_2019_stages\visualizations\pred_detection_yolo11\Trip 053 Day 2 19-11-05 Image 3_13.png,2,2,2,0,0,0.906,Perfect,10,Best for paper,md_2019_stages
Trip 053 Day 2 19-11-05 Image 3_13,results\optA_20251207_233941\experiments\experiment_md_2019_stages\visualizations\pred_detection_yolo11\Trip 053 Day 2 19-11-05 Image 3_13.png,2,2,2,0,0,0.906,Perfect,10,Best for paper,md_2019_stages
Trip 053 Day 2 19-11-05 Image 2_3,results\optA_20251207_233941\experiments\experiment_md_2019_stages\visualizations\pred_detection_yolo11\Trip 053 Day 2 19-11-05 Image 2_3.png,1,1,1,0,0,0.839,Perfect,10,Best for paper,md_2019_stages
Trip 053 Day 2 19-11-05 Image 2_3,results\optA_20251207_233941\experiments\experiment_md_2019_stages\visualizations\pred_detection_yolo11\Trip 053 Day 2 19-11-05 Image 2_3.png,1,1,1,0,0,0.839,Perfect,10,Best for paper,md_2019_stages
Trip 053 Day 2 19-11-05 Image 2_6,results\optA_20251207_233941\experiments\experiment_md_2019_stages\visualizations\pred_detection_yolo11\Trip 053 Day 2 19-11-05 Image 2_6.png,2,2,2,0,0,0.907,Perfect,10,Best for paper,md_2019_stages
Trip 053 Day 2 19-11-05 Image 2_6,results\optA_20251207_233941\experiments\experiment_md_2019_stages\visualizations\pred_detection_yolo11\Trip 053 Day 2 19-11-05 Image 2_6.png,2,2,2,0,0,0.907,Perfect,10,Best for paper,md_2019_stages
Trip 053 Day 2 19-11-05 Image 3_1,results\optA_20251207_233941\experiments\experiment_md_2019_stages\visualizations\pred_detection_yolo11\Trip 053 Day 2 19-11-05 Image 3_1.png,4,4,4,0,0,0.893,Perfect,10,Best for paper,md_2019_stages
Trip 053 Day 2 19-11-05 Image 3_1,results\optA_20251207_233941\experiments\experiment_md_2019_stages\visualizations\pred_detection_yolo11\Trip 053 Day 2 19-11-05 Image 3_1.png,4,4,4,0,0,0.893,Perfect,10,Best for paper,md_2019_stages
Trip 053 Day 2 19-11-05 Image 2_11,results\optA_20251207_233941\experiments\experiment_md_2019_stages\visualizations\pred_detection_yolo11\Trip 053 Day 2 19-11-05 Image 2_11.png,2,2,2,0,0,0.901,Perfect,10,Best for paper,md_2019_stages
Trip 053 Day 2 19-11-05 Image 2_11,results\optA_20251207_233941\experiments\experiment_md_2019_stages\visualizations\pred_detection_yolo11\Trip 053 Day 2 19-11-05 Image 2_11.png,2,2,2,0,0,0.901,Perfect,10,Best for paper,md_2019_stages
Trip 053 Day 2 19-11-05 Image 2_16,results\optA_20251207_233941\experiments\experiment_md_2019_stages\visualizations\pred_detection_yolo11\Trip 053 Day 2 19-11-05 Image 2_16.png,4,4,4,0,0,0.913,Perfect,10,Best for paper,md_2019_stages
Trip 053 Day 2 19-11-05 Image 2_16,results\optA_20251207_233941\experiments\experiment_md_2019_stages\visualizations\pred_detection_yolo11\Trip 053 Day 2 19-11-05 Image 2_16.png,4,4,4,0,0,0.913,Perfect,10,Best for paper,md_2019_stages
Trip 017 Day 1 19-10-05 Image 15 add_3,results\optA_20251207_233941\experiments\experiment_md_2019_stages\visualizations\pred_detection_yolo11\Trip 017 Day 1 19-10-05 Image 15 add_3.png,1,1,1,0,0,0.895,Perfect,10,Best for paper,md_2019_stages
Trip 017 Day 1 19-10-05 Image 15 add_3,results\optA_20251207_233941\experiments\experiment_md_2019_stages\visualizations\pred_detection_yolo11\Trip 017 Day 1 19-10-05 Image 15 add_3.png,1,1,1,0,0,0.895,Perfect,10,Best for paper,md_2019_stages
Trip 017 Day 1 19-10-05 Image 15 add_4,results\optA_20251207_233941\experiments\experiment_md_2019_stages\visualizations\pred_detection_yolo11\Trip 017 Day 1 19-10-05 Image 15 add_4.png,2,2,2,0,0,0.906,Perfect,10,Best for paper,md_2019_stages
Trip 017 Day 1 19-10-05 Image 15 add_4,results\optA_20251207_233941\experiments\experiment_md_2019_stages\visualizations\pred_detection_yolo11\Trip 017 Day 1 19-10-05 Image 15 add_4.png,2,2,2,0,0,0.906,Perfect,10,Best for paper,md_2019_stages
Trip 804 Day 1 02-12-05 Image 3_16,results\optA_20251207_233941\experiments\experiment_md_2019_stages\visualizations\pred_detection_yolo11\Trip 804 Day 1 02-12-05 Image 3_16.png,3,3,3,0,0,0.89,Perfect,10,Best for paper,md_2019_stages
Trip 804 Day 1 02-12-05 Image 3_16,results\optA_20251207_233941\experiments\experiment_md_2019_stages\visualizations\pred_detection_yolo11\Trip 804 Day 1 02-12-05 Image 3_16.png,3,3,3,0,0,0.89,Perfect,10,Best for paper,md_2019_stages
Trip 804 Day 1 02-12-05 Image 3_6,results\optA_20251207_233941\experiments\experiment_md_2019_stages\visualizations\pred_detection_yolo11\Trip 804 Day 1 02-12-05 Image 3_6.png,5,5,5,0,0,0.896,Perfect,10,Best for paper,md_2019_stages
Trip 804 Day 1 02-12-05 Image 3_6,results\optA_20251207_233941\experiments\experiment_md_2019_stages\visualizations\pred_detection_yolo11\Trip 804 Day 1 02-12-05 Image 3_6.png,5,5,5,0,0,0.896,Perfect,10,Best for paper,md_2019_stages
Trip 029 Day 1 22-11-05 Image 9 add_10,results\optA_20251207_233941\experiments\experiment_md_2019_stages\visualizations\pred_detection_yolo11\Trip 029 Day 1 22-11-05 Image 9 add_10.png,1,1,1,0,0,0.884,Perfect,10,Best for paper,md_2019_stages
Trip 029 Day 1 22-11-05 Image 9 add_10,results\optA_20251207_233941\experiments\experiment_md_2019_stages\visualizations\pred_detection_yolo11\Trip 029 Day 1 22-11-05 Image 9 add_10.png,1,1,1,0,0,0.884,Perfect,10,Best for paper,md_2019_stages
Trip 802 Day 2 01-12-05 Image 5_9,results\optA_20251207_233941\experiments\experiment_md_2019_stages\visualizations\pred_detection_yolo11\Trip 802 Day 2 01-12-05 Image 5_9.png,3,3,3,0,0,0.89,Perfect,10,Best for paper,md_2019_stages
Trip 802 Day 2 01-12-05 Image 5_9,results\optA_20251207_233941\experiments\experiment_md_2019_stages\visualizations\pred_detection_yolo11\Trip 802 Day 2 01-12-05 Image 5_9.png,3,3,3,0,0,0.89,Perfect,10,Best for paper,md_2019_stages
Trip 804 Day 1 02-12-05 Image 3_10,results\optA_20251207_233941\experiments\experiment_md_2019_stages\visualizations\pred_detection_yolo11\Trip 804 Day 1 02-12-05 Image 3_10.png,5,5,5,0,0,0.899,Perfect,10,Best for paper,md_2019_stages
Trip 804 Day 1 02-12-05 Image 3_10,results\optA_20251207_233941\experiments\experiment_md_2019_stages\visualizations\pred_detection_yolo11\Trip 804 Day 1 02-12-05 Image 3_10.png,5,5,5,0,0,0.899,Perfect,10,Best for paper,md_2019_stages
Trip 804 Day 1 02-12-05 Image 3_12,results\optA_20251207_233941\experiments\experiment_md_2019_stages\visualizations\pred_detection_yolo11\Trip 804 Day 1 02-12-05 Image 3_12.png,6,6,6,0,0,0.87,Perfect,10,Best for paper,md_2019_stages
Trip 804 Day 1 02-12-05 Image 3_12,results\optA_20251207_233941\experiments\experiment_md_2019_stages\visualizations\pred_detection_yolo11\Trip 804 Day 1 02-12-05 Image 3_12.png,6,6,6,0,0,0.87,Perfect,10,Best for paper,md_2019_stages
Trip 804 Day 1 02-12-05 Image 3_14,results\optA_20251207_233941\experiments\experiment_md_2019_stages\visualizations\pred_detection_yolo11\Trip 804 Day 1 02-12-05 Image 3_14.png,2,2,2,0,0,0.862,Perfect,10,Best for paper,md_2019_stages
Trip 804 Day 1 02-12-05 Image 3_14,results\optA_20251207_233941\experiments\experiment_md_2019_stages\visualizations\pred_detection_yolo11\Trip 804 Day 1 02-12-05 Image 3_14.png,2,2,2,0,0,0.862,Perfect,10,Best for paper,md_2019_stages
Trip 029 Day 1 22-11-05 Image 9 add_12,results\optA_20251207_233941\experiments\experiment_md_2019_stages\visualizations\pred_detection_yolo11\Trip 029 Day 1 22-11-05 Image 9 add_12.png,2,2,2,0,0,0.591,Perfect,9,Best for paper,md_2019_stages
Trip 029 Day 1 22-11-05 Image 9 add_12,results\optA_20251207_233941\experiments\experiment_md_2019_stages\visualizations\pred_detection_yolo11\Trip 029 Day 1 22-11-05 Image 9 add_12.png,2,2,2,0,0,0.591,Perfect,9,Best for paper,md_2019_stages
Trip 053 Day 2 19-11-05 Image 3_8,results\optA_20251207_233941\experiments\experiment_md_2019_stages\visualizations\pred_detection_yolo11\Trip 053 Day 2 19-11-05 Image 3_8.png,2,2,2,0,0,0.619,Perfect,9,Best for paper,md_2019_stages
Trip 053 Day 2 19-11-05 Image 3_8,results\optA_20251207_233941\experiments\experiment_md_2019_stages\visualizations\pred_detection_yolo11\Trip 053 Day 2 19-11-05 Image 3_8.png,2,2,2,0,0,0.619,Perfect,9,Best for paper,md_2019_stages
Trip 053 Day 2 19-11-05 Image 3_15,results\optA_20251207_233941\experiments\experiment_md_2019_stages\visualizations\pred_detection_yolo11\Trip 053 Day 2 19-11-05 Image 3_15.png,5,5,5,0,0,0.764,Perfect,9,Best for paper,md_2019_stages
Trip 053 Day 2 19-11-05 Image 3_15,results\optA_20251207_233941\experiments\experiment_md_2019_stages\visualizations\pred_detection_yolo11\Trip 053 Day 2 19-11-05 Image 3_15.png,5,5,5,0,0,0.764,Perfect,9,Best for paper,md_2019_stages
Trip 053 Day 2 19-11-05 Image 3_3,results\optA_20251207_233941\experiments\experiment_md_2019_stages\visualizations\pred_detection_yolo11\Trip 053 Day 2 19-11-05 Image 3_3.png,3,3,3,0,0,0.744,Perfect,9,Best for paper,md_2019_stages
Trip 053 Day 2 19-11-05 Image 3_3,results\optA_20251207_233941\experiments\experiment_md_2019_stages\visualizations\pred_detection_yolo11\Trip 053 Day 2 19-11-05 Image 3_3.png,3,3,3,0,0,0.744,Perfect,9,Best for paper,md_2019_stages
Trip 053 Day 2 19-11-05 Image 3_2,results\optA_20251207_233941\experiments\experiment_md_2019_stages\visualizations\pred_detection_yolo11\Trip 053 Day 2 19-11-05 Image 3_2.png,1,1,1,0,0,0.657,Perfect,9,Best for paper,md_2019_stages
Trip 053 Day 2 19-11-05 Image 3_2,results\optA_20251207_233941\experiments\experiment_md_2019_stages\visualizations\pred_detection_yolo11\Trip 053 Day 2 19-11-05 Image 3_2.png,1,1,1,0,0,0.657,Perfect,9,Best for paper,md_2019_stages
Trip 029 Day 1 22-11-05 Image 9 add_14,results\optA_20251207_233941\experiments\experiment_md_2019_stages\visualizations\pred_detection_yolo11\Trip 029 Day 1 22-11-05 Image 9 add_14.png,1,1,1,0,0,0.341,Perfect,9,Best for paper,md_2019_stages
Trip 029 Day 1 22-11-05 Image 9 add_14,results\optA_20251207_233941\experiments\experiment_md_2019_stages\visualizations\pred_detection_yolo11\Trip 029 Day 1 22-11-05 Image 9 add_14.png,1,1,1,0,0,0.341,Perfect,9,Best for paper,md_2019_stages
Trip 064 Day 2 25-11-05 Image 7_7,results\optA_20251207_233941\experiments\experiment_md_2019_stages\visualizations\pred_detection_yolo11\Trip 064 Day 2 25-11-05 Image 7_7.png,6,6,6,0,0,0.784,Perfect,9,Best for paper,md_2019_stages
Trip 064 Day 2 25-11-05 Image 7_7,results\optA_20251207_233941\experiments\experiment_md_2019_stages\visualizations\pred_detection_yolo11\Trip 064 Day 2 25-11-05 Image 7_7.png,6,6,6,0,0,0.784,Perfect,9,Best for paper,md_2019_stages
Trip 073 Day 2 01-12-05 Image 1_1,results\optA_20251207_233941\experiments\experiment_md_2019_stages\visualizations\pred_detection_yolo11\Trip 073 Day 2 01-12-05 Image 1_1.png,12,12,12,0,0,0.726,Perfect,9,Best for paper,md_2019_stages
Trip 073 Day 2 01-12-05 Image 1_1,results\optA_20251207_233941\experiments\experiment_md_2019_stages\visualizations\pred_detection_yolo11\Trip 073 Day 2 01-12-05 Image 1_1.png,12,12,12,0,0,0.726,Perfect,9,Best for paper,md_2019_stages
Trip 067 Day 2 01-12-05 Image 1_9,results\optA_20251207_233941\experiments\experiment_md_2019_stages\visualizations\pred_detection_yolo11\Trip 067 Day 2 01-12-05 Image 1_9.png,5,5,5,0,0,0.75,Perfect,9,Best for paper,md_2019_stages
Trip 067 Day 2 01-12-05 Image 1_9,results\optA_20251207_233941\experiments\experiment_md_2019_stages\visualizations\pred_detection_yolo11\Trip 067 Day 2 01-12-05 Image 1_9.png,5,5,5,0,0,0.75,Perfect,9,Best for paper,md_2019_stages
Trip 029 Day 1 22-11-05 Image 9 add_6,results\optA_20251207_233941\experiments\experiment_md_2019_stages\visualizations\pred_detection_yolo11\Trip 029 Day 1 22-11-05 Image 9 add_6.png,4,4,4,0,0,0.731,Perfect,9,Best for paper,md_2019_stages
Trip 029 Day 1 22-11-05 Image 9 add_6,results\optA_20251207_233941\experiments\experiment_md_2019_stages\visualizations\pred_detection_yolo11\Trip 029 Day 1 22-11-05 Image 9 add_6.png,4,4,4,0,0,0.731,Perfect,9,Best for paper,md_2019_stages
Trip 043 Day 2 24-10-05 Image 1_2,results\optA_20251207_233941\experiments\experiment_md_2019_stages\visualizations\pred_detection_yolo11\Trip 043 Day 2 24-10-05 Image 1_2.png,2,2,2,0,0,0.766,Perfect,9,Best for paper,md_2019_stages
Trip 043 Day 2 24-10-05 Image 1_2,results\optA_20251207_233941\experiments\experiment_md_2019_stages\visualizations\pred_detection_yolo11\Trip 043 Day 2 24-10-05 Image 1_2.png,2,2,2,0,0,0.766,Perfect,9,Best for paper,md_2019_stages
Trip 064 Day 2 25-11-05 Image 7_11,results\optA_20251207_233941\experiments\experiment_md_2019_stages\visualizations\pred_detection_yolo11\Trip 064 Day 2 25-11-05 Image 7_11.png,2,2,2,0,0,0.702,Perfect,9,Best for paper,md_2019_stages
Trip 064 Day 2 25-11-05 Image 7_11,results\optA_20251207_233941\experiments\experiment_md_2019_stages\visualizations\pred_detection_yolo11\Trip 064 Day 2 25-11-05 Image 7_11.png,2,2,2,0,0,0.702,Perfect,9,Best for paper,md_2019_stages
Trip 064 Day 2 25-11-05 Image 7_12,results\optA_20251207_233941\experiments\experiment_md_2019_stages\visualizations\pred_detection_yolo11\Trip 064 Day 2 25-11-05 Image 7_12.png,3,3,3,0,0,0.757,Perfect,9,Best for paper,md_2019_stages
Trip 064 Day 2 25-11-05 Image 7_12,results\optA_20251207_233941\experiments\experiment_md_2019_stages\visualizations\pred_detection_yolo11\Trip 064 Day 2 25-11-05 Image 7_12.png,3,3,3,0,0,0.757,Perfect,9,Best for paper,md_2019_stages
Trip 043 Day 2 24-10-05 Image 1_13,results\optA_20251207_233941\experiments\experiment_md_2019_stages\visualizations\pred_detection_yolo11\Trip 043 Day 2 24-10-05 Image 1_13.png,2,2,2,0,0,0.575,Perfect,9,Best for paper,md_2019_stages
Trip 043 Day 2 24-10-05 Image 1_13,results\optA_20251207_233941\experiments\experiment_md_2019_stages\visualizations\pred_detection_yolo11\Trip 043 Day 2 24-10-05 Image 1_13.png,2,2,2,0,0,0.575,Perfect,9,Best for paper,md_2019_stages
Trip 064 Day 2 25-11-05 Image 7_14,results\optA_20251207_233941\experiments\experiment_md_2019_stages\visualizations\pred_detection_yolo11\Trip 064 Day 2 25-11-05 Image 7_14.png,3,3,3,0,0,0.776,Perfect,9,Best for paper,md_2019_stages
Trip 064 Day 2 25-11-05 Image 7_14,results\optA_20251207_233941\experiments\experiment_md_2019_stages\visualizations\pred_detection_yolo11\Trip 064 Day 2 25-11-05 Image 7_14.png,3,3,3,0,0,0.776,Perfect,9,Best for paper,md_2019_stages
Trip 043 Day 2 24-10-05 Image 1_15,results\optA_20251207_233941\experiments\experiment_md_2019_stages\visualizations\pred_detection_yolo11\Trip 043 Day 2 24-10-05 Image 1_15.png,3,3,3,0,0,0.669,Perfect,9,Best for paper,md_2019_stages
Trip 043 Day 2 24-10-05 Image 1_15,results\optA_20251207_233941\experiments\experiment_md_2019_stages\visualizations\pred_detection_yolo11\Trip 043 Day 2 24-10-05 Image 1_15.png,3,3,3,0,0,0.669,Perfect,9,Best for paper,md_2019_stages
Trip 043 Day 2 24-10-05 Image 1_14,results\optA_20251207_233941\experiments\experiment_md_2019_stages\visualizations\pred_detection_yolo11\Trip 043 Day 2 24-10-05 Image 1_14.png,1,1,1,0,0,0.685,Perfect,9,Best for paper,md_2019_stages
Trip 043 Day 2 24-10-05 Image 1_14,results\optA_20251207_233941\experiments\experiment_md_2019_stages\visualizations\pred_detection_yolo11\Trip 043 Day 2 24-10-05 Image 1_14.png,1,1,1,0,0,0.685,Perfect,9,Best for paper,md_2019_stages
Trip 073 Day 2 01-12-05 Image 1_3,results\optA_20251207_233941\experiments\experiment_md_2019_stages\visualizations\pred_detection_yolo11\Trip 073 Day 2 01-12-05 Image 1_3.png,12,12,12,0,0,0.777,Perfect,9,Best for paper,md_2019_stages
Trip 073 Day 2 01-12-05 Image 1_3,results\optA_20251207_233941\experiments\experiment_md_2019_stages\visualizations\pred_detection_yolo11\Trip 073 Day 2 01-12-05 Image 1_3.png,12,12,12,0,0,0.777,Perfect,9,Best for paper,md_2019_stages
Trip 043 Day 2 24-10-05 Image 1_10,results\optA_20251207_233941\experiments\experiment_md_2019_stages\visualizations\pred_detection_yolo11\Trip 043 Day 2 24-10-05 Image 1_10.png,1,1,1,0,0,0.538,Perfect,9,Best for paper,md_2019_stages
Trip 043 Day 2 24-10-05 Image 1_10,results\optA_20251207_233941\experiments\experiment_md_2019_stages\visualizations\pred_detection_yolo11\Trip 043 Day 2 24-10-05 Image 1_10.png,1,1,1,0,0,0.538,Perfect,9,Best for paper,md_2019_stages
Trip 029 Day 1 22-11-05 Image 9 add_5,results\optA_20251207_233941\experiments\experiment_md_2019_stages\visualizations\pred_detection_yolo11\Trip 029 Day 1 22-11-05 Image 9 add_5.png,4,4,4,0,0,0.764,Perfect,9,Best for paper,md_2019_stages
Trip 029 Day 1 22-11-05 Image 9 add_5,results\optA_20251207_233941\experiments\experiment_md_2019_stages\visualizations\pred_detection_yolo11\Trip 029 Day 1 22-11-05 Image 9 add_5.png,4,4,4,0,0,0.764,Perfect,9,Best for paper,md_2019_stages
Trip 804 Day 1 02-12-05 Image 3_8,results\optA_20251207_233941\experiments\experiment_md_2019_stages\visualizations\pred_detection_yolo11\Trip 804 Day 1 02-12-05 Image 3_8.png,3,3,3,0,0,0.754,Perfect,9,Best for paper,md_2019_stages
Trip 017 Day 1 19-10-05 Image 15 add_12,results\optA_20251207_233941\experiments\experiment_md_2019_stages\visualizations\pred_detection_yolo11\Trip 017 Day 1 19-10-05 Image 15 add_12.png,4,4,4,0,0,0.696,Perfect,9,Best for paper,md_2019_stages
Trip 804 Day 1 02-12-05 Image 3_8,results\optA_20251207_233941\experiments\experiment_md_2019_stages\visualizations\pred_detection_yolo11\Trip 804 Day 1 02-12-05 Image 3_8.png,3,3,3,0,0,0.754,Perfect,9,Best for paper,md_2019_stages
Trip 017 Day 1 19-10-05 Image 15 add_12,results\optA_20251207_233941\experiments\experiment_md_2019_stages\visualizations\pred_detection_yolo11\Trip 017 Day 1 19-10-05 Image 15 add_12.png,4,4,4,0,0,0.696,Perfect,9,Best for paper,md_2019_stages
Trip 038 Day 1 01-12-05 Image 26 add_8,results\optA_20251207_233941\experiments\experiment_md_2019_stages\visualizations\pred_detection_yolo11\Trip 038 Day 1 01-12-05 Image 26 add_8.png,1,1,1,0,0,0.262,Perfect,9,Best for paper,md_2019_stages
Trip 038 Day 1 01-12-05 Image 26 add_8,results\optA_20251207_233941\experiments\experiment_md_2019_stages\visualizations\pred_detection_yolo11\Trip 038 Day 1 01-12-05 Image 26 add_8.png,1,1,1,0,0,0.262,Perfect,9,Best for paper,md_2019_stages
Trip 802 Day 2 01-12-05 Image 5_8,results\optA_20251207_233941\experiments\experiment_md_2019_stages\visualizations\pred_detection_yolo11\Trip 802 Day 2 01-12-05 Image 5_8.png,2,2,2,0,0,0.795,Perfect,9,Best for paper,md_2019_stages
Trip 802 Day 2 01-12-05 Image 5_8,results\optA_20251207_233941\experiments\experiment_md_2019_stages\visualizations\pred_detection_yolo11\Trip 802 Day 2 01-12-05 Image 5_8.png,2,2,2,0,0,0.795,Perfect,9,Best for paper,md_2019_stages
Trip 073 Day 2 01-12-05 Image 1_10,results\optA_20251207_233941\experiments\experiment_md_2019_stages\visualizations\pred_detection_yolo11\Trip 073 Day 2 01-12-05 Image 1_10.png,14,10,10,0,4,0.702,Missing detections (FN),7,Good for paper,md_2019_stages
Trip 073 Day 2 01-12-05 Image 1_10,results\optA_20251207_233941\experiments\experiment_md_2019_stages\visualizations\pred_detection_yolo11\Trip 073 Day 2 01-12-05 Image 1_10.png,14,10,10,0,4,0.702,Missing detections (FN),7,Good for paper,md_2019_stages
Trip 064 Day 2 25-11-05 Image 7_8,results\optA_20251207_233941\experiments\experiment_md_2019_stages\visualizations\pred_detection_yolo11\Trip 064 Day 2 25-11-05 Image 7_8.png,3,2,2,0,1,0.858,Missing detections (FN),7,Good for paper,md_2019_stages
Trip 064 Day 2 25-11-05 Image 7_8,results\optA_20251207_233941\experiments\experiment_md_2019_stages\visualizations\pred_detection_yolo11\Trip 064 Day 2 25-11-05 Image 7_8.png,3,2,2,0,1,0.858,Missing detections (FN),7,Good for paper,md_2019_stages
Trip 065 Day 2 01-12-05 Image 7_12,results\optA_20251207_233941\experiments\experiment_md_2019_stages\visualizations\pred_detection_yolo11\Trip 065 Day 2 01-12-05 Image 7_12.png,9,8,8,0,1,0.844,Missing detections (FN),7,Good for paper,md_2019_stages
Trip 065 Day 2 01-12-05 Image 7_12,results\optA_20251207_233941\experiments\experiment_md_2019_stages\visualizations\pred_detection_yolo11\Trip 065 Day 2 01-12-05 Image 7_12.png,9,8,8,0,1,0.844,Missing detections (FN),7,Good for paper,md_2019_stages
Trip 064 Day 2 25-11-05 Image 5_9,results\optA_20251207_233941\experiments\experiment_md_2019_stages\visualizations\pred_detection_yolo11\Trip 064 Day 2 25-11-05 Image 5_9.png,3,2,2,0,1,0.817,Missing detections (FN),7,Good for paper,md_2019_stages
Trip 064 Day 2 25-11-05 Image 5_9,results\optA_20251207_233941\experiments\experiment_md_2019_stages\visualizations\pred_detection_yolo11\Trip 064 Day 2 25-11-05 Image 5_9.png,3,2,2,0,1,0.817,Missing detections (FN),7,Good for paper,md_2019_stages
Trip 064 Day 2 25-11-05 Image 5_7,results\optA_20251207_233941\experiments\experiment_md_2019_stages\visualizations\pred_detection_yolo11\Trip 064 Day 2 25-11-05 Image 5_7.png,6,5,5,0,1,0.869,Missing detections (FN),7,Good for paper,md_2019_stages
Trip 064 Day 2 25-11-05 Image 5_7,results\optA_20251207_233941\experiments\experiment_md_2019_stages\visualizations\pred_detection_yolo11\Trip 064 Day 2 25-11-05 Image 5_7.png,6,5,5,0,1,0.869,Missing detections (FN),7,Good for paper,md_2019_stages
Trip 053 Day 2 19-11-05 Image 3_6,results\optA_20251207_233941\experiments\experiment_md_2019_stages\visualizations\pred_detection_yolo11\Trip 053 Day 2 19-11-05 Image 3_6.png,3,2,2,0,1,0.743,Missing detections (FN),7,Good for paper,md_2019_stages
Trip 053 Day 2 19-11-05 Image 3_6,results\optA_20251207_233941\experiments\experiment_md_2019_stages\visualizations\pred_detection_yolo11\Trip 053 Day 2 19-11-05 Image 3_6.png,3,2,2,0,1,0.743,Missing detections (FN),7,Good for paper,md_2019_stages
Trip 053 Day 2 19-11-05 Image 3_10,results\optA_20251207_233941\experiments\experiment_md_2019_stages\visualizations\pred_detection_yolo11\Trip 053 Day 2 19-11-05 Image 3_10.png,3,2,2,0,1,0.881,Missing detections (FN),7,Good for paper,md_2019_stages
Trip 053 Day 2 19-11-05 Image 3_10,results\optA_20251207_233941\experiments\experiment_md_2019_stages\visualizations\pred_detection_yolo11\Trip 053 Day 2 19-11-05 Image 3_10.png,3,2,2,0,1,0.881,Missing detections (FN),7,Good for paper,md_2019_stages
Trip 053 Day 2 19-11-05 Image 2_15,results\optA_20251207_233941\experiments\experiment_md_2019_stages\visualizations\pred_detection_yolo11\Trip 053 Day 2 19-11-05 Image 2_15.png,3,2,2,0,1,0.798,Missing detections (FN),7,Good for paper,md_2019_stages
Trip 053 Day 2 19-11-05 Image 2_15,results\optA_20251207_233941\experiments\experiment_md_2019_stages\visualizations\pred_detection_yolo11\Trip 053 Day 2 19-11-05 Image 2_15.png,3,2,2,0,1,0.798,Missing detections (FN),7,Good for paper,md_2019_stages
Trip 804 Day 1 02-12-05 Image 3_3,results\optA_20251207_233941\experiments\experiment_md_2019_stages\visualizations\pred_detection_yolo11\Trip 804 Day 1 02-12-05 Image 3_3.png,6,5,5,0,1,0.891,Missing detections (FN),7,Good for paper,md_2019_stages
Trip 804 Day 1 02-12-05 Image 3_3,results\optA_20251207_233941\experiments\experiment_md_2019_stages\visualizations\pred_detection_yolo11\Trip 804 Day 1 02-12-05 Image 3_3.png,6,5,5,0,1,0.891,Missing detections (FN),7,Good for paper,md_2019_stages
Trip 064 Day 2 25-11-05 Image 7_6,results\optA_20251207_233941\experiments\experiment_md_2019_stages\visualizations\pred_detection_yolo11\Trip 064 Day 2 25-11-05 Image 7_6.png,5,4,4,0,1,0.857,Missing detections (FN),7,Good for paper,md_2019_stages
Trip 064 Day 2 25-11-05 Image 7_6,results\optA_20251207_233941\experiments\experiment_md_2019_stages\visualizations\pred_detection_yolo11\Trip 064 Day 2 25-11-05 Image 7_6.png,5,4,4,0,1,0.857,Missing detections (FN),7,Good for paper,md_2019_stages
Trip 067 Day 2 01-12-05 Image 1_12,results\optA_20251207_233941\experiments\experiment_md_2019_stages\visualizations\pred_detection_yolo11\Trip 067 Day 2 01-12-05 Image 1_12.png,4,3,3,0,1,0.803,Missing detections (FN),7,Good for paper,md_2019_stages
Trip 067 Day 2 01-12-05 Image 1_12,results\optA_20251207_233941\experiments\experiment_md_2019_stages\visualizations\pred_detection_yolo11\Trip 067 Day 2 01-12-05 Image 1_12.png,4,3,3,0,1,0.803,Missing detections (FN),7,Good for paper,md_2019_stages
Trip 067 Day 2 01-12-05 Image 1_3,results\optA_20251207_233941\experiments\experiment_md_2019_stages\visualizations\pred_detection_yolo11\Trip 067 Day 2 01-12-05 Image 1_3.png,10,6,6,0,4,0.878,Missing detections (FN),7,Good for paper,md_2019_stages
Trip 067 Day 2 01-12-05 Image 1_3,results\optA_20251207_233941\experiments\experiment_md_2019_stages\visualizations\pred_detection_yolo11\Trip 067 Day 2 01-12-05 Image 1_3.png,10,6,6,0,4,0.878,Missing detections (FN),7,Good for paper,md_2019_stages
Trip 065 Day 2 01-12-05 Image 7_7,results\optA_20251207_233941\experiments\experiment_md_2019_stages\visualizations\pred_detection_yolo11\Trip 065 Day 2 01-12-05 Image 7_7.png,6,5,5,0,1,0.833,Missing detections (FN),7,Good for paper,md_2019_stages
Trip 065 Day 2 01-12-05 Image 7_7,results\optA_20251207_233941\experiments\experiment_md_2019_stages\visualizations\pred_detection_yolo11\Trip 065 Day 2 01-12-05 Image 7_7.png,6,5,5,0,1,0.833,Missing detections (FN),7,Good for paper,md_2019_stages
Trip 065 Day 2 01-12-05 Image 7_9,results\optA_20251207_233941\experiments\experiment_md_2019_stages\visualizations\pred_detection_yolo11\Trip 065 Day 2 01-12-05 Image 7_9.png,8,7,7,0,1,0.753,Missing detections (FN),7,Good for paper,md_2019_stages
Trip 065 Day 2 01-12-05 Image 7_9,results\optA_20251207_233941\experiments\experiment_md_2019_stages\visualizations\pred_detection_yolo11\Trip 065 Day 2 01-12-05 Image 7_9.png,8,7,7,0,1,0.753,Missing detections (FN),7,Good for paper,md_2019_stages
Trip 064 Day 2 25-11-05 Image 7_2,results\optA_20251207_233941\experiments\experiment_md_2019_stages\visualizations\pred_detection_yolo11\Trip 064 Day 2 25-11-05 Image 7_2.png,2,1,1,0,1,0.902,Missing detections (FN),7,Good for paper,md_2019_stages
Trip 064 Day 2 25-11-05 Image 7_2,results\optA_20251207_233941\experiments\experiment_md_2019_stages\visualizations\pred_detection_yolo11\Trip 064 Day 2 25-11-05 Image 7_2.png,2,1,1,0,1,0.902,Missing detections (FN),7,Good for paper,md_2019_stages
Trip 017 Day 1 19-10-05 Image 15 add_9,results\optA_20251207_233941\experiments\experiment_md_2019_stages\visualizations\pred_detection_yolo11\Trip 017 Day 1 19-10-05 Image 15 add_9.png,2,1,1,0,1,0.886,Missing detections (FN),7,Good for paper,md_2019_stages
Trip 017 Day 1 19-10-05 Image 15 add_9,results\optA_20251207_233941\experiments\experiment_md_2019_stages\visualizations\pred_detection_yolo11\Trip 017 Day 1 19-10-05 Image 15 add_9.png,2,1,1,0,1,0.886,Missing detections (FN),7,Good for paper,md_2019_stages
Trip 029 Day 1 22-11-05 Image 9 add_1,results\optA_20251207_233941\experiments\experiment_md_2019_stages\visualizations\pred_detection_yolo11\Trip 029 Day 1 22-11-05 Image 9 add_1.png,7,5,5,0,2,0.8,Missing detections (FN),7,Good for paper,md_2019_stages
Trip 029 Day 1 22-11-05 Image 9 add_1,results\optA_20251207_233941\experiments\experiment_md_2019_stages\visualizations\pred_detection_yolo11\Trip 029 Day 1 22-11-05 Image 9 add_1.png,7,5,5,0,2,0.8,Missing detections (FN),7,Good for paper,md_2019_stages
Trip 802 Day 2 01-12-05 Image 5_10,results\optA_20251207_233941\experiments\experiment_md_2019_stages\visualizations\pred_detection_yolo11\Trip 802 Day 2 01-12-05 Image 5_10.png,5,4,4,0,1,0.841,Missing detections (FN),7,Good for paper,md_2019_stages
Trip 802 Day 2 01-12-05 Image 5_10,results\optA_20251207_233941\experiments\experiment_md_2019_stages\visualizations\pred_detection_yolo11\Trip 802 Day 2 01-12-05 Image 5_10.png,5,4,4,0,1,0.841,Missing detections (FN),7,Good for paper,md_2019_stages
Trip 073 Day 2 01-12-05 Image 1_9,results\optA_20251207_233941\experiments\experiment_md_2019_stages\visualizations\pred_detection_yolo11\Trip 073 Day 2 01-12-05 Image 1_9.png,13,12,12,0,1,0.751,Missing detections (FN),7,Good for paper,md_2019_stages
Trip 073 Day 2 01-12-05 Image 1_9,results\optA_20251207_233941\experiments\experiment_md_2019_stages\visualizations\pred_detection_yolo11\Trip 073 Day 2 01-12-05 Image 1_9.png,13,12,12,0,1,0.751,Missing detections (FN),7,Good for paper,md_2019_stages
Trip 043 Day 2 24-10-05 Image 1_9,results\optA_20251207_233941\experiments\experiment_md_2019_stages\visualizations\pred_detection_yolo11\Trip 043 Day 2 24-10-05 Image 1_9.png,4,2,2,0,2,0.714,Missing detections (FN),7,Good for paper,md_2019_stages
Trip 043 Day 2 24-10-05 Image 1_9,results\optA_20251207_233941\experiments\experiment_md_2019_stages\visualizations\pred_detection_yolo11\Trip 043 Day 2 24-10-05 Image 1_9.png,4,2,2,0,2,0.714,Missing detections (FN),7,Good for paper,md_2019_stages
Trip 073 Day 2 01-12-05 Image 1_14,results\optA_20251207_233941\experiments\experiment_md_2019_stages\visualizations\pred_detection_yolo11\Trip 073 Day 2 01-12-05 Image 1_14.png,7,6,6,0,1,0.772,Missing detections (FN),7,Good for paper,md_2019_stages
Trip 073 Day 2 01-12-05 Image 1_14,results\optA_20251207_233941\experiments\experiment_md_2019_stages\visualizations\pred_detection_yolo11\Trip 073 Day 2 01-12-05 Image 1_14.png,7,6,6,0,1,0.772,Missing detections (FN),7,Good for paper,md_2019_stages
Trip 053 Day 2 19-11-05 Image 3_4,results\optA_20251207_233941\experiments\experiment_md_2019_stages\visualizations\pred_detection_yolo11\Trip 053 Day 2 19-11-05 Image 3_4.png,4,3,3,0,1,0.759,Missing detections (FN),7,Good for paper,md_2019_stages
Trip 053 Day 2 19-11-05 Image 3_4,results\optA_20251207_233941\experiments\experiment_md_2019_stages\visualizations\pred_detection_yolo11\Trip 053 Day 2 19-11-05 Image 3_4.png,4,3,3,0,1,0.759,Missing detections (FN),7,Good for paper,md_2019_stages
Trip 804 Day 1 02-12-05 Image 3_15,results\optA_20251207_233941\experiments\experiment_md_2019_stages\visualizations\pred_detection_yolo11\Trip 804 Day 1 02-12-05 Image 3_15.png,3,3,2,1,1,0.776,Mixed (FP + FN),5,Challenging case,md_2019_stages
Trip 804 Day 1 02-12-05 Image 3_15,results\optA_20251207_233941\experiments\experiment_md_2019_stages\visualizations\pred_detection_yolo11\Trip 804 Day 1 02-12-05 Image 3_15.png,3,3,2,1,1,0.776,Mixed (FP + FN),5,Challenging case,md_2019_stages
Trip 017 Day 1 19-10-05 Image 15 add_5,results\optA_20251207_233941\experiments\experiment_md_2019_stages\visualizations\pred_detection_yolo11\Trip 017 Day 1 19-10-05 Image 15 add_5.png,4,4,3,1,1,0.553,Mixed (FP + FN),5,Challenging case,md_2019_stages
Trip 017 Day 1 19-10-05 Image 15 add_5,results\optA_20251207_233941\experiments\experiment_md_2019_stages\visualizations\pred_detection_yolo11\Trip 017 Day 1 19-10-05 Image 15 add_5.png,4,4,3,1,1,0.553,Mixed (FP + FN),5,Challenging case,md_2019_stages
Trip 804 Day 1 02-12-05 Image 3_1,results\optA_20251207_233941\experiments\experiment_md_2019_stages\visualizations\pred_detection_yolo11\Trip 804 Day 1 02-12-05 Image 3_1.png,6,6,5,1,1,0.692,Mixed (FP + FN),5,Challenging case,md_2019_stages
Trip 804 Day 1 02-12-05 Image 3_1,results\optA_20251207_233941\experiments\experiment_md_2019_stages\visualizations\pred_detection_yolo11\Trip 804 Day 1 02-12-05 Image 3_1.png,6,6,5,1,1,0.692,Mixed (FP + FN),5,Challenging case,md_2019_stages
Trip 053 Day 2 19-11-05 Image 2_12,results\optA_20251207_233941\experiments\experiment_md_2019_stages\visualizations\pred_detection_yolo11\Trip 053 Day 2 19-11-05 Image 2_12.png,4,4,3,1,1,0.862,Mixed (FP + FN),5,Challenging case,md_2019_stages
Trip 053 Day 2 19-11-05 Image 2_12,results\optA_20251207_233941\experiments\experiment_md_2019_stages\visualizations\pred_detection_yolo11\Trip 053 Day 2 19-11-05 Image 2_12.png,4,4,3,1,1,0.862,Mixed (FP + FN),5,Challenging case,md_2019_stages
Trip 053 Day 2 19-11-05 Image 2_10,results\optA_20251207_233941\experiments\experiment_md_2019_stages\visualizations\pred_detection_yolo11\Trip 053 Day 2 19-11-05 Image 2_10.png,3,3,2,1,1,0.877,Mixed (FP + FN),5,Challenging case,md_2019_stages
Trip 053 Day 2 19-11-05 Image 2_10,results\optA_20251207_233941\experiments\experiment_md_2019_stages\visualizations\pred_detection_yolo11\Trip 053 Day 2 19-11-05 Image 2_10.png,3,3,2,1,1,0.877,Mixed (FP + FN),5,Challenging case,md_2019_stages
Trip 053 Day 2 19-11-05 Image 3_14,results\optA_20251207_233941\experiments\experiment_md_2019_stages\visualizations\pred_detection_yolo11\Trip 053 Day 2 19-11-05 Image 3_14.png,4,4,3,1,1,0.765,Mixed (FP + FN),5,Challenging case,md_2019_stages
Trip 053 Day 2 19-11-05 Image 3_14,results\optA_20251207_233941\experiments\experiment_md_2019_stages\visualizations\pred_detection_yolo11\Trip 053 Day 2 19-11-05 Image 3_14.png,4,4,3,1,1,0.765,Mixed (FP + FN),5,Challenging case,md_2019_stages
Trip 053 Day 2 19-11-05 Image 2_5,results\optA_20251207_233941\experiments\experiment_md_2019_stages\visualizations\pred_detection_yolo11\Trip 053 Day 2 19-11-05 Image 2_5.png,3,3,1,2,2,0.901,Mixed (FP + FN),5,Challenging case,md_2019_stages
Trip 053 Day 2 19-11-05 Image 2_5,results\optA_20251207_233941\experiments\experiment_md_2019_stages\visualizations\pred_detection_yolo11\Trip 053 Day 2 19-11-05 Image 2_5.png,3,3,1,2,2,0.901,Mixed (FP + FN),5,Challenging case,md_2019_stages
Trip 053 Day 2 19-11-05 Image 2_4,results\optA_20251207_233941\experiments\experiment_md_2019_stages\visualizations\pred_detection_yolo11\Trip 053 Day 2 19-11-05 Image 2_4.png,2,3,1,2,1,0.563,Mixed (FP + FN),5,Challenging case,md_2019_stages
Trip 053 Day 2 19-11-05 Image 2_4,results\optA_20251207_233941\experiments\experiment_md_2019_stages\visualizations\pred_detection_yolo11\Trip 053 Day 2 19-11-05 Image 2_4.png,2,3,1,2,1,0.563,Mixed (FP + FN),5,Challenging case,md_2019_stages
Trip 804 Day 1 02-12-05 Image 3_2,results\optA_20251207_233941\experiments\experiment_md_2019_stages\visualizations\pred_detection_yolo11\Trip 804 Day 1 02-12-05 Image 3_2.png,6,6,4,2,2,0.646,Mixed (FP + FN),5,Challenging case,md_2019_stages
Trip 804 Day 1 02-12-05 Image 3_2,results\optA_20251207_233941\experiments\experiment_md_2019_stages\visualizations\pred_detection_yolo11\Trip 804 Day 1 02-12-05 Image 3_2.png,6,6,4,2,2,0.646,Mixed (FP + FN),5,Challenging case,md_2019_stages
Trip 017 Day 1 19-10-05 Image 15 add_15,results\optA_20251207_233941\experiments\experiment_md_2019_stages\visualizations\pred_detection_yolo11\Trip 017 Day 1 19-10-05 Image 15 add_15.png,2,3,1,2,1,0.436,Mixed (FP + FN),5,Challenging case,md_2019_stages
Trip 017 Day 1 19-10-05 Image 15 add_15,results\optA_20251207_233941\experiments\experiment_md_2019_stages\visualizations\pred_detection_yolo11\Trip 017 Day 1 19-10-05 Image 15 add_15.png,2,3,1,2,1,0.436,Mixed (FP + FN),5,Challenging case,md_2019_stages
Trip 053 Day 2 19-11-05 Image 2_14,results\optA_20251207_233941\experiments\experiment_md_2019_stages\visualizations\pred_detection_yolo11\Trip 053 Day 2 19-11-05 Image 2_14.png,2,2,1,1,1,0.637,Mixed (FP + FN),5,Challenging case,md_2019_stages
Trip 053 Day 2 19-11-05 Image 2_14,results\optA_20251207_233941\experiments\experiment_md_2019_stages\visualizations\pred_detection_yolo11\Trip 053 Day 2 19-11-05 Image 2_14.png,2,2,1,1,1,0.637,Mixed (FP + FN),5,Challenging case,md_2019_stages
Trip 064 Day 2 25-11-05 Image 5_3,results\optA_20251207_233941\experiments\experiment_md_2019_stages\visualizations\pred_detection_yolo11\Trip 064 Day 2 25-11-05 Image 5_3.png,6,5,4,1,2,0.83,Mixed (FP + FN),5,Challenging case,md_2019_stages
Trip 064 Day 2 25-11-05 Image 5_3,results\optA_20251207_233941\experiments\experiment_md_2019_stages\visualizations\pred_detection_yolo11\Trip 064 Day 2 25-11-05 Image 5_3.png,6,5,4,1,2,0.83,Mixed (FP + FN),5,Challenging case,md_2019_stages
Trip 064 Day 2 25-11-05 Image 5_8,results\optA_20251207_233941\experiments\experiment_md_2019_stages\visualizations\pred_detection_yolo11\Trip 064 Day 2 25-11-05 Image 5_8.png,7,7,6,1,1,0.679,Mixed (FP + FN),5,Challenging case,md_2019_stages
Trip 064 Day 2 25-11-05 Image 5_8,results\optA_20251207_233941\experiments\experiment_md_2019_stages\visualizations\pred_detection_yolo11\Trip 064 Day 2 25-11-05 Image 5_8.png,7,7,6,1,1,0.679,Mixed (FP + FN),5,Challenging case,md_2019_stages
Trip 073 Day 2 01-12-05 Image 1_5,results\optA_20251207_233941\experiments\experiment_md_2019_stages\visualizations\pred_detection_yolo11\Trip 073 Day 2 01-12-05 Image 1_5.png,11,10,9,1,2,0.752,Mixed (FP + FN),5,Challenging case,md_2019_stages
Trip 073 Day 2 01-12-05 Image 1_5,results\optA_20251207_233941\experiments\experiment_md_2019_stages\visualizations\pred_detection_yolo11\Trip 073 Day 2 01-12-05 Image 1_5.png,11,10,9,1,2,0.752,Mixed (FP + FN),5,Challenging case,md_2019_stages
Trip 073 Day 2 01-12-05 Image 1_7,results\optA_20251207_233941\experiments\experiment_md_2019_stages\visualizations\pred_detection_yolo11\Trip 073 Day 2 01-12-05 Image 1_7.png,7,8,6,2,1,0.71,Mixed (FP + FN),5,Challenging case,md_2019_stages
Trip 073 Day 2 01-12-05 Image 1_7,results\optA_20251207_233941\experiments\experiment_md_2019_stages\visualizations\pred_detection_yolo11\Trip 073 Day 2 01-12-05 Image 1_7.png,7,8,6,2,1,0.71,Mixed (FP + FN),5,Challenging case,md_2019_stages
Trip 073 Day 2 01-12-05 Image 1_8,results\optA_20251207_233941\experiments\experiment_md_2019_stages\visualizations\pred_detection_yolo11\Trip 073 Day 2 01-12-05 Image 1_8.png,18,17,14,3,4,0.735,Mixed (FP + FN),5,Challenging case,md_2019_stages
Trip 073 Day 2 01-12-05 Image 1_8,results\optA_20251207_233941\experiments\experiment_md_2019_stages\visualizations\pred_detection_yolo11\Trip 073 Day 2 01-12-05 Image 1_8.png,18,17,14,3,4,0.735,Mixed (FP + FN),5,Challenging case,md_2019_stages
Trip 073 Day 2 01-12-05 Image 1_6,results\optA_20251207_233941\experiments\experiment_md_2019_stages\visualizations\pred_detection_yolo11\Trip 073 Day 2 01-12-05 Image 1_6.png,10,10,8,2,2,0.789,Mixed (FP + FN),5,Challenging case,md_2019_stages
Trip 073 Day 2 01-12-05 Image 1_6,results\optA_20251207_233941\experiments\experiment_md_2019_stages\visualizations\pred_detection_yolo11\Trip 073 Day 2 01-12-05 Image 1_6.png,10,10,8,2,2,0.789,Mixed (FP + FN),5,Challenging case,md_2019_stages
Trip 073 Day 2 01-12-05 Image 1_15,results\optA_20251207_233941\experiments\experiment_md_2019_stages\visualizations\pred_detection_yolo11\Trip 073 Day 2 01-12-05 Image 1_15.png,8,8,6,2,2,0.627,Mixed (FP + FN),5,Challenging case,md_2019_stages
Trip 073 Day 2 01-12-05 Image 1_15,results\optA_20251207_233941\experiments\experiment_md_2019_stages\visualizations\pred_detection_yolo11\Trip 073 Day 2 01-12-05 Image 1_15.png,8,8,6,2,2,0.627,Mixed (FP + FN),5,Challenging case,md_2019_stages
Trip 073 Day 2 01-12-05 Image 1_16,results\optA_20251207_233941\experiments\experiment_md_2019_stages\visualizations\pred_detection_yolo11\Trip 073 Day 2 01-12-05 Image 1_16.png,8,9,6,3,2,0.583,Mixed (FP + FN),5,Challenging case,md_2019_stages
Trip 073 Day 2 01-12-05 Image 1_16,results\optA_20251207_233941\experiments\experiment_md_2019_stages\visualizations\pred_detection_yolo11\Trip 073 Day 2 01-12-05 Image 1_16.png,8,9,6,3,2,0.583,Mixed (FP + FN),5,Challenging case,md_2019_stages
Trip 073 Day 2 01-12-05 Image 1_4,results\optA_20251207_233941\experiments\experiment_md_2019_stages\visualizations\pred_detection_yolo11\Trip 073 Day 2 01-12-05 Image 1_4.png,14,14,13,1,1,0.736,Mixed (FP + FN),5,Challenging case,md_2019_stages
Trip 073 Day 2 01-12-05 Image 1_4,results\optA_20251207_233941\experiments\experiment_md_2019_stages\visualizations\pred_detection_yolo11\Trip 073 Day 2 01-12-05 Image 1_4.png,14,14,13,1,1,0.736,Mixed (FP + FN),5,Challenging case,md_2019_stages
Trip 043 Day 2 24-10-05 Image 1_6,results\optA_20251207_233941\experiments\experiment_md_2019_stages\visualizations\pred_detection_yolo11\Trip 043 Day 2 24-10-05 Image 1_6.png,3,3,2,1,1,0.512,Mixed (FP + FN),5,Challenging case,md_2019_stages
Trip 043 Day 2 24-10-05 Image 1_6,results\optA_20251207_233941\experiments\experiment_md_2019_stages\visualizations\pred_detection_yolo11\Trip 043 Day 2 24-10-05 Image 1_6.png,3,3,2,1,1,0.512,Mixed (FP + FN),5,Challenging case,md_2019_stages
Trip 064 Day 2 25-11-05 Image 7_3,results\optA_20251207_233941\experiments\experiment_md_2019_stages\visualizations\pred_detection_yolo11\Trip 064 Day 2 25-11-05 Image 7_3.png,7,7,6,1,1,0.837,Mixed (FP + FN),5,Challenging case,md_2019_stages
Trip 064 Day 2 25-11-05 Image 7_3,results\optA_20251207_233941\experiments\experiment_md_2019_stages\visualizations\pred_detection_yolo11\Trip 064 Day 2 25-11-05 Image 7_3.png,7,7,6,1,1,0.837,Mixed (FP + FN),5,Challenging case,md_2019_stages
Trip 064 Day 2 25-11-05 Image 7_5,results\optA_20251207_233941\experiments\experiment_md_2019_stages\visualizations\pred_detection_yolo11\Trip 064 Day 2 25-11-05 Image 7_5.png,5,5,4,1,1,0.815,Mixed (FP + FN),5,Challenging case,md_2019_stages
Trip 064 Day 2 25-11-05 Image 7_5,results\optA_20251207_233941\experiments\experiment_md_2019_stages\visualizations\pred_detection_yolo11\Trip 064 Day 2 25-11-05 Image 7_5.png,5,5,4,1,1,0.815,Mixed (FP + FN),5,Challenging case,md_2019_stages
Trip 043 Day 2 24-10-05 Image 1_4,results\optA_20251207_233941\experiments\experiment_md_2019_stages\visualizations\pred_detection_yolo11\Trip 043 Day 2 24-10-05 Image 1_4.png,3,8,2,6,1,0.586,Mixed (FP + FN),5,Challenging case,md_2019_stages
Trip 043 Day 2 24-10-05 Image 1_4,results\optA_20251207_233941\experiments\experiment_md_2019_stages\visualizations\pred_detection_yolo11\Trip 043 Day 2 24-10-05 Image 1_4.png,3,8,2,6,1,0.586,Mixed (FP + FN),5,Challenging case,md_2019_stages
Trip 073 Day 2 01-12-05 Image 1_11,results\optA_20251207_233941\experiments\experiment_md_2019_stages\visualizations\pred_detection_yolo11\Trip 073 Day 2 01-12-05 Image 1_11.png,11,11,9,2,2,0.643,Mixed (FP + FN),5,Challenging case,md_2019_stages
Trip 073 Day 2 01-12-05 Image 1_11,results\optA_20251207_233941\experiments\experiment_md_2019_stages\visualizations\pred_detection_yolo11\Trip 073 Day 2 01-12-05 Image 1_11.png,11,11,9,2,2,0.643,Mixed (FP + FN),5,Challenging case,md_2019_stages
Trip 065 Day 2 01-12-05 Image 7_13,results\optA_20251207_233941\experiments\experiment_md_2019_stages\visualizations\pred_detection_yolo11\Trip 065 Day 2 01-12-05 Image 7_13.png,8,10,7,3,1,0.771,Mixed (FP + FN),5,Challenging case,md_2019_stages
Trip 065 Day 2 01-12-05 Image 7_13,results\optA_20251207_233941\experiments\experiment_md_2019_stages\visualizations\pred_detection_yolo11\Trip 065 Day 2 01-12-05 Image 7_13.png,8,10,7,3,1,0.771,Mixed (FP + FN),5,Challenging case,md_2019_stages
Trip 065 Day 2 01-12-05 Image 7_10,results\optA_20251207_233941\experiments\experiment_md_2019_stages\visualizations\pred_detection_yolo11\Trip 065 Day 2 01-12-05 Image 7_10.png,6,7,5,2,1,0.727,Mixed (FP + FN),5,Challenging case,md_2019_stages
Trip 065 Day 2 01-12-05 Image 7_10,results\optA_20251207_233941\experiments\experiment_md_2019_stages\visualizations\pred_detection_yolo11\Trip 065 Day 2 01-12-05 Image 7_10.png,6,7,5,2,1,0.727,Mixed (FP + FN),5,Challenging case,md_2019_stages
Trip 065 Day 2 01-12-05 Image 7_4,results\optA_20251207_233941\experiments\experiment_md_2019_stages\visualizations\pred_detection_yolo11\Trip 065 Day 2 01-12-05 Image 7_4.png,6,6,5,1,1,0.713,Mixed (FP + FN),5,Challenging case,md_2019_stages
Trip 065 Day 2 01-12-05 Image 7_4,results\optA_20251207_233941\experiments\experiment_md_2019_stages\visualizations\pred_detection_yolo11\Trip 065 Day 2 01-12-05 Image 7_4.png,6,6,5,1,1,0.713,Mixed (FP + FN),5,Challenging case,md_2019_stages
Trip 065 Day 2 01-12-05 Image 7_11,results\optA_20251207_233941\experiments\experiment_md_2019_stages\visualizations\pred_detection_yolo11\Trip 065 Day 2 01-12-05 Image 7_11.png,6,6,4,2,2,0.73,Mixed (FP + FN),5,Challenging case,md_2019_stages
Trip 065 Day 2 01-12-05 Image 7_11,results\optA_20251207_233941\experiments\experiment_md_2019_stages\visualizations\pred_detection_yolo11\Trip 065 Day 2 01-12-05 Image 7_11.png,6,6,4,2,2,0.73,Mixed (FP + FN),5,Challenging case,md_2019_stages
Trip 067 Day 2 01-12-05 Image 1_7,results\optA_20251207_233941\experiments\experiment_md_2019_stages\visualizations\pred_detection_yolo11\Trip 067 Day 2 01-12-05 Image 1_7.png,7,8,5,3,2,0.681,Mixed (FP + FN),5,Challenging case,md_2019_stages
Trip 067 Day 2 01-12-05 Image 1_7,results\optA_20251207_233941\experiments\experiment_md_2019_stages\visualizations\pred_detection_yolo11\Trip 067 Day 2 01-12-05 Image 1_7.png,7,8,5,3,2,0.681,Mixed (FP + FN),5,Challenging case,md_2019_stages
Trip 065 Day 2 01-12-05 Image 7_8,results\optA_20251207_233941\experiments\experiment_md_2019_stages\visualizations\pred_detection_yolo11\Trip 065 Day 2 01-12-05 Image 7_8.png,9,11,8,3,1,0.723,Mixed (FP + FN),5,Challenging case,md_2019_stages
Trip 065 Day 2 01-12-05 Image 7_8,results\optA_20251207_233941\experiments\experiment_md_2019_stages\visualizations\pred_detection_yolo11\Trip 065 Day 2 01-12-05 Image 7_8.png,9,11,8,3,1,0.723,Mixed (FP + FN),5,Challenging case,md_2019_stages
Trip 029 Day 1 22-11-05 Image 9 add_4,results\optA_20251207_233941\experiments\experiment_md_2019_stages\visualizations\pred_detection_yolo11\Trip 029 Day 1 22-11-05 Image 9 add_4.png,1,1,0,1,1,0.694,Mixed (FP + FN),5,Challenging case,md_2019_stages
Trip 029 Day 1 22-11-05 Image 9 add_4,results\optA_20251207_233941\experiments\experiment_md_2019_stages\visualizations\pred_detection_yolo11\Trip 029 Day 1 22-11-05 Image 9 add_4.png,1,1,0,1,1,0.694,Mixed (FP + FN),5,Challenging case,md_2019_stages
Trip 067 Day 2 01-12-05 Image 1_5,results\optA_20251207_233941\experiments\experiment_md_2019_stages\visualizations\pred_detection_yolo11\Trip 067 Day 2 01-12-05 Image 1_5.png,10,12,8,4,2,0.729,Mixed (FP + FN),5,Challenging case,md_2019_stages
Trip 067 Day 2 01-12-05 Image 1_5,results\optA_20251207_233941\experiments\experiment_md_2019_stages\visualizations\pred_detection_yolo11\Trip 067 Day 2 01-12-05 Image 1_5.png,10,12,8,4,2,0.729,Mixed (FP + FN),5,Challenging case,md_2019_stages
Trip 067 Day 2 01-12-05 Image 1_15,results\optA_20251207_233941\experiments\experiment_md_2019_stages\visualizations\pred_detection_yolo11\Trip 067 Day 2 01-12-05 Image 1_15.png,8,7,4,3,4,0.711,Mixed (FP + FN),5,Challenging case,md_2019_stages
Trip 067 Day 2 01-12-05 Image 1_15,results\optA_20251207_233941\experiments\experiment_md_2019_stages\visualizations\pred_detection_yolo11\Trip 067 Day 2 01-12-05 Image 1_15.png,8,7,4,3,4,0.711,Mixed (FP + FN),5,Challenging case,md_2019_stages
Trip 067 Day 2 01-12-05 Image 1_4,results\optA_20251207_233941\experiments\experiment_md_2019_stages\visualizations\pred_detection_yolo11\Trip 067 Day 2 01-12-05 Image 1_4.png,5,7,4,3,1,0.649,Mixed (FP + FN),5,Challenging case,md_2019_stages
Trip 067 Day 2 01-12-05 Image 1_4,results\optA_20251207_233941\experiments\experiment_md_2019_stages\visualizations\pred_detection_yolo11\Trip 067 Day 2 01-12-05 Image 1_4.png,5,7,4,3,1,0.649,Mixed (FP + FN),5,Challenging case,md_2019_stages
Trip 067 Day 2 01-12-05 Image 1_14,results\optA_20251207_233941\experiments\experiment_md_2019_stages\visualizations\pred_detection_yolo11\Trip 067 Day 2 01-12-05 Image 1_14.png,4,5,3,2,1,0.634,Mixed (FP + FN),5,Challenging case,md_2019_stages
Trip 067 Day 2 01-12-05 Image 1_14,results\optA_20251207_233941\experiments\experiment_md_2019_stages\visualizations\pred_detection_yolo11\Trip 067 Day 2 01-12-05 Image 1_14.png,4,5,3,2,1,0.634,Mixed (FP + FN),5,Challenging case,md_2019_stages
Trip 017 Day 1 19-10-05 Image 15 add_10,results\optA_20251207_233941\experiments\experiment_md_2019_stages\visualizations\pred_detection_yolo11\Trip 017 Day 1 19-10-05 Image 15 add_10.png,2,4,1,3,1,0.551,Mixed (FP + FN),5,Challenging case,md_2019_stages
Trip 017 Day 1 19-10-05 Image 15 add_10,results\optA_20251207_233941\experiments\experiment_md_2019_stages\visualizations\pred_detection_yolo11\Trip 017 Day 1 19-10-05 Image 15 add_10.png,2,4,1,3,1,0.551,Mixed (FP + FN),5,Challenging case,md_2019_stages
Trip 804 Day 1 02-12-05 Image 3_4,results\optA_20251207_233941\experiments\experiment_md_2019_stages\visualizations\pred_detection_yolo11\Trip 804 Day 1 02-12-05 Image 3_4.png,5,4,4,0,1,0.527,Missing detections (FN),4,Not recommended,md_2019_stages
Trip 804 Day 1 02-12-05 Image 3_4,results\optA_20251207_233941\experiments\experiment_md_2019_stages\visualizations\pred_detection_yolo11\Trip 804 Day 1 02-12-05 Image 3_4.png,5,4,4,0,1,0.527,Missing detections (FN),4,Not recommended,md_2019_stages
Trip 053 Day 2 19-11-05 Image 3_16,results\optA_20251207_233941\experiments\experiment_md_2019_stages\visualizations\pred_detection_yolo11\Trip 053 Day 2 19-11-05 Image 3_16.png,1,0,0,0,1,0.0,Missing detections (FN),4,Not recommended,md_2019_stages
Trip 053 Day 2 19-11-05 Image 3_16,results\optA_20251207_233941\experiments\experiment_md_2019_stages\visualizations\pred_detection_yolo11\Trip 053 Day 2 19-11-05 Image 3_16.png,1,0,0,0,1,0.0,Missing detections (FN),4,Not recommended,md_2019_stages
Trip 038 Day 1 01-12-05 Image 26 add_9,results\optA_20251207_233941\experiments\experiment_md_2019_stages\visualizations\pred_detection_yolo11\Trip 038 Day 1 01-12-05 Image 26 add_9.png,1,0,0,0,1,0.0,Missing detections (FN),4,Not recommended,md_2019_stages
Trip 038 Day 1 01-12-05 Image 26 add_9,results\optA_20251207_233941\experiments\experiment_md_2019_stages\visualizations\pred_detection_yolo11\Trip 038 Day 1 01-12-05 Image 26 add_9.png,1,0,0,0,1,0.0,Missing detections (FN),4,Not recommended,md_2019_stages
Trip 029 Day 1 22-11-05 Image 9 add_8,results\optA_20251207_233941\experiments\experiment_md_2019_stages\visualizations\pred_detection_yolo11\Trip 029 Day 1 22-11-05 Image 9 add_8.png,1,0,0,0,1,0.0,Missing detections (FN),4,Not recommended,md_2019_stages
Trip 029 Day 1 22-11-05 Image 9 add_8,results\optA_20251207_233941\experiments\experiment_md_2019_stages\visualizations\pred_detection_yolo11\Trip 029 Day 1 22-11-05 Image 9 add_8.png,1,0,0,0,1,0.0,Missing detections (FN),4,Not recommended,md_2019_stages
Trip 802 Day 2 01-12-05 Image 5_5,results\optA_20251207_233941\experiments\experiment_md_2019_stages\visualizations\pred_detection_yolo11\Trip 802 Day 2 01-12-05 Image 5_5.png,1,0,0,0,1,0.0,Missing detections (FN),4,Not recommended,md_2019_stages
Trip 802 Day 2 01-12-05 Image 5_5,results\optA_20251207_233941\experiments\experiment_md_2019_stages\visualizations\pred_detection_yolo11\Trip 802 Day 2 01-12-05 Image 5_5.png,1,0,0,0,1,0.0,Missing detections (FN),4,Not recommended,md_2019_stages
Trip 053 Day 2 19-11-05 Image 2_7,results\optA_20251207_233941\experiments\experiment_md_2019_stages\visualizations\pred_detection_yolo11\Trip 053 Day 2 19-11-05 Image 2_7.png,4,3,3,0,1,0.54,Missing detections (FN),4,Not recommended,md_2019_stages
Trip 053 Day 2 19-11-05 Image 2_7,results\optA_20251207_233941\experiments\experiment_md_2019_stages\visualizations\pred_detection_yolo11\Trip 053 Day 2 19-11-05 Image 2_7.png,4,3,3,0,1,0.54,Missing detections (FN),4,Not recommended,md_2019_stages
Trip 017 Day 1 19-10-05 Image 15 add_16,results\optA_20251207_233941\experiments\experiment_md_2019_stages\visualizations\pred_detection_yolo11\Trip 017 Day 1 19-10-05 Image 15 add_16.png,3,4,3,1,0,0.711,False positives (FP),3,Not recommended,md_2019_stages
Trip 017 Day 1 19-10-05 Image 15 add_16,results\optA_20251207_233941\experiments\experiment_md_2019_stages\visualizations\pred_detection_yolo11\Trip 017 Day 1 19-10-05 Image 15 add_16.png,3,4,3,1,0,0.711,False positives (FP),3,Not recommended,md_2019_stages
Trip 067 Day 2 01-12-05 Image 1_13,results\optA_20251207_233941\experiments\experiment_md_2019_stages\visualizations\pred_detection_yolo11\Trip 067 Day 2 01-12-05 Image 1_13.png,1,2,1,1,0,0.56,False positives (FP),3,Not recommended,md_2019_stages
Trip 067 Day 2 01-12-05 Image 1_13,results\optA_20251207_233941\experiments\experiment_md_2019_stages\visualizations\pred_detection_yolo11\Trip 067 Day 2 01-12-05 Image 1_13.png,1,2,1,1,0,0.56,False positives (FP),3,Not recommended,md_2019_stages
Trip 067 Day 2 01-12-05 Image 1_8,results\optA_20251207_233941\experiments\experiment_md_2019_stages\visualizations\pred_detection_yolo11\Trip 067 Day 2 01-12-05 Image 1_8.png,6,7,6,1,0,0.812,False positives (FP),3,Not recommended,md_2019_stages
Trip 067 Day 2 01-12-05 Image 1_8,results\optA_20251207_233941\experiments\experiment_md_2019_stages\visualizations\pred_detection_yolo11\Trip 067 Day 2 01-12-05 Image 1_8.png,6,7,6,1,0,0.812,False positives (FP),3,Not recommended,md_2019_stages
Trip 073 Day 2 01-12-05 Image 1_12,results\optA_20251207_233941\experiments\experiment_md_2019_stages\visualizations\pred_detection_yolo11\Trip 073 Day 2 01-12-05 Image 1_12.png,3,4,3,1,0,0.75,False positives (FP),3,Not recommended,md_2019_stages
Trip 073 Day 2 01-12-05 Image 1_12,results\optA_20251207_233941\experiments\experiment_md_2019_stages\visualizations\pred_detection_yolo11\Trip 073 Day 2 01-12-05 Image 1_12.png,3,4,3,1,0,0.75,False positives (FP),3,Not recommended,md_2019_stages
Trip 017 Day 1 19-10-05 Image 15 add_2,results\optA_20251207_233941\experiments\experiment_md_2019_stages\visualizations\pred_detection_yolo11\Trip 017 Day 1 19-10-05 Image 15 add_2.png,4,5,4,1,0,0.81,False positives (FP),3,Not recommended,md_2019_stages
Trip 017 Day 1 19-10-05 Image 15 add_2,results\optA_20251207_233941\experiments\experiment_md_2019_stages\visualizations\pred_detection_yolo11\Trip 017 Day 1 19-10-05 Image 15 add_2.png,4,5,4,1,0,0.81,False positives (FP),3,Not recommended,md_2019_stages
Trip 804 Day 1 02-12-05 Image 3_5,results\optA_20251207_233941\experiments\experiment_md_2019_stages\visualizations\pred_detection_yolo11\Trip 804 Day 1 02-12-05 Image 3_5.png,2,3,2,1,0,0.709,False positives (FP),3,Not recommended,md_2019_stages
Trip 804 Day 1 02-12-05 Image 3_5,results\optA_20251207_233941\experiments\experiment_md_2019_stages\visualizations\pred_detection_yolo11\Trip 804 Day 1 02-12-05 Image 3_5.png,2,3,2,1,0,0.709,False positives (FP),3,Not recommended,md_2019_stages
Trip 804 Day 1 02-12-05 Image 3_7,results\optA_20251207_233941\experiments\experiment_md_2019_stages\visualizations\pred_detection_yolo11\Trip 804 Day 1 02-12-05 Image 3_7.png,4,5,4,1,0,0.812,False positives (FP),3,Not recommended,md_2019_stages
Trip 804 Day 1 02-12-05 Image 3_7,results\optA_20251207_233941\experiments\experiment_md_2019_stages\visualizations\pred_detection_yolo11\Trip 804 Day 1 02-12-05 Image 3_7.png,4,5,4,1,0,0.812,False positives (FP),3,Not recommended,md_2019_stages
Trip 067 Day 2 01-12-05 Image 1_16,results\optA_20251207_233941\experiments\experiment_md_2019_stages\visualizations\pred_detection_yolo11\Trip 067 Day 2 01-12-05 Image 1_16.png,3,4,3,1,0,0.751,False positives (FP),3,Not recommended,md_2019_stages
Trip 067 Day 2 01-12-05 Image 1_16,results\optA_20251207_233941\experiments\experiment_md_2019_stages\visualizations\pred_detection_yolo11\Trip 067 Day 2 01-12-05 Image 1_16.png,3,4,3,1,0,0.751,False positives (FP),3,Not recommended,md_2019_stages
Trip 067 Day 2 01-12-05 Image 1_11,results\optA_20251207_233941\experiments\experiment_md_2019_stages\visualizations\pred_detection_yolo11\Trip 067 Day 2 01-12-05 Image 1_11.png,8,10,8,2,0,0.776,False positives (FP),3,Not recommended,md_2019_stages
Trip 067 Day 2 01-12-05 Image 1_11,results\optA_20251207_233941\experiments\experiment_md_2019_stages\visualizations\pred_detection_yolo11\Trip 067 Day 2 01-12-05 Image 1_11.png,8,10,8,2,0,0.776,False positives (FP),3,Not recommended,md_2019_stages
Trip 065 Day 2 01-12-05 Image 7_6,results\optA_20251207_233941\experiments\experiment_md_2019_stages\visualizations\pred_detection_yolo11\Trip 065 Day 2 01-12-05 Image 7_6.png,4,5,4,1,0,0.779,False positives (FP),3,Not recommended,md_2019_stages
Trip 065 Day 2 01-12-05 Image 7_6,results\optA_20251207_233941\experiments\experiment_md_2019_stages\visualizations\pred_detection_yolo11\Trip 065 Day 2 01-12-05 Image 7_6.png,4,5,4,1,0,0.779,False positives (FP),3,Not recommended,md_2019_stages
Trip 065 Day 2 01-12-05 Image 7_3,results\optA_20251207_233941\experiments\experiment_md_2019_stages\visualizations\pred_detection_yolo11\Trip 065 Day 2 01-12-05 Image 7_3.png,9,11,9,2,0,0.773,False positives (FP),3,Not recommended,md_2019_stages
Trip 065 Day 2 01-12-05 Image 7_3,results\optA_20251207_233941\experiments\experiment_md_2019_stages\visualizations\pred_detection_yolo11\Trip 065 Day 2 01-12-05 Image 7_3.png,9,11,9,2,0,0.773,False positives (FP),3,Not recommended,md_2019_stages
Trip 065 Day 2 01-12-05 Image 7_2,results\optA_20251207_233941\experiments\experiment_md_2019_stages\visualizations\pred_detection_yolo11\Trip 065 Day 2 01-12-05 Image 7_2.png,7,8,7,1,0,0.881,False positives (FP),3,Not recommended,md_2019_stages
Trip 065 Day 2 01-12-05 Image 7_2,results\optA_20251207_233941\experiments\experiment_md_2019_stages\visualizations\pred_detection_yolo11\Trip 065 Day 2 01-12-05 Image 7_2.png,7,8,7,1,0,0.881,False positives (FP),3,Not recommended,md_2019_stages
Trip 065 Day 2 01-12-05 Image 7_15,results\optA_20251207_233941\experiments\experiment_md_2019_stages\visualizations\pred_detection_yolo11\Trip 065 Day 2 01-12-05 Image 7_15.png,3,4,3,1,0,0.758,False positives (FP),3,Not recommended,md_2019_stages
Trip 065 Day 2 01-12-05 Image 7_15,results\optA_20251207_233941\experiments\experiment_md_2019_stages\visualizations\pred_detection_yolo11\Trip 065 Day 2 01-12-05 Image 7_15.png,3,4,3,1,0,0.758,False positives (FP),3,Not recommended,md_2019_stages
Trip 073 Day 2 01-12-05 Image 1_13,results\optA_20251207_233941\experiments\experiment_md_2019_stages\visualizations\pred_detection_yolo11\Trip 073 Day 2 01-12-05 Image 1_13.png,10,11,10,1,0,0.708,False positives (FP),3,Not recommended,md_2019_stages
Trip 073 Day 2 01-12-05 Image 1_13,results\optA_20251207_233941\experiments\experiment_md_2019_stages\visualizations\pred_detection_yolo11\Trip 073 Day 2 01-12-05 Image 1_13.png,10,11,10,1,0,0.708,False positives (FP),3,Not recommended,md_2019_stages
Trip 064 Day 2 25-11-05 Image 5_13,results\optA_20251207_233941\experiments\experiment_md_2019_stages\visualizations\pred_detection_yolo11\Trip 064 Day 2 25-11-05 Image 5_13.png,2,3,2,1,0,0.747,False positives (FP),3,Not recommended,md_2019_stages
Trip 064 Day 2 25-11-05 Image 5_13,results\optA_20251207_233941\experiments\experiment_md_2019_stages\visualizations\pred_detection_yolo11\Trip 064 Day 2 25-11-05 Image 5_13.png,2,3,2,1,0,0.747,False positives (FP),3,Not recommended,md_2019_stages
Trip 064 Day 2 25-11-05 Image 7_15,results\optA_20251207_233941\experiments\experiment_md_2019_stages\visualizations\pred_detection_yolo11\Trip 064 Day 2 25-11-05 Image 7_15.png,3,4,3,1,0,0.867,False positives (FP),3,Not recommended,md_2019_stages
Trip 064 Day 2 25-11-05 Image 7_15,results\optA_20251207_233941\experiments\experiment_md_2019_stages\visualizations\pred_detection_yolo11\Trip 064 Day 2 25-11-05 Image 7_15.png,3,4,3,1,0,0.867,False positives (FP),3,Not recommended,md_2019_stages
Trip 064 Day 2 25-11-05 Image 7_16,results\optA_20251207_233941\experiments\experiment_md_2019_stages\visualizations\pred_detection_yolo11\Trip 064 Day 2 25-11-05 Image 7_16.png,3,4,3,1,0,0.795,False positives (FP),3,Not recommended,md_2019_stages
Trip 064 Day 2 25-11-05 Image 7_16,results\optA_20251207_233941\experiments\experiment_md_2019_stages\visualizations\pred_detection_yolo11\Trip 064 Day 2 25-11-05 Image 7_16.png,3,4,3,1,0,0.795,False positives (FP),3,Not recommended,md_2019_stages
Trip 064 Day 2 25-11-05 Image 5_12,results\optA_20251207_233941\experiments\experiment_md_2019_stages\visualizations\pred_detection_yolo11\Trip 064 Day 2 25-11-05 Image 5_12.png,3,5,3,2,0,0.642,False positives (FP),3,Not recommended,md_2019_stages
Trip 064 Day 2 25-11-05 Image 5_12,results\optA_20251207_233941\experiments\experiment_md_2019_stages\visualizations\pred_detection_yolo11\Trip 064 Day 2 25-11-05 Image 5_12.png,3,5,3,2,0,0.642,False positives (FP),3,Not recommended,md_2019_stages
Trip 053 Day 2 19-11-05 Image 3_7,results\optA_20251207_233941\experiments\experiment_md_2019_stages\visualizations\pred_detection_yolo11\Trip 053 Day 2 19-11-05 Image 3_7.png,1,2,1,1,0,0.827,False positives (FP),3,Not recommended,md_2019_stages
Trip 053 Day 2 19-11-05 Image 3_7,results\optA_20251207_233941\experiments\experiment_md_2019_stages\visualizations\pred_detection_yolo11\Trip 053 Day 2 19-11-05 Image 3_7.png,1,2,1,1,0,0.827,False positives (FP),3,Not recommended,md_2019_stages
Trip 053 Day 2 19-11-05 Image 3_11,results\optA_20251207_233941\experiments\experiment_md_2019_stages\visualizations\pred_detection_yolo11\Trip 053 Day 2 19-11-05 Image 3_11.png,1,2,1,1,0,0.777,False positives (FP),3,Not recommended,md_2019_stages
Trip 053 Day 2 19-11-05 Image 3_11,results\optA_20251207_233941\experiments\experiment_md_2019_stages\visualizations\pred_detection_yolo11\Trip 053 Day 2 19-11-05 Image 3_11.png,1,2,1,1,0,0.777,False positives (FP),3,Not recommended,md_2019_stages
Trip 053 Day 2 19-11-05 Image 2_8,results\optA_20251207_233941\experiments\experiment_md_2019_stages\visualizations\pred_detection_yolo11\Trip 053 Day 2 19-11-05 Image 2_8.png,1,2,1,1,0,0.393,False positives (FP),3,Not recommended,md_2019_stages
Trip 053 Day 2 19-11-05 Image 2_8,results\optA_20251207_233941\experiments\experiment_md_2019_stages\visualizations\pred_detection_yolo11\Trip 053 Day 2 19-11-05 Image 2_8.png,1,2,1,1,0,0.393,False positives (FP),3,Not recommended,md_2019_stages
Trip 053 Day 2 19-11-05 Image 2_9,results\optA_20251207_233941\experiments\experiment_md_2019_stages\visualizations\pred_detection_yolo11\Trip 053 Day 2 19-11-05 Image 2_9.png,3,4,3,1,0,0.643,False positives (FP),3,Not recommended,md_2019_stages
Trip 053 Day 2 19-11-05 Image 2_9,results\optA_20251207_233941\experiments\experiment_md_2019_stages\visualizations\pred_detection_yolo11\Trip 053 Day 2 19-11-05 Image 2_9.png,3,4,3,1,0,0.643,False positives (FP),3,Not recommended,md_2019_stages
Trip 073 Day 2 01-12-05 Image 1_2,results\optA_20251207_233941\experiments\experiment_md_2019_stages\visualizations\pred_detection_yolo11\Trip 073 Day 2 01-12-05 Image 1_2.png,8,10,8,2,0,0.669,False positives (FP),3,Not recommended,md_2019_stages
Trip 073 Day 2 01-12-05 Image 1_2,results\optA_20251207_233941\experiments\experiment_md_2019_stages\visualizations\pred_detection_yolo11\Trip 073 Day 2 01-12-05 Image 1_2.png,8,10,8,2,0,0.669,False positives (FP),3,Not recommended,md_2019_stages
Trip 064 Day 2 25-11-05 Image 7_1,results\optA_20251207_233941\experiments\experiment_md_2019_stages\visualizations\pred_detection_yolo11\Trip 064 Day 2 25-11-05 Image 7_1.png,4,5,4,1,0,0.836,False positives (FP),3,Not recommended,md_2019_stages
Trip 064 Day 2 25-11-05 Image 7_1,results\optA_20251207_233941\experiments\experiment_md_2019_stages\visualizations\pred_detection_yolo11\Trip 064 Day 2 25-11-05 Image 7_1.png,4,5,4,1,0,0.836,False positives (FP),3,Not recommended,md_2019_stages
Trip 064 Day 2 25-11-05 Image 7_13,results\optA_20251207_233941\experiments\experiment_md_2019_stages\visualizations\pred_detection_yolo11\Trip 064 Day 2 25-11-05 Image 7_13.png,4,5,4,1,0,0.814,False positives (FP),3,Not recommended,md_2019_stages
Trip 064 Day 2 25-11-05 Image 7_13,results\optA_20251207_233941\experiments\experiment_md_2019_stages\visualizations\pred_detection_yolo11\Trip 064 Day 2 25-11-05 Image 7_13.png,4,5,4,1,0,0.814,False positives (FP),3,Not recommended,md_2019_stages
Trip 043 Day 2 24-10-05 Image 1_5,results\optA_20251207_233941\experiments\experiment_md_2019_stages\visualizations\pred_detection_yolo11\Trip 043 Day 2 24-10-05 Image 1_5.png,3,4,3,1,0,0.592,False positives (FP),3,Not recommended,md_2019_stages
Trip 043 Day 2 24-10-05 Image 1_5,results\optA_20251207_233941\experiments\experiment_md_2019_stages\visualizations\pred_detection_yolo11\Trip 043 Day 2 24-10-05 Image 1_5.png,3,4,3,1,0,0.592,False positives (FP),3,Not recommended,md_2019_stages
Trip 043 Day 2 24-10-05 Image 1_3,results\optA_20251207_233941\experiments\experiment_md_2019_stages\visualizations\pred_detection_yolo11\Trip 043 Day 2 24-10-05 Image 1_3.png,5,6,5,1,0,0.568,False positives (FP),3,Not recommended,md_2019_stages
Trip 043 Day 2 24-10-05 Image 1_3,results\optA_20251207_233941\experiments\experiment_md_2019_stages\visualizations\pred_detection_yolo11\Trip 043 Day 2 24-10-05 Image 1_3.png,5,6,5,1,0,0.568,False positives (FP),3,Not recommended,md_2019_stages
Trip 053 Day 2 19-11-05 Image 2_13,results\optA_20251207_233941\experiments\experiment_md_2019_stages\visualizations\pred_detection_yolo11\Trip 053 Day 2 19-11-05 Image 2_13.png,3,4,3,1,0,0.818,False positives (FP),3,Not recommended,md_2019_stages
Trip 053 Day 2 19-11-05 Image 2_13,results\optA_20251207_233941\experiments\experiment_md_2019_stages\visualizations\pred_detection_yolo11\Trip 053 Day 2 19-11-05 Image 2_13.png,3,4,3,1,0,0.818,False positives (FP),3,Not recommended,md_2019_stages
Trip 043 Day 2 24-10-05 Image 1_7,results\optA_20251207_233941\experiments\experiment_md_2019_stages\visualizations\pred_detection_yolo11\Trip 043 Day 2 24-10-05 Image 1_7.png,3,4,3,1,0,0.648,False positives (FP),3,Not recommended,md_2019_stages
Trip 043 Day 2 24-10-05 Image 1_7,results\optA_20251207_233941\experiments\experiment_md_2019_stages\visualizations\pred_detection_yolo11\Trip 043 Day 2 24-10-05 Image 1_7.png,3,4,3,1,0,0.648,False positives (FP),3,Not recommended,md_2019_stages
Trip 802 Day 2 01-12-05 Image 5_2,results\optA_20251207_233941\experiments\experiment_md_2019_stages\visualizations\pred_detection_yolo11\Trip 802 Day 2 01-12-05 Image 5_2.png,4,5,4,1,0,0.743,False positives (FP),3,Not recommended,md_2019_stages
Trip 802 Day 2 01-12-05 Image 5_2,results\optA_20251207_233941\experiments\experiment_md_2019_stages\visualizations\pred_detection_yolo11\Trip 802 Day 2 01-12-05 Image 5_2.png,4,5,4,1,0,0.743,False positives (FP),3,Not recommended,md_2019_stages
Trip 043 Day 2 24-10-05 Image 1_12,results\optA_20251207_233941\experiments\experiment_md_2019_stages\visualizations\pred_detection_yolo11\Trip 043 Day 2 24-10-05 Image 1_12.png,3,4,3,1,0,0.806,False positives (FP),3,Not recommended,md_2019_stages
Trip 043 Day 2 24-10-05 Image 1_12,results\optA_20251207_233941\experiments\experiment_md_2019_stages\visualizations\pred_detection_yolo11\Trip 043 Day 2 24-10-05 Image 1_12.png,3,4,3,1,0,0.806,False positives (FP),3,Not recommended,md_2019_stages
Trip 029 Day 1 22-11-05 Image 9 add_9,results\optA_20251207_233941\experiments\experiment_md_2019_stages\visualizations\pred_detection_yolo11\Trip 029 Day 1 22-11-05 Image 9 add_9.png,2,3,2,1,0,0.693,False positives (FP),3,Not recommended,md_2019_stages
Trip 029 Day 1 22-11-05 Image 9 add_9,results\optA_20251207_233941\experiments\experiment_md_2019_stages\visualizations\pred_detection_yolo11\Trip 029 Day 1 22-11-05 Image 9 add_9.png,2,3,2,1,0,0.693,False positives (FP),3,Not recommended,md_2019_stages
Trip 043 Day 2 24-10-05 Image 1_11,results\optA_20251207_233941\experiments\experiment_md_2019_stages\visualizations\pred_detection_yolo11\Trip 043 Day 2 24-10-05 Image 1_11.png,5,6,5,1,0,0.62,False positives (FP),3,Not recommended,md_2019_stages
Trip 043 Day 2 24-10-05 Image 1_11,results\optA_20251207_233941\experiments\experiment_md_2019_stages\visualizations\pred_detection_yolo11\Trip 043 Day 2 24-10-05 Image 1_11.png,5,6,5,1,0,0.62,False positives (FP),3,Not recommended,md_2019_stages
Trip 038 Day 1 01-12-05 Image 26 add_16,results\optA_20251207_233941\experiments\experiment_md_2019_stages\visualizations\pred_detection_yolo11\Trip 038 Day 1 01-12-05 Image 26 add_16.png,2,3,2,1,0,0.699,False positives (FP),3,Not recommended,md_2019_stages
Trip 038 Day 1 01-12-05 Image 26 add_16,results\optA_20251207_233941\experiments\experiment_md_2019_stages\visualizations\pred_detection_yolo11\Trip 038 Day 1 01-12-05 Image 26 add_16.png,2,3,2,1,0,0.699,False positives (FP),3,Not recommended,md_2019_stages
Trip 017 Day 1 19-10-05 Image 15 add_6,results\optA_20251207_233941\experiments\experiment_md_2019_stages\visualizations\pred_detection_yolo11\Trip 017 Day 1 19-10-05 Image 15 add_6.png,2,3,2,1,0,0.534,False positives (FP),3,Not recommended,md_2019_stages
Trip 017 Day 1 19-10-05 Image 15 add_6,results\optA_20251207_233941\experiments\experiment_md_2019_stages\visualizations\pred_detection_yolo11\Trip 017 Day 1 19-10-05 Image 15 add_6.png,2,3,2,1,0,0.534,False positives (FP),3,Not recommended,md_2019_stages
Trip 017 Day 1 19-10-05 Image 15 add_8,results\optA_20251207_233941\experiments\experiment_md_2019_stages\visualizations\pred_detection_yolo11\Trip 017 Day 1 19-10-05 Image 15 add_8.png,5,7,5,2,0,0.715,False positives (FP),3,Not recommended,md_2019_stages
Trip 017 Day 1 19-10-05 Image 15 add_8,results\optA_20251207_233941\experiments\experiment_md_2019_stages\visualizations\pred_detection_yolo11\Trip 017 Day 1 19-10-05 Image 15 add_8.png,5,7,5,2,0,0.715,False positives (FP),3,Not recommended,md_2019_stages
Trip 029 Day 1 22-11-05 Image 9 add_11,results\optA_20251207_233941\experiments\experiment_md_2019_stages\visualizations\pred_detection_yolo11\Trip 029 Day 1 22-11-05 Image 9 add_11.png,3,4,3,1,0,0.734,False positives (FP),3,Not recommended,md_2019_stages
Trip 029 Day 1 22-11-05 Image 9 add_11,results\optA_20251207_233941\experiments\experiment_md_2019_stages\visualizations\pred_detection_yolo11\Trip 029 Day 1 22-11-05 Image 9 add_11.png,3,4,3,1,0,0.734,False positives (FP),3,Not recommended,md_2019_stages
Trip 029 Day 1 22-11-05 Image 9 add_13,results\optA_20251207_233941\experiments\experiment_md_2019_stages\visualizations\pred_detection_yolo11\Trip 029 Day 1 22-11-05 Image 9 add_13.png,2,5,2,3,0,0.624,False positives (FP),3,Not recommended,md_2019_stages
Trip 029 Day 1 22-11-05 Image 9 add_13,results\optA_20251207_233941\experiments\experiment_md_2019_stages\visualizations\pred_detection_yolo11\Trip 029 Day 1 22-11-05 Image 9 add_13.png,2,5,2,3,0,0.624,False positives (FP),3,Not recommended,md_2019_stages
Trip 804 Day 1 02-12-05 Image 3_11,results\optA_20251207_233941\experiments\experiment_md_2019_stages\visualizations\pred_detection_yolo11\Trip 804 Day 1 02-12-05 Image 3_11.png,3,6,3,3,0,0.753,False positives (FP),3,Not recommended,md_2019_stages
Trip 804 Day 1 02-12-05 Image 3_11,results\optA_20251207_233941\experiments\experiment_md_2019_stages\visualizations\pred_detection_yolo11\Trip 804 Day 1 02-12-05 Image 3_11.png,3,6,3,3,0,0.753,False positives (FP),3,Not recommended,md_2019_stages
Trip 804 Day 1 02-12-05 Image 3_13,results\optA_20251207_233941\experiments\experiment_md_2019_stages\visualizations\pred_detection_yolo11\Trip 804 Day 1 02-12-05 Image 3_13.png,2,3,2,1,0,0.797,False positives (FP),3,Not recommended,md_2019_stages
Trip 804 Day 1 02-12-05 Image 3_13,results\optA_20251207_233941\experiments\experiment_md_2019_stages\visualizations\pred_detection_yolo11\Trip 804 Day 1 02-12-05 Image 3_13.png,2,3,2,1,0,0.797,False positives (FP),3,Not recommended,md_2019_stages
Trip 017 Day 1 19-10-05 Image 15 add_1,results\optA_20251207_233941\experiments\experiment_md_2019_stages\visualizations\pred_detection_yolo11\Trip 017 Day 1 19-10-05 Image 15 add_1.png,6,7,6,1,0,0.78,False positives (FP),3,Not recommended,md_2019_stages
Trip 017 Day 1 19-10-05 Image 15 add_1,results\optA_20251207_233941\experiments\experiment_md_2019_stages\visualizations\pred_detection_yolo11\Trip 017 Day 1 19-10-05 Image 15 add_1.png,6,7,6,1,0,0.78,False positives (FP),3,Not recommended,md_2019_stages
