epoch,time,train/loss,metrics/accuracy_top1,metrics/accuracy_top5,val/loss,lr/pg0,lr/pg1,lr/pg2
1,17.89,1.97197,0,0,0,0.001,0.001,0.001
2,39.1652,1.64904,0,0,0,0.000802,0.000802,0.000802
3,56.413,1.49911,0,0,0,0.000604,0.000604,0.000604
4,74.801,1.49545,0,0,0,0.000406,0.000406,0.000406
5,98.4837,1.43465,0.56627,0.98795,1.02432,0.000208,0.000208,0.000208
