{
  "iou_0.5": {
    "iou_threshold": 0.5,
    "map50": 0.9322917486942143,
    "map50_95": 0.6734475876032124,
    "precision": 0.8830347537567304,
    "recall": 0.8762886597938144
  },
  "iou_0.75": {
    "iou_threshold": 0.75,
    "map75": 0.8645357646747762,
    "map50_95": 0.6734475876032124,
    "precision": 0.8830347537567304,
    "recall": 0.8762886597938144
  },
  "iou_avg": {
    "iou_threshold": "0.5:0.95",
    "map_avg": 0.6734475876032124,
    "map50_95": 0.6734475876032124,
    "precision": 0.8830347537567304,
    "recall": 0.8762886597938144
  }
}