{
  "iou_0.3": {
    "iou_threshold": 0.3,
    "map50": 0.15084227467873038,
    "map50_95": 0.07627629660924917,
    "precision": 0.00934608833143586,
    "recall": 0.8872549019607843
  },
  "iou_0.5": {
    "iou_threshold": 0.5,
    "map50": 0.17819830237650483,
    "map50_95": 0.10323764582779796,
    "precision": 0.005042408662066231,
    "recall": 1.0
  },
  "iou_0.7": {
    "iou_threshold": 0.7,
    "map50": 0.1528653574338325,
    "map50_95": 0.08848978883363054,
    "precision": 0.0043367529003967556,
    "recall": 1.0
  }
}