epoch,time,train/loss,metrics/accuracy_top1,metrics/accuracy_top5,val/loss,lr/pg0,lr/pg1,lr/pg2
1,264.488,0.64521,0.92419,1,0.20812,0.000332777,0.000332777,0.000332777
2,502.023,0.29664,0.94463,1,0.15962,0.000600165,0.000600165,0.000600165
3,793.353,0.25868,0.94255,1,0.16436,0.000801554,0.000801554,0.000801554
4,1122.26,0.24368,0.95351,1,0.13633,0.000703,0.000703,0.000703
1,295.957,0.798,0.92897,1,0.19501,0.000237609,0.000237609,0.000237609
2,577.434,0.29411,0.93246,1,0.18364,0.000428524,0.000428524,0.000428524
3,852.497,0.26487,0.94294,1,0.15054,0.000572315,0.000572315,0.000572315
