epoch,train_loss,train_acc,val_loss,val_acc
1,0.847088,78.32,3.662040,95.91
2,0.445742,88.67,254.551346,95.91
3,0.321472,90.92,2.096517,95.68
