epoch,time,train/box_loss,train/cls_loss,train/dfl_loss,metrics/precision(B),metrics/recall(B),metrics/mAP50(B),metrics/mAP50-95(B),val/box_loss,val/cls_loss,val/dfl_loss,lr/pg0,lr/pg1,lr/pg2
1,6.18246,4.95159,7.76012,2.61777,0.46217,0.39305,0.36157,0.13333,4.96383,4.27075,2.44687,0.08209,9e-05,9e-05
2,11.8863,4.12104,3.12825,2.18405,0.60717,0.62834,0.59661,0.22296,4.25189,3.00267,2.22109,0.0631804,0.000180421,0.000180421
3,17.582,3.63974,2.82748,1.99455,0.68585,0.57219,0.63014,0.28863,3.66955,2.40754,2.05032,0.0442661,0.00026614,0.00026614
4,23.231,3.486,3.0753,1.97702,0.71953,0.65775,0.69737,0.27462,4.10329,2.53109,2.23148,0.0253472,0.000347156,0.000347156
5,28.8782,3.56542,3.38883,2.02249,0.72008,0.74284,0.74633,0.28092,4.26654,4.82562,2.4023,0.00642347,0.00042347,0.00042347
