{
  "iou_0.3": {
    "iou_threshold": 0.3,
    "map50": 0.0405815068990652,
    "map50_95": 0.019995427511531653,
    "precision": 0.05603859005151088,
    "recall": 0.17370892018779344
  },
  "iou_0.5": {
    "iou_threshold": 0.5,
    "map50": 0.04082180773302679,
    "map50_95": 0.01991193580952274,
    "precision": 0.05577188042284193,
    "recall": 0.1784037558685446
  },
  "iou_0.7": {
    "iou_threshold": 0.7,
    "map50": 0.04065055879263881,
    "map50_95": 0.020190131697555163,
    "precision": 0.05603859005151088,
    "recall": 0.17370892018779344
  }
}