epoch,train_loss,train_acc,val_loss,val_acc
1,0.349363,72.28,0.353915,81.12
2,0.386642,69.56,0.377630,88.79
