epoch,time,train/box_loss,train/cls_loss,train/dfl_loss,metrics/precision(B),metrics/recall(B),metrics/mAP50(B),metrics/mAP50-95(B),val/box_loss,val/cls_loss,val/dfl_loss,lr/pg0,lr/pg1,lr/pg2
1,6.40708,4.95159,7.76012,2.61777,0.46217,0.39305,0.36157,0.13333,4.96383,4.27075,2.44687,0.08209,9e-05,9e-05
2,12.4291,4.13186,3.09484,2.18683,0.56739,0.6738,0.60885,0.23469,3.98895,2.9192,2.10923,0.063124,0.00012395,0.00012395
3,18.4057,3.65609,2.61568,1.99892,0.61437,0.74332,0.65281,0.29969,3.6518,2.59295,2.04929,0.0440952,9.52e-05,9.52e-05
