epoch,time,train/loss,metrics/accuracy_top1,metrics/accuracy_top5,val/loss,lr/pg0,lr/pg1,lr/pg2
1,23.0948,0.54871,0.89032,1,0.25532,0.00041472,0.00041472,0.00041472
2,44.2578,0.30533,0.90968,1,0.21417,0.000666772,0.000666772,0.000666772
3,66.557,0.30417,0.84516,1,0.32859,0.000753824,0.000753824,0.000753824
4,87.6431,0.25956,0.93548,1,0.18859,0.0005075,0.0005075,0.0005075
5,109.366,0.2704,0.94194,1,0.15884,0.00026,0.00026,0.00026
