epoch,time,train/box_loss,train/cls_loss,train/dfl_loss,metrics/precision(B),metrics/recall(B),metrics/mAP50(B),metrics/mAP50-95(B),val/box_loss,val/cls_loss,val/dfl_loss,lr/pg0,lr/pg1,lr/pg2
1,243.266,1.96266,2.76706,1.09247,0.43326,0.24091,0.2371,0.06733,3.44137,17.7144,1.6623,0.091045,4.5e-05,4.5e-05
2,454.005,1.65584,1.20496,0.9416,0.6897,0.39402,0.50052,0.20312,2.39843,3.05064,1.30207,0.0810637,6.365e-05,6.365e-05
3,639.912,1.55092,1.03465,0.92492,0.6106,0.59545,0.6172,0.27833,1.95701,3.14831,1.09526,0.0710493,4.93e-05,4.93e-05
