epoch,time,train/loss,metrics/accuracy_top1,metrics/accuracy_top5,val/loss,lr/pg0,lr/pg1,lr/pg2
1,24.7411,0,1,1,0,0.000663609,0.000663609,0.000663609
1,25.9282,0,1,1,0,0.000663609,0.000663609,0.000663609
1,24.6832,0,1,1,0,0.000663609,0.000663609,0.000663609
1,24.4053,0,1,1,0,0.000663609,0.000663609,0.000663609
