{
  "iou_0.5": {
    "iou_threshold": 0.5,
    "map50": 0.9447355084662302,
    "map50_95": 0.6795079377150927,
    "precision": 0.8895429168850763,
    "recall": 0.8969072164948454
  },
  "iou_0.75": {
    "iou_threshold": 0.75,
    "map75": 0.8037859597126612,
    "map50_95": 0.6795079377150927,
    "precision": 0.8895429168850763,
    "recall": 0.8969072164948454
  },
  "iou_avg": {
    "iou_threshold": "0.5:0.95",
    "map_avg": 0.6795079377150927,
    "map50_95": 0.6795079377150927,
    "precision": 0.8895429168850763,
    "recall": 0.8969072164948454
  }
}