epoch,train_loss,train_acc,val_loss,val_acc
1,0.473170,89.17,0.316843,94.75
2,0.488604,88.86,0.291049,94.75
