epoch,time,train/box_loss,train/cls_loss,train/dfl_loss,metrics/precision(B),metrics/recall(B),metrics/mAP50(B),metrics/mAP50-95(B),val/box_loss,val/cls_loss,val/dfl_loss,lr/pg0,lr/pg1,lr/pg2
1,51.5342,1.05331,3.16194,1.8846,0.00522,1,0.12086,0.03304,1.43998,4.1108,2.03241,0.0002125,0.0002125,0.0002125
2,101.566,0.37679,2.63112,1.15721,0.01501,1,0.41534,0.35832,0.50935,3.81259,0.86874,0.000428838,0.000428838,0.000428838
3,150.894,0.41782,2.26363,1.12888,0.008,1,0.67682,0.38164,1.08513,3.78104,1.77391,0.000636265,0.000636265,0.000636265
4,200.6,0.40173,1.98958,1.08891,0.73776,0.48237,0.77872,0.7117,0.46271,2.93645,0.75055,0.000834782,0.000834782,0.000834782
5,249.052,0.43906,1.7352,1.10073,0.4242,0.85024,0.86809,0.53162,0.81038,2.7697,1.07948,0.00102439,0.00102439,0.00102439
6,299.682,0.41862,1.51669,1.08367,0.82568,0.8554,0.87419,0.83194,0.34631,2.17457,0.57789,0.00112625,0.00112625,0.00112625
7,349.363,0.41786,1.43927,1.06549,0.88147,0.99672,0.995,0.88389,0.44894,2.07521,0.6287,0.0011015,0.0011015,0.0011015
8,398.985,0.33927,1.24326,1.03501,0.78098,0.67917,0.65671,0.61559,0.50498,2.39777,0.84614,0.00107675,0.00107675,0.00107675
9,448.227,0.3203,1.16544,1.03725,0.86339,0.82003,0.87714,0.78586,0.54166,1.94944,0.87047,0.001052,0.001052,0.001052
