{
  "experiment_info": {
    "detection_model": "YOLO8",
    "classification_model": "YOLO8",
    "detection_experiment": "multi_pipeline_20250920_201712_yolo8_det",
    "classification_experiment": "multi_pipeline_20250920_201712_yolo8_yolo8_cls",
    "timestamp": "2025-09-20 20:55:36"
  },
  "detection": {
    "epochs": 28,
    "mAP50": 0.995,
    "mAP50_95": 0.995,
    "precision": 0.97545,
    "recall": 0.97285
  },
  "classification": {
    "model_type": "yolo8",
    "epochs": 20,
    "top1_accuracy": 0.89286,
    "top5_accuracy": 1.0
  },
  "iou_analysis": {
    "iou_0.3": {
      "iou_threshold": 0.3,
      "map50": 0.9695833333333334,
      "map50_95": 0.9695833333333332,
      "precision": 0.9762955531186358,
      "recall": 0.9502626101492038
    },
    "iou_0.5": {
      "iou_threshold": 0.5,
      "map50": 0.9695833333333334,
      "map50_95": 0.9695833333333332,
      "precision": 0.9762955531186358,
      "recall": 0.9502626101492038
    },
    "iou_0.7": {
      "iou_threshold": 0.7,
      "map50": 0.9695833333333334,
      "map50_95": 0.9695833333333332,
      "precision": 0.9762955531186358,
      "recall": 0.9502626101492038
    }
  }
}