{
  "confusion_matrix": [
    [
      16,
      0,
      2,
      0
    ],
    [
      0,
      4,
      0,
      2
    ],
    [
      2,
      0,
      5,
      0
    ],
    [
      0,
      0,
      0,
      5
    ]
  ],
  "confusion_matrix_normalized": [
    [
      0.8888888888888888,
      0.0,
      0.1111111111111111,
      0.0
    ],
    [
      0.0,
      0.6666666666666666,
      0.0,
      0.3333333333333333
    ],
    [
      0.2857142857142857,
      0.0,
      0.7142857142857143,
      0.0
    ],
    [
      0.0,
      0.0,
      0.0,
      1.0
    ]
  ],
  "per_class_metrics": {
    "P_falciparum": {
      "precision": 0.8888888888888888,
      "recall": 0.8888888888888888,
      "f1_score": 0.8888888888888888,
      "support": 18,
      "class_index": 0
    },
    "P_malariae": {
      "precision": 1.0,
      "recall": 0.6666666666666666,
      "f1_score": 0.8,
      "support": 6,
      "class_index": 1
    },
    "P_ovale": {
      "precision": 0.7142857142857143,
      "recall": 0.7142857142857143,
      "f1_score": 0.7142857142857143,
      "support": 7,
      "class_index": 2
    },
    "P_vivax": {
      "precision": 0.7142857142857143,
      "recall": 1.0,
      "f1_score": 0.8333333333333334,
      "support": 5,
      "class_index": 3
    }
  },
  "overall_metrics": {
    "accuracy": 0.8333333333333334,
    "macro_precision": 0.8293650793650794,
    "macro_recall": 0.8174603174603174,
    "macro_f1": 0.8091269841269841,
    "weighted_precision": 0.8492063492063493,
    "weighted_recall": 0.8333333333333334,
    "weighted_f1": 0.8324074074074075
  },
  "class_mapping": {
    "0": "P_falciparum",
    "1": "P_malariae",
    "2": "P_ovale",
    "3": "P_vivax"
  },
  "total_samples": 36,
  "analysis_timestamp": "2025-09-20T14:11:13.832008"
}