epoch,time,train/box_loss,train/cls_loss,train/dfl_loss,metrics/precision(B),metrics/recall(B),metrics/mAP50(B),metrics/mAP50-95(B),val/box_loss,val/cls_loss,val/dfl_loss,lr/pg0,lr/pg1,lr/pg2
1,14.9187,1.21266,2.57089,1.25021,0.82603,0.19381,0.02659,0.02053,0.76324,inf,0.99604,0.00023331,0.00023331,0.00023331
2,29.0286,0.75103,0.86822,1.01251,0.828,0.16844,0.0291,0.02382,0.77749,7.18273,1.00234,0.000241254,0.000241254,0.000241254
