epoch,train_loss,train_acc,val_loss,val_acc
1,0.611438,51.99,0.622412,41.18
2,0.228622,83.24,0.183730,86.27
3,0.169075,86.08,0.290787,79.41
4,0.148001,89.49,0.246773,81.37
5,0.232955,81.53,3.310979,65.69
6,0.296130,76.99,9.333017,24.51
7,0.274355,75.00,4.706612,48.04
8,0.370497,73.30,0.932982,71.57
9,0.237293,77.84,0.577144,62.75
10,0.227022,79.26,0.308029,72.55
11,0.144639,87.50,0.436896,80.39
12,0.117907,90.06,0.344121,82.35
