epoch,train_loss,train_acc,val_loss,val_acc
1,1.193848,59.67,6.379785,1.36
2,1.402584,78.71,0.428437,95.91
3,0.478984,89.94,0.415390,95.91
