epoch,time,train/box_loss,train/cls_loss,train/dfl_loss,metrics/precision(B),metrics/recall(B),metrics/mAP50(B),metrics/mAP50-95(B),val/box_loss,val/cls_loss,val/dfl_loss,lr/pg0,lr/pg1,lr/pg2
1,51.8296,2.50589,3.85581,1.26009,0.01056,0.60455,0.01602,0.00523,1.62417,4.28892,0.94952,0.00018,0.00018,0.00018
2,106.8,2.06117,2.49859,0.97693,0.01246,0.71364,0.0164,0.00686,1.59472,3.98755,0.98252,0.00030476,0.00030476,0.00030476
3,148.149,2.05077,1.94803,0.992,0.01175,0.67273,0.01484,0.0061,1.64403,3.95998,0.99931,0.00035032,0.00035032,0.00035032
4,188.402,1.94692,1.77109,0.97777,0.01127,0.64545,0.01485,0.00597,1.65892,3.82678,1.02778,0.00031668,0.00031668,0.00031668
5,229.568,1.79552,1.72692,0.93853,0.0104,0.59545,0.01365,0.00565,1.66408,3.77461,1.01992,0.00020384,0.00020384,0.00020384
