epoch,train_loss,train_acc,val_loss,val_acc
1,0.000000,100.00,0.000000,100.00
2,0.000000,100.00,0.000000,100.00
