epoch,time,train/box_loss,train/cls_loss,train/dfl_loss,metrics/precision(B),metrics/recall(B),metrics/mAP50(B),metrics/mAP50-95(B),val/box_loss,val/cls_loss,val/dfl_loss,lr/pg0,lr/pg1,lr/pg2
1,228.017,2.50236,9.05295,1.16141,0,0,0,0,1.81621,7.96691,0.935,0.000327957,0.000327957,0.000327957
2,437.187,2.17882,6.59372,1.01814,0.36164,0.08333,0.28342,0.17119,1.98926,6.59199,1.06919,0.000628556,0.000628556,0.000628556
