{
  "iou_0.3": {
    "iou_threshold": 0.3,
    "map50": 0.995,
    "map50_95": 0.9949999999999999,
    "precision": 0.9357708696340166,
    "recall": 0.9927522540938025,
    "confidence_threshold": 0.25
  },
  "iou_0.5": {
    "iou_threshold": 0.5,
    "map50": 0.995,
    "map50_95": 0.9949999999999999,
    "precision": 0.9357708696340166,
    "recall": 0.9927522540938025,
    "confidence_threshold": 0.25
  },
  "iou_0.7": {
    "iou_threshold": 0.7,
    "map50": 0.995,
    "map50_95": 0.9949999999999999,
    "precision": 0.9357708696340166,
    "recall": 0.9927522540938025,
    "confidence_threshold": 0.25
  }
}