{
  "iou_0.3": {
    "iou_threshold": 0.3,
    "map50": 0.9695833333333334,
    "map50_95": 0.9695833333333332,
    "precision": 0.9762955531186358,
    "recall": 0.9502626101492038
  },
  "iou_0.5": {
    "iou_threshold": 0.5,
    "map50": 0.9695833333333334,
    "map50_95": 0.9695833333333332,
    "precision": 0.9762955531186358,
    "recall": 0.9502626101492038
  },
  "iou_0.7": {
    "iou_threshold": 0.7,
    "map50": 0.9695833333333334,
    "map50_95": 0.9695833333333332,
    "precision": 0.9762955531186358,
    "recall": 0.9502626101492038
  }
}