{
  "iou_0.3": {
    "iou_threshold": 0.3,
    "map50": 0.9185161628709424,
    "map50_95": 0.6276467532217862,
    "precision": 0.8608870472151071,
    "recall": 0.9072164948453608
  },
  "iou_0.5": {
    "iou_threshold": 0.5,
    "map50": 0.9185161628709424,
    "map50_95": 0.6276467532217862,
    "precision": 0.8608870472151071,
    "recall": 0.9072164948453608
  },
  "iou_0.7": {
    "iou_threshold": 0.7,
    "map50": 0.9185161628709424,
    "map50_95": 0.6276467532217862,
    "precision": 0.8608870472151071,
    "recall": 0.9072164948453608
  }
}