epoch,time,train/box_loss,train/cls_loss,train/dfl_loss,metrics/precision(B),metrics/recall(B),metrics/mAP50(B),metrics/mAP50-95(B),val/box_loss,val/cls_loss,val/dfl_loss,lr/pg0,lr/pg1,lr/pg2
1,25.773,1.41107,3.171,2.22995,0.00359,1,0.28513,0.15283,0.72832,3.9259,1.41102,0.0002125,0.0002125,0.0002125
2,50.5714,0.52109,2.51409,1.31035,0.00413,1,0.33157,0.31348,0.36935,3.55185,0.73749,0.000426672,0.000426672,0.000426672
3,75.7732,0.42735,2.06225,1.15043,0.47582,0.67836,0.48109,0.45106,0.3226,2.78273,0.52129,0.000629706,0.000629706,0.000629706
4,100.84,0.38283,1.82674,1.08589,0.83072,0.8125,0.92165,0.9095,0.29396,2.16485,0.46427,0.000821603,0.000821603,0.000821603
5,125.714,0.37611,1.60554,1.08011,0.62248,0.8875,0.81853,0.79653,0.38467,2.42363,0.65703,0.00100236,0.00100236,0.00100236
6,151.128,0.33919,1.3934,1.03881,0.86405,0.7625,0.83513,0.75517,0.50656,2.20255,1.02385,0.00109531,0.00109531,0.00109531
