original_image,crop_filename,split,class_id,class_name,bbox_x1,bbox_y1,bbox_x2,bbox_y2,source
images/Trip 017 Day 1 19-10-05 Image 14 add_1.png,Trip 017 Day 1 19-10-05 Image 14 add_1_crop_000.png,val,1,schizont,679,714,771,810,ground_truth
images/Trip 017 Day 1 19-10-05 Image 14 add_1.png,Trip 017 Day 1 19-10-05 Image 14 add_1_crop_001.png,val,1,schizont,1201,245,1304,356,ground_truth
images/Trip 017 Day 1 19-10-05 Image 14 add_1.png,Trip 017 Day 1 19-10-05 Image 14 add_1_crop_002.png,val,1,schizont,95,609,217,703,ground_truth
images/Trip 017 Day 1 19-10-05 Image 14 add_1.png,Trip 017 Day 1 19-10-05 Image 14 add_1_crop_003.png,val,2,trophozoite,119,488,199,541,ground_truth
images/Trip 017 Day 1 19-10-05 Image 14 add_10.png,Trip 017 Day 1 19-10-05 Image 14 add_10_crop_000.png,train,1,schizont,410,552,497,651,ground_truth
images/Trip 017 Day 1 19-10-05 Image 14 add_10.png,Trip 017 Day 1 19-10-05 Image 14 add_10_crop_001.png,train,0,ring,1161,112,1206,164,ground_truth
images/Trip 017 Day 1 19-10-05 Image 14 add_10.png,Trip 017 Day 1 19-10-05 Image 14 add_10_crop_002.png,train,0,ring,661,0,688,27,ground_truth
images/Trip 017 Day 1 19-10-05 Image 14 add_11.png,Trip 017 Day 1 19-10-05 Image 14 add_11_crop_000.png,test,0,ring,305,386,349,421,ground_truth
images/Trip 017 Day 1 19-10-05 Image 14 add_11.png,Trip 017 Day 1 19-10-05 Image 14 add_11_crop_001.png,test,0,ring,1202,835,1228,860,ground_truth
images/Trip 017 Day 1 19-10-05 Image 14 add_11.png,Trip 017 Day 1 19-10-05 Image 14 add_11_crop_002.png,test,0,ring,543,144,567,169,ground_truth
images/Trip 017 Day 1 19-10-05 Image 14 add_12.png,Trip 017 Day 1 19-10-05 Image 14 add_12_crop_000.png,train,1,schizont,780,232,876,375,ground_truth
images/Trip 017 Day 1 19-10-05 Image 14 add_12.png,Trip 017 Day 1 19-10-05 Image 14 add_12_crop_001.png,train,1,schizont,780,232,876,375,ground_truth
images/Trip 017 Day 1 19-10-05 Image 14 add_13.png,Trip 017 Day 1 19-10-05 Image 14 add_13_crop_000.png,train,1,schizont,0,754,37,848,ground_truth
images/Trip 017 Day 1 19-10-05 Image 14 add_14.png,Trip 017 Day 1 19-10-05 Image 14 add_14_crop_000.png,train,1,schizont,0,761,89,863,ground_truth
images/Trip 017 Day 1 19-10-05 Image 14 add_14.png,Trip 017 Day 1 19-10-05 Image 14 add_14_crop_001.png,train,2,trophozoite,1230,350,1307,412,ground_truth
images/Trip 017 Day 1 19-10-05 Image 14 add_14.png,Trip 017 Day 1 19-10-05 Image 14 add_14_crop_002.png,train,0,ring,672,865,692,885,ground_truth
images/Trip 017 Day 1 19-10-05 Image 14 add_15.png,Trip 017 Day 1 19-10-05 Image 14 add_15_crop_000.png,val,1,schizont,1186,830,1259,938,ground_truth
images/Trip 017 Day 1 19-10-05 Image 14 add_15.png,Trip 017 Day 1 19-10-05 Image 14 add_15_crop_001.png,val,2,trophozoite,0,417,41,490,ground_truth
images/Trip 017 Day 1 19-10-05 Image 14 add_16.png,Trip 017 Day 1 19-10-05 Image 14 add_16_crop_000.png,test,1,schizont,252,785,338,860,ground_truth
images/Trip 017 Day 1 19-10-05 Image 14 add_16.png,Trip 017 Day 1 19-10-05 Image 14 add_16_crop_001.png,test,1,schizont,1036,943,1121,1029,ground_truth
images/Trip 017 Day 1 19-10-05 Image 14 add_16.png,Trip 017 Day 1 19-10-05 Image 14 add_16_crop_002.png,test,0,ring,193,935,217,957,ground_truth
images/Trip 017 Day 1 19-10-05 Image 14 add_2.png,Trip 017 Day 1 19-10-05 Image 14 add_2_crop_000.png,val,1,schizont,428,525,522,627,ground_truth
images/Trip 017 Day 1 19-10-05 Image 14 add_2.png,Trip 017 Day 1 19-10-05 Image 14 add_2_crop_001.png,val,1,schizont,138,232,268,339,ground_truth
images/Trip 017 Day 1 19-10-05 Image 14 add_2.png,Trip 017 Day 1 19-10-05 Image 14 add_2_crop_002.png,val,1,schizont,591,553,688,659,ground_truth
images/Trip 017 Day 1 19-10-05 Image 14 add_2.png,Trip 017 Day 1 19-10-05 Image 14 add_2_crop_003.png,val,0,ring,312,482,331,501,ground_truth
images/Trip 017 Day 1 19-10-05 Image 14 add_3.png,Trip 017 Day 1 19-10-05 Image 14 add_3_crop_000.png,test,2,trophozoite,905,665,970,744,ground_truth
images/Trip 017 Day 1 19-10-05 Image 14 add_4.png,Trip 017 Day 1 19-10-05 Image 14 add_4_crop_000.png,val,0,ring,551,898,629,955,ground_truth
images/Trip 017 Day 1 19-10-05 Image 14 add_4.png,Trip 017 Day 1 19-10-05 Image 14 add_4_crop_001.png,val,1,schizont,306,770,426,882,ground_truth
images/Trip 017 Day 1 19-10-05 Image 14 add_5.png,Trip 017 Day 1 19-10-05 Image 14 add_5_crop_000.png,train,1,schizont,722,579,817,652,ground_truth
images/Trip 017 Day 1 19-10-05 Image 14 add_5.png,Trip 017 Day 1 19-10-05 Image 14 add_5_crop_001.png,train,1,schizont,1236,633,1315,742,ground_truth
images/Trip 017 Day 1 19-10-05 Image 14 add_6.png,Trip 017 Day 1 19-10-05 Image 14 add_6_crop_000.png,train,1,schizont,55,49,143,149,ground_truth
images/Trip 017 Day 1 19-10-05 Image 14 add_6.png,Trip 017 Day 1 19-10-05 Image 14 add_6_crop_001.png,train,1,schizont,552,828,635,917,ground_truth
images/Trip 017 Day 1 19-10-05 Image 14 add_6.png,Trip 017 Day 1 19-10-05 Image 14 add_6_crop_002.png,train,1,schizont,1182,141,1269,240,ground_truth
images/Trip 017 Day 1 19-10-05 Image 14 add_6.png,Trip 017 Day 1 19-10-05 Image 14 add_6_crop_003.png,train,0,ring,353,1013,381,1030,ground_truth
images/Trip 017 Day 1 19-10-05 Image 14 add_7.png,Trip 017 Day 1 19-10-05 Image 14 add_7_crop_000.png,train,0,ring,1174,981,1230,1030,ground_truth
images/Trip 017 Day 1 19-10-05 Image 14 add_7.png,Trip 017 Day 1 19-10-05 Image 14 add_7_crop_001.png,train,0,ring,1006,761,1058,815,ground_truth
images/Trip 017 Day 1 19-10-05 Image 14 add_8.png,Trip 017 Day 1 19-10-05 Image 14 add_8_crop_000.png,train,1,schizont,1285,70,1368,183,ground_truth
images/Trip 017 Day 1 19-10-05 Image 14 add_8.png,Trip 017 Day 1 19-10-05 Image 14 add_8_crop_001.png,train,1,schizont,1260,744,1357,830,ground_truth
images/Trip 017 Day 1 19-10-05 Image 14 add_8.png,Trip 017 Day 1 19-10-05 Image 14 add_8_crop_002.png,train,0,ring,144,357,184,416,ground_truth
images/Trip 017 Day 1 19-10-05 Image 14 add_9.png,Trip 017 Day 1 19-10-05 Image 14 add_9_crop_000.png,train,1,schizont,943,0,1062,103,ground_truth
images/Trip 017 Day 1 19-10-05 Image 14 add_9.png,Trip 017 Day 1 19-10-05 Image 14 add_9_crop_001.png,train,0,ring,106,463,144,500,ground_truth
images/Trip 017 Day 1 19-10-05 Image 14 add_9.png,Trip 017 Day 1 19-10-05 Image 14 add_9_crop_002.png,train,2,trophozoite,1259,199,1302,256,ground_truth
images/Trip 017 Day 1 19-10-05 Image 15 add_1.png,Trip 017 Day 1 19-10-05 Image 15 add_1_crop_000.png,train,1,schizont,1132,188,1212,258,ground_truth
images/Trip 017 Day 1 19-10-05 Image 15 add_1.png,Trip 017 Day 1 19-10-05 Image 15 add_1_crop_001.png,train,1,schizont,319,271,410,353,ground_truth
images/Trip 017 Day 1 19-10-05 Image 15 add_1.png,Trip 017 Day 1 19-10-05 Image 15 add_1_crop_002.png,train,0,ring,42,857,95,900,ground_truth
images/Trip 017 Day 1 19-10-05 Image 15 add_1.png,Trip 017 Day 1 19-10-05 Image 15 add_1_crop_003.png,train,1,schizont,609,36,684,137,ground_truth
images/Trip 017 Day 1 19-10-05 Image 15 add_1.png,Trip 017 Day 1 19-10-05 Image 15 add_1_crop_004.png,train,0,ring,213,608,241,634,ground_truth
images/Trip 017 Day 1 19-10-05 Image 15 add_1.png,Trip 017 Day 1 19-10-05 Image 15 add_1_crop_005.png,train,1,schizont,432,675,485,734,ground_truth
images/Trip 017 Day 1 19-10-05 Image 15 add_10.png,Trip 017 Day 1 19-10-05 Image 15 add_10_crop_000.png,train,2,trophozoite,794,387,882,472,ground_truth
images/Trip 017 Day 1 19-10-05 Image 15 add_10.png,Trip 017 Day 1 19-10-05 Image 15 add_10_crop_001.png,train,0,ring,1189,473,1236,510,ground_truth
images/Trip 017 Day 1 19-10-05 Image 15 add_11.png,Trip 017 Day 1 19-10-05 Image 15 add_11_crop_000.png,train,1,schizont,380,0,461,114,ground_truth
images/Trip 017 Day 1 19-10-05 Image 15 add_12.png,Trip 017 Day 1 19-10-05 Image 15 add_12_crop_000.png,val,1,schizont,914,948,1005,1027,ground_truth
images/Trip 017 Day 1 19-10-05 Image 15 add_12.png,Trip 017 Day 1 19-10-05 Image 15 add_12_crop_001.png,val,0,ring,968,61,1034,114,ground_truth
images/Trip 017 Day 1 19-10-05 Image 15 add_12.png,Trip 017 Day 1 19-10-05 Image 15 add_12_crop_002.png,val,1,schizont,258,713,340,819,ground_truth
images/Trip 017 Day 1 19-10-05 Image 15 add_12.png,Trip 017 Day 1 19-10-05 Image 15 add_12_crop_003.png,val,0,ring,719,331,786,391,ground_truth
images/Trip 017 Day 1 19-10-05 Image 15 add_13.png,Trip 017 Day 1 19-10-05 Image 15 add_13_crop_000.png,train,1,schizont,1335,933,1382,1016,ground_truth
images/Trip 017 Day 1 19-10-05 Image 15 add_13.png,Trip 017 Day 1 19-10-05 Image 15 add_13_crop_001.png,train,0,ring,837,705,925,766,ground_truth
images/Trip 017 Day 1 19-10-05 Image 15 add_13.png,Trip 017 Day 1 19-10-05 Image 15 add_13_crop_002.png,train,1,schizont,1195,378,1279,486,ground_truth
images/Trip 017 Day 1 19-10-05 Image 15 add_13.png,Trip 017 Day 1 19-10-05 Image 15 add_13_crop_003.png,train,1,schizont,1095,21,1201,120,ground_truth
images/Trip 017 Day 1 19-10-05 Image 15 add_13.png,Trip 017 Day 1 19-10-05 Image 15 add_13_crop_004.png,train,0,ring,1331,438,1359,465,ground_truth
images/Trip 017 Day 1 19-10-05 Image 15 add_14.png,Trip 017 Day 1 19-10-05 Image 15 add_14_crop_000.png,test,1,schizont,459,99,589,225,ground_truth
images/Trip 017 Day 1 19-10-05 Image 15 add_14.png,Trip 017 Day 1 19-10-05 Image 15 add_14_crop_001.png,test,1,schizont,511,607,597,699,ground_truth
images/Trip 017 Day 1 19-10-05 Image 15 add_14.png,Trip 017 Day 1 19-10-05 Image 15 add_14_crop_002.png,test,1,schizont,877,290,954,375,ground_truth
images/Trip 017 Day 1 19-10-05 Image 15 add_14.png,Trip 017 Day 1 19-10-05 Image 15 add_14_crop_003.png,test,2,trophozoite,786,734,874,807,ground_truth
images/Trip 017 Day 1 19-10-05 Image 15 add_14.png,Trip 017 Day 1 19-10-05 Image 15 add_14_crop_004.png,test,0,ring,87,18,109,45,ground_truth
images/Trip 017 Day 1 19-10-05 Image 15 add_14.png,Trip 017 Day 1 19-10-05 Image 15 add_14_crop_005.png,test,1,schizont,755,36,843,146,ground_truth
images/Trip 017 Day 1 19-10-05 Image 15 add_14.png,Trip 017 Day 1 19-10-05 Image 15 add_14_crop_006.png,test,1,schizont,0,921,36,999,ground_truth
images/Trip 017 Day 1 19-10-05 Image 15 add_15.png,Trip 017 Day 1 19-10-05 Image 15 add_15_crop_000.png,test,0,ring,1173,321,1219,365,ground_truth
images/Trip 017 Day 1 19-10-05 Image 15 add_15.png,Trip 017 Day 1 19-10-05 Image 15 add_15_crop_001.png,test,0,ring,569,1002,619,1030,ground_truth
images/Trip 017 Day 1 19-10-05 Image 15 add_16.png,Trip 017 Day 1 19-10-05 Image 15 add_16_crop_000.png,train,1,schizont,224,766,333,849,ground_truth
images/Trip 017 Day 1 19-10-05 Image 15 add_16.png,Trip 017 Day 1 19-10-05 Image 15 add_16_crop_001.png,train,1,schizont,780,745,857,841,ground_truth
images/Trip 017 Day 1 19-10-05 Image 15 add_16.png,Trip 017 Day 1 19-10-05 Image 15 add_16_crop_002.png,train,1,schizont,844,731,954,822,ground_truth
images/Trip 017 Day 1 19-10-05 Image 15 add_2.png,Trip 017 Day 1 19-10-05 Image 15 add_2_crop_000.png,train,1,schizont,537,954,608,1030,ground_truth
images/Trip 017 Day 1 19-10-05 Image 15 add_2.png,Trip 017 Day 1 19-10-05 Image 15 add_2_crop_001.png,train,1,schizont,942,417,1020,497,ground_truth
images/Trip 017 Day 1 19-10-05 Image 15 add_2.png,Trip 017 Day 1 19-10-05 Image 15 add_2_crop_002.png,train,1,schizont,467,418,552,497,ground_truth
images/Trip 017 Day 1 19-10-05 Image 15 add_2.png,Trip 017 Day 1 19-10-05 Image 15 add_2_crop_003.png,train,1,schizont,250,87,320,187,ground_truth
images/Trip 017 Day 1 19-10-05 Image 15 add_3.png,Trip 017 Day 1 19-10-05 Image 15 add_3_crop_000.png,train,1,schizont,949,412,1040,531,ground_truth
images/Trip 017 Day 1 19-10-05 Image 15 add_4.png,Trip 017 Day 1 19-10-05 Image 15 add_4_crop_000.png,val,2,trophozoite,981,60,1055,134,ground_truth
images/Trip 017 Day 1 19-10-05 Image 15 add_4.png,Trip 017 Day 1 19-10-05 Image 15 add_4_crop_001.png,val,1,schizont,1151,774,1240,866,ground_truth
images/Trip 017 Day 1 19-10-05 Image 15 add_5.png,Trip 017 Day 1 19-10-05 Image 15 add_5_crop_000.png,train,1,schizont,335,0,425,89,ground_truth
images/Trip 017 Day 1 19-10-05 Image 15 add_5.png,Trip 017 Day 1 19-10-05 Image 15 add_5_crop_001.png,train,0,ring,598,221,615,240,ground_truth
images/Trip 017 Day 1 19-10-05 Image 15 add_5.png,Trip 017 Day 1 19-10-05 Image 15 add_5_crop_002.png,train,0,ring,0,844,52,872,ground_truth
images/Trip 017 Day 1 19-10-05 Image 15 add_5.png,Trip 017 Day 1 19-10-05 Image 15 add_5_crop_003.png,train,0,ring,856,382,887,423,ground_truth
images/Trip 017 Day 1 19-10-05 Image 15 add_6.png,Trip 017 Day 1 19-10-05 Image 15 add_6_crop_000.png,test,1,schizont,0,316,85,399,ground_truth
images/Trip 017 Day 1 19-10-05 Image 15 add_6.png,Trip 017 Day 1 19-10-05 Image 15 add_6_crop_001.png,test,1,schizont,561,0,609,27,ground_truth
images/Trip 017 Day 1 19-10-05 Image 15 add_8.png,Trip 017 Day 1 19-10-05 Image 15 add_8_crop_000.png,train,1,schizont,298,730,397,828,ground_truth
images/Trip 017 Day 1 19-10-05 Image 15 add_8.png,Trip 017 Day 1 19-10-05 Image 15 add_8_crop_001.png,train,1,schizont,497,826,594,931,ground_truth
images/Trip 017 Day 1 19-10-05 Image 15 add_8.png,Trip 017 Day 1 19-10-05 Image 15 add_8_crop_002.png,train,1,schizont,296,933,367,1011,ground_truth
images/Trip 017 Day 1 19-10-05 Image 15 add_8.png,Trip 017 Day 1 19-10-05 Image 15 add_8_crop_003.png,train,1,schizont,971,901,1093,995,ground_truth
images/Trip 017 Day 1 19-10-05 Image 15 add_8.png,Trip 017 Day 1 19-10-05 Image 15 add_8_crop_004.png,train,0,ring,266,440,295,468,ground_truth
images/Trip 017 Day 1 19-10-05 Image 15 add_9.png,Trip 017 Day 1 19-10-05 Image 15 add_9_crop_000.png,train,1,schizont,1231,46,1325,122,ground_truth
images/Trip 017 Day 1 19-10-05 Image 15 add_9.png,Trip 017 Day 1 19-10-05 Image 15 add_9_crop_001.png,train,0,ring,16,8,41,34,ground_truth
images/Trip 017 Day 1 19-10-05 Image 16 add_1.png,Trip 017 Day 1 19-10-05 Image 16 add_1_crop_000.png,test,1,schizont,1087,782,1197,879,ground_truth
images/Trip 017 Day 1 19-10-05 Image 16 add_1.png,Trip 017 Day 1 19-10-05 Image 16 add_1_crop_001.png,test,1,schizont,1241,290,1356,393,ground_truth
images/Trip 017 Day 1 19-10-05 Image 16 add_1.png,Trip 017 Day 1 19-10-05 Image 16 add_1_crop_002.png,test,1,schizont,533,48,645,159,ground_truth
images/Trip 017 Day 1 19-10-05 Image 16 add_1.png,Trip 017 Day 1 19-10-05 Image 16 add_1_crop_003.png,test,1,schizont,197,824,311,940,ground_truth
images/Trip 017 Day 1 19-10-05 Image 16 add_10.png,Trip 017 Day 1 19-10-05 Image 16 add_10_crop_000.png,train,1,schizont,685,326,776,426,ground_truth
images/Trip 017 Day 1 19-10-05 Image 16 add_10.png,Trip 017 Day 1 19-10-05 Image 16 add_10_crop_001.png,train,0,ring,627,71,654,95,ground_truth
images/Trip 017 Day 1 19-10-05 Image 16 add_13.png,Trip 017 Day 1 19-10-05 Image 16 add_13_crop_000.png,train,0,ring,800,722,827,749,ground_truth
images/Trip 017 Day 1 19-10-05 Image 16 add_14.png,Trip 017 Day 1 19-10-05 Image 16 add_14_crop_000.png,test,0,ring,1079,975,1105,1018,ground_truth
images/Trip 017 Day 1 19-10-05 Image 16 add_14.png,Trip 017 Day 1 19-10-05 Image 16 add_14_crop_001.png,test,0,ring,6,512,30,537,ground_truth
images/Trip 017 Day 1 19-10-05 Image 16 add_15.png,Trip 017 Day 1 19-10-05 Image 16 add_15_crop_000.png,test,1,schizont,1186,223,1292,325,ground_truth
images/Trip 017 Day 1 19-10-05 Image 16 add_15.png,Trip 017 Day 1 19-10-05 Image 16 add_15_crop_001.png,test,0,ring,191,84,251,167,ground_truth
images/Trip 017 Day 1 19-10-05 Image 16 add_15.png,Trip 017 Day 1 19-10-05 Image 16 add_15_crop_002.png,test,0,ring,915,262,943,291,ground_truth
images/Trip 017 Day 1 19-10-05 Image 16 add_2.png,Trip 017 Day 1 19-10-05 Image 16 add_2_crop_000.png,train,1,schizont,1087,590,1175,698,ground_truth
images/Trip 017 Day 1 19-10-05 Image 16 add_2.png,Trip 017 Day 1 19-10-05 Image 16 add_2_crop_001.png,train,0,ring,314,268,347,287,ground_truth
images/Trip 017 Day 1 19-10-05 Image 16 add_3.png,Trip 017 Day 1 19-10-05 Image 16 add_3_crop_000.png,train,1,schizont,571,499,662,587,ground_truth
images/Trip 017 Day 1 19-10-05 Image 16 add_3.png,Trip 017 Day 1 19-10-05 Image 16 add_3_crop_001.png,train,0,ring,1254,910,1282,945,ground_truth
images/Trip 017 Day 1 19-10-05 Image 16 add_5.png,Trip 017 Day 1 19-10-05 Image 16 add_5_crop_000.png,train,1,schizont,756,799,854,907,ground_truth
images/Trip 017 Day 1 19-10-05 Image 16 add_7.png,Trip 017 Day 1 19-10-05 Image 16 add_7_crop_000.png,test,1,schizont,269,587,360,680,ground_truth
images/Trip 017 Day 1 19-10-05 Image 16 add_7.png,Trip 017 Day 1 19-10-05 Image 16 add_7_crop_001.png,test,0,ring,354,684,378,709,ground_truth
images/Trip 017 Day 1 19-10-05 Image 16 add_8.png,Trip 017 Day 1 19-10-05 Image 16 add_8_crop_000.png,train,1,schizont,632,191,730,309,ground_truth
images/Trip 017 Day 1 19-10-05 Image 16 add_8.png,Trip 017 Day 1 19-10-05 Image 16 add_8_crop_001.png,train,0,ring,1118,333,1144,359,ground_truth
images/Trip 017 Day 1 19-10-05 Image 17 add_1.png,Trip 017 Day 1 19-10-05 Image 17 add_1_crop_000.png,test,1,schizont,25,548,152,680,ground_truth
images/Trip 017 Day 1 19-10-05 Image 17 add_1.png,Trip 017 Day 1 19-10-05 Image 17 add_1_crop_001.png,test,1,schizont,1100,99,1217,191,ground_truth
images/Trip 017 Day 1 19-10-05 Image 17 add_1.png,Trip 017 Day 1 19-10-05 Image 17 add_1_crop_002.png,test,1,schizont,144,658,227,787,ground_truth
images/Trip 017 Day 1 19-10-05 Image 17 add_1.png,Trip 017 Day 1 19-10-05 Image 17 add_1_crop_003.png,test,1,schizont,1073,217,1177,313,ground_truth
images/Trip 017 Day 1 19-10-05 Image 17 add_10.png,Trip 017 Day 1 19-10-05 Image 17 add_10_crop_000.png,train,0,ring,1295,274,1354,320,ground_truth
images/Trip 017 Day 1 19-10-05 Image 17 add_11.png,Trip 017 Day 1 19-10-05 Image 17 add_11_crop_000.png,val,0,ring,968,943,995,967,ground_truth
images/Trip 017 Day 1 19-10-05 Image 17 add_13.png,Trip 017 Day 1 19-10-05 Image 17 add_13_crop_000.png,train,1,schizont,1207,904,1289,997,ground_truth
images/Trip 017 Day 1 19-10-05 Image 17 add_14.png,Trip 017 Day 1 19-10-05 Image 17 add_14_crop_000.png,train,1,schizont,1184,375,1266,505,ground_truth
images/Trip 017 Day 1 19-10-05 Image 17 add_14.png,Trip 017 Day 1 19-10-05 Image 17 add_14_crop_001.png,train,2,trophozoite,0,502,81,579,ground_truth
images/Trip 017 Day 1 19-10-05 Image 17 add_14.png,Trip 017 Day 1 19-10-05 Image 17 add_14_crop_002.png,train,1,schizont,646,585,708,656,ground_truth
images/Trip 017 Day 1 19-10-05 Image 17 add_14.png,Trip 017 Day 1 19-10-05 Image 17 add_14_crop_003.png,train,1,schizont,776,688,863,801,ground_truth
images/Trip 017 Day 1 19-10-05 Image 17 add_14.png,Trip 017 Day 1 19-10-05 Image 17 add_14_crop_004.png,train,0,ring,620,926,646,952,ground_truth
images/Trip 017 Day 1 19-10-05 Image 17 add_15.png,Trip 017 Day 1 19-10-05 Image 17 add_15_crop_000.png,train,1,schizont,1130,475,1247,570,ground_truth
images/Trip 017 Day 1 19-10-05 Image 17 add_16.png,Trip 017 Day 1 19-10-05 Image 17 add_16_crop_000.png,test,1,schizont,934,0,1053,66,ground_truth
images/Trip 017 Day 1 19-10-05 Image 17 add_2.png,Trip 017 Day 1 19-10-05 Image 17 add_2_crop_000.png,test,1,schizont,186,90,298,179,ground_truth
images/Trip 017 Day 1 19-10-05 Image 17 add_2.png,Trip 017 Day 1 19-10-05 Image 17 add_2_crop_001.png,test,1,schizont,186,90,298,179,ground_truth
images/Trip 017 Day 1 19-10-05 Image 17 add_3.png,Trip 017 Day 1 19-10-05 Image 17 add_3_crop_000.png,train,1,schizont,48,445,157,559,ground_truth
images/Trip 017 Day 1 19-10-05 Image 17 add_3.png,Trip 017 Day 1 19-10-05 Image 17 add_3_crop_001.png,train,1,schizont,48,445,157,559,ground_truth
images/Trip 017 Day 1 19-10-05 Image 17 add_3.png,Trip 017 Day 1 19-10-05 Image 17 add_3_crop_002.png,train,0,ring,205,71,241,111,ground_truth
images/Trip 017 Day 1 19-10-05 Image 17 add_4.png,Trip 017 Day 1 19-10-05 Image 17 add_4_crop_000.png,test,0,ring,571,335,630,385,ground_truth
images/Trip 017 Day 1 19-10-05 Image 17 add_6.png,Trip 017 Day 1 19-10-05 Image 17 add_6_crop_000.png,train,0,ring,725,201,781,244,ground_truth
images/Trip 017 Day 1 19-10-05 Image 17 add_7.png,Trip 017 Day 1 19-10-05 Image 17 add_7_crop_000.png,train,1,schizont,1123,292,1239,389,ground_truth
images/Trip 017 Day 1 19-10-05 Image 17 add_7.png,Trip 017 Day 1 19-10-05 Image 17 add_7_crop_001.png,train,0,ring,1001,184,1027,211,ground_truth
images/Trip 017 Day 1 19-10-05 Image 17 add_7.png,Trip 017 Day 1 19-10-05 Image 17 add_7_crop_002.png,train,1,schizont,1356,819,1382,903,ground_truth
images/Trip 017 Day 1 19-10-05 Image 17 add_8.png,Trip 017 Day 1 19-10-05 Image 17 add_8_crop_000.png,train,1,schizont,1021,837,1150,938,ground_truth
images/Trip 017 Day 1 19-10-05 Image 17 add_8.png,Trip 017 Day 1 19-10-05 Image 17 add_8_crop_001.png,train,1,schizont,615,295,706,389,ground_truth
images/Trip 017 Day 1 19-10-05 Image 17 add_8.png,Trip 017 Day 1 19-10-05 Image 17 add_8_crop_002.png,train,1,schizont,0,801,74,912,ground_truth
images/Trip 022 Day 1 08-11-05 Image 10 add_1.png,Trip 022 Day 1 08-11-05 Image 10 add_1_crop_000.png,train,1,schizont,868,840,953,927,ground_truth
images/Trip 022 Day 1 08-11-05 Image 10 add_1.png,Trip 022 Day 1 08-11-05 Image 10 add_1_crop_001.png,train,1,schizont,833,305,913,383,ground_truth
images/Trip 022 Day 1 08-11-05 Image 10 add_1.png,Trip 022 Day 1 08-11-05 Image 10 add_1_crop_002.png,train,1,schizont,679,592,773,684,ground_truth
images/Trip 022 Day 1 08-11-05 Image 10 add_1.png,Trip 022 Day 1 08-11-05 Image 10 add_1_crop_003.png,train,1,schizont,171,196,253,309,ground_truth
images/Trip 022 Day 1 08-11-05 Image 10 add_1.png,Trip 022 Day 1 08-11-05 Image 10 add_1_crop_004.png,train,1,schizont,15,498,135,593,ground_truth
images/Trip 022 Day 1 08-11-05 Image 10 add_1.png,Trip 022 Day 1 08-11-05 Image 10 add_1_crop_005.png,train,2,trophozoite,325,81,397,140,ground_truth
images/Trip 022 Day 1 08-11-05 Image 10 add_1.png,Trip 022 Day 1 08-11-05 Image 10 add_1_crop_006.png,train,0,ring,459,15,479,44,ground_truth
images/Trip 022 Day 1 08-11-05 Image 10 add_1.png,Trip 022 Day 1 08-11-05 Image 10 add_1_crop_007.png,train,0,ring,258,794,286,844,ground_truth
images/Trip 022 Day 1 08-11-05 Image 10 add_10.png,Trip 022 Day 1 08-11-05 Image 10 add_10_crop_000.png,val,1,schizont,89,414,208,509,ground_truth
images/Trip 022 Day 1 08-11-05 Image 10 add_10.png,Trip 022 Day 1 08-11-05 Image 10 add_10_crop_001.png,val,0,ring,988,858,1030,904,ground_truth
images/Trip 022 Day 1 08-11-05 Image 10 add_10.png,Trip 022 Day 1 08-11-05 Image 10 add_10_crop_002.png,val,0,ring,640,821,673,849,ground_truth
images/Trip 022 Day 1 08-11-05 Image 10 add_11.png,Trip 022 Day 1 08-11-05 Image 10 add_11_crop_000.png,train,1,schizont,519,276,578,391,ground_truth
images/Trip 022 Day 1 08-11-05 Image 10 add_11.png,Trip 022 Day 1 08-11-05 Image 10 add_11_crop_001.png,train,1,schizont,850,904,933,990,ground_truth
images/Trip 022 Day 1 08-11-05 Image 10 add_11.png,Trip 022 Day 1 08-11-05 Image 10 add_11_crop_002.png,train,1,schizont,1102,481,1202,555,ground_truth
images/Trip 022 Day 1 08-11-05 Image 10 add_11.png,Trip 022 Day 1 08-11-05 Image 10 add_11_crop_003.png,train,1,schizont,633,565,712,627,ground_truth
images/Trip 022 Day 1 08-11-05 Image 10 add_11.png,Trip 022 Day 1 08-11-05 Image 10 add_11_crop_004.png,train,0,ring,258,229,305,269,ground_truth
images/Trip 022 Day 1 08-11-05 Image 10 add_11.png,Trip 022 Day 1 08-11-05 Image 10 add_11_crop_005.png,train,0,ring,959,481,996,509,ground_truth
images/Trip 022 Day 1 08-11-05 Image 10 add_11.png,Trip 022 Day 1 08-11-05 Image 10 add_11_crop_006.png,train,1,schizont,489,526,615,656,ground_truth
images/Trip 022 Day 1 08-11-05 Image 10 add_11.png,Trip 022 Day 1 08-11-05 Image 10 add_11_crop_007.png,train,0,ring,756,770,788,793,ground_truth
images/Trip 022 Day 1 08-11-05 Image 10 add_12.png,Trip 022 Day 1 08-11-05 Image 10 add_12_crop_000.png,train,0,ring,375,504,409,548,ground_truth
images/Trip 022 Day 1 08-11-05 Image 10 add_12.png,Trip 022 Day 1 08-11-05 Image 10 add_12_crop_001.png,train,0,ring,296,196,338,233,ground_truth
images/Trip 022 Day 1 08-11-05 Image 10 add_13.png,Trip 022 Day 1 08-11-05 Image 10 add_13_crop_000.png,train,0,ring,1159,227,1188,255,ground_truth
images/Trip 022 Day 1 08-11-05 Image 10 add_13.png,Trip 022 Day 1 08-11-05 Image 10 add_13_crop_001.png,train,0,ring,301,1002,370,1030,ground_truth
images/Trip 022 Day 1 08-11-05 Image 10 add_13.png,Trip 022 Day 1 08-11-05 Image 10 add_13_crop_002.png,train,0,ring,386,416,418,446,ground_truth
images/Trip 022 Day 1 08-11-05 Image 10 add_14.png,Trip 022 Day 1 08-11-05 Image 10 add_14_crop_000.png,val,2,trophozoite,398,928,448,985,ground_truth
images/Trip 022 Day 1 08-11-05 Image 10 add_14.png,Trip 022 Day 1 08-11-05 Image 10 add_14_crop_001.png,val,1,schizont,82,912,175,996,ground_truth
images/Trip 022 Day 1 08-11-05 Image 10 add_15.png,Trip 022 Day 1 08-11-05 Image 10 add_15_crop_000.png,train,0,ring,269,567,299,600,ground_truth
images/Trip 022 Day 1 08-11-05 Image 10 add_15.png,Trip 022 Day 1 08-11-05 Image 10 add_15_crop_001.png,train,0,ring,389,834,421,868,ground_truth
images/Trip 022 Day 1 08-11-05 Image 10 add_16.png,Trip 022 Day 1 08-11-05 Image 10 add_16_crop_000.png,train,1,schizont,1144,618,1217,711,ground_truth
images/Trip 022 Day 1 08-11-05 Image 10 add_16.png,Trip 022 Day 1 08-11-05 Image 10 add_16_crop_001.png,train,0,ring,592,825,629,857,ground_truth
images/Trip 022 Day 1 08-11-05 Image 10 add_16.png,Trip 022 Day 1 08-11-05 Image 10 add_16_crop_002.png,train,2,trophozoite,228,38,290,92,ground_truth
images/Trip 022 Day 1 08-11-05 Image 10 add_16.png,Trip 022 Day 1 08-11-05 Image 10 add_16_crop_003.png,train,2,trophozoite,685,314,732,356,ground_truth
images/Trip 022 Day 1 08-11-05 Image 10 add_16.png,Trip 022 Day 1 08-11-05 Image 10 add_16_crop_004.png,train,0,ring,626,219,651,244,ground_truth
images/Trip 022 Day 1 08-11-05 Image 10 add_2.png,Trip 022 Day 1 08-11-05 Image 10 add_2_crop_000.png,train,1,schizont,613,894,744,975,ground_truth
images/Trip 022 Day 1 08-11-05 Image 10 add_2.png,Trip 022 Day 1 08-11-05 Image 10 add_2_crop_001.png,train,1,schizont,540,475,635,559,ground_truth
images/Trip 022 Day 1 08-11-05 Image 10 add_2.png,Trip 022 Day 1 08-11-05 Image 10 add_2_crop_002.png,train,0,ring,833,108,862,143,ground_truth
images/Trip 022 Day 1 08-11-05 Image 10 add_2.png,Trip 022 Day 1 08-11-05 Image 10 add_2_crop_003.png,train,0,ring,27,395,64,419,ground_truth
images/Trip 022 Day 1 08-11-05 Image 10 add_3.png,Trip 022 Day 1 08-11-05 Image 10 add_3_crop_000.png,train,1,schizont,759,869,853,943,ground_truth
images/Trip 022 Day 1 08-11-05 Image 10 add_3.png,Trip 022 Day 1 08-11-05 Image 10 add_3_crop_001.png,train,1,schizont,994,0,1110,121,ground_truth
images/Trip 022 Day 1 08-11-05 Image 10 add_3.png,Trip 022 Day 1 08-11-05 Image 10 add_3_crop_002.png,train,1,schizont,483,954,555,1030,ground_truth
images/Trip 022 Day 1 08-11-05 Image 10 add_4.png,Trip 022 Day 1 08-11-05 Image 10 add_4_crop_000.png,train,1,schizont,832,768,941,852,ground_truth
images/Trip 022 Day 1 08-11-05 Image 10 add_4.png,Trip 022 Day 1 08-11-05 Image 10 add_4_crop_001.png,train,2,trophozoite,543,556,595,603,ground_truth
images/Trip 022 Day 1 08-11-05 Image 10 add_4.png,Trip 022 Day 1 08-11-05 Image 10 add_4_crop_002.png,train,0,ring,1109,257,1157,291,ground_truth
images/Trip 022 Day 1 08-11-05 Image 10 add_5.png,Trip 022 Day 1 08-11-05 Image 10 add_5_crop_000.png,test,1,schizont,893,143,977,227,ground_truth
images/Trip 022 Day 1 08-11-05 Image 10 add_5.png,Trip 022 Day 1 08-11-05 Image 10 add_5_crop_001.png,test,1,schizont,561,390,637,465,ground_truth
images/Trip 022 Day 1 08-11-05 Image 10 add_5.png,Trip 022 Day 1 08-11-05 Image 10 add_5_crop_002.png,test,1,schizont,1157,398,1243,457,ground_truth
images/Trip 022 Day 1 08-11-05 Image 10 add_5.png,Trip 022 Day 1 08-11-05 Image 10 add_5_crop_003.png,test,0,ring,374,545,415,587,ground_truth
images/Trip 022 Day 1 08-11-05 Image 10 add_5.png,Trip 022 Day 1 08-11-05 Image 10 add_5_crop_004.png,test,1,schizont,0,201,36,286,ground_truth
images/Trip 022 Day 1 08-11-05 Image 10 add_5.png,Trip 022 Day 1 08-11-05 Image 10 add_5_crop_005.png,test,1,schizont,1012,596,1106,680,ground_truth
images/Trip 022 Day 1 08-11-05 Image 10 add_6.png,Trip 022 Day 1 08-11-05 Image 10 add_6_crop_000.png,train,0,ring,1123,69,1160,120,ground_truth
images/Trip 022 Day 1 08-11-05 Image 10 add_6.png,Trip 022 Day 1 08-11-05 Image 10 add_6_crop_001.png,train,0,ring,1149,789,1178,840,ground_truth
images/Trip 022 Day 1 08-11-05 Image 10 add_6.png,Trip 022 Day 1 08-11-05 Image 10 add_6_crop_002.png,train,0,ring,827,792,875,830,ground_truth
images/Trip 022 Day 1 08-11-05 Image 10 add_6.png,Trip 022 Day 1 08-11-05 Image 10 add_6_crop_003.png,train,1,schizont,22,328,157,424,ground_truth
images/Trip 022 Day 1 08-11-05 Image 10 add_6.png,Trip 022 Day 1 08-11-05 Image 10 add_6_crop_004.png,train,0,ring,0,796,36,846,ground_truth
images/Trip 022 Day 1 08-11-05 Image 10 add_7.png,Trip 022 Day 1 08-11-05 Image 10 add_7_crop_000.png,val,0,ring,746,897,805,947,ground_truth
images/Trip 022 Day 1 08-11-05 Image 10 add_7.png,Trip 022 Day 1 08-11-05 Image 10 add_7_crop_001.png,val,2,trophozoite,1341,14,1381,78,ground_truth
images/Trip 022 Day 1 08-11-05 Image 10 add_7.png,Trip 022 Day 1 08-11-05 Image 10 add_7_crop_002.png,val,1,schizont,1281,516,1381,600,ground_truth
images/Trip 022 Day 1 08-11-05 Image 10 add_7.png,Trip 022 Day 1 08-11-05 Image 10 add_7_crop_003.png,val,1,schizont,311,60,396,152,ground_truth
images/Trip 022 Day 1 08-11-05 Image 10 add_8.png,Trip 022 Day 1 08-11-05 Image 10 add_8_crop_000.png,test,1,schizont,549,60,642,161,ground_truth
images/Trip 022 Day 1 08-11-05 Image 10 add_8.png,Trip 022 Day 1 08-11-05 Image 10 add_8_crop_001.png,test,1,schizont,920,636,998,754,ground_truth
images/Trip 022 Day 1 08-11-05 Image 10 add_8.png,Trip 022 Day 1 08-11-05 Image 10 add_8_crop_002.png,test,1,schizont,851,473,949,585,ground_truth
images/Trip 022 Day 1 08-11-05 Image 10 add_8.png,Trip 022 Day 1 08-11-05 Image 10 add_8_crop_003.png,test,1,schizont,34,153,133,233,ground_truth
images/Trip 022 Day 1 08-11-05 Image 10 add_8.png,Trip 022 Day 1 08-11-05 Image 10 add_8_crop_004.png,test,1,schizont,29,742,90,818,ground_truth
images/Trip 022 Day 1 08-11-05 Image 10 add_8.png,Trip 022 Day 1 08-11-05 Image 10 add_8_crop_005.png,test,0,ring,0,294,37,328,ground_truth
images/Trip 022 Day 1 08-11-05 Image 10 add_8.png,Trip 022 Day 1 08-11-05 Image 10 add_8_crop_006.png,test,0,ring,1303,711,1353,753,ground_truth
images/Trip 022 Day 1 08-11-05 Image 10 add_8.png,Trip 022 Day 1 08-11-05 Image 10 add_8_crop_007.png,test,0,ring,650,880,718,923,ground_truth
images/Trip 022 Day 1 08-11-05 Image 10 add_9.png,Trip 022 Day 1 08-11-05 Image 10 add_9_crop_000.png,test,1,schizont,1099,972,1218,1030,ground_truth
images/Trip 022 Day 1 08-11-05 Image 10 add_9.png,Trip 022 Day 1 08-11-05 Image 10 add_9_crop_001.png,test,1,schizont,1040,139,1139,254,ground_truth
images/Trip 022 Day 1 08-11-05 Image 10 add_9.png,Trip 022 Day 1 08-11-05 Image 10 add_9_crop_002.png,test,2,trophozoite,265,549,321,615,ground_truth
images/Trip 022 Day 1 08-11-05 Image 10 add_9.png,Trip 022 Day 1 08-11-05 Image 10 add_9_crop_003.png,test,0,ring,571,439,617,489,ground_truth
images/Trip 022 Day 1 08-11-05 Image 10 add_9.png,Trip 022 Day 1 08-11-05 Image 10 add_9_crop_004.png,test,1,schizont,746,512,844,600,ground_truth
images/Trip 022 Day 1 08-11-05 Image 11 add_1.png,Trip 022 Day 1 08-11-05 Image 11 add_1_crop_000.png,test,1,schizont,600,66,700,150,ground_truth
images/Trip 022 Day 1 08-11-05 Image 11 add_1.png,Trip 022 Day 1 08-11-05 Image 11 add_1_crop_001.png,test,0,ring,914,111,956,167,ground_truth
images/Trip 022 Day 1 08-11-05 Image 11 add_1.png,Trip 022 Day 1 08-11-05 Image 11 add_1_crop_002.png,test,1,schizont,28,706,132,808,ground_truth
images/Trip 022 Day 1 08-11-05 Image 11 add_10.png,Trip 022 Day 1 08-11-05 Image 11 add_10_crop_000.png,train,1,schizont,1282,352,1377,430,ground_truth
images/Trip 022 Day 1 08-11-05 Image 11 add_10.png,Trip 022 Day 1 08-11-05 Image 11 add_10_crop_001.png,train,0,ring,1224,276,1260,309,ground_truth
images/Trip 022 Day 1 08-11-05 Image 11 add_11.png,Trip 022 Day 1 08-11-05 Image 11 add_11_crop_000.png,train,1,schizont,107,963,202,1030,ground_truth
images/Trip 022 Day 1 08-11-05 Image 11 add_11.png,Trip 022 Day 1 08-11-05 Image 11 add_11_crop_001.png,train,1,schizont,602,181,689,267,ground_truth
images/Trip 022 Day 1 08-11-05 Image 11 add_11.png,Trip 022 Day 1 08-11-05 Image 11 add_11_crop_002.png,train,2,trophozoite,1239,606,1288,666,ground_truth
images/Trip 022 Day 1 08-11-05 Image 11 add_11.png,Trip 022 Day 1 08-11-05 Image 11 add_11_crop_003.png,train,0,ring,967,862,1001,900,ground_truth
images/Trip 022 Day 1 08-11-05 Image 11 add_12.png,Trip 022 Day 1 08-11-05 Image 11 add_12_crop_000.png,train,1,schizont,657,561,770,639,ground_truth
images/Trip 022 Day 1 08-11-05 Image 11 add_12.png,Trip 022 Day 1 08-11-05 Image 11 add_12_crop_001.png,train,1,schizont,463,482,570,586,ground_truth
images/Trip 022 Day 1 08-11-05 Image 11 add_12.png,Trip 022 Day 1 08-11-05 Image 11 add_12_crop_002.png,train,0,ring,837,548,885,607,ground_truth
images/Trip 022 Day 1 08-11-05 Image 11 add_13.png,Trip 022 Day 1 08-11-05 Image 11 add_13_crop_000.png,train,1,schizont,673,301,766,398,ground_truth
images/Trip 022 Day 1 08-11-05 Image 11 add_13.png,Trip 022 Day 1 08-11-05 Image 11 add_13_crop_001.png,train,1,schizont,693,76,802,187,ground_truth
images/Trip 022 Day 1 08-11-05 Image 11 add_13.png,Trip 022 Day 1 08-11-05 Image 11 add_13_crop_002.png,train,1,schizont,1109,991,1184,1029,ground_truth
images/Trip 022 Day 1 08-11-05 Image 11 add_14.png,Trip 022 Day 1 08-11-05 Image 11 add_14_crop_000.png,train,0,ring,791,777,838,813,ground_truth
images/Trip 022 Day 1 08-11-05 Image 11 add_15.png,Trip 022 Day 1 08-11-05 Image 11 add_15_crop_000.png,train,1,schizont,1028,480,1125,588,ground_truth
images/Trip 022 Day 1 08-11-05 Image 11 add_15.png,Trip 022 Day 1 08-11-05 Image 11 add_15_crop_001.png,train,2,trophozoite,257,274,309,325,ground_truth
images/Trip 022 Day 1 08-11-05 Image 11 add_15.png,Trip 022 Day 1 08-11-05 Image 11 add_15_crop_002.png,train,0,ring,870,218,931,255,ground_truth
images/Trip 022 Day 1 08-11-05 Image 11 add_16.png,Trip 022 Day 1 08-11-05 Image 11 add_16_crop_000.png,train,1,schizont,958,718,1033,801,ground_truth
images/Trip 022 Day 1 08-11-05 Image 11 add_16.png,Trip 022 Day 1 08-11-05 Image 11 add_16_crop_001.png,train,1,schizont,676,906,785,979,ground_truth
images/Trip 022 Day 1 08-11-05 Image 11 add_16.png,Trip 022 Day 1 08-11-05 Image 11 add_16_crop_002.png,train,1,schizont,814,725,913,856,ground_truth
images/Trip 022 Day 1 08-11-05 Image 11 add_16.png,Trip 022 Day 1 08-11-05 Image 11 add_16_crop_003.png,train,1,schizont,857,568,949,654,ground_truth
images/Trip 022 Day 1 08-11-05 Image 11 add_16.png,Trip 022 Day 1 08-11-05 Image 11 add_16_crop_004.png,train,0,ring,1084,472,1125,506,ground_truth
images/Trip 022 Day 1 08-11-05 Image 11 add_2.png,Trip 022 Day 1 08-11-05 Image 11 add_2_crop_000.png,train,0,ring,0,268,46,335,ground_truth
images/Trip 022 Day 1 08-11-05 Image 11 add_2.png,Trip 022 Day 1 08-11-05 Image 11 add_2_crop_001.png,train,0,ring,106,416,144,460,ground_truth
images/Trip 022 Day 1 08-11-05 Image 11 add_2.png,Trip 022 Day 1 08-11-05 Image 11 add_2_crop_002.png,train,1,schizont,1083,382,1167,487,ground_truth
images/Trip 022 Day 1 08-11-05 Image 11 add_2.png,Trip 022 Day 1 08-11-05 Image 11 add_2_crop_003.png,train,1,schizont,1035,481,1136,580,ground_truth
images/Trip 022 Day 1 08-11-05 Image 11 add_2.png,Trip 022 Day 1 08-11-05 Image 11 add_2_crop_004.png,train,1,schizont,543,885,641,980,ground_truth
images/Trip 022 Day 1 08-11-05 Image 11 add_4.png,Trip 022 Day 1 08-11-05 Image 11 add_4_crop_000.png,test,0,ring,1041,215,1087,267,ground_truth
images/Trip 022 Day 1 08-11-05 Image 11 add_5.png,Trip 022 Day 1 08-11-05 Image 11 add_5_crop_000.png,train,1,schizont,596,235,710,327,ground_truth
images/Trip 022 Day 1 08-11-05 Image 11 add_5.png,Trip 022 Day 1 08-11-05 Image 11 add_5_crop_001.png,train,1,schizont,197,616,280,715,ground_truth
images/Trip 022 Day 1 08-11-05 Image 11 add_5.png,Trip 022 Day 1 08-11-05 Image 11 add_5_crop_002.png,train,1,schizont,1184,299,1267,389,ground_truth
images/Trip 022 Day 1 08-11-05 Image 11 add_6.png,Trip 022 Day 1 08-11-05 Image 11 add_6_crop_000.png,train,0,ring,516,0,551,18,ground_truth
images/Trip 022 Day 1 08-11-05 Image 11 add_6.png,Trip 022 Day 1 08-11-05 Image 11 add_6_crop_001.png,train,1,schizont,26,464,136,565,ground_truth
images/Trip 022 Day 1 08-11-05 Image 11 add_6.png,Trip 022 Day 1 08-11-05 Image 11 add_6_crop_002.png,train,0,ring,493,431,535,472,ground_truth
images/Trip 022 Day 1 08-11-05 Image 11 add_7.png,Trip 022 Day 1 08-11-05 Image 11 add_7_crop_000.png,train,0,ring,941,209,978,243,ground_truth
images/Trip 022 Day 1 08-11-05 Image 11 add_7.png,Trip 022 Day 1 08-11-05 Image 11 add_7_crop_001.png,train,1,schizont,148,587,229,680,ground_truth
images/Trip 022 Day 1 08-11-05 Image 11 add_7.png,Trip 022 Day 1 08-11-05 Image 11 add_7_crop_002.png,train,0,ring,56,799,102,853,ground_truth
images/Trip 022 Day 1 08-11-05 Image 11 add_7.png,Trip 022 Day 1 08-11-05 Image 11 add_7_crop_003.png,train,1,schizont,875,861,988,937,ground_truth
images/Trip 022 Day 1 08-11-05 Image 11 add_7.png,Trip 022 Day 1 08-11-05 Image 11 add_7_crop_004.png,train,0,ring,1197,955,1242,1001,ground_truth
images/Trip 022 Day 1 08-11-05 Image 11 add_8.png,Trip 022 Day 1 08-11-05 Image 11 add_8_crop_000.png,train,0,ring,657,31,682,57,ground_truth
images/Trip 022 Day 1 08-11-05 Image 11 add_8.png,Trip 022 Day 1 08-11-05 Image 11 add_8_crop_001.png,train,0,ring,233,951,280,987,ground_truth
images/Trip 022 Day 1 08-11-05 Image 11 add_9.png,Trip 022 Day 1 08-11-05 Image 11 add_9_crop_000.png,train,1,schizont,1154,618,1252,721,ground_truth
images/Trip 022 Day 1 08-11-05 Image 11 add_9.png,Trip 022 Day 1 08-11-05 Image 11 add_9_crop_001.png,train,1,schizont,1277,452,1381,536,ground_truth
images/Trip 022 Day 1 08-11-05 Image 11 add_9.png,Trip 022 Day 1 08-11-05 Image 11 add_9_crop_002.png,train,2,trophozoite,1131,467,1181,519,ground_truth
images/Trip 022 Day 1 08-11-05 Image 11 add_9.png,Trip 022 Day 1 08-11-05 Image 11 add_9_crop_003.png,train,0,ring,580,251,626,295,ground_truth
images/Trip 022 Day 1 08-11-05 Image 11 add_9.png,Trip 022 Day 1 08-11-05 Image 11 add_9_crop_004.png,train,0,ring,1207,165,1235,193,ground_truth
images/Trip 022 Day 1 08-11-05 Image 11 add_9.png,Trip 022 Day 1 08-11-05 Image 11 add_9_crop_005.png,train,0,ring,533,51,563,83,ground_truth
images/Trip 022 Day 1 08-11-05 Image 9 add_1.png,Trip 022 Day 1 08-11-05 Image 9 add_1_crop_000.png,test,1,schizont,130,608,202,691,ground_truth
images/Trip 022 Day 1 08-11-05 Image 9 add_1.png,Trip 022 Day 1 08-11-05 Image 9 add_1_crop_001.png,test,1,schizont,1013,420,1117,494,ground_truth
images/Trip 022 Day 1 08-11-05 Image 9 add_1.png,Trip 022 Day 1 08-11-05 Image 9 add_1_crop_002.png,test,2,trophozoite,638,878,696,943,ground_truth
images/Trip 022 Day 1 08-11-05 Image 9 add_1.png,Trip 022 Day 1 08-11-05 Image 9 add_1_crop_003.png,test,1,schizont,346,282,429,386,ground_truth
images/Trip 022 Day 1 08-11-05 Image 9 add_1.png,Trip 022 Day 1 08-11-05 Image 9 add_1_crop_004.png,test,1,schizont,483,894,580,972,ground_truth
images/Trip 022 Day 1 08-11-05 Image 9 add_1.png,Trip 022 Day 1 08-11-05 Image 9 add_1_crop_005.png,test,1,schizont,424,240,499,347,ground_truth
images/Trip 022 Day 1 08-11-05 Image 9 add_1.png,Trip 022 Day 1 08-11-05 Image 9 add_1_crop_006.png,test,0,ring,685,686,748,742,ground_truth
images/Trip 022 Day 1 08-11-05 Image 9 add_10.png,Trip 022 Day 1 08-11-05 Image 9 add_10_crop_000.png,test,1,schizont,570,587,673,667,ground_truth
images/Trip 022 Day 1 08-11-05 Image 9 add_10.png,Trip 022 Day 1 08-11-05 Image 9 add_10_crop_001.png,test,1,schizont,119,984,223,1030,ground_truth
images/Trip 022 Day 1 08-11-05 Image 9 add_10.png,Trip 022 Day 1 08-11-05 Image 9 add_10_crop_002.png,test,1,schizont,876,314,956,431,ground_truth
images/Trip 022 Day 1 08-11-05 Image 9 add_10.png,Trip 022 Day 1 08-11-05 Image 9 add_10_crop_003.png,test,1,schizont,837,435,935,541,ground_truth
images/Trip 022 Day 1 08-11-05 Image 9 add_10.png,Trip 022 Day 1 08-11-05 Image 9 add_10_crop_004.png,test,0,ring,1334,591,1382,647,ground_truth
images/Trip 022 Day 1 08-11-05 Image 9 add_12.png,Trip 022 Day 1 08-11-05 Image 9 add_12_crop_000.png,train,1,schizont,780,89,900,161,ground_truth
images/Trip 022 Day 1 08-11-05 Image 9 add_13.png,Trip 022 Day 1 08-11-05 Image 9 add_13_crop_000.png,test,1,schizont,989,0,1073,70,ground_truth
images/Trip 022 Day 1 08-11-05 Image 9 add_13.png,Trip 022 Day 1 08-11-05 Image 9 add_13_crop_001.png,test,1,schizont,670,499,767,601,ground_truth
images/Trip 022 Day 1 08-11-05 Image 9 add_13.png,Trip 022 Day 1 08-11-05 Image 9 add_13_crop_002.png,test,1,schizont,374,344,440,456,ground_truth
images/Trip 022 Day 1 08-11-05 Image 9 add_13.png,Trip 022 Day 1 08-11-05 Image 9 add_13_crop_003.png,test,0,ring,106,947,129,973,ground_truth
images/Trip 022 Day 1 08-11-05 Image 9 add_14.png,Trip 022 Day 1 08-11-05 Image 9 add_14_crop_000.png,train,1,schizont,602,506,684,600,ground_truth
images/Trip 022 Day 1 08-11-05 Image 9 add_14.png,Trip 022 Day 1 08-11-05 Image 9 add_14_crop_001.png,train,1,schizont,165,0,216,18,ground_truth
images/Trip 022 Day 1 08-11-05 Image 9 add_14.png,Trip 022 Day 1 08-11-05 Image 9 add_14_crop_002.png,train,0,ring,43,636,63,658,ground_truth
images/Trip 022 Day 1 08-11-05 Image 9 add_15.png,Trip 022 Day 1 08-11-05 Image 9 add_15_crop_000.png,test,0,ring,1077,200,1114,245,ground_truth
images/Trip 022 Day 1 08-11-05 Image 9 add_16.png,Trip 022 Day 1 08-11-05 Image 9 add_16_crop_000.png,test,1,schizont,444,125,538,217,ground_truth
images/Trip 022 Day 1 08-11-05 Image 9 add_16.png,Trip 022 Day 1 08-11-05 Image 9 add_16_crop_001.png,test,0,ring,219,743,258,785,ground_truth
images/Trip 022 Day 1 08-11-05 Image 9 add_16.png,Trip 022 Day 1 08-11-05 Image 9 add_16_crop_002.png,test,0,ring,1265,650,1301,690,ground_truth
images/Trip 022 Day 1 08-11-05 Image 9 add_16.png,Trip 022 Day 1 08-11-05 Image 9 add_16_crop_003.png,test,1,schizont,800,965,924,1030,ground_truth
images/Trip 022 Day 1 08-11-05 Image 9 add_2.png,Trip 022 Day 1 08-11-05 Image 9 add_2_crop_000.png,train,1,schizont,236,149,306,230,ground_truth
images/Trip 022 Day 1 08-11-05 Image 9 add_2.png,Trip 022 Day 1 08-11-05 Image 9 add_2_crop_001.png,train,0,ring,412,821,451,852,ground_truth
images/Trip 022 Day 1 08-11-05 Image 9 add_2.png,Trip 022 Day 1 08-11-05 Image 9 add_2_crop_002.png,train,1,schizont,1145,642,1260,761,ground_truth
images/Trip 022 Day 1 08-11-05 Image 9 add_2.png,Trip 022 Day 1 08-11-05 Image 9 add_2_crop_003.png,train,1,schizont,1207,142,1296,235,ground_truth
images/Trip 022 Day 1 08-11-05 Image 9 add_2.png,Trip 022 Day 1 08-11-05 Image 9 add_2_crop_004.png,train,0,ring,559,764,582,787,ground_truth
images/Trip 022 Day 1 08-11-05 Image 9 add_2.png,Trip 022 Day 1 08-11-05 Image 9 add_2_crop_005.png,train,0,ring,225,723,248,745,ground_truth
images/Trip 022 Day 1 08-11-05 Image 9 add_2.png,Trip 022 Day 1 08-11-05 Image 9 add_2_crop_006.png,train,0,ring,566,844,588,865,ground_truth
images/Trip 022 Day 1 08-11-05 Image 9 add_3.png,Trip 022 Day 1 08-11-05 Image 9 add_3_crop_000.png,test,1,schizont,1173,963,1247,1030,ground_truth
images/Trip 022 Day 1 08-11-05 Image 9 add_3.png,Trip 022 Day 1 08-11-05 Image 9 add_3_crop_001.png,test,1,schizont,394,281,505,368,ground_truth
images/Trip 022 Day 1 08-11-05 Image 9 add_3.png,Trip 022 Day 1 08-11-05 Image 9 add_3_crop_002.png,test,2,trophozoite,1207,725,1247,762,ground_truth
images/Trip 022 Day 1 08-11-05 Image 9 add_3.png,Trip 022 Day 1 08-11-05 Image 9 add_3_crop_003.png,test,0,ring,7,305,28,326,ground_truth
images/Trip 022 Day 1 08-11-05 Image 9 add_5.png,Trip 022 Day 1 08-11-05 Image 9 add_5_crop_000.png,train,1,schizont,42,396,135,496,ground_truth
images/Trip 022 Day 1 08-11-05 Image 9 add_6.png,Trip 022 Day 1 08-11-05 Image 9 add_6_crop_000.png,val,1,schizont,1254,481,1334,566,ground_truth
images/Trip 022 Day 1 08-11-05 Image 9 add_6.png,Trip 022 Day 1 08-11-05 Image 9 add_6_crop_001.png,val,1,schizont,321,2,410,100,ground_truth
images/Trip 022 Day 1 08-11-05 Image 9 add_7.png,Trip 022 Day 1 08-11-05 Image 9 add_7_crop_000.png,train,1,schizont,1025,343,1103,443,ground_truth
images/Trip 022 Day 1 08-11-05 Image 9 add_7.png,Trip 022 Day 1 08-11-05 Image 9 add_7_crop_001.png,train,1,schizont,1218,576,1290,657,ground_truth
images/Trip 022 Day 1 08-11-05 Image 9 add_7.png,Trip 022 Day 1 08-11-05 Image 9 add_7_crop_002.png,train,1,schizont,979,98,1057,182,ground_truth
images/Trip 022 Day 1 08-11-05 Image 9 add_7.png,Trip 022 Day 1 08-11-05 Image 9 add_7_crop_003.png,train,0,ring,191,216,227,254,ground_truth
images/Trip 022 Day 1 08-11-05 Image 9 add_7.png,Trip 022 Day 1 08-11-05 Image 9 add_7_crop_004.png,train,0,ring,617,133,654,173,ground_truth
images/Trip 022 Day 1 08-11-05 Image 9 add_7.png,Trip 022 Day 1 08-11-05 Image 9 add_7_crop_005.png,train,0,ring,384,757,421,797,ground_truth
images/Trip 022 Day 1 08-11-05 Image 9 add_7.png,Trip 022 Day 1 08-11-05 Image 9 add_7_crop_006.png,train,1,schizont,497,648,568,754,ground_truth
images/Trip 022 Day 1 08-11-05 Image 9 add_7.png,Trip 022 Day 1 08-11-05 Image 9 add_7_crop_007.png,train,0,ring,617,133,654,173,ground_truth
images/Trip 022 Day 1 08-11-05 Image 9 add_8.png,Trip 022 Day 1 08-11-05 Image 9 add_8_crop_000.png,test,1,schizont,841,646,921,738,ground_truth
images/Trip 022 Day 1 08-11-05 Image 9 add_8.png,Trip 022 Day 1 08-11-05 Image 9 add_8_crop_001.png,test,1,schizont,711,555,799,685,ground_truth
images/Trip 022 Day 1 08-11-05 Image 9 add_8.png,Trip 022 Day 1 08-11-05 Image 9 add_8_crop_002.png,test,1,schizont,210,69,297,204,ground_truth
images/Trip 029 Day 1 22-11-05 Image 10 add_1.png,Trip 029 Day 1 22-11-05 Image 10 add_1_crop_000.png,train,1,schizont,129,97,219,175,ground_truth
images/Trip 029 Day 1 22-11-05 Image 10 add_1.png,Trip 029 Day 1 22-11-05 Image 10 add_1_crop_001.png,train,2,trophozoite,383,511,438,587,ground_truth
images/Trip 029 Day 1 22-11-05 Image 10 add_10.png,Trip 029 Day 1 22-11-05 Image 10 add_10_crop_000.png,test,0,ring,296,318,342,361,ground_truth
images/Trip 029 Day 1 22-11-05 Image 10 add_10.png,Trip 029 Day 1 22-11-05 Image 10 add_10_crop_001.png,test,0,ring,1265,676,1296,721,ground_truth
images/Trip 029 Day 1 22-11-05 Image 10 add_10.png,Trip 029 Day 1 22-11-05 Image 10 add_10_crop_002.png,test,0,ring,847,901,863,915,ground_truth
images/Trip 029 Day 1 22-11-05 Image 10 add_12.png,Trip 029 Day 1 22-11-05 Image 10 add_12_crop_000.png,val,0,ring,1280,453,1323,501,ground_truth
images/Trip 029 Day 1 22-11-05 Image 10 add_12.png,Trip 029 Day 1 22-11-05 Image 10 add_12_crop_001.png,val,2,trophozoite,767,476,816,535,ground_truth
images/Trip 029 Day 1 22-11-05 Image 10 add_14.png,Trip 029 Day 1 22-11-05 Image 10 add_14_crop_000.png,train,2,trophozoite,1151,710,1210,770,ground_truth
images/Trip 029 Day 1 22-11-05 Image 10 add_14.png,Trip 029 Day 1 22-11-05 Image 10 add_14_crop_001.png,train,2,trophozoite,372,372,425,428,ground_truth
images/Trip 029 Day 1 22-11-05 Image 10 add_14.png,Trip 029 Day 1 22-11-05 Image 10 add_14_crop_002.png,train,0,ring,241,982,278,1029,ground_truth
images/Trip 029 Day 1 22-11-05 Image 10 add_2.png,Trip 029 Day 1 22-11-05 Image 10 add_2_crop_000.png,train,0,ring,56,947,97,977,ground_truth
images/Trip 029 Day 1 22-11-05 Image 10 add_2.png,Trip 029 Day 1 22-11-05 Image 10 add_2_crop_001.png,train,0,ring,735,442,776,488,ground_truth
images/Trip 029 Day 1 22-11-05 Image 10 add_2.png,Trip 029 Day 1 22-11-05 Image 10 add_2_crop_002.png,train,2,trophozoite,497,262,572,323,ground_truth
images/Trip 029 Day 1 22-11-05 Image 10 add_2.png,Trip 029 Day 1 22-11-05 Image 10 add_2_crop_003.png,train,2,trophozoite,185,543,237,605,ground_truth
images/Trip 029 Day 1 22-11-05 Image 10 add_3.png,Trip 029 Day 1 22-11-05 Image 10 add_3_crop_000.png,train,1,schizont,0,658,33,745,ground_truth
images/Trip 029 Day 1 22-11-05 Image 10 add_4.png,Trip 029 Day 1 22-11-05 Image 10 add_4_crop_000.png,test,2,trophozoite,756,515,805,569,ground_truth
images/Trip 029 Day 1 22-11-05 Image 10 add_5.png,Trip 029 Day 1 22-11-05 Image 10 add_5_crop_000.png,train,2,trophozoite,764,739,807,780,ground_truth
images/Trip 029 Day 1 22-11-05 Image 10 add_6.png,Trip 029 Day 1 22-11-05 Image 10 add_6_crop_000.png,train,1,schizont,475,477,572,577,ground_truth
images/Trip 029 Day 1 22-11-05 Image 10 add_6.png,Trip 029 Day 1 22-11-05 Image 10 add_6_crop_001.png,train,0,ring,1094,75,1136,121,ground_truth
images/Trip 029 Day 1 22-11-05 Image 10 add_6.png,Trip 029 Day 1 22-11-05 Image 10 add_6_crop_002.png,train,2,trophozoite,888,149,953,209,ground_truth
images/Trip 029 Day 1 22-11-05 Image 10 add_6.png,Trip 029 Day 1 22-11-05 Image 10 add_6_crop_003.png,train,0,ring,455,775,493,801,ground_truth
images/Trip 029 Day 1 22-11-05 Image 10 add_8.png,Trip 029 Day 1 22-11-05 Image 10 add_8_crop_000.png,test,0,ring,514,940,539,966,ground_truth
images/Trip 029 Day 1 22-11-05 Image 10 add_9.png,Trip 029 Day 1 22-11-05 Image 10 add_9_crop_000.png,train,1,schizont,633,477,706,540,ground_truth
images/Trip 029 Day 1 22-11-05 Image 10 add_9.png,Trip 029 Day 1 22-11-05 Image 10 add_9_crop_001.png,train,1,schizont,1291,802,1365,884,ground_truth
images/Trip 029 Day 1 22-11-05 Image 10 add_9.png,Trip 029 Day 1 22-11-05 Image 10 add_9_crop_002.png,train,0,ring,445,881,486,933,ground_truth
images/Trip 029 Day 1 22-11-05 Image 10 add_9.png,Trip 029 Day 1 22-11-05 Image 10 add_9_crop_003.png,train,1,schizont,156,725,264,819,ground_truth
images/Trip 029 Day 1 22-11-05 Image 11 add_1.png,Trip 029 Day 1 22-11-05 Image 11 add_1_crop_000.png,test,1,schizont,25,290,84,382,ground_truth
images/Trip 029 Day 1 22-11-05 Image 11 add_1.png,Trip 029 Day 1 22-11-05 Image 11 add_1_crop_001.png,test,1,schizont,896,383,966,492,ground_truth
images/Trip 029 Day 1 22-11-05 Image 11 add_1.png,Trip 029 Day 1 22-11-05 Image 11 add_1_crop_002.png,test,0,ring,1331,329,1381,377,ground_truth
images/Trip 029 Day 1 22-11-05 Image 11 add_1.png,Trip 029 Day 1 22-11-05 Image 11 add_1_crop_003.png,test,0,ring,1110,655,1149,679,ground_truth
images/Trip 029 Day 1 22-11-05 Image 11 add_1.png,Trip 029 Day 1 22-11-05 Image 11 add_1_crop_004.png,test,2,trophozoite,677,949,730,998,ground_truth
images/Trip 029 Day 1 22-11-05 Image 11 add_10.png,Trip 029 Day 1 22-11-05 Image 11 add_10_crop_000.png,test,0,ring,1309,768,1344,806,ground_truth
images/Trip 029 Day 1 22-11-05 Image 11 add_11.png,Trip 029 Day 1 22-11-05 Image 11 add_11_crop_000.png,test,1,schizont,692,759,775,826,ground_truth
images/Trip 029 Day 1 22-11-05 Image 11 add_11.png,Trip 029 Day 1 22-11-05 Image 11 add_11_crop_001.png,test,0,ring,84,997,117,1025,ground_truth
images/Trip 029 Day 1 22-11-05 Image 11 add_12.png,Trip 029 Day 1 22-11-05 Image 11 add_12_crop_000.png,test,1,schizont,1353,981,1382,1030,ground_truth
images/Trip 029 Day 1 22-11-05 Image 11 add_13.png,Trip 029 Day 1 22-11-05 Image 11 add_13_crop_000.png,train,1,schizont,762,207,837,278,ground_truth
images/Trip 029 Day 1 22-11-05 Image 11 add_13.png,Trip 029 Day 1 22-11-05 Image 11 add_13_crop_001.png,train,0,ring,505,754,544,790,ground_truth
images/Trip 029 Day 1 22-11-05 Image 11 add_13.png,Trip 029 Day 1 22-11-05 Image 11 add_13_crop_002.png,train,2,trophozoite,609,239,678,311,ground_truth
images/Trip 029 Day 1 22-11-05 Image 11 add_13.png,Trip 029 Day 1 22-11-05 Image 11 add_13_crop_003.png,train,2,trophozoite,143,246,192,302,ground_truth
images/Trip 029 Day 1 22-11-05 Image 11 add_13.png,Trip 029 Day 1 22-11-05 Image 11 add_13_crop_004.png,train,0,ring,987,893,1029,953,ground_truth
images/Trip 029 Day 1 22-11-05 Image 11 add_14.png,Trip 029 Day 1 22-11-05 Image 11 add_14_crop_000.png,val,0,ring,16,65,77,117,ground_truth
images/Trip 029 Day 1 22-11-05 Image 11 add_15.png,Trip 029 Day 1 22-11-05 Image 11 add_15_crop_000.png,test,2,trophozoite,50,898,114,937,ground_truth
images/Trip 029 Day 1 22-11-05 Image 11 add_15.png,Trip 029 Day 1 22-11-05 Image 11 add_15_crop_001.png,test,0,ring,1108,911,1147,963,ground_truth
images/Trip 029 Day 1 22-11-05 Image 11 add_15.png,Trip 029 Day 1 22-11-05 Image 11 add_15_crop_002.png,test,0,ring,210,526,239,553,ground_truth
images/Trip 029 Day 1 22-11-05 Image 11 add_2.png,Trip 029 Day 1 22-11-05 Image 11 add_2_crop_000.png,test,1,schizont,1061,281,1128,375,ground_truth
images/Trip 029 Day 1 22-11-05 Image 11 add_2.png,Trip 029 Day 1 22-11-05 Image 11 add_2_crop_001.png,test,2,trophozoite,1103,356,1161,442,ground_truth
images/Trip 029 Day 1 22-11-05 Image 11 add_2.png,Trip 029 Day 1 22-11-05 Image 11 add_2_crop_002.png,test,2,trophozoite,239,909,307,951,ground_truth
images/Trip 029 Day 1 22-11-05 Image 11 add_2.png,Trip 029 Day 1 22-11-05 Image 11 add_2_crop_003.png,test,0,ring,404,33,454,87,ground_truth
images/Trip 029 Day 1 22-11-05 Image 11 add_2.png,Trip 029 Day 1 22-11-05 Image 11 add_2_crop_004.png,test,0,ring,1048,833,1070,856,ground_truth
images/Trip 029 Day 1 22-11-05 Image 11 add_4.png,Trip 029 Day 1 22-11-05 Image 11 add_4_crop_000.png,val,2,trophozoite,628,874,670,917,ground_truth
images/Trip 029 Day 1 22-11-05 Image 11 add_4.png,Trip 029 Day 1 22-11-05 Image 11 add_4_crop_001.png,val,2,trophozoite,167,505,214,547,ground_truth
images/Trip 029 Day 1 22-11-05 Image 11 add_4.png,Trip 029 Day 1 22-11-05 Image 11 add_4_crop_002.png,val,0,ring,787,844,835,877,ground_truth
images/Trip 029 Day 1 22-11-05 Image 11 add_4.png,Trip 029 Day 1 22-11-05 Image 11 add_4_crop_003.png,val,2,trophozoite,1228,244,1314,311,ground_truth
images/Trip 029 Day 1 22-11-05 Image 11 add_5.png,Trip 029 Day 1 22-11-05 Image 11 add_5_crop_000.png,train,1,schizont,941,765,1021,884,ground_truth
images/Trip 029 Day 1 22-11-05 Image 11 add_5.png,Trip 029 Day 1 22-11-05 Image 11 add_5_crop_001.png,train,0,ring,626,240,660,276,ground_truth
images/Trip 029 Day 1 22-11-05 Image 11 add_5.png,Trip 029 Day 1 22-11-05 Image 11 add_5_crop_002.png,train,2,trophozoite,691,749,753,799,ground_truth
images/Trip 029 Day 1 22-11-05 Image 11 add_5.png,Trip 029 Day 1 22-11-05 Image 11 add_5_crop_003.png,train,0,ring,65,93,112,140,ground_truth
images/Trip 029 Day 1 22-11-05 Image 11 add_5.png,Trip 029 Day 1 22-11-05 Image 11 add_5_crop_004.png,train,0,ring,0,138,28,202,ground_truth
images/Trip 029 Day 1 22-11-05 Image 11 add_7.png,Trip 029 Day 1 22-11-05 Image 11 add_7_crop_000.png,train,1,schizont,381,687,460,754,ground_truth
images/Trip 029 Day 1 22-11-05 Image 11 add_7.png,Trip 029 Day 1 22-11-05 Image 11 add_7_crop_001.png,train,1,schizont,143,91,207,162,ground_truth
images/Trip 029 Day 1 22-11-05 Image 11 add_7.png,Trip 029 Day 1 22-11-05 Image 11 add_7_crop_002.png,train,0,ring,553,707,602,750,ground_truth
images/Trip 029 Day 1 22-11-05 Image 11 add_7.png,Trip 029 Day 1 22-11-05 Image 11 add_7_crop_003.png,train,2,trophozoite,604,620,675,692,ground_truth
images/Trip 029 Day 1 22-11-05 Image 11 add_8.png,Trip 029 Day 1 22-11-05 Image 11 add_8_crop_000.png,test,1,schizont,120,59,231,153,ground_truth
images/Trip 029 Day 1 22-11-05 Image 11 add_8.png,Trip 029 Day 1 22-11-05 Image 11 add_8_crop_001.png,test,2,trophozoite,929,41,990,116,ground_truth
images/Trip 029 Day 1 22-11-05 Image 11 add_8.png,Trip 029 Day 1 22-11-05 Image 11 add_8_crop_002.png,test,2,trophozoite,1124,125,1184,199,ground_truth
images/Trip 029 Day 1 22-11-05 Image 11 add_8.png,Trip 029 Day 1 22-11-05 Image 11 add_8_crop_003.png,test,0,ring,1320,718,1358,762,ground_truth
images/Trip 029 Day 1 22-11-05 Image 11 add_8.png,Trip 029 Day 1 22-11-05 Image 11 add_8_crop_004.png,test,2,trophozoite,1337,837,1382,901,ground_truth
images/Trip 029 Day 1 22-11-05 Image 11 add_9.png,Trip 029 Day 1 22-11-05 Image 11 add_9_crop_000.png,val,1,schizont,783,374,868,446,ground_truth
images/Trip 029 Day 1 22-11-05 Image 12 add_1.png,Trip 029 Day 1 22-11-05 Image 12 add_1_crop_000.png,train,1,schizont,128,104,221,188,ground_truth
images/Trip 029 Day 1 22-11-05 Image 12 add_1.png,Trip 029 Day 1 22-11-05 Image 12 add_1_crop_001.png,train,0,ring,1167,638,1213,694,ground_truth
images/Trip 029 Day 1 22-11-05 Image 12 add_1.png,Trip 029 Day 1 22-11-05 Image 12 add_1_crop_002.png,train,2,trophozoite,543,718,614,796,ground_truth
images/Trip 029 Day 1 22-11-05 Image 12 add_1.png,Trip 029 Day 1 22-11-05 Image 12 add_1_crop_003.png,train,2,trophozoite,284,213,336,280,ground_truth
images/Trip 029 Day 1 22-11-05 Image 12 add_1.png,Trip 029 Day 1 22-11-05 Image 12 add_1_crop_004.png,train,2,trophozoite,303,812,370,865,ground_truth
images/Trip 029 Day 1 22-11-05 Image 12 add_1.png,Trip 029 Day 1 22-11-05 Image 12 add_1_crop_005.png,train,0,ring,611,337,631,355,ground_truth
images/Trip 029 Day 1 22-11-05 Image 12 add_10.png,Trip 029 Day 1 22-11-05 Image 12 add_10_crop_000.png,train,0,ring,32,331,101,393,ground_truth
images/Trip 029 Day 1 22-11-05 Image 12 add_12.png,Trip 029 Day 1 22-11-05 Image 12 add_12_crop_000.png,train,0,ring,141,207,163,234,ground_truth
images/Trip 029 Day 1 22-11-05 Image 12 add_12.png,Trip 029 Day 1 22-11-05 Image 12 add_12_crop_001.png,train,2,trophozoite,108,807,162,862,ground_truth
images/Trip 029 Day 1 22-11-05 Image 12 add_12.png,Trip 029 Day 1 22-11-05 Image 12 add_12_crop_002.png,train,0,ring,1036,370,1067,401,ground_truth
images/Trip 029 Day 1 22-11-05 Image 12 add_12.png,Trip 029 Day 1 22-11-05 Image 12 add_12_crop_003.png,train,0,ring,1202,310,1230,341,ground_truth
images/Trip 029 Day 1 22-11-05 Image 12 add_12.png,Trip 029 Day 1 22-11-05 Image 12 add_12_crop_004.png,train,0,ring,961,996,982,1017,ground_truth
images/Trip 029 Day 1 22-11-05 Image 12 add_13.png,Trip 029 Day 1 22-11-05 Image 12 add_13_crop_000.png,train,2,trophozoite,1222,641,1280,686,ground_truth
images/Trip 029 Day 1 22-11-05 Image 12 add_14.png,Trip 029 Day 1 22-11-05 Image 12 add_14_crop_000.png,train,0,ring,1196,46,1238,104,ground_truth
images/Trip 029 Day 1 22-11-05 Image 12 add_14.png,Trip 029 Day 1 22-11-05 Image 12 add_14_crop_001.png,train,2,trophozoite,1269,498,1340,597,ground_truth
images/Trip 029 Day 1 22-11-05 Image 12 add_14.png,Trip 029 Day 1 22-11-05 Image 12 add_14_crop_002.png,train,2,trophozoite,40,0,98,50,ground_truth
images/Trip 029 Day 1 22-11-05 Image 12 add_14.png,Trip 029 Day 1 22-11-05 Image 12 add_14_crop_003.png,train,2,trophozoite,631,598,680,630,ground_truth
images/Trip 029 Day 1 22-11-05 Image 12 add_14.png,Trip 029 Day 1 22-11-05 Image 12 add_14_crop_004.png,train,0,ring,224,460,247,480,ground_truth
images/Trip 029 Day 1 22-11-05 Image 12 add_16.png,Trip 029 Day 1 22-11-05 Image 12 add_16_crop_000.png,train,2,trophozoite,1002,188,1048,242,ground_truth
images/Trip 029 Day 1 22-11-05 Image 12 add_16.png,Trip 029 Day 1 22-11-05 Image 12 add_16_crop_001.png,train,1,schizont,570,622,607,668,ground_truth
images/Trip 029 Day 1 22-11-05 Image 12 add_2.png,Trip 029 Day 1 22-11-05 Image 12 add_2_crop_000.png,test,1,schizont,997,118,1078,201,ground_truth
images/Trip 029 Day 1 22-11-05 Image 12 add_2.png,Trip 029 Day 1 22-11-05 Image 12 add_2_crop_001.png,test,0,ring,224,402,254,437,ground_truth
images/Trip 029 Day 1 22-11-05 Image 12 add_2.png,Trip 029 Day 1 22-11-05 Image 12 add_2_crop_002.png,test,0,ring,224,402,254,437,ground_truth
images/Trip 029 Day 1 22-11-05 Image 12 add_3.png,Trip 029 Day 1 22-11-05 Image 12 add_3_crop_000.png,test,1,schizont,177,159,242,222,ground_truth
images/Trip 029 Day 1 22-11-05 Image 12 add_3.png,Trip 029 Day 1 22-11-05 Image 12 add_3_crop_001.png,test,0,ring,990,13,1046,48,ground_truth
images/Trip 029 Day 1 22-11-05 Image 12 add_4.png,Trip 029 Day 1 22-11-05 Image 12 add_4_crop_000.png,train,2,trophozoite,546,828,613,893,ground_truth
images/Trip 029 Day 1 22-11-05 Image 12 add_4.png,Trip 029 Day 1 22-11-05 Image 12 add_4_crop_001.png,train,0,ring,1243,658,1280,687,ground_truth
images/Trip 029 Day 1 22-11-05 Image 12 add_5.png,Trip 029 Day 1 22-11-05 Image 12 add_5_crop_000.png,train,0,ring,115,622,157,662,ground_truth
images/Trip 029 Day 1 22-11-05 Image 12 add_5.png,Trip 029 Day 1 22-11-05 Image 12 add_5_crop_001.png,train,2,trophozoite,466,68,527,130,ground_truth
images/Trip 029 Day 1 22-11-05 Image 12 add_5.png,Trip 029 Day 1 22-11-05 Image 12 add_5_crop_002.png,train,0,ring,1298,836,1341,870,ground_truth
images/Trip 029 Day 1 22-11-05 Image 12 add_5.png,Trip 029 Day 1 22-11-05 Image 12 add_5_crop_003.png,train,0,ring,409,6,441,30,ground_truth
images/Trip 029 Day 1 22-11-05 Image 12 add_6.png,Trip 029 Day 1 22-11-05 Image 12 add_6_crop_000.png,train,0,ring,361,228,404,277,ground_truth
images/Trip 029 Day 1 22-11-05 Image 12 add_6.png,Trip 029 Day 1 22-11-05 Image 12 add_6_crop_001.png,train,2,trophozoite,18,233,86,299,ground_truth
images/Trip 029 Day 1 22-11-05 Image 12 add_6.png,Trip 029 Day 1 22-11-05 Image 12 add_6_crop_002.png,train,0,ring,1104,987,1140,1027,ground_truth
images/Trip 029 Day 1 22-11-05 Image 12 add_6.png,Trip 029 Day 1 22-11-05 Image 12 add_6_crop_003.png,train,0,ring,1104,987,1140,1027,ground_truth
images/Trip 029 Day 1 22-11-05 Image 12 add_6.png,Trip 029 Day 1 22-11-05 Image 12 add_6_crop_004.png,train,0,ring,1123,701,1160,733,ground_truth
images/Trip 029 Day 1 22-11-05 Image 12 add_6.png,Trip 029 Day 1 22-11-05 Image 12 add_6_crop_005.png,train,0,ring,957,25,996,61,ground_truth
images/Trip 029 Day 1 22-11-05 Image 12 add_7.png,Trip 029 Day 1 22-11-05 Image 12 add_7_crop_000.png,test,2,trophozoite,414,157,463,217,ground_truth
images/Trip 029 Day 1 22-11-05 Image 12 add_7.png,Trip 029 Day 1 22-11-05 Image 12 add_7_crop_001.png,test,1,schizont,1363,277,1382,331,ground_truth
images/Trip 029 Day 1 22-11-05 Image 12 add_7.png,Trip 029 Day 1 22-11-05 Image 12 add_7_crop_002.png,test,2,trophozoite,650,823,714,877,ground_truth
images/Trip 029 Day 1 22-11-05 Image 12 add_7.png,Trip 029 Day 1 22-11-05 Image 12 add_7_crop_003.png,test,0,ring,1068,874,1119,917,ground_truth
images/Trip 029 Day 1 22-11-05 Image 12 add_8.png,Trip 029 Day 1 22-11-05 Image 12 add_8_crop_000.png,val,1,schizont,0,248,49,333,ground_truth
images/Trip 029 Day 1 22-11-05 Image 12 add_8.png,Trip 029 Day 1 22-11-05 Image 12 add_8_crop_001.png,val,2,trophozoite,212,483,285,525,ground_truth
images/Trip 029 Day 1 22-11-05 Image 12 add_8.png,Trip 029 Day 1 22-11-05 Image 12 add_8_crop_002.png,val,0,ring,419,648,461,685,ground_truth
images/Trip 029 Day 1 22-11-05 Image 12 add_8.png,Trip 029 Day 1 22-11-05 Image 12 add_8_crop_003.png,val,2,trophozoite,1226,149,1281,207,ground_truth
images/Trip 029 Day 1 22-11-05 Image 12 add_9.png,Trip 029 Day 1 22-11-05 Image 12 add_9_crop_000.png,train,2,trophozoite,104,891,185,953,ground_truth
images/Trip 029 Day 1 22-11-05 Image 12 add_9.png,Trip 029 Day 1 22-11-05 Image 12 add_9_crop_001.png,train,2,trophozoite,921,982,975,1029,ground_truth
images/Trip 029 Day 1 22-11-05 Image 12 add_9.png,Trip 029 Day 1 22-11-05 Image 12 add_9_crop_002.png,train,2,trophozoite,619,482,665,529,ground_truth
images/Trip 029 Day 1 22-11-05 Image 12 add_9.png,Trip 029 Day 1 22-11-05 Image 12 add_9_crop_003.png,train,0,ring,686,362,721,392,ground_truth
images/Trip 029 Day 1 22-11-05 Image 9 add_1.png,Trip 029 Day 1 22-11-05 Image 9 add_1_crop_000.png,train,0,ring,612,410,653,475,ground_truth
images/Trip 029 Day 1 22-11-05 Image 9 add_1.png,Trip 029 Day 1 22-11-05 Image 9 add_1_crop_001.png,train,0,ring,689,777,718,806,ground_truth
images/Trip 029 Day 1 22-11-05 Image 9 add_1.png,Trip 029 Day 1 22-11-05 Image 9 add_1_crop_002.png,train,2,trophozoite,1167,183,1218,244,ground_truth
images/Trip 029 Day 1 22-11-05 Image 9 add_1.png,Trip 029 Day 1 22-11-05 Image 9 add_1_crop_003.png,train,2,trophozoite,191,389,258,450,ground_truth
images/Trip 029 Day 1 22-11-05 Image 9 add_1.png,Trip 029 Day 1 22-11-05 Image 9 add_1_crop_004.png,train,0,ring,618,573,644,597,ground_truth
images/Trip 029 Day 1 22-11-05 Image 9 add_1.png,Trip 029 Day 1 22-11-05 Image 9 add_1_crop_005.png,train,0,ring,618,573,644,597,ground_truth
images/Trip 029 Day 1 22-11-05 Image 9 add_1.png,Trip 029 Day 1 22-11-05 Image 9 add_1_crop_006.png,train,0,ring,625,278,676,334,ground_truth
images/Trip 029 Day 1 22-11-05 Image 9 add_10.png,Trip 029 Day 1 22-11-05 Image 9 add_10_crop_000.png,train,1,schizont,398,933,457,1025,ground_truth
images/Trip 029 Day 1 22-11-05 Image 9 add_11.png,Trip 029 Day 1 22-11-05 Image 9 add_11_crop_000.png,test,1,schizont,341,970,425,1030,ground_truth
images/Trip 029 Day 1 22-11-05 Image 9 add_11.png,Trip 029 Day 1 22-11-05 Image 9 add_11_crop_001.png,test,2,trophozoite,1048,769,1100,828,ground_truth
images/Trip 029 Day 1 22-11-05 Image 9 add_11.png,Trip 029 Day 1 22-11-05 Image 9 add_11_crop_002.png,test,0,ring,1108,138,1156,177,ground_truth
images/Trip 029 Day 1 22-11-05 Image 9 add_12.png,Trip 029 Day 1 22-11-05 Image 9 add_12_crop_000.png,train,2,trophozoite,386,751,443,799,ground_truth
images/Trip 029 Day 1 22-11-05 Image 9 add_12.png,Trip 029 Day 1 22-11-05 Image 9 add_12_crop_001.png,train,0,ring,1304,854,1326,876,ground_truth
images/Trip 029 Day 1 22-11-05 Image 9 add_13.png,Trip 029 Day 1 22-11-05 Image 9 add_13_crop_000.png,train,2,trophozoite,931,814,992,879,ground_truth
images/Trip 029 Day 1 22-11-05 Image 9 add_13.png,Trip 029 Day 1 22-11-05 Image 9 add_13_crop_001.png,train,2,trophozoite,1310,329,1368,389,ground_truth
images/Trip 029 Day 1 22-11-05 Image 9 add_14.png,Trip 029 Day 1 22-11-05 Image 9 add_14_crop_000.png,train,0,ring,861,762,882,782,ground_truth
images/Trip 029 Day 1 22-11-05 Image 9 add_15.png,Trip 029 Day 1 22-11-05 Image 9 add_15_crop_000.png,train,2,trophozoite,1024,444,1065,496,ground_truth
images/Trip 029 Day 1 22-11-05 Image 9 add_15.png,Trip 029 Day 1 22-11-05 Image 9 add_15_crop_001.png,train,0,ring,1294,881,1330,924,ground_truth
images/Trip 029 Day 1 22-11-05 Image 9 add_2.png,Trip 029 Day 1 22-11-05 Image 9 add_2_crop_000.png,train,0,ring,110,488,149,532,ground_truth
images/Trip 029 Day 1 22-11-05 Image 9 add_2.png,Trip 029 Day 1 22-11-05 Image 9 add_2_crop_001.png,train,0,ring,117,732,179,791,ground_truth
images/Trip 029 Day 1 22-11-05 Image 9 add_2.png,Trip 029 Day 1 22-11-05 Image 9 add_2_crop_002.png,train,1,schizont,949,753,1024,837,ground_truth
images/Trip 029 Day 1 22-11-05 Image 9 add_3.png,Trip 029 Day 1 22-11-05 Image 9 add_3_crop_000.png,train,1,schizont,216,2,287,93,ground_truth
images/Trip 029 Day 1 22-11-05 Image 9 add_3.png,Trip 029 Day 1 22-11-05 Image 9 add_3_crop_001.png,train,2,trophozoite,1226,450,1287,517,ground_truth
images/Trip 029 Day 1 22-11-05 Image 9 add_3.png,Trip 029 Day 1 22-11-05 Image 9 add_3_crop_002.png,train,2,trophozoite,606,558,676,624,ground_truth
images/Trip 029 Day 1 22-11-05 Image 9 add_3.png,Trip 029 Day 1 22-11-05 Image 9 add_3_crop_003.png,train,0,ring,753,145,816,193,ground_truth
images/Trip 029 Day 1 22-11-05 Image 9 add_4.png,Trip 029 Day 1 22-11-05 Image 9 add_4_crop_000.png,train,2,trophozoite,136,222,191,274,ground_truth
images/Trip 029 Day 1 22-11-05 Image 9 add_5.png,Trip 029 Day 1 22-11-05 Image 9 add_5_crop_000.png,train,1,schizont,16,341,78,400,ground_truth
images/Trip 029 Day 1 22-11-05 Image 9 add_5.png,Trip 029 Day 1 22-11-05 Image 9 add_5_crop_001.png,train,0,ring,584,720,620,774,ground_truth
images/Trip 029 Day 1 22-11-05 Image 9 add_5.png,Trip 029 Day 1 22-11-05 Image 9 add_5_crop_002.png,train,0,ring,882,116,915,151,ground_truth
images/Trip 029 Day 1 22-11-05 Image 9 add_5.png,Trip 029 Day 1 22-11-05 Image 9 add_5_crop_003.png,train,0,ring,1338,652,1369,688,ground_truth
images/Trip 029 Day 1 22-11-05 Image 9 add_6.png,Trip 029 Day 1 22-11-05 Image 9 add_6_crop_000.png,test,1,schizont,1130,450,1207,520,ground_truth
images/Trip 029 Day 1 22-11-05 Image 9 add_6.png,Trip 029 Day 1 22-11-05 Image 9 add_6_crop_001.png,test,0,ring,1234,168,1273,204,ground_truth
images/Trip 029 Day 1 22-11-05 Image 9 add_6.png,Trip 029 Day 1 22-11-05 Image 9 add_6_crop_002.png,test,2,trophozoite,443,536,498,599,ground_truth
images/Trip 029 Day 1 22-11-05 Image 9 add_6.png,Trip 029 Day 1 22-11-05 Image 9 add_6_crop_003.png,test,0,ring,638,1004,662,1030,ground_truth
images/Trip 029 Day 1 22-11-05 Image 9 add_7.png,Trip 029 Day 1 22-11-05 Image 9 add_7_crop_000.png,train,0,ring,780,148,815,176,ground_truth
images/Trip 029 Day 1 22-11-05 Image 9 add_7.png,Trip 029 Day 1 22-11-05 Image 9 add_7_crop_001.png,train,2,trophozoite,106,650,173,711,ground_truth
images/Trip 029 Day 1 22-11-05 Image 9 add_7.png,Trip 029 Day 1 22-11-05 Image 9 add_7_crop_002.png,train,2,trophozoite,0,372,54,435,ground_truth
images/Trip 029 Day 1 22-11-05 Image 9 add_7.png,Trip 029 Day 1 22-11-05 Image 9 add_7_crop_003.png,train,2,trophozoite,1165,357,1219,423,ground_truth
images/Trip 029 Day 1 22-11-05 Image 9 add_8.png,Trip 029 Day 1 22-11-05 Image 9 add_8_crop_000.png,val,0,ring,1227,70,1265,119,ground_truth
images/Trip 029 Day 1 22-11-05 Image 9 add_9.png,Trip 029 Day 1 22-11-05 Image 9 add_9_crop_000.png,val,1,schizont,1191,587,1288,687,ground_truth
images/Trip 029 Day 1 22-11-05 Image 9 add_9.png,Trip 029 Day 1 22-11-05 Image 9 add_9_crop_001.png,val,0,ring,629,77,667,121,ground_truth
images/Trip 038 Day 1 01-12-05 Image 10 add_1.png,Trip 038 Day 1 01-12-05 Image 10 add_1_crop_000.png,val,1,schizont,444,230,530,323,ground_truth
images/Trip 038 Day 1 01-12-05 Image 10 add_1.png,Trip 038 Day 1 01-12-05 Image 10 add_1_crop_001.png,val,0,ring,546,454,629,533,ground_truth
images/Trip 038 Day 1 01-12-05 Image 10 add_1.png,Trip 038 Day 1 01-12-05 Image 10 add_1_crop_002.png,val,1,schizont,287,882,381,964,ground_truth
images/Trip 038 Day 1 01-12-05 Image 10 add_10.png,Trip 038 Day 1 01-12-05 Image 10 add_10_crop_000.png,train,1,schizont,1073,719,1164,818,ground_truth
images/Trip 038 Day 1 01-12-05 Image 10 add_11.png,Trip 038 Day 1 01-12-05 Image 10 add_11_crop_000.png,train,2,trophozoite,164,825,229,900,ground_truth
images/Trip 038 Day 1 01-12-05 Image 10 add_13.png,Trip 038 Day 1 01-12-05 Image 10 add_13_crop_000.png,train,1,schizont,46,317,155,413,ground_truth
images/Trip 038 Day 1 01-12-05 Image 10 add_14.png,Trip 038 Day 1 01-12-05 Image 10 add_14_crop_000.png,train,0,ring,964,380,1022,436,ground_truth
images/Trip 038 Day 1 01-12-05 Image 10 add_16.png,Trip 038 Day 1 01-12-05 Image 10 add_16_crop_000.png,train,1,schizont,442,795,543,912,ground_truth
images/Trip 038 Day 1 01-12-05 Image 10 add_5.png,Trip 038 Day 1 01-12-05 Image 10 add_5_crop_000.png,train,1,schizont,1213,892,1345,991,ground_truth
images/Trip 038 Day 1 01-12-05 Image 10 add_5.png,Trip 038 Day 1 01-12-05 Image 10 add_5_crop_001.png,train,2,trophozoite,421,430,493,505,ground_truth
images/Trip 038 Day 1 01-12-05 Image 10 add_6.png,Trip 038 Day 1 01-12-05 Image 10 add_6_crop_000.png,test,2,trophozoite,108,153,175,226,ground_truth
images/Trip 038 Day 1 01-12-05 Image 10 add_7.png,Trip 038 Day 1 01-12-05 Image 10 add_7_crop_000.png,train,1,schizont,1046,119,1134,210,ground_truth
images/Trip 038 Day 1 01-12-05 Image 10 add_7.png,Trip 038 Day 1 01-12-05 Image 10 add_7_crop_001.png,train,2,trophozoite,1244,945,1286,986,ground_truth
images/Trip 038 Day 1 01-12-05 Image 10 add_7.png,Trip 038 Day 1 01-12-05 Image 10 add_7_crop_002.png,train,0,ring,1212,89,1264,130,ground_truth
images/Trip 038 Day 1 01-12-05 Image 10 add_8.png,Trip 038 Day 1 01-12-05 Image 10 add_8_crop_000.png,train,2,trophozoite,30,490,117,582,ground_truth
images/Trip 038 Day 1 01-12-05 Image 11 add_1.png,Trip 038 Day 1 01-12-05 Image 11 add_1_crop_000.png,val,0,ring,960,65,1013,117,ground_truth
images/Trip 038 Day 1 01-12-05 Image 11 add_1.png,Trip 038 Day 1 01-12-05 Image 11 add_1_crop_001.png,val,2,trophozoite,641,372,709,456,ground_truth
images/Trip 038 Day 1 01-12-05 Image 11 add_1.png,Trip 038 Day 1 01-12-05 Image 11 add_1_crop_002.png,val,1,schizont,8,326,85,431,ground_truth
images/Trip 038 Day 1 01-12-05 Image 11 add_1.png,Trip 038 Day 1 01-12-05 Image 11 add_1_crop_003.png,val,1,schizont,1281,510,1381,594,ground_truth
images/Trip 038 Day 1 01-12-05 Image 11 add_11.png,Trip 038 Day 1 01-12-05 Image 11 add_11_crop_000.png,train,1,schizont,935,859,1042,978,ground_truth
images/Trip 038 Day 1 01-12-05 Image 11 add_11.png,Trip 038 Day 1 01-12-05 Image 11 add_11_crop_001.png,train,2,trophozoite,832,275,911,354,ground_truth
images/Trip 038 Day 1 01-12-05 Image 11 add_4.png,Trip 038 Day 1 01-12-05 Image 11 add_4_crop_000.png,train,1,schizont,912,1002,1002,1030,ground_truth
images/Trip 038 Day 1 01-12-05 Image 11 add_5.png,Trip 038 Day 1 01-12-05 Image 11 add_5_crop_000.png,train,2,trophozoite,801,126,867,189,ground_truth
images/Trip 038 Day 1 01-12-05 Image 11 add_7.png,Trip 038 Day 1 01-12-05 Image 11 add_7_crop_000.png,train,0,ring,396,65,432,92,ground_truth
images/Trip 038 Day 1 01-12-05 Image 11 add_8.png,Trip 038 Day 1 01-12-05 Image 11 add_8_crop_000.png,train,1,schizont,927,0,1017,66,ground_truth
images/Trip 038 Day 1 01-12-05 Image 18 add_1.png,Trip 038 Day 1 01-12-05 Image 18 add_1_crop_000.png,train,1,schizont,927,870,1046,994,ground_truth
images/Trip 038 Day 1 01-12-05 Image 18 add_1.png,Trip 038 Day 1 01-12-05 Image 18 add_1_crop_001.png,train,2,trophozoite,753,52,833,156,ground_truth
images/Trip 038 Day 1 01-12-05 Image 18 add_1.png,Trip 038 Day 1 01-12-05 Image 18 add_1_crop_002.png,train,1,schizont,183,246,309,366,ground_truth
images/Trip 038 Day 1 01-12-05 Image 18 add_12.png,Trip 038 Day 1 01-12-05 Image 18 add_12_crop_000.png,val,2,trophozoite,0,135,105,242,ground_truth
images/Trip 038 Day 1 01-12-05 Image 18 add_2.png,Trip 038 Day 1 01-12-05 Image 18 add_2_crop_000.png,train,1,schizont,367,1000,452,1029,ground_truth
images/Trip 038 Day 1 01-12-05 Image 18 add_4.png,Trip 038 Day 1 01-12-05 Image 18 add_4_crop_000.png,train,1,schizont,1238,679,1360,787,ground_truth
images/Trip 038 Day 1 01-12-05 Image 18 add_5.png,Trip 038 Day 1 01-12-05 Image 18 add_5_crop_000.png,train,2,trophozoite,305,725,407,830,ground_truth
images/Trip 038 Day 1 01-12-05 Image 18 add_6.png,Trip 038 Day 1 01-12-05 Image 18 add_6_crop_000.png,train,1,schizont,351,0,471,86,ground_truth
images/Trip 038 Day 1 01-12-05 Image 19 add_1.png,Trip 038 Day 1 01-12-05 Image 19 add_1_crop_000.png,val,2,trophozoite,732,422,846,524,ground_truth
images/Trip 038 Day 1 01-12-05 Image 19 add_11.png,Trip 038 Day 1 01-12-05 Image 19 add_11_crop_000.png,train,2,trophozoite,97,323,226,450,ground_truth
images/Trip 038 Day 1 01-12-05 Image 19 add_11.png,Trip 038 Day 1 01-12-05 Image 19 add_11_crop_001.png,train,1,schizont,610,858,720,979,ground_truth
images/Trip 038 Day 1 01-12-05 Image 19 add_3.png,Trip 038 Day 1 01-12-05 Image 19 add_3_crop_000.png,train,2,trophozoite,778,0,883,86,ground_truth
images/Trip 038 Day 1 01-12-05 Image 19 add_5.png,Trip 038 Day 1 01-12-05 Image 19 add_5_crop_000.png,train,2,trophozoite,1176,334,1243,398,ground_truth
images/Trip 038 Day 1 01-12-05 Image 19 add_5.png,Trip 038 Day 1 01-12-05 Image 19 add_5_crop_001.png,train,1,schizont,1277,355,1381,488,ground_truth
images/Trip 038 Day 1 01-12-05 Image 19 add_6.png,Trip 038 Day 1 01-12-05 Image 19 add_6_crop_000.png,train,1,schizont,0,389,18,441,ground_truth
images/Trip 038 Day 1 01-12-05 Image 19 add_9.png,Trip 038 Day 1 01-12-05 Image 19 add_9_crop_000.png,train,1,schizont,1190,0,1314,77,ground_truth
images/Trip 038 Day 1 01-12-05 Image 20 add_1.png,Trip 038 Day 1 01-12-05 Image 20 add_1_crop_000.png,train,2,trophozoite,269,757,349,863,ground_truth
images/Trip 038 Day 1 01-12-05 Image 20 add_1.png,Trip 038 Day 1 01-12-05 Image 20 add_1_crop_001.png,train,1,schizont,368,516,441,616,ground_truth
images/Trip 038 Day 1 01-12-05 Image 20 add_1.png,Trip 038 Day 1 01-12-05 Image 20 add_1_crop_002.png,train,2,trophozoite,945,274,1002,355,ground_truth
images/Trip 038 Day 1 01-12-05 Image 20 add_14.png,Trip 038 Day 1 01-12-05 Image 20 add_14_crop_000.png,train,0,ring,900,109,963,167,ground_truth
images/Trip 038 Day 1 01-12-05 Image 20 add_14.png,Trip 038 Day 1 01-12-05 Image 20 add_14_crop_001.png,train,2,trophozoite,0,682,75,773,ground_truth
images/Trip 038 Day 1 01-12-05 Image 20 add_15.png,Trip 038 Day 1 01-12-05 Image 20 add_15_crop_000.png,train,1,schizont,895,131,978,214,ground_truth
images/Trip 038 Day 1 01-12-05 Image 20 add_15.png,Trip 038 Day 1 01-12-05 Image 20 add_15_crop_001.png,train,1,schizont,895,131,978,214,ground_truth
images/Trip 038 Day 1 01-12-05 Image 20 add_15.png,Trip 038 Day 1 01-12-05 Image 20 add_15_crop_002.png,train,2,trophozoite,392,715,480,792,ground_truth
images/Trip 038 Day 1 01-12-05 Image 20 add_3.png,Trip 038 Day 1 01-12-05 Image 20 add_3_crop_000.png,train,2,trophozoite,899,220,971,294,ground_truth
images/Trip 038 Day 1 01-12-05 Image 20 add_3.png,Trip 038 Day 1 01-12-05 Image 20 add_3_crop_001.png,train,1,schizont,1001,995,1088,1030,ground_truth
images/Trip 038 Day 1 01-12-05 Image 20 add_4.png,Trip 038 Day 1 01-12-05 Image 20 add_4_crop_000.png,train,0,ring,340,330,396,392,ground_truth
images/Trip 038 Day 1 01-12-05 Image 20 add_4.png,Trip 038 Day 1 01-12-05 Image 20 add_4_crop_001.png,train,1,schizont,1349,299,1382,382,ground_truth
images/Trip 038 Day 1 01-12-05 Image 20 add_7.png,Trip 038 Day 1 01-12-05 Image 20 add_7_crop_000.png,train,1,schizont,982,355,1059,461,ground_truth
images/Trip 038 Day 1 01-12-05 Image 20 add_7.png,Trip 038 Day 1 01-12-05 Image 20 add_7_crop_001.png,train,1,schizont,982,355,1059,461,ground_truth
images/Trip 038 Day 1 01-12-05 Image 20 add_7.png,Trip 038 Day 1 01-12-05 Image 20 add_7_crop_002.png,train,1,schizont,987,0,1082,32,ground_truth
images/Trip 038 Day 1 01-12-05 Image 21 add_1.png,Trip 038 Day 1 01-12-05 Image 21 add_1_crop_000.png,train,1,schizont,147,79,252,181,ground_truth
images/Trip 038 Day 1 01-12-05 Image 21 add_1.png,Trip 038 Day 1 01-12-05 Image 21 add_1_crop_001.png,train,2,trophozoite,1118,450,1191,536,ground_truth
images/Trip 038 Day 1 01-12-05 Image 21 add_12.png,Trip 038 Day 1 01-12-05 Image 21 add_12_crop_000.png,train,1,schizont,184,194,280,267,ground_truth
images/Trip 038 Day 1 01-12-05 Image 21 add_15.png,Trip 038 Day 1 01-12-05 Image 21 add_15_crop_000.png,test,2,trophozoite,22,753,96,824,ground_truth
images/Trip 038 Day 1 01-12-05 Image 21 add_2.png,Trip 038 Day 1 01-12-05 Image 21 add_2_crop_000.png,train,1,schizont,620,232,696,332,ground_truth
images/Trip 038 Day 1 01-12-05 Image 21 add_8.png,Trip 038 Day 1 01-12-05 Image 21 add_8_crop_000.png,train,1,schizont,623,279,719,375,ground_truth
images/Trip 038 Day 1 01-12-05 Image 21 add_9.png,Trip 038 Day 1 01-12-05 Image 21 add_9_crop_000.png,train,1,schizont,23,900,112,992,ground_truth
images/Trip 038 Day 1 01-12-05 Image 21 add_9.png,Trip 038 Day 1 01-12-05 Image 21 add_9_crop_001.png,train,1,schizont,1062,816,1154,911,ground_truth
images/Trip 038 Day 1 01-12-05 Image 22 add_1.png,Trip 038 Day 1 01-12-05 Image 22 add_1_crop_000.png,val,1,schizont,843,37,943,145,ground_truth
images/Trip 038 Day 1 01-12-05 Image 22 add_1.png,Trip 038 Day 1 01-12-05 Image 22 add_1_crop_001.png,val,2,trophozoite,33,919,121,1030,ground_truth
images/Trip 038 Day 1 01-12-05 Image 22 add_1.png,Trip 038 Day 1 01-12-05 Image 22 add_1_crop_002.png,val,2,trophozoite,245,972,346,1030,ground_truth
images/Trip 038 Day 1 01-12-05 Image 22 add_12.png,Trip 038 Day 1 01-12-05 Image 22 add_12_crop_000.png,train,2,trophozoite,352,50,424,118,ground_truth
images/Trip 038 Day 1 01-12-05 Image 22 add_13.png,Trip 038 Day 1 01-12-05 Image 22 add_13_crop_000.png,train,2,trophozoite,100,602,193,708,ground_truth
images/Trip 038 Day 1 01-12-05 Image 22 add_14.png,Trip 038 Day 1 01-12-05 Image 22 add_14_crop_000.png,train,1,schizont,1331,977,1381,1029,ground_truth
images/Trip 038 Day 1 01-12-05 Image 22 add_15.png,Trip 038 Day 1 01-12-05 Image 22 add_15_crop_000.png,train,1,schizont,0,982,25,1029,ground_truth
images/Trip 038 Day 1 01-12-05 Image 22 add_16.png,Trip 038 Day 1 01-12-05 Image 22 add_16_crop_000.png,train,0,ring,1239,235,1298,272,ground_truth
images/Trip 038 Day 1 01-12-05 Image 22 add_3.png,Trip 038 Day 1 01-12-05 Image 22 add_3_crop_000.png,test,2,trophozoite,958,854,1039,951,ground_truth
images/Trip 038 Day 1 01-12-05 Image 22 add_4.png,Trip 038 Day 1 01-12-05 Image 22 add_4_crop_000.png,train,2,trophozoite,503,873,603,969,ground_truth
images/Trip 038 Day 1 01-12-05 Image 22 add_5.png,Trip 038 Day 1 01-12-05 Image 22 add_5_crop_000.png,train,1,schizont,249,0,342,36,ground_truth
images/Trip 038 Day 1 01-12-05 Image 22 add_5.png,Trip 038 Day 1 01-12-05 Image 22 add_5_crop_001.png,train,1,schizont,1355,774,1381,834,ground_truth
images/Trip 038 Day 1 01-12-05 Image 22 add_6.png,Trip 038 Day 1 01-12-05 Image 22 add_6_crop_000.png,train,1,schizont,915,752,1030,852,ground_truth
images/Trip 038 Day 1 01-12-05 Image 22 add_6.png,Trip 038 Day 1 01-12-05 Image 22 add_6_crop_001.png,train,1,schizont,0,755,90,853,ground_truth
images/Trip 038 Day 1 01-12-05 Image 23 add_1.png,Trip 038 Day 1 01-12-05 Image 23 add_1_crop_000.png,test,1,schizont,377,112,486,212,ground_truth
images/Trip 038 Day 1 01-12-05 Image 23 add_1.png,Trip 038 Day 1 01-12-05 Image 23 add_1_crop_001.png,test,1,schizont,594,252,697,378,ground_truth
images/Trip 038 Day 1 01-12-05 Image 23 add_1.png,Trip 038 Day 1 01-12-05 Image 23 add_1_crop_002.png,test,2,trophozoite,792,909,865,976,ground_truth
images/Trip 038 Day 1 01-12-05 Image 23 add_1.png,Trip 038 Day 1 01-12-05 Image 23 add_1_crop_003.png,test,0,ring,1194,641,1216,660,ground_truth
images/Trip 038 Day 1 01-12-05 Image 23 add_10.png,Trip 038 Day 1 01-12-05 Image 23 add_10_crop_000.png,train,1,schizont,662,116,766,217,ground_truth
images/Trip 038 Day 1 01-12-05 Image 23 add_11.png,Trip 038 Day 1 01-12-05 Image 23 add_11_crop_000.png,train,0,ring,828,624,886,675,ground_truth
images/Trip 038 Day 1 01-12-05 Image 23 add_14.png,Trip 038 Day 1 01-12-05 Image 23 add_14_crop_000.png,val,1,schizont,98,545,200,642,ground_truth
images/Trip 038 Day 1 01-12-05 Image 23 add_14.png,Trip 038 Day 1 01-12-05 Image 23 add_14_crop_001.png,val,0,ring,343,930,403,994,ground_truth
images/Trip 038 Day 1 01-12-05 Image 23 add_15.png,Trip 038 Day 1 01-12-05 Image 23 add_15_crop_000.png,train,1,schizont,760,502,853,614,ground_truth
images/Trip 038 Day 1 01-12-05 Image 23 add_16.png,Trip 038 Day 1 01-12-05 Image 23 add_16_crop_000.png,train,2,trophozoite,581,745,661,809,ground_truth
images/Trip 038 Day 1 01-12-05 Image 23 add_2.png,Trip 038 Day 1 01-12-05 Image 23 add_2_crop_000.png,val,1,schizont,630,339,735,427,ground_truth
images/Trip 038 Day 1 01-12-05 Image 23 add_4.png,Trip 038 Day 1 01-12-05 Image 23 add_4_crop_000.png,val,1,schizont,1079,651,1171,751,ground_truth
images/Trip 038 Day 1 01-12-05 Image 23 add_7.png,Trip 038 Day 1 01-12-05 Image 23 add_7_crop_000.png,test,1,schizont,938,337,1025,426,ground_truth
images/Trip 038 Day 1 01-12-05 Image 23 add_9.png,Trip 038 Day 1 01-12-05 Image 23 add_9_crop_000.png,test,2,trophozoite,1247,851,1306,906,ground_truth
images/Trip 038 Day 1 01-12-05 Image 26 add_1.png,Trip 038 Day 1 01-12-05 Image 26 add_1_crop_000.png,train,2,trophozoite,556,62,630,134,ground_truth
images/Trip 038 Day 1 01-12-05 Image 26 add_1.png,Trip 038 Day 1 01-12-05 Image 26 add_1_crop_001.png,train,2,trophozoite,567,850,644,932,ground_truth
images/Trip 038 Day 1 01-12-05 Image 26 add_15.png,Trip 038 Day 1 01-12-05 Image 26 add_15_crop_000.png,train,1,schizont,882,81,995,179,ground_truth
images/Trip 038 Day 1 01-12-05 Image 26 add_16.png,Trip 038 Day 1 01-12-05 Image 26 add_16_crop_000.png,test,1,schizont,898,482,1003,590,ground_truth
images/Trip 038 Day 1 01-12-05 Image 26 add_16.png,Trip 038 Day 1 01-12-05 Image 26 add_16_crop_001.png,test,1,schizont,847,194,970,295,ground_truth
images/Trip 038 Day 1 01-12-05 Image 26 add_3.png,Trip 038 Day 1 01-12-05 Image 26 add_3_crop_000.png,val,0,ring,341,157,390,206,ground_truth
images/Trip 038 Day 1 01-12-05 Image 26 add_8.png,Trip 038 Day 1 01-12-05 Image 26 add_8_crop_000.png,train,0,ring,681,333,707,358,ground_truth
images/Trip 038 Day 1 01-12-05 Image 26 add_9.png,Trip 038 Day 1 01-12-05 Image 26 add_9_crop_000.png,val,0,ring,265,864,301,907,ground_truth
images/Trip 038 Day 1 01-12-05 Image 27 add_1.png,Trip 038 Day 1 01-12-05 Image 27 add_1_crop_000.png,train,1,schizont,775,334,876,437,ground_truth
images/Trip 038 Day 1 01-12-05 Image 27 add_1.png,Trip 038 Day 1 01-12-05 Image 27 add_1_crop_001.png,train,1,schizont,166,179,283,283,ground_truth
images/Trip 038 Day 1 01-12-05 Image 27 add_11.png,Trip 038 Day 1 01-12-05 Image 27 add_11_crop_000.png,test,2,trophozoite,528,261,611,356,ground_truth
images/Trip 038 Day 1 01-12-05 Image 27 add_12.png,Trip 038 Day 1 01-12-05 Image 27 add_12_crop_000.png,train,0,ring,490,676,517,716,ground_truth
images/Trip 038 Day 1 01-12-05 Image 27 add_15.png,Trip 038 Day 1 01-12-05 Image 27 add_15_crop_000.png,val,1,schizont,1079,3,1194,122,ground_truth
images/Trip 038 Day 1 01-12-05 Image 27 add_16.png,Trip 038 Day 1 01-12-05 Image 27 add_16_crop_000.png,train,1,schizont,125,934,222,1029,ground_truth
images/Trip 038 Day 1 01-12-05 Image 27 add_8.png,Trip 038 Day 1 01-12-05 Image 27 add_8_crop_000.png,train,1,schizont,1002,150,1111,250,ground_truth
images/Trip 038 Day 1 01-12-05 Image 27 add_8.png,Trip 038 Day 1 01-12-05 Image 27 add_8_crop_001.png,train,0,ring,1129,179,1190,241,ground_truth
images/Trip 038 Day 1 01-12-05 Image 30 add_1.png,Trip 038 Day 1 01-12-05 Image 30 add_1_crop_000.png,train,1,schizont,869,44,948,129,ground_truth
images/Trip 038 Day 1 01-12-05 Image 30 add_1.png,Trip 038 Day 1 01-12-05 Image 30 add_1_crop_001.png,train,2,trophozoite,704,99,811,202,ground_truth
images/Trip 038 Day 1 01-12-05 Image 30 add_1.png,Trip 038 Day 1 01-12-05 Image 30 add_1_crop_002.png,train,0,ring,710,905,757,957,ground_truth
images/Trip 038 Day 1 01-12-05 Image 30 add_1.png,Trip 038 Day 1 01-12-05 Image 30 add_1_crop_003.png,train,2,trophozoite,106,117,167,191,ground_truth
images/Trip 038 Day 1 01-12-05 Image 30 add_10.png,Trip 038 Day 1 01-12-05 Image 30 add_10_crop_000.png,val,1,schizont,0,149,47,235,ground_truth
images/Trip 038 Day 1 01-12-05 Image 30 add_10.png,Trip 038 Day 1 01-12-05 Image 30 add_10_crop_001.png,val,1,schizont,1304,631,1373,723,ground_truth
images/Trip 038 Day 1 01-12-05 Image 30 add_10.png,Trip 038 Day 1 01-12-05 Image 30 add_10_crop_002.png,val,0,ring,910,921,942,948,ground_truth
images/Trip 038 Day 1 01-12-05 Image 30 add_12.png,Trip 038 Day 1 01-12-05 Image 30 add_12_crop_000.png,train,2,trophozoite,698,864,777,971,ground_truth
images/Trip 038 Day 1 01-12-05 Image 30 add_2.png,Trip 038 Day 1 01-12-05 Image 30 add_2_crop_000.png,train,1,schizont,782,806,862,905,ground_truth
images/Trip 038 Day 1 01-12-05 Image 30 add_2.png,Trip 038 Day 1 01-12-05 Image 30 add_2_crop_001.png,train,2,trophozoite,472,108,547,198,ground_truth
images/Trip 038 Day 1 01-12-05 Image 30 add_2.png,Trip 038 Day 1 01-12-05 Image 30 add_2_crop_002.png,train,2,trophozoite,472,108,547,198,ground_truth
images/Trip 038 Day 1 01-12-05 Image 30 add_5.png,Trip 038 Day 1 01-12-05 Image 30 add_5_crop_000.png,val,1,schizont,1078,0,1172,80,ground_truth
images/Trip 038 Day 1 01-12-05 Image 30 add_6.png,Trip 038 Day 1 01-12-05 Image 30 add_6_crop_000.png,train,1,schizont,93,695,196,803,ground_truth
images/Trip 038 Day 1 01-12-05 Image 30 add_6.png,Trip 038 Day 1 01-12-05 Image 30 add_6_crop_001.png,train,1,schizont,790,202,871,298,ground_truth
images/Trip 038 Day 1 01-12-05 Image 30 add_6.png,Trip 038 Day 1 01-12-05 Image 30 add_6_crop_002.png,train,0,ring,761,948,803,1015,ground_truth
images/Trip 038 Day 1 01-12-05 Image 30 add_6.png,Trip 038 Day 1 01-12-05 Image 30 add_6_crop_003.png,train,1,schizont,287,57,376,183,ground_truth
images/Trip 038 Day 1 01-12-05 Image 30 add_9.png,Trip 038 Day 1 01-12-05 Image 30 add_9_crop_000.png,val,1,schizont,992,687,1107,795,ground_truth
images/Trip 038 Day 1 01-12-05 Image 30 add_9.png,Trip 038 Day 1 01-12-05 Image 30 add_9_crop_001.png,val,1,schizont,1358,161,1382,236,ground_truth
images/Trip 043 Day 2 24-10-05 Image 11 add_1.png,Trip 043 Day 2 24-10-05 Image 11 add_1_crop_000.png,train,1,schizont,56,907,131,994,ground_truth
images/Trip 043 Day 2 24-10-05 Image 11 add_1.png,Trip 043 Day 2 24-10-05 Image 11 add_1_crop_001.png,train,0,ring,1174,441,1215,485,ground_truth
images/Trip 043 Day 2 24-10-05 Image 11 add_1.png,Trip 043 Day 2 24-10-05 Image 11 add_1_crop_002.png,train,0,ring,310,161,349,202,ground_truth
images/Trip 043 Day 2 24-10-05 Image 11 add_1.png,Trip 043 Day 2 24-10-05 Image 11 add_1_crop_003.png,train,2,trophozoite,1222,370,1280,414,ground_truth
images/Trip 043 Day 2 24-10-05 Image 11 add_1.png,Trip 043 Day 2 24-10-05 Image 11 add_1_crop_004.png,train,0,ring,1194,73,1214,95,ground_truth
images/Trip 043 Day 2 24-10-05 Image 11 add_1.png,Trip 043 Day 2 24-10-05 Image 11 add_1_crop_005.png,train,0,ring,947,418,972,444,ground_truth
images/Trip 043 Day 2 24-10-05 Image 11 add_1.png,Trip 043 Day 2 24-10-05 Image 11 add_1_crop_006.png,train,0,ring,601,556,619,576,ground_truth
images/Trip 043 Day 2 24-10-05 Image 11 add_1.png,Trip 043 Day 2 24-10-05 Image 11 add_1_crop_007.png,train,0,ring,443,898,479,944,ground_truth
images/Trip 043 Day 2 24-10-05 Image 11 add_1.png,Trip 043 Day 2 24-10-05 Image 11 add_1_crop_008.png,train,0,ring,947,418,972,444,ground_truth
images/Trip 043 Day 2 24-10-05 Image 11 add_10.png,Trip 043 Day 2 24-10-05 Image 11 add_10_crop_000.png,train,2,trophozoite,0,380,66,473,ground_truth
images/Trip 043 Day 2 24-10-05 Image 11 add_10.png,Trip 043 Day 2 24-10-05 Image 11 add_10_crop_001.png,train,1,schizont,512,411,626,476,ground_truth
images/Trip 043 Day 2 24-10-05 Image 11 add_10.png,Trip 043 Day 2 24-10-05 Image 11 add_10_crop_002.png,train,2,trophozoite,684,357,733,427,ground_truth
images/Trip 043 Day 2 24-10-05 Image 11 add_10.png,Trip 043 Day 2 24-10-05 Image 11 add_10_crop_003.png,train,0,ring,44,733,69,761,ground_truth
images/Trip 043 Day 2 24-10-05 Image 11 add_11.png,Trip 043 Day 2 24-10-05 Image 11 add_11_crop_000.png,train,2,trophozoite,654,380,720,441,ground_truth
images/Trip 043 Day 2 24-10-05 Image 11 add_12.png,Trip 043 Day 2 24-10-05 Image 11 add_12_crop_000.png,test,0,ring,1228,456,1253,486,ground_truth
images/Trip 043 Day 2 24-10-05 Image 11 add_13.png,Trip 043 Day 2 24-10-05 Image 11 add_13_crop_000.png,train,2,trophozoite,1047,212,1122,292,ground_truth
images/Trip 043 Day 2 24-10-05 Image 11 add_14.png,Trip 043 Day 2 24-10-05 Image 11 add_14_crop_000.png,train,1,schizont,167,894,233,982,ground_truth
images/Trip 043 Day 2 24-10-05 Image 11 add_14.png,Trip 043 Day 2 24-10-05 Image 11 add_14_crop_001.png,train,1,schizont,398,449,499,555,ground_truth
images/Trip 043 Day 2 24-10-05 Image 11 add_14.png,Trip 043 Day 2 24-10-05 Image 11 add_14_crop_002.png,train,0,ring,936,880,958,902,ground_truth
images/Trip 043 Day 2 24-10-05 Image 11 add_15.png,Trip 043 Day 2 24-10-05 Image 11 add_15_crop_000.png,val,1,schizont,308,715,384,783,ground_truth
images/Trip 043 Day 2 24-10-05 Image 11 add_15.png,Trip 043 Day 2 24-10-05 Image 11 add_15_crop_001.png,val,0,ring,271,412,314,455,ground_truth
images/Trip 043 Day 2 24-10-05 Image 11 add_15.png,Trip 043 Day 2 24-10-05 Image 11 add_15_crop_002.png,val,0,ring,480,97,511,124,ground_truth
images/Trip 043 Day 2 24-10-05 Image 11 add_15.png,Trip 043 Day 2 24-10-05 Image 11 add_15_crop_003.png,val,0,ring,211,607,243,644,ground_truth
images/Trip 043 Day 2 24-10-05 Image 11 add_16.png,Trip 043 Day 2 24-10-05 Image 11 add_16_crop_000.png,test,1,schizont,1156,543,1220,633,ground_truth
images/Trip 043 Day 2 24-10-05 Image 11 add_16.png,Trip 043 Day 2 24-10-05 Image 11 add_16_crop_001.png,test,0,ring,1182,108,1208,134,ground_truth
images/Trip 043 Day 2 24-10-05 Image 11 add_16.png,Trip 043 Day 2 24-10-05 Image 11 add_16_crop_002.png,test,0,ring,1280,329,1300,350,ground_truth
images/Trip 043 Day 2 24-10-05 Image 11 add_2.png,Trip 043 Day 2 24-10-05 Image 11 add_2_crop_000.png,train,0,ring,923,822,967,860,ground_truth
images/Trip 043 Day 2 24-10-05 Image 11 add_2.png,Trip 043 Day 2 24-10-05 Image 11 add_2_crop_001.png,train,0,ring,193,190,222,226,ground_truth
images/Trip 043 Day 2 24-10-05 Image 11 add_2.png,Trip 043 Day 2 24-10-05 Image 11 add_2_crop_002.png,train,0,ring,996,157,1025,197,ground_truth
images/Trip 043 Day 2 24-10-05 Image 11 add_2.png,Trip 043 Day 2 24-10-05 Image 11 add_2_crop_003.png,train,0,ring,1061,138,1091,163,ground_truth
images/Trip 043 Day 2 24-10-05 Image 11 add_2.png,Trip 043 Day 2 24-10-05 Image 11 add_2_crop_004.png,train,0,ring,734,363,751,385,ground_truth
images/Trip 043 Day 2 24-10-05 Image 11 add_3.png,Trip 043 Day 2 24-10-05 Image 11 add_3_crop_000.png,val,2,trophozoite,127,724,215,820,ground_truth
images/Trip 043 Day 2 24-10-05 Image 11 add_3.png,Trip 043 Day 2 24-10-05 Image 11 add_3_crop_001.png,val,0,ring,807,702,827,726,ground_truth
images/Trip 043 Day 2 24-10-05 Image 11 add_3.png,Trip 043 Day 2 24-10-05 Image 11 add_3_crop_002.png,val,0,ring,1258,852,1297,887,ground_truth
images/Trip 043 Day 2 24-10-05 Image 11 add_3.png,Trip 043 Day 2 24-10-05 Image 11 add_3_crop_003.png,val,0,ring,807,702,827,726,ground_truth
images/Trip 043 Day 2 24-10-05 Image 11 add_4.png,Trip 043 Day 2 24-10-05 Image 11 add_4_crop_000.png,test,2,trophozoite,418,504,478,560,ground_truth
images/Trip 043 Day 2 24-10-05 Image 11 add_4.png,Trip 043 Day 2 24-10-05 Image 11 add_4_crop_001.png,test,1,schizont,828,863,891,926,ground_truth
images/Trip 043 Day 2 24-10-05 Image 11 add_5.png,Trip 043 Day 2 24-10-05 Image 11 add_5_crop_000.png,train,0,ring,1240,947,1260,968,ground_truth
images/Trip 043 Day 2 24-10-05 Image 11 add_5.png,Trip 043 Day 2 24-10-05 Image 11 add_5_crop_001.png,train,0,ring,40,313,64,337,ground_truth
images/Trip 043 Day 2 24-10-05 Image 11 add_6.png,Trip 043 Day 2 24-10-05 Image 11 add_6_crop_000.png,train,1,schizont,0,738,55,824,ground_truth
images/Trip 043 Day 2 24-10-05 Image 11 add_6.png,Trip 043 Day 2 24-10-05 Image 11 add_6_crop_001.png,train,2,trophozoite,769,485,837,549,ground_truth
images/Trip 043 Day 2 24-10-05 Image 11 add_6.png,Trip 043 Day 2 24-10-05 Image 11 add_6_crop_002.png,train,2,trophozoite,964,172,1018,230,ground_truth
images/Trip 043 Day 2 24-10-05 Image 11 add_6.png,Trip 043 Day 2 24-10-05 Image 11 add_6_crop_003.png,train,1,schizont,1290,648,1382,788,ground_truth
images/Trip 043 Day 2 24-10-05 Image 11 add_6.png,Trip 043 Day 2 24-10-05 Image 11 add_6_crop_004.png,train,0,ring,944,114,975,137,ground_truth
images/Trip 043 Day 2 24-10-05 Image 11 add_7.png,Trip 043 Day 2 24-10-05 Image 11 add_7_crop_000.png,train,0,ring,413,945,460,986,ground_truth
images/Trip 043 Day 2 24-10-05 Image 11 add_7.png,Trip 043 Day 2 24-10-05 Image 11 add_7_crop_001.png,train,2,trophozoite,1324,361,1373,425,ground_truth
images/Trip 043 Day 2 24-10-05 Image 11 add_8.png,Trip 043 Day 2 24-10-05 Image 11 add_8_crop_000.png,test,0,ring,264,144,287,169,ground_truth
images/Trip 043 Day 2 24-10-05 Image 11 add_8.png,Trip 043 Day 2 24-10-05 Image 11 add_8_crop_001.png,test,0,ring,388,742,415,770,ground_truth
images/Trip 043 Day 2 24-10-05 Image 11 add_9.png,Trip 043 Day 2 24-10-05 Image 11 add_9_crop_000.png,train,0,ring,395,300,424,329,ground_truth
images/Trip 043 Day 2 24-10-05 Image 11 add_9.png,Trip 043 Day 2 24-10-05 Image 11 add_9_crop_001.png,train,0,ring,1216,332,1252,372,ground_truth
images/Trip 043 Day 2 24-10-05 Image 11 add_9.png,Trip 043 Day 2 24-10-05 Image 11 add_9_crop_002.png,train,1,schizont,1334,398,1382,482,ground_truth
images/Trip 043 Day 2 24-10-05 Image 11 add_9.png,Trip 043 Day 2 24-10-05 Image 11 add_9_crop_003.png,train,0,ring,1274,741,1296,762,ground_truth
images/Trip 043 Day 2 24-10-05 Image 12 add_1.png,Trip 043 Day 2 24-10-05 Image 12 add_1_crop_000.png,train,1,schizont,1286,588,1363,676,ground_truth
images/Trip 043 Day 2 24-10-05 Image 12 add_1.png,Trip 043 Day 2 24-10-05 Image 12 add_1_crop_001.png,train,2,trophozoite,236,71,316,134,ground_truth
images/Trip 043 Day 2 24-10-05 Image 12 add_1.png,Trip 043 Day 2 24-10-05 Image 12 add_1_crop_002.png,train,1,schizont,182,188,267,284,ground_truth
images/Trip 043 Day 2 24-10-05 Image 12 add_1.png,Trip 043 Day 2 24-10-05 Image 12 add_1_crop_003.png,train,0,ring,897,340,921,364,ground_truth
images/Trip 043 Day 2 24-10-05 Image 12 add_10.png,Trip 043 Day 2 24-10-05 Image 12 add_10_crop_000.png,train,0,ring,396,735,420,758,ground_truth
images/Trip 043 Day 2 24-10-05 Image 12 add_11.png,Trip 043 Day 2 24-10-05 Image 12 add_11_crop_000.png,train,0,ring,839,229,880,264,ground_truth
images/Trip 043 Day 2 24-10-05 Image 12 add_11.png,Trip 043 Day 2 24-10-05 Image 12 add_11_crop_001.png,train,0,ring,985,192,1033,226,ground_truth
images/Trip 043 Day 2 24-10-05 Image 12 add_11.png,Trip 043 Day 2 24-10-05 Image 12 add_11_crop_002.png,train,0,ring,661,250,683,271,ground_truth
images/Trip 043 Day 2 24-10-05 Image 12 add_11.png,Trip 043 Day 2 24-10-05 Image 12 add_11_crop_003.png,train,0,ring,209,791,230,812,ground_truth
images/Trip 043 Day 2 24-10-05 Image 12 add_11.png,Trip 043 Day 2 24-10-05 Image 12 add_11_crop_004.png,train,0,ring,202,900,228,924,ground_truth
images/Trip 043 Day 2 24-10-05 Image 12 add_11.png,Trip 043 Day 2 24-10-05 Image 12 add_11_crop_005.png,train,0,ring,661,250,683,271,ground_truth
images/Trip 043 Day 2 24-10-05 Image 12 add_12.png,Trip 043 Day 2 24-10-05 Image 12 add_12_crop_000.png,train,0,ring,422,813,458,848,ground_truth
images/Trip 043 Day 2 24-10-05 Image 12 add_13.png,Trip 043 Day 2 24-10-05 Image 12 add_13_crop_000.png,test,0,ring,702,949,737,986,ground_truth
images/Trip 043 Day 2 24-10-05 Image 12 add_13.png,Trip 043 Day 2 24-10-05 Image 12 add_13_crop_001.png,test,1,schizont,449,981,520,1030,ground_truth
images/Trip 043 Day 2 24-10-05 Image 12 add_13.png,Trip 043 Day 2 24-10-05 Image 12 add_13_crop_002.png,test,0,ring,1320,892,1344,911,ground_truth
images/Trip 043 Day 2 24-10-05 Image 12 add_14.png,Trip 043 Day 2 24-10-05 Image 12 add_14_crop_000.png,train,1,schizont,713,15,794,103,ground_truth
images/Trip 043 Day 2 24-10-05 Image 12 add_14.png,Trip 043 Day 2 24-10-05 Image 12 add_14_crop_001.png,train,0,ring,1219,573,1240,596,ground_truth
images/Trip 043 Day 2 24-10-05 Image 12 add_15.png,Trip 043 Day 2 24-10-05 Image 12 add_15_crop_000.png,train,0,ring,618,199,640,222,ground_truth
images/Trip 043 Day 2 24-10-05 Image 12 add_15.png,Trip 043 Day 2 24-10-05 Image 12 add_15_crop_001.png,train,0,ring,865,206,908,237,ground_truth
images/Trip 043 Day 2 24-10-05 Image 12 add_15.png,Trip 043 Day 2 24-10-05 Image 12 add_15_crop_002.png,train,0,ring,1301,176,1328,201,ground_truth
images/Trip 043 Day 2 24-10-05 Image 12 add_15.png,Trip 043 Day 2 24-10-05 Image 12 add_15_crop_003.png,train,0,ring,865,206,908,237,ground_truth
images/Trip 043 Day 2 24-10-05 Image 12 add_15.png,Trip 043 Day 2 24-10-05 Image 12 add_15_crop_004.png,train,0,ring,1341,595,1361,615,ground_truth
images/Trip 043 Day 2 24-10-05 Image 12 add_15.png,Trip 043 Day 2 24-10-05 Image 12 add_15_crop_005.png,train,0,ring,1248,739,1269,761,ground_truth
images/Trip 043 Day 2 24-10-05 Image 12 add_16.png,Trip 043 Day 2 24-10-05 Image 12 add_16_crop_000.png,test,0,ring,36,183,63,210,ground_truth
images/Trip 043 Day 2 24-10-05 Image 12 add_16.png,Trip 043 Day 2 24-10-05 Image 12 add_16_crop_001.png,test,0,ring,290,290,314,315,ground_truth
images/Trip 043 Day 2 24-10-05 Image 12 add_16.png,Trip 043 Day 2 24-10-05 Image 12 add_16_crop_002.png,test,0,ring,462,290,486,316,ground_truth
images/Trip 043 Day 2 24-10-05 Image 12 add_2.png,Trip 043 Day 2 24-10-05 Image 12 add_2_crop_000.png,val,0,ring,339,163,378,200,ground_truth
images/Trip 043 Day 2 24-10-05 Image 12 add_3.png,Trip 043 Day 2 24-10-05 Image 12 add_3_crop_000.png,train,0,ring,783,118,830,158,ground_truth
images/Trip 043 Day 2 24-10-05 Image 12 add_3.png,Trip 043 Day 2 24-10-05 Image 12 add_3_crop_001.png,train,0,ring,1264,223,1302,259,ground_truth
images/Trip 043 Day 2 24-10-05 Image 12 add_3.png,Trip 043 Day 2 24-10-05 Image 12 add_3_crop_002.png,train,0,ring,902,560,929,584,ground_truth
images/Trip 043 Day 2 24-10-05 Image 12 add_3.png,Trip 043 Day 2 24-10-05 Image 12 add_3_crop_003.png,train,0,ring,646,220,672,246,ground_truth
images/Trip 043 Day 2 24-10-05 Image 12 add_3.png,Trip 043 Day 2 24-10-05 Image 12 add_3_crop_004.png,train,0,ring,902,560,929,584,ground_truth
images/Trip 043 Day 2 24-10-05 Image 12 add_3.png,Trip 043 Day 2 24-10-05 Image 12 add_3_crop_005.png,train,0,ring,12,926,39,952,ground_truth
images/Trip 043 Day 2 24-10-05 Image 12 add_4.png,Trip 043 Day 2 24-10-05 Image 12 add_4_crop_000.png,test,0,ring,711,335,765,383,ground_truth
images/Trip 043 Day 2 24-10-05 Image 12 add_4.png,Trip 043 Day 2 24-10-05 Image 12 add_4_crop_001.png,test,0,ring,644,8,667,32,ground_truth
images/Trip 043 Day 2 24-10-05 Image 12 add_4.png,Trip 043 Day 2 24-10-05 Image 12 add_4_crop_002.png,test,0,ring,351,495,380,523,ground_truth
images/Trip 043 Day 2 24-10-05 Image 12 add_4.png,Trip 043 Day 2 24-10-05 Image 12 add_4_crop_003.png,test,0,ring,351,495,380,523,ground_truth
images/Trip 043 Day 2 24-10-05 Image 12 add_4.png,Trip 043 Day 2 24-10-05 Image 12 add_4_crop_004.png,test,0,ring,578,542,601,563,ground_truth
images/Trip 043 Day 2 24-10-05 Image 12 add_4.png,Trip 043 Day 2 24-10-05 Image 12 add_4_crop_005.png,test,0,ring,815,750,836,771,ground_truth
images/Trip 043 Day 2 24-10-05 Image 12 add_4.png,Trip 043 Day 2 24-10-05 Image 12 add_4_crop_006.png,test,0,ring,1322,565,1348,590,ground_truth
images/Trip 043 Day 2 24-10-05 Image 12 add_4.png,Trip 043 Day 2 24-10-05 Image 12 add_4_crop_007.png,test,0,ring,173,939,200,969,ground_truth
images/Trip 043 Day 2 24-10-05 Image 12 add_4.png,Trip 043 Day 2 24-10-05 Image 12 add_4_crop_008.png,test,0,ring,815,750,836,771,ground_truth
images/Trip 043 Day 2 24-10-05 Image 12 add_5.png,Trip 043 Day 2 24-10-05 Image 12 add_5_crop_000.png,test,0,ring,452,995,476,1019,ground_truth
images/Trip 043 Day 2 24-10-05 Image 12 add_5.png,Trip 043 Day 2 24-10-05 Image 12 add_5_crop_001.png,test,0,ring,540,476,561,496,ground_truth
images/Trip 043 Day 2 24-10-05 Image 12 add_6.png,Trip 043 Day 2 24-10-05 Image 12 add_6_crop_000.png,train,1,schizont,1279,704,1350,769,ground_truth
images/Trip 043 Day 2 24-10-05 Image 12 add_6.png,Trip 043 Day 2 24-10-05 Image 12 add_6_crop_001.png,train,0,ring,172,287,192,307,ground_truth
images/Trip 043 Day 2 24-10-05 Image 12 add_6.png,Trip 043 Day 2 24-10-05 Image 12 add_6_crop_002.png,train,0,ring,468,375,502,413,ground_truth
images/Trip 043 Day 2 24-10-05 Image 12 add_7.png,Trip 043 Day 2 24-10-05 Image 12 add_7_crop_000.png,train,0,ring,690,186,712,207,ground_truth
images/Trip 043 Day 2 24-10-05 Image 12 add_7.png,Trip 043 Day 2 24-10-05 Image 12 add_7_crop_001.png,train,0,ring,1137,966,1178,1022,ground_truth
images/Trip 043 Day 2 24-10-05 Image 12 add_7.png,Trip 043 Day 2 24-10-05 Image 12 add_7_crop_002.png,train,0,ring,817,866,844,895,ground_truth
images/Trip 043 Day 2 24-10-05 Image 12 add_8.png,Trip 043 Day 2 24-10-05 Image 12 add_8_crop_000.png,train,1,schizont,921,525,1034,597,ground_truth
images/Trip 043 Day 2 24-10-05 Image 12 add_8.png,Trip 043 Day 2 24-10-05 Image 12 add_8_crop_001.png,train,2,trophozoite,851,386,921,469,ground_truth
images/Trip 043 Day 2 24-10-05 Image 12 add_8.png,Trip 043 Day 2 24-10-05 Image 12 add_8_crop_002.png,train,2,trophozoite,508,120,562,177,ground_truth
images/Trip 043 Day 2 24-10-05 Image 12 add_8.png,Trip 043 Day 2 24-10-05 Image 12 add_8_crop_003.png,train,0,ring,761,955,781,979,ground_truth
images/Trip 043 Day 2 24-10-05 Image 12 add_9.png,Trip 043 Day 2 24-10-05 Image 12 add_9_crop_000.png,train,1,schizont,122,140,195,232,ground_truth
images/Trip 043 Day 2 24-10-05 Image 1_1.png,Trip 043 Day 2 24-10-05 Image 1_1_crop_000.png,train,1,schizont,22,290,114,379,ground_truth
images/Trip 043 Day 2 24-10-05 Image 1_1.png,Trip 043 Day 2 24-10-05 Image 1_1_crop_001.png,train,2,trophozoite,1334,177,1382,243,ground_truth
images/Trip 043 Day 2 24-10-05 Image 1_1.png,Trip 043 Day 2 24-10-05 Image 1_1_crop_002.png,train,1,schizont,308,804,399,866,ground_truth
images/Trip 043 Day 2 24-10-05 Image 1_10.png,Trip 043 Day 2 24-10-05 Image 1_10_crop_000.png,train,0,ring,307,362,331,386,ground_truth
images/Trip 043 Day 2 24-10-05 Image 1_11.png,Trip 043 Day 2 24-10-05 Image 1_11_crop_000.png,test,2,trophozoite,599,681,668,753,ground_truth
images/Trip 043 Day 2 24-10-05 Image 1_11.png,Trip 043 Day 2 24-10-05 Image 1_11_crop_001.png,test,0,ring,124,455,162,492,ground_truth
images/Trip 043 Day 2 24-10-05 Image 1_11.png,Trip 043 Day 2 24-10-05 Image 1_11_crop_002.png,test,0,ring,303,337,331,369,ground_truth
images/Trip 043 Day 2 24-10-05 Image 1_11.png,Trip 043 Day 2 24-10-05 Image 1_11_crop_003.png,test,0,ring,184,615,206,636,ground_truth
images/Trip 043 Day 2 24-10-05 Image 1_11.png,Trip 043 Day 2 24-10-05 Image 1_11_crop_004.png,test,0,ring,576,825,600,849,ground_truth
images/Trip 043 Day 2 24-10-05 Image 1_12.png,Trip 043 Day 2 24-10-05 Image 1_12_crop_000.png,train,1,schizont,394,723,483,782,ground_truth
images/Trip 043 Day 2 24-10-05 Image 1_12.png,Trip 043 Day 2 24-10-05 Image 1_12_crop_001.png,train,1,schizont,686,783,766,850,ground_truth
images/Trip 043 Day 2 24-10-05 Image 1_12.png,Trip 043 Day 2 24-10-05 Image 1_12_crop_002.png,train,1,schizont,182,95,253,165,ground_truth
images/Trip 043 Day 2 24-10-05 Image 1_13.png,Trip 043 Day 2 24-10-05 Image 1_13_crop_000.png,train,0,ring,1325,299,1346,318,ground_truth
images/Trip 043 Day 2 24-10-05 Image 1_13.png,Trip 043 Day 2 24-10-05 Image 1_13_crop_001.png,train,0,ring,1163,481,1185,506,ground_truth
images/Trip 043 Day 2 24-10-05 Image 1_14.png,Trip 043 Day 2 24-10-05 Image 1_14_crop_000.png,train,0,ring,1226,253,1253,284,ground_truth
images/Trip 043 Day 2 24-10-05 Image 1_15.png,Trip 043 Day 2 24-10-05 Image 1_15_crop_000.png,train,1,schizont,39,825,129,902,ground_truth
images/Trip 043 Day 2 24-10-05 Image 1_15.png,Trip 043 Day 2 24-10-05 Image 1_15_crop_001.png,train,0,ring,1292,735,1337,770,ground_truth
images/Trip 043 Day 2 24-10-05 Image 1_15.png,Trip 043 Day 2 24-10-05 Image 1_15_crop_002.png,train,0,ring,934,464,961,489,ground_truth
images/Trip 043 Day 2 24-10-05 Image 1_2.png,Trip 043 Day 2 24-10-05 Image 1_2_crop_000.png,train,0,ring,321,220,362,255,ground_truth
images/Trip 043 Day 2 24-10-05 Image 1_2.png,Trip 043 Day 2 24-10-05 Image 1_2_crop_001.png,train,1,schizont,0,181,21,225,ground_truth
images/Trip 043 Day 2 24-10-05 Image 1_3.png,Trip 043 Day 2 24-10-05 Image 1_3_crop_000.png,train,2,trophozoite,834,561,900,614,ground_truth
images/Trip 043 Day 2 24-10-05 Image 1_3.png,Trip 043 Day 2 24-10-05 Image 1_3_crop_001.png,train,0,ring,1331,16,1355,38,ground_truth
images/Trip 043 Day 2 24-10-05 Image 1_3.png,Trip 043 Day 2 24-10-05 Image 1_3_crop_002.png,train,0,ring,442,234,466,257,ground_truth
images/Trip 043 Day 2 24-10-05 Image 1_3.png,Trip 043 Day 2 24-10-05 Image 1_3_crop_003.png,train,0,ring,1252,362,1278,390,ground_truth
images/Trip 043 Day 2 24-10-05 Image 1_3.png,Trip 043 Day 2 24-10-05 Image 1_3_crop_004.png,train,0,ring,589,853,610,872,ground_truth
images/Trip 043 Day 2 24-10-05 Image 1_4.png,Trip 043 Day 2 24-10-05 Image 1_4_crop_000.png,train,0,ring,21,287,72,348,ground_truth
images/Trip 043 Day 2 24-10-05 Image 1_4.png,Trip 043 Day 2 24-10-05 Image 1_4_crop_001.png,train,2,trophozoite,1308,50,1382,125,ground_truth
images/Trip 043 Day 2 24-10-05 Image 1_4.png,Trip 043 Day 2 24-10-05 Image 1_4_crop_002.png,train,0,ring,1039,769,1060,787,ground_truth
images/Trip 043 Day 2 24-10-05 Image 1_5.png,Trip 043 Day 2 24-10-05 Image 1_5_crop_000.png,train,1,schizont,840,543,933,640,ground_truth
images/Trip 043 Day 2 24-10-05 Image 1_5.png,Trip 043 Day 2 24-10-05 Image 1_5_crop_001.png,train,0,ring,364,564,384,584,ground_truth
images/Trip 043 Day 2 24-10-05 Image 1_5.png,Trip 043 Day 2 24-10-05 Image 1_5_crop_002.png,train,0,ring,61,623,84,644,ground_truth
images/Trip 043 Day 2 24-10-05 Image 1_6.png,Trip 043 Day 2 24-10-05 Image 1_6_crop_000.png,train,0,ring,801,515,840,551,ground_truth
images/Trip 043 Day 2 24-10-05 Image 1_6.png,Trip 043 Day 2 24-10-05 Image 1_6_crop_001.png,train,0,ring,780,271,821,304,ground_truth
images/Trip 043 Day 2 24-10-05 Image 1_6.png,Trip 043 Day 2 24-10-05 Image 1_6_crop_002.png,train,0,ring,1214,477,1235,500,ground_truth
images/Trip 043 Day 2 24-10-05 Image 1_7.png,Trip 043 Day 2 24-10-05 Image 1_7_crop_000.png,val,1,schizont,814,285,906,355,ground_truth
images/Trip 043 Day 2 24-10-05 Image 1_7.png,Trip 043 Day 2 24-10-05 Image 1_7_crop_001.png,val,1,schizont,219,635,324,726,ground_truth
images/Trip 043 Day 2 24-10-05 Image 1_7.png,Trip 043 Day 2 24-10-05 Image 1_7_crop_002.png,val,0,ring,1353,68,1382,93,ground_truth
images/Trip 043 Day 2 24-10-05 Image 1_8.png,Trip 043 Day 2 24-10-05 Image 1_8_crop_000.png,train,1,schizont,308,348,372,434,ground_truth
images/Trip 043 Day 2 24-10-05 Image 1_8.png,Trip 043 Day 2 24-10-05 Image 1_8_crop_001.png,train,2,trophozoite,1183,348,1241,397,ground_truth
images/Trip 043 Day 2 24-10-05 Image 1_8.png,Trip 043 Day 2 24-10-05 Image 1_8_crop_002.png,train,0,ring,81,759,110,787,ground_truth
images/Trip 043 Day 2 24-10-05 Image 1_9.png,Trip 043 Day 2 24-10-05 Image 1_9_crop_000.png,train,1,schizont,221,151,292,232,ground_truth
images/Trip 043 Day 2 24-10-05 Image 1_9.png,Trip 043 Day 2 24-10-05 Image 1_9_crop_001.png,train,0,ring,546,1002,573,1030,ground_truth
images/Trip 043 Day 2 24-10-05 Image 1_9.png,Trip 043 Day 2 24-10-05 Image 1_9_crop_002.png,train,0,ring,387,728,410,747,ground_truth
images/Trip 043 Day 2 24-10-05 Image 1_9.png,Trip 043 Day 2 24-10-05 Image 1_9_crop_003.png,train,0,ring,309,766,335,787,ground_truth
images/Trip 043 Day 2 24-10-05 Image 2_1.png,Trip 043 Day 2 24-10-05 Image 2_1_crop_000.png,val,2,trophozoite,62,21,135,101,ground_truth
images/Trip 043 Day 2 24-10-05 Image 2_1.png,Trip 043 Day 2 24-10-05 Image 2_1_crop_001.png,val,1,schizont,549,900,621,1008,ground_truth
images/Trip 043 Day 2 24-10-05 Image 2_1.png,Trip 043 Day 2 24-10-05 Image 2_1_crop_002.png,val,1,schizont,368,314,436,381,ground_truth
images/Trip 043 Day 2 24-10-05 Image 2_1.png,Trip 043 Day 2 24-10-05 Image 2_1_crop_003.png,val,0,ring,390,416,414,437,ground_truth
images/Trip 043 Day 2 24-10-05 Image 2_1.png,Trip 043 Day 2 24-10-05 Image 2_1_crop_004.png,val,0,ring,950,421,974,445,ground_truth
images/Trip 043 Day 2 24-10-05 Image 2_1.png,Trip 043 Day 2 24-10-05 Image 2_1_crop_005.png,val,0,ring,936,282,968,312,ground_truth
images/Trip 043 Day 2 24-10-05 Image 2_1.png,Trip 043 Day 2 24-10-05 Image 2_1_crop_006.png,val,0,ring,888,596,944,639,ground_truth
images/Trip 043 Day 2 24-10-05 Image 2_1.png,Trip 043 Day 2 24-10-05 Image 2_1_crop_007.png,val,0,ring,183,665,207,687,ground_truth
images/Trip 043 Day 2 24-10-05 Image 2_10.png,Trip 043 Day 2 24-10-05 Image 2_10_crop_000.png,train,0,ring,422,485,451,512,ground_truth
images/Trip 043 Day 2 24-10-05 Image 2_10.png,Trip 043 Day 2 24-10-05 Image 2_10_crop_001.png,train,0,ring,1161,341,1181,361,ground_truth
images/Trip 043 Day 2 24-10-05 Image 2_11.png,Trip 043 Day 2 24-10-05 Image 2_11_crop_000.png,test,2,trophozoite,421,224,511,287,ground_truth
images/Trip 043 Day 2 24-10-05 Image 2_11.png,Trip 043 Day 2 24-10-05 Image 2_11_crop_001.png,test,0,ring,1059,984,1079,1004,ground_truth
images/Trip 043 Day 2 24-10-05 Image 2_11.png,Trip 043 Day 2 24-10-05 Image 2_11_crop_002.png,test,1,schizont,969,1002,1032,1030,ground_truth
images/Trip 043 Day 2 24-10-05 Image 2_11.png,Trip 043 Day 2 24-10-05 Image 2_11_crop_003.png,test,0,ring,1059,984,1079,1004,ground_truth
images/Trip 043 Day 2 24-10-05 Image 2_12.png,Trip 043 Day 2 24-10-05 Image 2_12_crop_000.png,train,2,trophozoite,925,977,964,1011,ground_truth
images/Trip 043 Day 2 24-10-05 Image 2_12.png,Trip 043 Day 2 24-10-05 Image 2_12_crop_001.png,train,0,ring,1338,936,1360,960,ground_truth
images/Trip 043 Day 2 24-10-05 Image 2_13.png,Trip 043 Day 2 24-10-05 Image 2_13_crop_000.png,train,0,ring,103,238,140,276,ground_truth
images/Trip 043 Day 2 24-10-05 Image 2_13.png,Trip 043 Day 2 24-10-05 Image 2_13_crop_001.png,train,0,ring,403,212,426,238,ground_truth
images/Trip 043 Day 2 24-10-05 Image 2_13.png,Trip 043 Day 2 24-10-05 Image 2_13_crop_002.png,train,1,schizont,1303,280,1381,362,ground_truth
images/Trip 043 Day 2 24-10-05 Image 2_13.png,Trip 043 Day 2 24-10-05 Image 2_13_crop_003.png,train,0,ring,1066,966,1089,990,ground_truth
images/Trip 043 Day 2 24-10-05 Image 2_14.png,Trip 043 Day 2 24-10-05 Image 2_14_crop_000.png,train,0,ring,74,576,102,601,ground_truth
images/Trip 043 Day 2 24-10-05 Image 2_14.png,Trip 043 Day 2 24-10-05 Image 2_14_crop_001.png,train,0,ring,80,968,123,1002,ground_truth
images/Trip 043 Day 2 24-10-05 Image 2_14.png,Trip 043 Day 2 24-10-05 Image 2_14_crop_002.png,train,1,schizont,914,575,983,662,ground_truth
images/Trip 043 Day 2 24-10-05 Image 2_15.png,Trip 043 Day 2 24-10-05 Image 2_15_crop_000.png,train,1,schizont,949,0,1048,59,ground_truth
images/Trip 043 Day 2 24-10-05 Image 2_15.png,Trip 043 Day 2 24-10-05 Image 2_15_crop_001.png,train,1,schizont,328,608,404,694,ground_truth
images/Trip 043 Day 2 24-10-05 Image 2_15.png,Trip 043 Day 2 24-10-05 Image 2_15_crop_002.png,train,0,ring,177,42,199,62,ground_truth
images/Trip 043 Day 2 24-10-05 Image 2_16.png,Trip 043 Day 2 24-10-05 Image 2_16_crop_000.png,train,0,ring,494,549,515,571,ground_truth
images/Trip 043 Day 2 24-10-05 Image 2_3.png,Trip 043 Day 2 24-10-05 Image 2_3_crop_000.png,val,0,ring,1174,937,1217,987,ground_truth
images/Trip 043 Day 2 24-10-05 Image 2_3.png,Trip 043 Day 2 24-10-05 Image 2_3_crop_001.png,val,0,ring,245,305,272,328,ground_truth
images/Trip 043 Day 2 24-10-05 Image 2_3.png,Trip 043 Day 2 24-10-05 Image 2_3_crop_002.png,val,0,ring,1051,869,1075,892,ground_truth
images/Trip 043 Day 2 24-10-05 Image 2_3.png,Trip 043 Day 2 24-10-05 Image 2_3_crop_003.png,val,0,ring,281,845,324,898,ground_truth
images/Trip 043 Day 2 24-10-05 Image 2_4.png,Trip 043 Day 2 24-10-05 Image 2_4_crop_000.png,val,0,ring,137,88,161,110,ground_truth
images/Trip 043 Day 2 24-10-05 Image 2_5.png,Trip 043 Day 2 24-10-05 Image 2_5_crop_000.png,val,0,ring,377,937,428,989,ground_truth
images/Trip 043 Day 2 24-10-05 Image 2_5.png,Trip 043 Day 2 24-10-05 Image 2_5_crop_001.png,val,0,ring,1219,779,1245,806,ground_truth
images/Trip 043 Day 2 24-10-05 Image 2_6.png,Trip 043 Day 2 24-10-05 Image 2_6_crop_000.png,val,0,ring,222,723,246,757,ground_truth
images/Trip 043 Day 2 24-10-05 Image 2_6.png,Trip 043 Day 2 24-10-05 Image 2_6_crop_001.png,val,0,ring,1023,765,1046,786,ground_truth
images/Trip 043 Day 2 24-10-05 Image 2_6.png,Trip 043 Day 2 24-10-05 Image 2_6_crop_002.png,val,0,ring,1288,833,1307,853,ground_truth
images/Trip 043 Day 2 24-10-05 Image 2_6.png,Trip 043 Day 2 24-10-05 Image 2_6_crop_003.png,val,0,ring,499,0,525,18,ground_truth
images/Trip 043 Day 2 24-10-05 Image 2_7.png,Trip 043 Day 2 24-10-05 Image 2_7_crop_000.png,train,1,schizont,131,758,221,845,ground_truth
images/Trip 043 Day 2 24-10-05 Image 2_7.png,Trip 043 Day 2 24-10-05 Image 2_7_crop_001.png,train,0,ring,542,26,569,53,ground_truth
images/Trip 043 Day 2 24-10-05 Image 2_8.png,Trip 043 Day 2 24-10-05 Image 2_8_crop_000.png,val,2,trophozoite,48,639,138,706,ground_truth
images/Trip 043 Day 2 24-10-05 Image 2_8.png,Trip 043 Day 2 24-10-05 Image 2_8_crop_001.png,val,2,trophozoite,411,330,500,390,ground_truth
images/Trip 043 Day 2 24-10-05 Image 2_8.png,Trip 043 Day 2 24-10-05 Image 2_8_crop_002.png,val,2,trophozoite,150,228,209,281,ground_truth
images/Trip 043 Day 2 24-10-05 Image 2_8.png,Trip 043 Day 2 24-10-05 Image 2_8_crop_003.png,val,0,ring,173,69,210,107,ground_truth
images/Trip 043 Day 2 24-10-05 Image 2_8.png,Trip 043 Day 2 24-10-05 Image 2_8_crop_004.png,val,0,ring,437,690,479,726,ground_truth
images/Trip 043 Day 2 24-10-05 Image 2_8.png,Trip 043 Day 2 24-10-05 Image 2_8_crop_005.png,val,0,ring,437,690,479,726,ground_truth
images/Trip 043 Day 2 24-10-05 Image 2_9.png,Trip 043 Day 2 24-10-05 Image 2_9_crop_000.png,test,0,ring,1225,810,1259,844,ground_truth
images/Trip 043 Day 2 24-10-05 Image 2_9.png,Trip 043 Day 2 24-10-05 Image 2_9_crop_001.png,test,0,ring,174,493,197,527,ground_truth
images/Trip 043 Day 2 24-10-05 Image 2_9.png,Trip 043 Day 2 24-10-05 Image 2_9_crop_002.png,test,0,ring,796,968,817,991,ground_truth
images/Trip 043 Day 2 24-10-05 Image 2_9.png,Trip 043 Day 2 24-10-05 Image 2_9_crop_003.png,test,0,ring,1096,959,1120,981,ground_truth
images/Trip 043 Day 2 24-10-05 Image 3_1.png,Trip 043 Day 2 24-10-05 Image 3_1_crop_000.png,train,2,trophozoite,42,166,135,250,ground_truth
images/Trip 043 Day 2 24-10-05 Image 3_1.png,Trip 043 Day 2 24-10-05 Image 3_1_crop_001.png,train,2,trophozoite,740,800,811,890,ground_truth
images/Trip 043 Day 2 24-10-05 Image 3_1.png,Trip 043 Day 2 24-10-05 Image 3_1_crop_002.png,train,2,trophozoite,1088,211,1157,278,ground_truth
images/Trip 043 Day 2 24-10-05 Image 3_10.png,Trip 043 Day 2 24-10-05 Image 3_10_crop_000.png,val,2,trophozoite,1095,264,1199,334,ground_truth
images/Trip 043 Day 2 24-10-05 Image 3_10.png,Trip 043 Day 2 24-10-05 Image 3_10_crop_001.png,val,1,schizont,421,1011,471,1030,ground_truth
images/Trip 043 Day 2 24-10-05 Image 3_11.png,Trip 043 Day 2 24-10-05 Image 3_11_crop_000.png,train,1,schizont,1101,325,1198,402,ground_truth
images/Trip 043 Day 2 24-10-05 Image 3_11.png,Trip 043 Day 2 24-10-05 Image 3_11_crop_001.png,train,0,ring,1247,658,1268,682,ground_truth
images/Trip 043 Day 2 24-10-05 Image 3_11.png,Trip 043 Day 2 24-10-05 Image 3_11_crop_002.png,train,1,schizont,1214,802,1279,845,ground_truth
images/Trip 043 Day 2 24-10-05 Image 3_11.png,Trip 043 Day 2 24-10-05 Image 3_11_crop_003.png,train,0,ring,671,685,717,749,ground_truth
images/Trip 043 Day 2 24-10-05 Image 3_12.png,Trip 043 Day 2 24-10-05 Image 3_12_crop_000.png,train,0,ring,209,797,231,818,ground_truth
images/Trip 043 Day 2 24-10-05 Image 3_12.png,Trip 043 Day 2 24-10-05 Image 3_12_crop_001.png,train,0,ring,1313,5,1335,26,ground_truth
images/Trip 043 Day 2 24-10-05 Image 3_13.png,Trip 043 Day 2 24-10-05 Image 3_13_crop_000.png,test,1,schizont,850,375,933,471,ground_truth
images/Trip 043 Day 2 24-10-05 Image 3_14.png,Trip 043 Day 2 24-10-05 Image 3_14_crop_000.png,train,1,schizont,402,0,486,52,ground_truth
images/Trip 043 Day 2 24-10-05 Image 3_14.png,Trip 043 Day 2 24-10-05 Image 3_14_crop_001.png,train,0,ring,1242,102,1266,128,ground_truth
images/Trip 043 Day 2 24-10-05 Image 3_14.png,Trip 043 Day 2 24-10-05 Image 3_14_crop_002.png,train,0,ring,1218,755,1240,777,ground_truth
images/Trip 043 Day 2 24-10-05 Image 3_15.png,Trip 043 Day 2 24-10-05 Image 3_15_crop_000.png,train,0,ring,239,49,258,69,ground_truth
images/Trip 043 Day 2 24-10-05 Image 3_15.png,Trip 043 Day 2 24-10-05 Image 3_15_crop_001.png,train,0,ring,582,387,602,408,ground_truth
images/Trip 043 Day 2 24-10-05 Image 3_15.png,Trip 043 Day 2 24-10-05 Image 3_15_crop_002.png,train,0,ring,1238,957,1262,985,ground_truth
images/Trip 043 Day 2 24-10-05 Image 3_2.png,Trip 043 Day 2 24-10-05 Image 3_2_crop_000.png,train,2,trophozoite,368,833,456,958,ground_truth
images/Trip 043 Day 2 24-10-05 Image 3_5.png,Trip 043 Day 2 24-10-05 Image 3_5_crop_000.png,train,2,trophozoite,879,547,957,624,ground_truth
images/Trip 043 Day 2 24-10-05 Image 3_5.png,Trip 043 Day 2 24-10-05 Image 3_5_crop_001.png,train,1,schizont,577,845,661,948,ground_truth
images/Trip 043 Day 2 24-10-05 Image 3_5.png,Trip 043 Day 2 24-10-05 Image 3_5_crop_002.png,train,0,ring,442,1007,462,1027,ground_truth
images/Trip 043 Day 2 24-10-05 Image 3_6.png,Trip 043 Day 2 24-10-05 Image 3_6_crop_000.png,train,0,ring,1353,179,1379,200,ground_truth
images/Trip 043 Day 2 24-10-05 Image 3_6.png,Trip 043 Day 2 24-10-05 Image 3_6_crop_001.png,train,0,ring,983,793,1011,815,ground_truth
images/Trip 043 Day 2 24-10-05 Image 3_6.png,Trip 043 Day 2 24-10-05 Image 3_6_crop_002.png,train,0,ring,114,504,136,525,ground_truth
images/Trip 043 Day 2 24-10-05 Image 3_8.png,Trip 043 Day 2 24-10-05 Image 3_8_crop_000.png,train,0,ring,848,745,870,765,ground_truth
images/Trip 043 Day 2 24-10-05 Image 3_8.png,Trip 043 Day 2 24-10-05 Image 3_8_crop_001.png,train,0,ring,895,841,917,863,ground_truth
images/Trip 043 Day 2 24-10-05 Image 4_1.png,Trip 043 Day 2 24-10-05 Image 4_1_crop_000.png,train,2,trophozoite,810,596,904,696,ground_truth
images/Trip 043 Day 2 24-10-05 Image 4_1.png,Trip 043 Day 2 24-10-05 Image 4_1_crop_001.png,train,2,trophozoite,945,754,1039,843,ground_truth
images/Trip 043 Day 2 24-10-05 Image 4_1.png,Trip 043 Day 2 24-10-05 Image 4_1_crop_002.png,train,1,schizont,842,167,949,258,ground_truth
images/Trip 043 Day 2 24-10-05 Image 4_1.png,Trip 043 Day 2 24-10-05 Image 4_1_crop_003.png,train,2,trophozoite,176,220,258,307,ground_truth
images/Trip 043 Day 2 24-10-05 Image 4_1.png,Trip 043 Day 2 24-10-05 Image 4_1_crop_004.png,train,2,trophozoite,819,81,890,140,ground_truth
images/Trip 043 Day 2 24-10-05 Image 4_10.png,Trip 043 Day 2 24-10-05 Image 4_10_crop_000.png,train,0,ring,1111,342,1134,371,ground_truth
images/Trip 043 Day 2 24-10-05 Image 4_10.png,Trip 043 Day 2 24-10-05 Image 4_10_crop_001.png,train,2,trophozoite,46,813,101,877,ground_truth
images/Trip 043 Day 2 24-10-05 Image 4_10.png,Trip 043 Day 2 24-10-05 Image 4_10_crop_002.png,train,0,ring,778,73,800,93,ground_truth
images/Trip 043 Day 2 24-10-05 Image 4_11.png,Trip 043 Day 2 24-10-05 Image 4_11_crop_000.png,train,0,ring,86,778,113,805,ground_truth
images/Trip 043 Day 2 24-10-05 Image 4_11.png,Trip 043 Day 2 24-10-05 Image 4_11_crop_001.png,train,0,ring,1166,83,1185,106,ground_truth
images/Trip 043 Day 2 24-10-05 Image 4_13.png,Trip 043 Day 2 24-10-05 Image 4_13_crop_000.png,train,2,trophozoite,888,792,943,848,ground_truth
images/Trip 043 Day 2 24-10-05 Image 4_13.png,Trip 043 Day 2 24-10-05 Image 4_13_crop_001.png,train,0,ring,74,413,97,433,ground_truth
images/Trip 043 Day 2 24-10-05 Image 4_14.png,Trip 043 Day 2 24-10-05 Image 4_14_crop_000.png,val,0,ring,968,688,1023,718,ground_truth
images/Trip 043 Day 2 24-10-05 Image 4_14.png,Trip 043 Day 2 24-10-05 Image 4_14_crop_001.png,val,0,ring,19,838,43,859,ground_truth
images/Trip 043 Day 2 24-10-05 Image 4_2.png,Trip 043 Day 2 24-10-05 Image 4_2_crop_000.png,train,0,ring,370,184,393,204,ground_truth
images/Trip 043 Day 2 24-10-05 Image 4_6.png,Trip 043 Day 2 24-10-05 Image 4_6_crop_000.png,train,2,trophozoite,642,279,742,366,ground_truth
images/Trip 043 Day 2 24-10-05 Image 4_6.png,Trip 043 Day 2 24-10-05 Image 4_6_crop_001.png,train,0,ring,1074,766,1132,828,ground_truth
images/Trip 043 Day 2 24-10-05 Image 4_8.png,Trip 043 Day 2 24-10-05 Image 4_8_crop_000.png,train,2,trophozoite,917,87,1002,187,ground_truth
images/Trip 043 Day 2 24-10-05 Image 4_8.png,Trip 043 Day 2 24-10-05 Image 4_8_crop_001.png,train,0,ring,22,422,71,467,ground_truth
images/Trip 043 Day 2 24-10-05 Image 4_8.png,Trip 043 Day 2 24-10-05 Image 4_8_crop_002.png,train,0,ring,664,41,707,77,ground_truth
images/Trip 043 Day 2 24-10-05 Image 4_9.png,Trip 043 Day 2 24-10-05 Image 4_9_crop_000.png,train,1,schizont,0,185,62,283,ground_truth
images/Trip 043 Day 2 24-10-05 Image 9 add_1.png,Trip 043 Day 2 24-10-05 Image 9 add_1_crop_000.png,test,1,schizont,441,595,519,660,ground_truth
images/Trip 043 Day 2 24-10-05 Image 9 add_1.png,Trip 043 Day 2 24-10-05 Image 9 add_1_crop_001.png,test,1,schizont,301,623,381,701,ground_truth
images/Trip 043 Day 2 24-10-05 Image 9 add_1.png,Trip 043 Day 2 24-10-05 Image 9 add_1_crop_002.png,test,0,ring,971,453,1025,498,ground_truth
images/Trip 043 Day 2 24-10-05 Image 9 add_1.png,Trip 043 Day 2 24-10-05 Image 9 add_1_crop_003.png,test,0,ring,964,37,1008,81,ground_truth
images/Trip 043 Day 2 24-10-05 Image 9 add_1.png,Trip 043 Day 2 24-10-05 Image 9 add_1_crop_004.png,test,0,ring,359,414,379,438,ground_truth
images/Trip 043 Day 2 24-10-05 Image 9 add_1.png,Trip 043 Day 2 24-10-05 Image 9 add_1_crop_005.png,test,0,ring,101,15,120,32,ground_truth
images/Trip 043 Day 2 24-10-05 Image 9 add_1.png,Trip 043 Day 2 24-10-05 Image 9 add_1_crop_006.png,test,0,ring,299,712,336,751,ground_truth
images/Trip 043 Day 2 24-10-05 Image 9 add_1.png,Trip 043 Day 2 24-10-05 Image 9 add_1_crop_007.png,test,0,ring,684,633,723,662,ground_truth
images/Trip 043 Day 2 24-10-05 Image 9 add_1.png,Trip 043 Day 2 24-10-05 Image 9 add_1_crop_008.png,test,0,ring,1127,611,1151,634,ground_truth
images/Trip 043 Day 2 24-10-05 Image 9 add_10.png,Trip 043 Day 2 24-10-05 Image 9 add_10_crop_000.png,train,1,schizont,1172,399,1267,474,ground_truth
images/Trip 043 Day 2 24-10-05 Image 9 add_10.png,Trip 043 Day 2 24-10-05 Image 9 add_10_crop_001.png,train,0,ring,556,635,606,692,ground_truth
images/Trip 043 Day 2 24-10-05 Image 9 add_10.png,Trip 043 Day 2 24-10-05 Image 9 add_10_crop_002.png,train,0,ring,477,325,527,379,ground_truth
images/Trip 043 Day 2 24-10-05 Image 9 add_10.png,Trip 043 Day 2 24-10-05 Image 9 add_10_crop_003.png,train,0,ring,920,93,965,137,ground_truth
images/Trip 043 Day 2 24-10-05 Image 9 add_10.png,Trip 043 Day 2 24-10-05 Image 9 add_10_crop_004.png,train,0,ring,656,780,678,803,ground_truth
images/Trip 043 Day 2 24-10-05 Image 9 add_11.png,Trip 043 Day 2 24-10-05 Image 9 add_11_crop_000.png,val,1,schizont,328,294,418,355,ground_truth
images/Trip 043 Day 2 24-10-05 Image 9 add_11.png,Trip 043 Day 2 24-10-05 Image 9 add_11_crop_001.png,val,0,ring,369,646,425,697,ground_truth
images/Trip 043 Day 2 24-10-05 Image 9 add_11.png,Trip 043 Day 2 24-10-05 Image 9 add_11_crop_002.png,val,0,ring,498,460,544,502,ground_truth
images/Trip 043 Day 2 24-10-05 Image 9 add_11.png,Trip 043 Day 2 24-10-05 Image 9 add_11_crop_003.png,val,2,trophozoite,369,646,425,697,ground_truth
images/Trip 043 Day 2 24-10-05 Image 9 add_11.png,Trip 043 Day 2 24-10-05 Image 9 add_11_crop_004.png,val,0,ring,622,951,642,973,ground_truth
images/Trip 043 Day 2 24-10-05 Image 9 add_12.png,Trip 043 Day 2 24-10-05 Image 9 add_12_crop_000.png,train,1,schizont,436,532,524,609,ground_truth
images/Trip 043 Day 2 24-10-05 Image 9 add_12.png,Trip 043 Day 2 24-10-05 Image 9 add_12_crop_001.png,train,2,trophozoite,392,184,460,243,ground_truth
images/Trip 043 Day 2 24-10-05 Image 9 add_12.png,Trip 043 Day 2 24-10-05 Image 9 add_12_crop_002.png,train,0,ring,228,194,250,215,ground_truth
images/Trip 043 Day 2 24-10-05 Image 9 add_12.png,Trip 043 Day 2 24-10-05 Image 9 add_12_crop_003.png,train,0,ring,497,422,521,451,ground_truth
images/Trip 043 Day 2 24-10-05 Image 9 add_12.png,Trip 043 Day 2 24-10-05 Image 9 add_12_crop_004.png,train,0,ring,883,844,905,867,ground_truth
images/Trip 043 Day 2 24-10-05 Image 9 add_13.png,Trip 043 Day 2 24-10-05 Image 9 add_13_crop_000.png,val,0,ring,823,939,862,996,ground_truth
images/Trip 043 Day 2 24-10-05 Image 9 add_13.png,Trip 043 Day 2 24-10-05 Image 9 add_13_crop_001.png,val,2,trophozoite,539,56,606,112,ground_truth
images/Trip 043 Day 2 24-10-05 Image 9 add_13.png,Trip 043 Day 2 24-10-05 Image 9 add_13_crop_002.png,val,0,ring,954,159,979,186,ground_truth
images/Trip 043 Day 2 24-10-05 Image 9 add_14.png,Trip 043 Day 2 24-10-05 Image 9 add_14_crop_000.png,train,1,schizont,1308,454,1375,536,ground_truth
images/Trip 043 Day 2 24-10-05 Image 9 add_16.png,Trip 043 Day 2 24-10-05 Image 9 add_16_crop_000.png,train,2,trophozoite,171,898,240,973,ground_truth
images/Trip 043 Day 2 24-10-05 Image 9 add_16.png,Trip 043 Day 2 24-10-05 Image 9 add_16_crop_001.png,train,0,ring,1026,727,1056,757,ground_truth
images/Trip 043 Day 2 24-10-05 Image 9 add_16.png,Trip 043 Day 2 24-10-05 Image 9 add_16_crop_002.png,train,0,ring,161,694,181,713,ground_truth
images/Trip 043 Day 2 24-10-05 Image 9 add_2.png,Trip 043 Day 2 24-10-05 Image 9 add_2_crop_000.png,train,1,schizont,963,111,1049,181,ground_truth
images/Trip 043 Day 2 24-10-05 Image 9 add_2.png,Trip 043 Day 2 24-10-05 Image 9 add_2_crop_001.png,train,0,ring,255,271,306,316,ground_truth
images/Trip 043 Day 2 24-10-05 Image 9 add_2.png,Trip 043 Day 2 24-10-05 Image 9 add_2_crop_002.png,train,0,ring,148,2,170,24,ground_truth
images/Trip 043 Day 2 24-10-05 Image 9 add_2.png,Trip 043 Day 2 24-10-05 Image 9 add_2_crop_003.png,train,0,ring,668,731,694,756,ground_truth
images/Trip 043 Day 2 24-10-05 Image 9 add_2.png,Trip 043 Day 2 24-10-05 Image 9 add_2_crop_004.png,train,0,ring,979,389,1012,423,ground_truth
images/Trip 043 Day 2 24-10-05 Image 9 add_3.png,Trip 043 Day 2 24-10-05 Image 9 add_3_crop_000.png,test,1,schizont,1106,585,1193,664,ground_truth
images/Trip 043 Day 2 24-10-05 Image 9 add_3.png,Trip 043 Day 2 24-10-05 Image 9 add_3_crop_001.png,test,0,ring,1040,813,1100,866,ground_truth
images/Trip 043 Day 2 24-10-05 Image 9 add_3.png,Trip 043 Day 2 24-10-05 Image 9 add_3_crop_002.png,test,0,ring,670,589,690,609,ground_truth
images/Trip 043 Day 2 24-10-05 Image 9 add_3.png,Trip 043 Day 2 24-10-05 Image 9 add_3_crop_003.png,test,0,ring,1106,585,1193,664,ground_truth
images/Trip 043 Day 2 24-10-05 Image 9 add_3.png,Trip 043 Day 2 24-10-05 Image 9 add_3_crop_004.png,test,0,ring,623,414,644,439,ground_truth
images/Trip 043 Day 2 24-10-05 Image 9 add_4.png,Trip 043 Day 2 24-10-05 Image 9 add_4_crop_000.png,train,0,ring,649,655,677,683,ground_truth
images/Trip 043 Day 2 24-10-05 Image 9 add_4.png,Trip 043 Day 2 24-10-05 Image 9 add_4_crop_001.png,train,1,schizont,1117,997,1195,1030,ground_truth
images/Trip 043 Day 2 24-10-05 Image 9 add_5.png,Trip 043 Day 2 24-10-05 Image 9 add_5_crop_000.png,train,1,schizont,377,991,435,1029,ground_truth
images/Trip 043 Day 2 24-10-05 Image 9 add_5.png,Trip 043 Day 2 24-10-05 Image 9 add_5_crop_001.png,train,0,ring,88,945,112,972,ground_truth
images/Trip 043 Day 2 24-10-05 Image 9 add_5.png,Trip 043 Day 2 24-10-05 Image 9 add_5_crop_002.png,train,0,ring,1236,631,1258,652,ground_truth
images/Trip 043 Day 2 24-10-05 Image 9 add_5.png,Trip 043 Day 2 24-10-05 Image 9 add_5_crop_003.png,train,0,ring,1179,892,1204,920,ground_truth
images/Trip 043 Day 2 24-10-05 Image 9 add_5.png,Trip 043 Day 2 24-10-05 Image 9 add_5_crop_004.png,train,0,ring,1299,90,1321,112,ground_truth
images/Trip 043 Day 2 24-10-05 Image 9 add_5.png,Trip 043 Day 2 24-10-05 Image 9 add_5_crop_005.png,train,0,ring,314,807,345,845,ground_truth
images/Trip 043 Day 2 24-10-05 Image 9 add_6.png,Trip 043 Day 2 24-10-05 Image 9 add_6_crop_000.png,train,0,ring,194,193,216,214,ground_truth
images/Trip 043 Day 2 24-10-05 Image 9 add_6.png,Trip 043 Day 2 24-10-05 Image 9 add_6_crop_001.png,train,0,ring,615,235,642,263,ground_truth
images/Trip 043 Day 2 24-10-05 Image 9 add_6.png,Trip 043 Day 2 24-10-05 Image 9 add_6_crop_002.png,train,0,ring,615,235,642,263,ground_truth
images/Trip 043 Day 2 24-10-05 Image 9 add_6.png,Trip 043 Day 2 24-10-05 Image 9 add_6_crop_003.png,train,0,ring,1267,579,1291,601,ground_truth
images/Trip 043 Day 2 24-10-05 Image 9 add_6.png,Trip 043 Day 2 24-10-05 Image 9 add_6_crop_004.png,train,1,schizont,61,786,148,902,ground_truth
images/Trip 043 Day 2 24-10-05 Image 9 add_6.png,Trip 043 Day 2 24-10-05 Image 9 add_6_crop_005.png,train,0,ring,257,892,279,913,ground_truth
images/Trip 043 Day 2 24-10-05 Image 9 add_7.png,Trip 043 Day 2 24-10-05 Image 9 add_7_crop_000.png,test,0,ring,1154,382,1207,448,ground_truth
images/Trip 043 Day 2 24-10-05 Image 9 add_7.png,Trip 043 Day 2 24-10-05 Image 9 add_7_crop_001.png,test,0,ring,513,70,549,110,ground_truth
images/Trip 043 Day 2 24-10-05 Image 9 add_7.png,Trip 043 Day 2 24-10-05 Image 9 add_7_crop_002.png,test,0,ring,984,749,1008,770,ground_truth
images/Trip 043 Day 2 24-10-05 Image 9 add_7.png,Trip 043 Day 2 24-10-05 Image 9 add_7_crop_003.png,test,0,ring,310,804,334,827,ground_truth
images/Trip 043 Day 2 24-10-05 Image 9 add_8.png,Trip 043 Day 2 24-10-05 Image 9 add_8_crop_000.png,test,1,schizont,986,526,1057,599,ground_truth
images/Trip 043 Day 2 24-10-05 Image 9 add_8.png,Trip 043 Day 2 24-10-05 Image 9 add_8_crop_001.png,test,1,schizont,1137,0,1215,43,ground_truth
images/Trip 043 Day 2 24-10-05 Image 9 add_8.png,Trip 043 Day 2 24-10-05 Image 9 add_8_crop_002.png,test,0,ring,187,85,211,108,ground_truth
images/Trip 043 Day 2 24-10-05 Image 9 add_8.png,Trip 043 Day 2 24-10-05 Image 9 add_8_crop_003.png,test,0,ring,13,206,59,239,ground_truth
images/Trip 043 Day 2 24-10-05 Image 9 add_9.png,Trip 043 Day 2 24-10-05 Image 9 add_9_crop_000.png,train,1,schizont,248,196,309,247,ground_truth
images/Trip 043 Day 2 24-10-05 Image 9 add_9.png,Trip 043 Day 2 24-10-05 Image 9 add_9_crop_001.png,train,0,ring,273,17,312,46,ground_truth
images/Trip 053 Day 2 19-11-05 Image 10 add_1.png,Trip 053 Day 2 19-11-05 Image 10 add_1_crop_000.png,val,1,schizont,64,225,144,317,ground_truth
images/Trip 053 Day 2 19-11-05 Image 10 add_1.png,Trip 053 Day 2 19-11-05 Image 10 add_1_crop_001.png,val,1,schizont,599,24,701,94,ground_truth
images/Trip 053 Day 2 19-11-05 Image 10 add_1.png,Trip 053 Day 2 19-11-05 Image 10 add_1_crop_002.png,val,1,schizont,949,539,1038,671,ground_truth
images/Trip 053 Day 2 19-11-05 Image 10 add_1.png,Trip 053 Day 2 19-11-05 Image 10 add_1_crop_003.png,val,2,trophozoite,147,796,205,846,ground_truth
images/Trip 053 Day 2 19-11-05 Image 10 add_10.png,Trip 053 Day 2 19-11-05 Image 10 add_10_crop_000.png,train,1,schizont,201,658,316,735,ground_truth
images/Trip 053 Day 2 19-11-05 Image 10 add_10.png,Trip 053 Day 2 19-11-05 Image 10 add_10_crop_001.png,train,1,schizont,964,849,1061,972,ground_truth
images/Trip 053 Day 2 19-11-05 Image 10 add_10.png,Trip 053 Day 2 19-11-05 Image 10 add_10_crop_002.png,train,1,schizont,870,195,950,271,ground_truth
images/Trip 053 Day 2 19-11-05 Image 10 add_10.png,Trip 053 Day 2 19-11-05 Image 10 add_10_crop_003.png,train,2,trophozoite,235,868,317,935,ground_truth
images/Trip 053 Day 2 19-11-05 Image 10 add_10.png,Trip 053 Day 2 19-11-05 Image 10 add_10_crop_004.png,train,2,trophozoite,612,836,665,892,ground_truth
images/Trip 053 Day 2 19-11-05 Image 10 add_10.png,Trip 053 Day 2 19-11-05 Image 10 add_10_crop_005.png,train,1,schizont,590,712,702,827,ground_truth
images/Trip 053 Day 2 19-11-05 Image 10 add_11.png,Trip 053 Day 2 19-11-05 Image 10 add_11_crop_000.png,val,2,trophozoite,248,131,299,184,ground_truth
images/Trip 053 Day 2 19-11-05 Image 10 add_12.png,Trip 053 Day 2 19-11-05 Image 10 add_12_crop_000.png,test,1,schizont,370,159,456,245,ground_truth
images/Trip 053 Day 2 19-11-05 Image 10 add_12.png,Trip 053 Day 2 19-11-05 Image 10 add_12_crop_001.png,test,0,ring,758,156,785,177,ground_truth
images/Trip 053 Day 2 19-11-05 Image 10 add_12.png,Trip 053 Day 2 19-11-05 Image 10 add_12_crop_002.png,test,1,schizont,1171,183,1254,267,ground_truth
images/Trip 053 Day 2 19-11-05 Image 10 add_12.png,Trip 053 Day 2 19-11-05 Image 10 add_12_crop_003.png,test,2,trophozoite,571,981,622,1030,ground_truth
images/Trip 053 Day 2 19-11-05 Image 10 add_14.png,Trip 053 Day 2 19-11-05 Image 10 add_14_crop_000.png,train,1,schizont,179,363,262,451,ground_truth
images/Trip 053 Day 2 19-11-05 Image 10 add_14.png,Trip 053 Day 2 19-11-05 Image 10 add_14_crop_001.png,train,1,schizont,560,255,658,349,ground_truth
images/Trip 053 Day 2 19-11-05 Image 10 add_14.png,Trip 053 Day 2 19-11-05 Image 10 add_14_crop_002.png,train,0,ring,876,977,901,1004,ground_truth
images/Trip 053 Day 2 19-11-05 Image 10 add_15.png,Trip 053 Day 2 19-11-05 Image 10 add_15_crop_000.png,val,1,schizont,963,942,1094,1030,ground_truth
images/Trip 053 Day 2 19-11-05 Image 10 add_16.png,Trip 053 Day 2 19-11-05 Image 10 add_16_crop_000.png,val,1,schizont,1144,258,1258,373,ground_truth
images/Trip 053 Day 2 19-11-05 Image 10 add_16.png,Trip 053 Day 2 19-11-05 Image 10 add_16_crop_001.png,val,0,ring,1294,603,1325,639,ground_truth
images/Trip 053 Day 2 19-11-05 Image 10 add_16.png,Trip 053 Day 2 19-11-05 Image 10 add_16_crop_002.png,val,1,schizont,1088,904,1152,999,ground_truth
images/Trip 053 Day 2 19-11-05 Image 10 add_2.png,Trip 053 Day 2 19-11-05 Image 10 add_2_crop_000.png,test,1,schizont,920,919,1027,996,ground_truth
images/Trip 053 Day 2 19-11-05 Image 10 add_3.png,Trip 053 Day 2 19-11-05 Image 10 add_3_crop_000.png,val,0,ring,157,917,204,968,ground_truth
images/Trip 053 Day 2 19-11-05 Image 10 add_3.png,Trip 053 Day 2 19-11-05 Image 10 add_3_crop_001.png,val,2,trophozoite,398,977,459,1029,ground_truth
images/Trip 053 Day 2 19-11-05 Image 10 add_3.png,Trip 053 Day 2 19-11-05 Image 10 add_3_crop_002.png,val,0,ring,1292,946,1320,967,ground_truth
images/Trip 053 Day 2 19-11-05 Image 10 add_4.png,Trip 053 Day 2 19-11-05 Image 10 add_4_crop_000.png,test,1,schizont,35,57,106,132,ground_truth
images/Trip 053 Day 2 19-11-05 Image 10 add_4.png,Trip 053 Day 2 19-11-05 Image 10 add_4_crop_001.png,test,1,schizont,0,185,144,296,ground_truth
images/Trip 053 Day 2 19-11-05 Image 10 add_4.png,Trip 053 Day 2 19-11-05 Image 10 add_4_crop_002.png,test,1,schizont,325,96,414,164,ground_truth
images/Trip 053 Day 2 19-11-05 Image 10 add_4.png,Trip 053 Day 2 19-11-05 Image 10 add_4_crop_003.png,test,1,schizont,388,218,461,330,ground_truth
images/Trip 053 Day 2 19-11-05 Image 10 add_4.png,Trip 053 Day 2 19-11-05 Image 10 add_4_crop_004.png,test,1,schizont,825,186,901,278,ground_truth
images/Trip 053 Day 2 19-11-05 Image 10 add_4.png,Trip 053 Day 2 19-11-05 Image 10 add_4_crop_005.png,test,1,schizont,1195,265,1303,354,ground_truth
images/Trip 053 Day 2 19-11-05 Image 10 add_4.png,Trip 053 Day 2 19-11-05 Image 10 add_4_crop_006.png,test,1,schizont,1243,0,1338,57,ground_truth
images/Trip 053 Day 2 19-11-05 Image 10 add_4.png,Trip 053 Day 2 19-11-05 Image 10 add_4_crop_007.png,test,1,schizont,649,472,759,564,ground_truth
images/Trip 053 Day 2 19-11-05 Image 10 add_4.png,Trip 053 Day 2 19-11-05 Image 10 add_4_crop_008.png,test,1,schizont,407,489,521,627,ground_truth
images/Trip 053 Day 2 19-11-05 Image 10 add_4.png,Trip 053 Day 2 19-11-05 Image 10 add_4_crop_009.png,test,1,schizont,142,496,253,623,ground_truth
images/Trip 053 Day 2 19-11-05 Image 10 add_4.png,Trip 053 Day 2 19-11-05 Image 10 add_4_crop_010.png,test,1,schizont,574,988,669,1030,ground_truth
images/Trip 053 Day 2 19-11-05 Image 10 add_4.png,Trip 053 Day 2 19-11-05 Image 10 add_4_crop_011.png,test,0,ring,1079,878,1112,906,ground_truth
images/Trip 053 Day 2 19-11-05 Image 10 add_5.png,Trip 053 Day 2 19-11-05 Image 10 add_5_crop_000.png,test,0,ring,654,119,696,153,ground_truth
images/Trip 053 Day 2 19-11-05 Image 10 add_5.png,Trip 053 Day 2 19-11-05 Image 10 add_5_crop_001.png,test,1,schizont,108,745,213,836,ground_truth
images/Trip 053 Day 2 19-11-05 Image 10 add_5.png,Trip 053 Day 2 19-11-05 Image 10 add_5_crop_002.png,test,1,schizont,524,893,601,978,ground_truth
images/Trip 053 Day 2 19-11-05 Image 10 add_5.png,Trip 053 Day 2 19-11-05 Image 10 add_5_crop_003.png,test,1,schizont,524,893,601,978,ground_truth
images/Trip 053 Day 2 19-11-05 Image 10 add_6.png,Trip 053 Day 2 19-11-05 Image 10 add_6_crop_000.png,test,1,schizont,402,410,488,500,ground_truth
images/Trip 053 Day 2 19-11-05 Image 10 add_7.png,Trip 053 Day 2 19-11-05 Image 10 add_7_crop_000.png,train,1,schizont,351,635,429,715,ground_truth
images/Trip 053 Day 2 19-11-05 Image 10 add_7.png,Trip 053 Day 2 19-11-05 Image 10 add_7_crop_001.png,train,1,schizont,46,572,121,670,ground_truth
images/Trip 053 Day 2 19-11-05 Image 10 add_7.png,Trip 053 Day 2 19-11-05 Image 10 add_7_crop_002.png,train,1,schizont,1134,458,1228,564,ground_truth
images/Trip 053 Day 2 19-11-05 Image 10 add_7.png,Trip 053 Day 2 19-11-05 Image 10 add_7_crop_003.png,train,2,trophozoite,1139,373,1217,445,ground_truth
images/Trip 053 Day 2 19-11-05 Image 10 add_7.png,Trip 053 Day 2 19-11-05 Image 10 add_7_crop_004.png,train,0,ring,909,666,965,711,ground_truth
images/Trip 053 Day 2 19-11-05 Image 10 add_7.png,Trip 053 Day 2 19-11-05 Image 10 add_7_crop_005.png,train,0,ring,254,415,293,442,ground_truth
images/Trip 053 Day 2 19-11-05 Image 10 add_8.png,Trip 053 Day 2 19-11-05 Image 10 add_8_crop_000.png,train,1,schizont,579,0,668,36,ground_truth
images/Trip 053 Day 2 19-11-05 Image 10 add_9.png,Trip 053 Day 2 19-11-05 Image 10 add_9_crop_000.png,train,1,schizont,25,37,98,134,ground_truth
images/Trip 053 Day 2 19-11-05 Image 10 add_9.png,Trip 053 Day 2 19-11-05 Image 10 add_9_crop_001.png,train,1,schizont,841,553,1043,630,ground_truth
images/Trip 053 Day 2 19-11-05 Image 1_1.png,Trip 053 Day 2 19-11-05 Image 1_1_crop_000.png,train,1,schizont,1,316,100,397,ground_truth
images/Trip 053 Day 2 19-11-05 Image 1_1.png,Trip 053 Day 2 19-11-05 Image 1_1_crop_001.png,train,2,trophozoite,267,668,333,743,ground_truth
images/Trip 053 Day 2 19-11-05 Image 1_1.png,Trip 053 Day 2 19-11-05 Image 1_1_crop_002.png,train,0,ring,508,801,545,837,ground_truth
images/Trip 053 Day 2 19-11-05 Image 1_1.png,Trip 053 Day 2 19-11-05 Image 1_1_crop_003.png,train,0,ring,579,835,595,851,ground_truth
images/Trip 053 Day 2 19-11-05 Image 1_1.png,Trip 053 Day 2 19-11-05 Image 1_1_crop_004.png,train,0,ring,698,632,730,671,ground_truth
images/Trip 053 Day 2 19-11-05 Image 1_1.png,Trip 053 Day 2 19-11-05 Image 1_1_crop_005.png,train,1,schizont,1032,704,1095,794,ground_truth
images/Trip 053 Day 2 19-11-05 Image 1_1.png,Trip 053 Day 2 19-11-05 Image 1_1_crop_006.png,train,1,schizont,1160,779,1287,893,ground_truth
images/Trip 053 Day 2 19-11-05 Image 1_10.png,Trip 053 Day 2 19-11-05 Image 1_10_crop_000.png,train,1,schizont,302,747,385,841,ground_truth
images/Trip 053 Day 2 19-11-05 Image 1_10.png,Trip 053 Day 2 19-11-05 Image 1_10_crop_001.png,train,1,schizont,162,990,237,1030,ground_truth
images/Trip 053 Day 2 19-11-05 Image 1_11.png,Trip 053 Day 2 19-11-05 Image 1_11_crop_000.png,train,2,trophozoite,961,513,1026,567,ground_truth
images/Trip 053 Day 2 19-11-05 Image 1_11.png,Trip 053 Day 2 19-11-05 Image 1_11_crop_001.png,train,1,schizont,693,440,792,544,ground_truth
images/Trip 053 Day 2 19-11-05 Image 1_12.png,Trip 053 Day 2 19-11-05 Image 1_12_crop_000.png,test,1,schizont,730,355,810,448,ground_truth
images/Trip 053 Day 2 19-11-05 Image 1_12.png,Trip 053 Day 2 19-11-05 Image 1_12_crop_001.png,test,1,schizont,16,678,131,758,ground_truth
images/Trip 053 Day 2 19-11-05 Image 1_12.png,Trip 053 Day 2 19-11-05 Image 1_12_crop_002.png,test,1,schizont,1265,169,1365,263,ground_truth
images/Trip 053 Day 2 19-11-05 Image 1_12.png,Trip 053 Day 2 19-11-05 Image 1_12_crop_003.png,test,1,schizont,1265,169,1365,263,ground_truth
images/Trip 053 Day 2 19-11-05 Image 1_12.png,Trip 053 Day 2 19-11-05 Image 1_12_crop_004.png,test,1,schizont,913,6,1005,108,ground_truth
images/Trip 053 Day 2 19-11-05 Image 1_12.png,Trip 053 Day 2 19-11-05 Image 1_12_crop_005.png,test,1,schizont,1145,76,1221,172,ground_truth
images/Trip 053 Day 2 19-11-05 Image 1_12.png,Trip 053 Day 2 19-11-05 Image 1_12_crop_006.png,test,1,schizont,1128,345,1182,421,ground_truth
images/Trip 053 Day 2 19-11-05 Image 1_12.png,Trip 053 Day 2 19-11-05 Image 1_12_crop_007.png,test,1,schizont,57,222,134,299,ground_truth
images/Trip 053 Day 2 19-11-05 Image 1_13.png,Trip 053 Day 2 19-11-05 Image 1_13_crop_000.png,train,1,schizont,557,852,627,931,ground_truth
images/Trip 053 Day 2 19-11-05 Image 1_13.png,Trip 053 Day 2 19-11-05 Image 1_13_crop_001.png,train,1,schizont,1348,646,1382,729,ground_truth
images/Trip 053 Day 2 19-11-05 Image 1_13.png,Trip 053 Day 2 19-11-05 Image 1_13_crop_002.png,train,0,ring,884,405,917,434,ground_truth
images/Trip 053 Day 2 19-11-05 Image 1_14.png,Trip 053 Day 2 19-11-05 Image 1_14_crop_000.png,train,1,schizont,0,663,31,716,ground_truth
images/Trip 053 Day 2 19-11-05 Image 1_14.png,Trip 053 Day 2 19-11-05 Image 1_14_crop_001.png,train,1,schizont,629,22,700,100,ground_truth
images/Trip 053 Day 2 19-11-05 Image 1_14.png,Trip 053 Day 2 19-11-05 Image 1_14_crop_002.png,train,2,trophozoite,941,239,1022,298,ground_truth
images/Trip 053 Day 2 19-11-05 Image 1_14.png,Trip 053 Day 2 19-11-05 Image 1_14_crop_003.png,train,1,schizont,1269,504,1353,610,ground_truth
images/Trip 053 Day 2 19-11-05 Image 1_14.png,Trip 053 Day 2 19-11-05 Image 1_14_crop_004.png,train,1,schizont,157,0,241,31,ground_truth
images/Trip 053 Day 2 19-11-05 Image 1_14.png,Trip 053 Day 2 19-11-05 Image 1_14_crop_005.png,train,1,schizont,1185,918,1247,983,ground_truth
images/Trip 053 Day 2 19-11-05 Image 1_15.png,Trip 053 Day 2 19-11-05 Image 1_15_crop_000.png,train,2,trophozoite,292,176,342,251,ground_truth
images/Trip 053 Day 2 19-11-05 Image 1_15.png,Trip 053 Day 2 19-11-05 Image 1_15_crop_001.png,train,1,schizont,0,809,81,900,ground_truth
images/Trip 053 Day 2 19-11-05 Image 1_15.png,Trip 053 Day 2 19-11-05 Image 1_15_crop_002.png,train,1,schizont,837,629,904,707,ground_truth
images/Trip 053 Day 2 19-11-05 Image 1_16.png,Trip 053 Day 2 19-11-05 Image 1_16_crop_000.png,train,1,schizont,973,339,1034,404,ground_truth
images/Trip 053 Day 2 19-11-05 Image 1_16.png,Trip 053 Day 2 19-11-05 Image 1_16_crop_001.png,train,1,schizont,48,824,146,901,ground_truth
images/Trip 053 Day 2 19-11-05 Image 1_16.png,Trip 053 Day 2 19-11-05 Image 1_16_crop_002.png,train,2,trophozoite,1027,416,1093,488,ground_truth
images/Trip 053 Day 2 19-11-05 Image 1_16.png,Trip 053 Day 2 19-11-05 Image 1_16_crop_003.png,train,0,ring,663,528,710,561,ground_truth
images/Trip 053 Day 2 19-11-05 Image 1_16.png,Trip 053 Day 2 19-11-05 Image 1_16_crop_004.png,train,0,ring,1301,819,1333,849,ground_truth
images/Trip 053 Day 2 19-11-05 Image 1_2.png,Trip 053 Day 2 19-11-05 Image 1_2_crop_000.png,test,0,ring,957,553,984,581,ground_truth
images/Trip 053 Day 2 19-11-05 Image 1_3.png,Trip 053 Day 2 19-11-05 Image 1_3_crop_000.png,train,1,schizont,213,364,301,459,ground_truth
images/Trip 053 Day 2 19-11-05 Image 1_3.png,Trip 053 Day 2 19-11-05 Image 1_3_crop_001.png,train,1,schizont,1331,90,1381,168,ground_truth
images/Trip 053 Day 2 19-11-05 Image 1_3.png,Trip 053 Day 2 19-11-05 Image 1_3_crop_002.png,train,1,schizont,382,106,481,172,ground_truth
images/Trip 053 Day 2 19-11-05 Image 1_3.png,Trip 053 Day 2 19-11-05 Image 1_3_crop_003.png,train,1,schizont,1041,789,1162,886,ground_truth
images/Trip 053 Day 2 19-11-05 Image 1_4.png,Trip 053 Day 2 19-11-05 Image 1_4_crop_000.png,train,1,schizont,137,279,217,345,ground_truth
images/Trip 053 Day 2 19-11-05 Image 1_4.png,Trip 053 Day 2 19-11-05 Image 1_4_crop_001.png,train,1,schizont,364,277,438,349,ground_truth
images/Trip 053 Day 2 19-11-05 Image 1_4.png,Trip 053 Day 2 19-11-05 Image 1_4_crop_002.png,train,1,schizont,50,0,127,103,ground_truth
images/Trip 053 Day 2 19-11-05 Image 1_4.png,Trip 053 Day 2 19-11-05 Image 1_4_crop_003.png,train,1,schizont,0,104,32,165,ground_truth
images/Trip 053 Day 2 19-11-05 Image 1_4.png,Trip 053 Day 2 19-11-05 Image 1_4_crop_004.png,train,1,schizont,1102,0,1174,43,ground_truth
images/Trip 053 Day 2 19-11-05 Image 1_4.png,Trip 053 Day 2 19-11-05 Image 1_4_crop_005.png,train,0,ring,249,814,278,849,ground_truth
images/Trip 053 Day 2 19-11-05 Image 1_4.png,Trip 053 Day 2 19-11-05 Image 1_4_crop_006.png,train,0,ring,1364,815,1381,850,ground_truth
images/Trip 053 Day 2 19-11-05 Image 1_6.png,Trip 053 Day 2 19-11-05 Image 1_6_crop_000.png,train,0,ring,1080,537,1125,604,ground_truth
images/Trip 053 Day 2 19-11-05 Image 1_6.png,Trip 053 Day 2 19-11-05 Image 1_6_crop_001.png,train,1,schizont,1239,798,1319,881,ground_truth
images/Trip 053 Day 2 19-11-05 Image 1_6.png,Trip 053 Day 2 19-11-05 Image 1_6_crop_002.png,train,0,ring,1127,322,1162,361,ground_truth
images/Trip 053 Day 2 19-11-05 Image 1_6.png,Trip 053 Day 2 19-11-05 Image 1_6_crop_003.png,train,0,ring,333,322,360,350,ground_truth
images/Trip 053 Day 2 19-11-05 Image 1_7.png,Trip 053 Day 2 19-11-05 Image 1_7_crop_000.png,train,1,schizont,445,325,519,404,ground_truth
images/Trip 053 Day 2 19-11-05 Image 1_7.png,Trip 053 Day 2 19-11-05 Image 1_7_crop_001.png,train,1,schizont,944,39,1128,118,ground_truth
images/Trip 053 Day 2 19-11-05 Image 1_7.png,Trip 053 Day 2 19-11-05 Image 1_7_crop_002.png,train,0,ring,0,549,25,576,ground_truth
images/Trip 053 Day 2 19-11-05 Image 1_8.png,Trip 053 Day 2 19-11-05 Image 1_8_crop_000.png,test,1,schizont,804,136,872,206,ground_truth
images/Trip 053 Day 2 19-11-05 Image 1_8.png,Trip 053 Day 2 19-11-05 Image 1_8_crop_001.png,test,1,schizont,146,600,235,694,ground_truth
images/Trip 053 Day 2 19-11-05 Image 1_8.png,Trip 053 Day 2 19-11-05 Image 1_8_crop_002.png,test,1,schizont,620,199,669,283,ground_truth
images/Trip 053 Day 2 19-11-05 Image 1_8.png,Trip 053 Day 2 19-11-05 Image 1_8_crop_003.png,test,2,trophozoite,738,13,802,73,ground_truth
images/Trip 053 Day 2 19-11-05 Image 1_8.png,Trip 053 Day 2 19-11-05 Image 1_8_crop_004.png,test,2,trophozoite,556,788,621,848,ground_truth
images/Trip 053 Day 2 19-11-05 Image 1_9.png,Trip 053 Day 2 19-11-05 Image 1_9_crop_000.png,train,1,schizont,798,453,873,546,ground_truth
images/Trip 053 Day 2 19-11-05 Image 1_9.png,Trip 053 Day 2 19-11-05 Image 1_9_crop_001.png,train,0,ring,910,738,931,758,ground_truth
images/Trip 053 Day 2 19-11-05 Image 2_1.png,Trip 053 Day 2 19-11-05 Image 2_1_crop_000.png,val,1,schizont,469,613,539,700,ground_truth
images/Trip 053 Day 2 19-11-05 Image 2_1.png,Trip 053 Day 2 19-11-05 Image 2_1_crop_001.png,val,1,schizont,66,425,159,515,ground_truth
images/Trip 053 Day 2 19-11-05 Image 2_1.png,Trip 053 Day 2 19-11-05 Image 2_1_crop_002.png,val,1,schizont,797,42,896,142,ground_truth
images/Trip 053 Day 2 19-11-05 Image 2_10.png,Trip 053 Day 2 19-11-05 Image 2_10_crop_000.png,val,1,schizont,918,790,1005,887,ground_truth
images/Trip 053 Day 2 19-11-05 Image 2_10.png,Trip 053 Day 2 19-11-05 Image 2_10_crop_001.png,val,0,ring,434,377,477,414,ground_truth
images/Trip 053 Day 2 19-11-05 Image 2_10.png,Trip 053 Day 2 19-11-05 Image 2_10_crop_002.png,val,1,schizont,667,584,784,795,ground_truth
images/Trip 053 Day 2 19-11-05 Image 2_11.png,Trip 053 Day 2 19-11-05 Image 2_11_crop_000.png,val,1,schizont,1022,589,1157,701,ground_truth
images/Trip 053 Day 2 19-11-05 Image 2_11.png,Trip 053 Day 2 19-11-05 Image 2_11_crop_001.png,val,1,schizont,1203,695,1314,801,ground_truth
images/Trip 053 Day 2 19-11-05 Image 2_12.png,Trip 053 Day 2 19-11-05 Image 2_12_crop_000.png,train,1,schizont,1198,29,1275,105,ground_truth
images/Trip 053 Day 2 19-11-05 Image 2_12.png,Trip 053 Day 2 19-11-05 Image 2_12_crop_001.png,train,1,schizont,1073,659,1195,766,ground_truth
images/Trip 053 Day 2 19-11-05 Image 2_12.png,Trip 053 Day 2 19-11-05 Image 2_12_crop_002.png,train,1,schizont,1326,472,1382,550,ground_truth
images/Trip 053 Day 2 19-11-05 Image 2_12.png,Trip 053 Day 2 19-11-05 Image 2_12_crop_003.png,train,1,schizont,1088,556,1195,656,ground_truth
images/Trip 053 Day 2 19-11-05 Image 2_13.png,Trip 053 Day 2 19-11-05 Image 2_13_crop_000.png,val,1,schizont,179,334,265,434,ground_truth
images/Trip 053 Day 2 19-11-05 Image 2_13.png,Trip 053 Day 2 19-11-05 Image 2_13_crop_001.png,val,1,schizont,185,612,256,703,ground_truth
images/Trip 053 Day 2 19-11-05 Image 2_13.png,Trip 053 Day 2 19-11-05 Image 2_13_crop_002.png,val,1,schizont,599,149,674,223,ground_truth
images/Trip 053 Day 2 19-11-05 Image 2_14.png,Trip 053 Day 2 19-11-05 Image 2_14_crop_000.png,val,1,schizont,395,826,477,924,ground_truth
images/Trip 053 Day 2 19-11-05 Image 2_14.png,Trip 053 Day 2 19-11-05 Image 2_14_crop_001.png,val,0,ring,608,914,634,937,ground_truth
images/Trip 053 Day 2 19-11-05 Image 2_15.png,Trip 053 Day 2 19-11-05 Image 2_15_crop_000.png,train,0,ring,533,284,556,306,ground_truth
images/Trip 053 Day 2 19-11-05 Image 2_15.png,Trip 053 Day 2 19-11-05 Image 2_15_crop_001.png,train,0,ring,346,876,376,901,ground_truth
images/Trip 053 Day 2 19-11-05 Image 2_15.png,Trip 053 Day 2 19-11-05 Image 2_15_crop_002.png,train,1,schizont,894,765,960,857,ground_truth
images/Trip 053 Day 2 19-11-05 Image 2_16.png,Trip 053 Day 2 19-11-05 Image 2_16_crop_000.png,train,1,schizont,752,598,837,685,ground_truth
images/Trip 053 Day 2 19-11-05 Image 2_16.png,Trip 053 Day 2 19-11-05 Image 2_16_crop_001.png,train,1,schizont,20,516,128,609,ground_truth
images/Trip 053 Day 2 19-11-05 Image 2_16.png,Trip 053 Day 2 19-11-05 Image 2_16_crop_002.png,train,1,schizont,325,722,430,861,ground_truth
images/Trip 053 Day 2 19-11-05 Image 2_16.png,Trip 053 Day 2 19-11-05 Image 2_16_crop_003.png,train,1,schizont,708,456,831,578,ground_truth
images/Trip 053 Day 2 19-11-05 Image 2_2.png,Trip 053 Day 2 19-11-05 Image 2_2_crop_000.png,train,1,schizont,196,343,282,443,ground_truth
images/Trip 053 Day 2 19-11-05 Image 2_2.png,Trip 053 Day 2 19-11-05 Image 2_2_crop_001.png,train,1,schizont,1007,168,1106,263,ground_truth
images/Trip 053 Day 2 19-11-05 Image 2_2.png,Trip 053 Day 2 19-11-05 Image 2_2_crop_002.png,train,0,ring,1331,840,1359,867,ground_truth
images/Trip 053 Day 2 19-11-05 Image 2_3.png,Trip 053 Day 2 19-11-05 Image 2_3_crop_000.png,test,1,schizont,1129,972,1205,1030,ground_truth
images/Trip 053 Day 2 19-11-05 Image 2_4.png,Trip 053 Day 2 19-11-05 Image 2_4_crop_000.png,val,0,ring,542,177,565,200,ground_truth
images/Trip 053 Day 2 19-11-05 Image 2_4.png,Trip 053 Day 2 19-11-05 Image 2_4_crop_001.png,val,0,ring,1123,206,1146,226,ground_truth
images/Trip 053 Day 2 19-11-05 Image 2_5.png,Trip 053 Day 2 19-11-05 Image 2_5_crop_000.png,val,1,schizont,821,33,998,199,ground_truth
images/Trip 053 Day 2 19-11-05 Image 2_5.png,Trip 053 Day 2 19-11-05 Image 2_5_crop_001.png,val,1,schizont,821,33,998,199,ground_truth
images/Trip 053 Day 2 19-11-05 Image 2_5.png,Trip 053 Day 2 19-11-05 Image 2_5_crop_002.png,val,1,schizont,284,917,393,1030,ground_truth
images/Trip 053 Day 2 19-11-05 Image 2_6.png,Trip 053 Day 2 19-11-05 Image 2_6_crop_000.png,train,1,schizont,850,500,937,584,ground_truth
images/Trip 053 Day 2 19-11-05 Image 2_6.png,Trip 053 Day 2 19-11-05 Image 2_6_crop_001.png,train,1,schizont,1125,644,1225,758,ground_truth
images/Trip 053 Day 2 19-11-05 Image 2_7.png,Trip 053 Day 2 19-11-05 Image 2_7_crop_000.png,train,1,schizont,98,859,191,953,ground_truth
images/Trip 053 Day 2 19-11-05 Image 2_7.png,Trip 053 Day 2 19-11-05 Image 2_7_crop_001.png,train,0,ring,535,523,562,545,ground_truth
images/Trip 053 Day 2 19-11-05 Image 2_7.png,Trip 053 Day 2 19-11-05 Image 2_7_crop_002.png,train,0,ring,752,749,776,772,ground_truth
images/Trip 053 Day 2 19-11-05 Image 2_7.png,Trip 053 Day 2 19-11-05 Image 2_7_crop_003.png,train,0,ring,274,40,294,64,ground_truth
images/Trip 053 Day 2 19-11-05 Image 2_8.png,Trip 053 Day 2 19-11-05 Image 2_8_crop_000.png,train,0,ring,218,539,265,584,ground_truth
images/Trip 053 Day 2 19-11-05 Image 2_9.png,Trip 053 Day 2 19-11-05 Image 2_9_crop_000.png,val,1,schizont,351,103,431,212,ground_truth
images/Trip 053 Day 2 19-11-05 Image 2_9.png,Trip 053 Day 2 19-11-05 Image 2_9_crop_001.png,val,2,trophozoite,399,40,474,112,ground_truth
images/Trip 053 Day 2 19-11-05 Image 2_9.png,Trip 053 Day 2 19-11-05 Image 2_9_crop_002.png,val,0,ring,507,135,526,155,ground_truth
images/Trip 053 Day 2 19-11-05 Image 3_1.png,Trip 053 Day 2 19-11-05 Image 3_1_crop_000.png,test,1,schizont,54,391,125,469,ground_truth
images/Trip 053 Day 2 19-11-05 Image 3_1.png,Trip 053 Day 2 19-11-05 Image 3_1_crop_001.png,test,1,schizont,923,616,1016,715,ground_truth
images/Trip 053 Day 2 19-11-05 Image 3_1.png,Trip 053 Day 2 19-11-05 Image 3_1_crop_002.png,test,1,schizont,972,523,1063,643,ground_truth
images/Trip 053 Day 2 19-11-05 Image 3_1.png,Trip 053 Day 2 19-11-05 Image 3_1_crop_003.png,test,1,schizont,1258,338,1352,414,ground_truth
images/Trip 053 Day 2 19-11-05 Image 3_10.png,Trip 053 Day 2 19-11-05 Image 3_10_crop_000.png,train,1,schizont,842,981,945,1030,ground_truth
images/Trip 053 Day 2 19-11-05 Image 3_10.png,Trip 053 Day 2 19-11-05 Image 3_10_crop_001.png,train,1,schizont,622,915,712,986,ground_truth
images/Trip 053 Day 2 19-11-05 Image 3_10.png,Trip 053 Day 2 19-11-05 Image 3_10_crop_002.png,train,1,schizont,622,915,712,986,ground_truth
images/Trip 053 Day 2 19-11-05 Image 3_11.png,Trip 053 Day 2 19-11-05 Image 3_11_crop_000.png,test,1,schizont,126,979,216,1030,ground_truth
images/Trip 053 Day 2 19-11-05 Image 3_13.png,Trip 053 Day 2 19-11-05 Image 3_13_crop_000.png,train,1,schizont,116,362,206,452,ground_truth
images/Trip 053 Day 2 19-11-05 Image 3_13.png,Trip 053 Day 2 19-11-05 Image 3_13_crop_001.png,train,1,schizont,825,282,946,406,ground_truth
images/Trip 053 Day 2 19-11-05 Image 3_14.png,Trip 053 Day 2 19-11-05 Image 3_14_crop_000.png,train,1,schizont,1310,868,1382,973,ground_truth
images/Trip 053 Day 2 19-11-05 Image 3_14.png,Trip 053 Day 2 19-11-05 Image 3_14_crop_001.png,train,1,schizont,113,809,217,912,ground_truth
images/Trip 053 Day 2 19-11-05 Image 3_14.png,Trip 053 Day 2 19-11-05 Image 3_14_crop_002.png,train,1,schizont,848,0,877,22,ground_truth
images/Trip 053 Day 2 19-11-05 Image 3_14.png,Trip 053 Day 2 19-11-05 Image 3_14_crop_003.png,train,1,schizont,1332,266,1382,355,ground_truth
images/Trip 053 Day 2 19-11-05 Image 3_15.png,Trip 053 Day 2 19-11-05 Image 3_15_crop_000.png,test,1,schizont,170,164,264,270,ground_truth
images/Trip 053 Day 2 19-11-05 Image 3_15.png,Trip 053 Day 2 19-11-05 Image 3_15_crop_001.png,test,1,schizont,140,0,217,36,ground_truth
images/Trip 053 Day 2 19-11-05 Image 3_15.png,Trip 053 Day 2 19-11-05 Image 3_15_crop_002.png,test,1,schizont,0,261,36,349,ground_truth
images/Trip 053 Day 2 19-11-05 Image 3_15.png,Trip 053 Day 2 19-11-05 Image 3_15_crop_003.png,test,0,ring,469,757,495,785,ground_truth
images/Trip 053 Day 2 19-11-05 Image 3_15.png,Trip 053 Day 2 19-11-05 Image 3_15_crop_004.png,test,1,schizont,0,872,20,949,ground_truth
images/Trip 053 Day 2 19-11-05 Image 3_16.png,Trip 053 Day 2 19-11-05 Image 3_16_crop_000.png,test,2,trophozoite,234,202,281,289,ground_truth
images/Trip 053 Day 2 19-11-05 Image 3_2.png,Trip 053 Day 2 19-11-05 Image 3_2_crop_000.png,train,0,ring,1202,317,1223,339,ground_truth
images/Trip 053 Day 2 19-11-05 Image 3_3.png,Trip 053 Day 2 19-11-05 Image 3_3_crop_000.png,train,1,schizont,543,813,655,912,ground_truth
images/Trip 053 Day 2 19-11-05 Image 3_3.png,Trip 053 Day 2 19-11-05 Image 3_3_crop_001.png,train,0,ring,939,36,965,64,ground_truth
images/Trip 053 Day 2 19-11-05 Image 3_3.png,Trip 053 Day 2 19-11-05 Image 3_3_crop_002.png,train,0,ring,11,862,35,885,ground_truth
images/Trip 053 Day 2 19-11-05 Image 3_4.png,Trip 053 Day 2 19-11-05 Image 3_4_crop_000.png,train,1,schizont,123,862,241,968,ground_truth
images/Trip 053 Day 2 19-11-05 Image 3_4.png,Trip 053 Day 2 19-11-05 Image 3_4_crop_001.png,train,1,schizont,657,256,775,374,ground_truth
images/Trip 053 Day 2 19-11-05 Image 3_4.png,Trip 053 Day 2 19-11-05 Image 3_4_crop_002.png,train,0,ring,505,826,532,851,ground_truth
images/Trip 053 Day 2 19-11-05 Image 3_4.png,Trip 053 Day 2 19-11-05 Image 3_4_crop_003.png,train,0,ring,1230,226,1251,247,ground_truth
images/Trip 053 Day 2 19-11-05 Image 3_6.png,Trip 053 Day 2 19-11-05 Image 3_6_crop_000.png,train,1,schizont,180,151,291,253,ground_truth
images/Trip 053 Day 2 19-11-05 Image 3_6.png,Trip 053 Day 2 19-11-05 Image 3_6_crop_001.png,train,0,ring,769,837,801,869,ground_truth
images/Trip 053 Day 2 19-11-05 Image 3_6.png,Trip 053 Day 2 19-11-05 Image 3_6_crop_002.png,train,0,ring,783,74,814,104,ground_truth
images/Trip 053 Day 2 19-11-05 Image 3_7.png,Trip 053 Day 2 19-11-05 Image 3_7_crop_000.png,train,1,schizont,906,562,1008,657,ground_truth
images/Trip 053 Day 2 19-11-05 Image 3_8.png,Trip 053 Day 2 19-11-05 Image 3_8_crop_000.png,train,1,schizont,721,142,826,253,ground_truth
images/Trip 053 Day 2 19-11-05 Image 3_8.png,Trip 053 Day 2 19-11-05 Image 3_8_crop_001.png,train,0,ring,780,292,798,309,ground_truth
images/Trip 061 Day 2 19-11-05 Image 11 add_1.png,Trip 061 Day 2 19-11-05 Image 11 add_1_crop_000.png,train,1,schizont,549,745,634,822,ground_truth
images/Trip 061 Day 2 19-11-05 Image 11 add_1.png,Trip 061 Day 2 19-11-05 Image 11 add_1_crop_001.png,train,1,schizont,1236,108,1305,207,ground_truth
images/Trip 061 Day 2 19-11-05 Image 11 add_1.png,Trip 061 Day 2 19-11-05 Image 11 add_1_crop_002.png,train,2,trophozoite,161,733,245,800,ground_truth
images/Trip 061 Day 2 19-11-05 Image 11 add_1.png,Trip 061 Day 2 19-11-05 Image 11 add_1_crop_003.png,train,2,trophozoite,129,539,209,612,ground_truth
images/Trip 061 Day 2 19-11-05 Image 11 add_1.png,Trip 061 Day 2 19-11-05 Image 11 add_1_crop_004.png,train,2,trophozoite,430,368,479,448,ground_truth
images/Trip 061 Day 2 19-11-05 Image 11 add_1.png,Trip 061 Day 2 19-11-05 Image 11 add_1_crop_005.png,train,2,trophozoite,493,122,550,195,ground_truth
images/Trip 061 Day 2 19-11-05 Image 11 add_1.png,Trip 061 Day 2 19-11-05 Image 11 add_1_crop_006.png,train,2,trophozoite,661,307,746,365,ground_truth
images/Trip 061 Day 2 19-11-05 Image 11 add_1.png,Trip 061 Day 2 19-11-05 Image 11 add_1_crop_007.png,train,2,trophozoite,1231,519,1294,567,ground_truth
images/Trip 061 Day 2 19-11-05 Image 11 add_10.png,Trip 061 Day 2 19-11-05 Image 11 add_10_crop_000.png,test,1,schizont,1303,457,1381,556,ground_truth
images/Trip 061 Day 2 19-11-05 Image 11 add_10.png,Trip 061 Day 2 19-11-05 Image 11 add_10_crop_001.png,test,1,schizont,1007,368,1078,455,ground_truth
images/Trip 061 Day 2 19-11-05 Image 11 add_10.png,Trip 061 Day 2 19-11-05 Image 11 add_10_crop_002.png,test,1,schizont,1113,539,1179,641,ground_truth
images/Trip 061 Day 2 19-11-05 Image 11 add_10.png,Trip 061 Day 2 19-11-05 Image 11 add_10_crop_003.png,test,0,ring,350,828,411,879,ground_truth
images/Trip 061 Day 2 19-11-05 Image 11 add_10.png,Trip 061 Day 2 19-11-05 Image 11 add_10_crop_004.png,test,2,trophozoite,1274,246,1355,303,ground_truth
images/Trip 061 Day 2 19-11-05 Image 11 add_10.png,Trip 061 Day 2 19-11-05 Image 11 add_10_crop_005.png,test,2,trophozoite,1288,902,1368,965,ground_truth
images/Trip 061 Day 2 19-11-05 Image 11 add_10.png,Trip 061 Day 2 19-11-05 Image 11 add_10_crop_006.png,test,2,trophozoite,1204,877,1255,935,ground_truth
images/Trip 061 Day 2 19-11-05 Image 11 add_10.png,Trip 061 Day 2 19-11-05 Image 11 add_10_crop_007.png,test,2,trophozoite,897,982,953,1029,ground_truth
images/Trip 061 Day 2 19-11-05 Image 11 add_10.png,Trip 061 Day 2 19-11-05 Image 11 add_10_crop_008.png,test,0,ring,897,982,953,1029,ground_truth
images/Trip 061 Day 2 19-11-05 Image 11 add_11.png,Trip 061 Day 2 19-11-05 Image 11 add_11_crop_000.png,train,1,schizont,966,692,1055,788,ground_truth
images/Trip 061 Day 2 19-11-05 Image 11 add_11.png,Trip 061 Day 2 19-11-05 Image 11 add_11_crop_001.png,train,2,trophozoite,751,77,818,137,ground_truth
images/Trip 061 Day 2 19-11-05 Image 11 add_11.png,Trip 061 Day 2 19-11-05 Image 11 add_11_crop_002.png,train,2,trophozoite,39,273,101,337,ground_truth
images/Trip 061 Day 2 19-11-05 Image 11 add_11.png,Trip 061 Day 2 19-11-05 Image 11 add_11_crop_003.png,train,2,trophozoite,717,0,759,61,ground_truth
images/Trip 061 Day 2 19-11-05 Image 11 add_11.png,Trip 061 Day 2 19-11-05 Image 11 add_11_crop_004.png,train,1,schizont,593,0,674,29,ground_truth
images/Trip 061 Day 2 19-11-05 Image 11 add_11.png,Trip 061 Day 2 19-11-05 Image 11 add_11_crop_005.png,train,2,trophozoite,912,489,970,547,ground_truth
images/Trip 061 Day 2 19-11-05 Image 11 add_12.png,Trip 061 Day 2 19-11-05 Image 11 add_12_crop_000.png,train,1,schizont,786,29,863,100,ground_truth
images/Trip 061 Day 2 19-11-05 Image 11 add_12.png,Trip 061 Day 2 19-11-05 Image 11 add_12_crop_001.png,train,1,schizont,99,547,196,622,ground_truth
images/Trip 061 Day 2 19-11-05 Image 11 add_12.png,Trip 061 Day 2 19-11-05 Image 11 add_12_crop_002.png,train,0,ring,561,885,606,927,ground_truth
images/Trip 061 Day 2 19-11-05 Image 11 add_12.png,Trip 061 Day 2 19-11-05 Image 11 add_12_crop_003.png,train,1,schizont,760,441,852,547,ground_truth
images/Trip 061 Day 2 19-11-05 Image 11 add_12.png,Trip 061 Day 2 19-11-05 Image 11 add_12_crop_004.png,train,2,trophozoite,325,390,378,442,ground_truth
images/Trip 061 Day 2 19-11-05 Image 11 add_12.png,Trip 061 Day 2 19-11-05 Image 11 add_12_crop_005.png,train,2,trophozoite,834,561,881,612,ground_truth
images/Trip 061 Day 2 19-11-05 Image 11 add_12.png,Trip 061 Day 2 19-11-05 Image 11 add_12_crop_006.png,train,2,trophozoite,936,878,997,936,ground_truth
images/Trip 061 Day 2 19-11-05 Image 11 add_12.png,Trip 061 Day 2 19-11-05 Image 11 add_12_crop_007.png,train,2,trophozoite,864,444,938,498,ground_truth
images/Trip 061 Day 2 19-11-05 Image 11 add_12.png,Trip 061 Day 2 19-11-05 Image 11 add_12_crop_008.png,train,2,trophozoite,841,141,917,222,ground_truth
images/Trip 061 Day 2 19-11-05 Image 11 add_13.png,Trip 061 Day 2 19-11-05 Image 11 add_13_crop_000.png,train,1,schizont,559,636,635,731,ground_truth
images/Trip 061 Day 2 19-11-05 Image 11 add_13.png,Trip 061 Day 2 19-11-05 Image 11 add_13_crop_001.png,train,0,ring,361,390,405,433,ground_truth
images/Trip 061 Day 2 19-11-05 Image 11 add_13.png,Trip 061 Day 2 19-11-05 Image 11 add_13_crop_002.png,train,2,trophozoite,1122,511,1191,589,ground_truth
images/Trip 061 Day 2 19-11-05 Image 11 add_13.png,Trip 061 Day 2 19-11-05 Image 11 add_13_crop_003.png,train,2,trophozoite,447,183,501,246,ground_truth
images/Trip 061 Day 2 19-11-05 Image 11 add_13.png,Trip 061 Day 2 19-11-05 Image 11 add_13_crop_004.png,train,0,ring,753,486,795,529,ground_truth
images/Trip 061 Day 2 19-11-05 Image 11 add_13.png,Trip 061 Day 2 19-11-05 Image 11 add_13_crop_005.png,train,0,ring,104,10,127,35,ground_truth
images/Trip 061 Day 2 19-11-05 Image 11 add_14.png,Trip 061 Day 2 19-11-05 Image 11 add_14_crop_000.png,train,1,schizont,329,634,403,718,ground_truth
images/Trip 061 Day 2 19-11-05 Image 11 add_14.png,Trip 061 Day 2 19-11-05 Image 11 add_14_crop_001.png,train,1,schizont,212,716,300,828,ground_truth
images/Trip 061 Day 2 19-11-05 Image 11 add_14.png,Trip 061 Day 2 19-11-05 Image 11 add_14_crop_002.png,train,1,schizont,405,378,477,454,ground_truth
images/Trip 061 Day 2 19-11-05 Image 11 add_14.png,Trip 061 Day 2 19-11-05 Image 11 add_14_crop_003.png,train,1,schizont,80,16,169,89,ground_truth
images/Trip 061 Day 2 19-11-05 Image 11 add_14.png,Trip 061 Day 2 19-11-05 Image 11 add_14_crop_004.png,train,1,schizont,790,345,870,471,ground_truth
images/Trip 061 Day 2 19-11-05 Image 11 add_14.png,Trip 061 Day 2 19-11-05 Image 11 add_14_crop_005.png,train,1,schizont,1159,212,1261,309,ground_truth
images/Trip 061 Day 2 19-11-05 Image 11 add_14.png,Trip 061 Day 2 19-11-05 Image 11 add_14_crop_006.png,train,2,trophozoite,918,66,990,125,ground_truth
images/Trip 061 Day 2 19-11-05 Image 11 add_15.png,Trip 061 Day 2 19-11-05 Image 11 add_15_crop_000.png,train,2,trophozoite,1006,471,1074,553,ground_truth
images/Trip 061 Day 2 19-11-05 Image 11 add_15.png,Trip 061 Day 2 19-11-05 Image 11 add_15_crop_001.png,train,2,trophozoite,584,29,637,103,ground_truth
images/Trip 061 Day 2 19-11-05 Image 11 add_15.png,Trip 061 Day 2 19-11-05 Image 11 add_15_crop_002.png,train,0,ring,1295,778,1341,830,ground_truth
images/Trip 061 Day 2 19-11-05 Image 11 add_16.png,Trip 061 Day 2 19-11-05 Image 11 add_16_crop_000.png,train,1,schizont,879,469,977,560,ground_truth
images/Trip 061 Day 2 19-11-05 Image 11 add_16.png,Trip 061 Day 2 19-11-05 Image 11 add_16_crop_001.png,train,2,trophozoite,48,703,123,759,ground_truth
images/Trip 061 Day 2 19-11-05 Image 11 add_16.png,Trip 061 Day 2 19-11-05 Image 11 add_16_crop_002.png,train,0,ring,1096,842,1154,910,ground_truth
images/Trip 061 Day 2 19-11-05 Image 11 add_2.png,Trip 061 Day 2 19-11-05 Image 11 add_2_crop_000.png,val,1,schizont,1236,284,1345,349,ground_truth
images/Trip 061 Day 2 19-11-05 Image 11 add_2.png,Trip 061 Day 2 19-11-05 Image 11 add_2_crop_001.png,val,1,schizont,306,385,386,509,ground_truth
images/Trip 061 Day 2 19-11-05 Image 11 add_2.png,Trip 061 Day 2 19-11-05 Image 11 add_2_crop_002.png,val,1,schizont,1242,644,1353,715,ground_truth
images/Trip 061 Day 2 19-11-05 Image 11 add_2.png,Trip 061 Day 2 19-11-05 Image 11 add_2_crop_003.png,val,2,trophozoite,827,650,873,709,ground_truth
images/Trip 061 Day 2 19-11-05 Image 11 add_2.png,Trip 061 Day 2 19-11-05 Image 11 add_2_crop_004.png,val,2,trophozoite,585,528,648,588,ground_truth
images/Trip 061 Day 2 19-11-05 Image 11 add_2.png,Trip 061 Day 2 19-11-05 Image 11 add_2_crop_005.png,val,2,trophozoite,393,255,456,325,ground_truth
images/Trip 061 Day 2 19-11-05 Image 11 add_2.png,Trip 061 Day 2 19-11-05 Image 11 add_2_crop_006.png,val,0,ring,585,528,648,588,ground_truth
images/Trip 061 Day 2 19-11-05 Image 11 add_3.png,Trip 061 Day 2 19-11-05 Image 11 add_3_crop_000.png,test,1,schizont,89,73,181,150,ground_truth
images/Trip 061 Day 2 19-11-05 Image 11 add_3.png,Trip 061 Day 2 19-11-05 Image 11 add_3_crop_001.png,test,1,schizont,929,630,999,708,ground_truth
images/Trip 061 Day 2 19-11-05 Image 11 add_3.png,Trip 061 Day 2 19-11-05 Image 11 add_3_crop_002.png,test,2,trophozoite,366,202,444,264,ground_truth
images/Trip 061 Day 2 19-11-05 Image 11 add_3.png,Trip 061 Day 2 19-11-05 Image 11 add_3_crop_003.png,test,2,trophozoite,174,914,227,984,ground_truth
images/Trip 061 Day 2 19-11-05 Image 11 add_3.png,Trip 061 Day 2 19-11-05 Image 11 add_3_crop_004.png,test,2,trophozoite,254,977,336,1029,ground_truth
images/Trip 061 Day 2 19-11-05 Image 11 add_3.png,Trip 061 Day 2 19-11-05 Image 11 add_3_crop_005.png,test,2,trophozoite,1023,191,1085,256,ground_truth
images/Trip 061 Day 2 19-11-05 Image 11 add_3.png,Trip 061 Day 2 19-11-05 Image 11 add_3_crop_006.png,test,1,schizont,0,212,41,277,ground_truth
images/Trip 061 Day 2 19-11-05 Image 11 add_3.png,Trip 061 Day 2 19-11-05 Image 11 add_3_crop_007.png,test,2,trophozoite,0,464,69,524,ground_truth
images/Trip 061 Day 2 19-11-05 Image 11 add_3.png,Trip 061 Day 2 19-11-05 Image 11 add_3_crop_008.png,test,1,schizont,0,735,70,811,ground_truth
images/Trip 061 Day 2 19-11-05 Image 11 add_3.png,Trip 061 Day 2 19-11-05 Image 11 add_3_crop_009.png,test,0,ring,1180,953,1267,1026,ground_truth
images/Trip 061 Day 2 19-11-05 Image 11 add_3.png,Trip 061 Day 2 19-11-05 Image 11 add_3_crop_010.png,test,0,ring,747,980,775,1006,ground_truth
images/Trip 061 Day 2 19-11-05 Image 11 add_4.png,Trip 061 Day 2 19-11-05 Image 11 add_4_crop_000.png,train,1,schizont,813,407,916,528,ground_truth
images/Trip 061 Day 2 19-11-05 Image 11 add_4.png,Trip 061 Day 2 19-11-05 Image 11 add_4_crop_001.png,train,0,ring,1121,160,1146,182,ground_truth
images/Trip 061 Day 2 19-11-05 Image 11 add_4.png,Trip 061 Day 2 19-11-05 Image 11 add_4_crop_002.png,train,1,schizont,1060,231,1175,315,ground_truth
images/Trip 061 Day 2 19-11-05 Image 11 add_4.png,Trip 061 Day 2 19-11-05 Image 11 add_4_crop_003.png,train,2,trophozoite,1053,440,1107,509,ground_truth
images/Trip 061 Day 2 19-11-05 Image 11 add_4.png,Trip 061 Day 2 19-11-05 Image 11 add_4_crop_004.png,train,0,ring,86,433,125,468,ground_truth
images/Trip 061 Day 2 19-11-05 Image 11 add_5.png,Trip 061 Day 2 19-11-05 Image 11 add_5_crop_000.png,train,2,trophozoite,791,383,861,452,ground_truth
images/Trip 061 Day 2 19-11-05 Image 11 add_6.png,Trip 061 Day 2 19-11-05 Image 11 add_6_crop_000.png,val,1,schizont,1281,593,1378,674,ground_truth
images/Trip 061 Day 2 19-11-05 Image 11 add_6.png,Trip 061 Day 2 19-11-05 Image 11 add_6_crop_001.png,val,1,schizont,605,37,681,113,ground_truth
images/Trip 061 Day 2 19-11-05 Image 11 add_6.png,Trip 061 Day 2 19-11-05 Image 11 add_6_crop_002.png,val,1,schizont,706,964,820,1024,ground_truth
images/Trip 061 Day 2 19-11-05 Image 11 add_6.png,Trip 061 Day 2 19-11-05 Image 11 add_6_crop_003.png,val,2,trophozoite,736,565,804,650,ground_truth
images/Trip 061 Day 2 19-11-05 Image 11 add_6.png,Trip 061 Day 2 19-11-05 Image 11 add_6_crop_004.png,val,2,trophozoite,522,955,580,1015,ground_truth
images/Trip 061 Day 2 19-11-05 Image 11 add_6.png,Trip 061 Day 2 19-11-05 Image 11 add_6_crop_005.png,val,2,trophozoite,1265,159,1328,211,ground_truth
images/Trip 061 Day 2 19-11-05 Image 11 add_6.png,Trip 061 Day 2 19-11-05 Image 11 add_6_crop_006.png,val,2,trophozoite,771,1,832,60,ground_truth
images/Trip 061 Day 2 19-11-05 Image 11 add_6.png,Trip 061 Day 2 19-11-05 Image 11 add_6_crop_007.png,val,2,trophozoite,939,255,1005,312,ground_truth
images/Trip 061 Day 2 19-11-05 Image 11 add_6.png,Trip 061 Day 2 19-11-05 Image 11 add_6_crop_008.png,val,2,trophozoite,712,762,763,821,ground_truth
images/Trip 061 Day 2 19-11-05 Image 11 add_7.png,Trip 061 Day 2 19-11-05 Image 11 add_7_crop_000.png,train,1,schizont,706,723,824,805,ground_truth
images/Trip 061 Day 2 19-11-05 Image 11 add_7.png,Trip 061 Day 2 19-11-05 Image 11 add_7_crop_001.png,train,1,schizont,87,0,217,86,ground_truth
images/Trip 061 Day 2 19-11-05 Image 11 add_7.png,Trip 061 Day 2 19-11-05 Image 11 add_7_crop_002.png,train,2,trophozoite,1233,755,1294,839,ground_truth
images/Trip 061 Day 2 19-11-05 Image 11 add_7.png,Trip 061 Day 2 19-11-05 Image 11 add_7_crop_003.png,train,2,trophozoite,1192,529,1250,594,ground_truth
images/Trip 061 Day 2 19-11-05 Image 11 add_7.png,Trip 061 Day 2 19-11-05 Image 11 add_7_crop_004.png,train,2,trophozoite,644,859,691,905,ground_truth
images/Trip 061 Day 2 19-11-05 Image 11 add_7.png,Trip 061 Day 2 19-11-05 Image 11 add_7_crop_005.png,train,2,trophozoite,769,913,841,968,ground_truth
images/Trip 061 Day 2 19-11-05 Image 11 add_7.png,Trip 061 Day 2 19-11-05 Image 11 add_7_crop_006.png,train,0,ring,844,527,885,594,ground_truth
images/Trip 061 Day 2 19-11-05 Image 11 add_7.png,Trip 061 Day 2 19-11-05 Image 11 add_7_crop_007.png,train,1,schizont,585,1004,684,1030,ground_truth
images/Trip 061 Day 2 19-11-05 Image 11 add_7.png,Trip 061 Day 2 19-11-05 Image 11 add_7_crop_008.png,train,1,schizont,957,492,1022,560,ground_truth
images/Trip 061 Day 2 19-11-05 Image 11 add_7.png,Trip 061 Day 2 19-11-05 Image 11 add_7_crop_009.png,train,0,ring,1336,148,1352,165,ground_truth
images/Trip 061 Day 2 19-11-05 Image 11 add_8.png,Trip 061 Day 2 19-11-05 Image 11 add_8_crop_000.png,train,1,schizont,235,424,364,491,ground_truth
images/Trip 061 Day 2 19-11-05 Image 11 add_8.png,Trip 061 Day 2 19-11-05 Image 11 add_8_crop_001.png,train,2,trophozoite,561,288,618,352,ground_truth
images/Trip 061 Day 2 19-11-05 Image 11 add_8.png,Trip 061 Day 2 19-11-05 Image 11 add_8_crop_002.png,train,1,schizont,455,401,525,477,ground_truth
images/Trip 061 Day 2 19-11-05 Image 11 add_8.png,Trip 061 Day 2 19-11-05 Image 11 add_8_crop_003.png,train,0,ring,597,809,640,845,ground_truth
images/Trip 061 Day 2 19-11-05 Image 11 add_9.png,Trip 061 Day 2 19-11-05 Image 11 add_9_crop_000.png,train,1,schizont,831,728,931,793,ground_truth
images/Trip 061 Day 2 19-11-05 Image 11 add_9.png,Trip 061 Day 2 19-11-05 Image 11 add_9_crop_001.png,train,2,trophozoite,361,744,421,814,ground_truth
images/Trip 061 Day 2 19-11-05 Image 11 add_9.png,Trip 061 Day 2 19-11-05 Image 11 add_9_crop_002.png,train,0,ring,359,64,394,97,ground_truth
images/Trip 061 Day 2 19-11-05 Image 1_1.png,Trip 061 Day 2 19-11-05 Image 1_1_crop_000.png,train,1,schizont,926,457,1031,552,ground_truth
images/Trip 061 Day 2 19-11-05 Image 1_1.png,Trip 061 Day 2 19-11-05 Image 1_1_crop_001.png,train,1,schizont,378,956,456,1030,ground_truth
images/Trip 061 Day 2 19-11-05 Image 1_1.png,Trip 061 Day 2 19-11-05 Image 1_1_crop_002.png,train,1,schizont,1163,332,1257,473,ground_truth
images/Trip 061 Day 2 19-11-05 Image 1_1.png,Trip 061 Day 2 19-11-05 Image 1_1_crop_003.png,train,1,schizont,274,201,348,263,ground_truth
images/Trip 061 Day 2 19-11-05 Image 1_1.png,Trip 061 Day 2 19-11-05 Image 1_1_crop_004.png,train,1,schizont,187,291,291,413,ground_truth
images/Trip 061 Day 2 19-11-05 Image 1_1.png,Trip 061 Day 2 19-11-05 Image 1_1_crop_005.png,train,0,ring,0,470,30,516,ground_truth
images/Trip 061 Day 2 19-11-05 Image 1_1.png,Trip 061 Day 2 19-11-05 Image 1_1_crop_006.png,train,1,schizont,915,417,960,452,ground_truth
images/Trip 061 Day 2 19-11-05 Image 1_1.png,Trip 061 Day 2 19-11-05 Image 1_1_crop_007.png,train,0,ring,1120,578,1162,625,ground_truth
images/Trip 061 Day 2 19-11-05 Image 1_10.png,Trip 061 Day 2 19-11-05 Image 1_10_crop_000.png,train,2,trophozoite,367,156,438,214,ground_truth
images/Trip 061 Day 2 19-11-05 Image 1_10.png,Trip 061 Day 2 19-11-05 Image 1_10_crop_001.png,train,0,ring,101,2,135,36,ground_truth
images/Trip 061 Day 2 19-11-05 Image 1_10.png,Trip 061 Day 2 19-11-05 Image 1_10_crop_002.png,train,0,ring,152,96,179,125,ground_truth
images/Trip 061 Day 2 19-11-05 Image 1_10.png,Trip 061 Day 2 19-11-05 Image 1_10_crop_003.png,train,0,ring,0,469,27,551,ground_truth
images/Trip 061 Day 2 19-11-05 Image 1_10.png,Trip 061 Day 2 19-11-05 Image 1_10_crop_004.png,train,1,schizont,1176,840,1252,894,ground_truth
images/Trip 061 Day 2 19-11-05 Image 1_11.png,Trip 061 Day 2 19-11-05 Image 1_11_crop_000.png,val,2,trophozoite,874,491,948,559,ground_truth
images/Trip 061 Day 2 19-11-05 Image 1_11.png,Trip 061 Day 2 19-11-05 Image 1_11_crop_001.png,val,2,trophozoite,919,416,988,483,ground_truth
images/Trip 061 Day 2 19-11-05 Image 1_11.png,Trip 061 Day 2 19-11-05 Image 1_11_crop_002.png,val,2,trophozoite,1036,200,1107,275,ground_truth
images/Trip 061 Day 2 19-11-05 Image 1_11.png,Trip 061 Day 2 19-11-05 Image 1_11_crop_003.png,val,2,trophozoite,597,395,660,453,ground_truth
images/Trip 061 Day 2 19-11-05 Image 1_12.png,Trip 061 Day 2 19-11-05 Image 1_12_crop_000.png,train,1,schizont,825,768,923,861,ground_truth
images/Trip 061 Day 2 19-11-05 Image 1_12.png,Trip 061 Day 2 19-11-05 Image 1_12_crop_001.png,train,1,schizont,1065,919,1145,966,ground_truth
images/Trip 061 Day 2 19-11-05 Image 1_13.png,Trip 061 Day 2 19-11-05 Image 1_13_crop_000.png,train,0,ring,617,389,664,427,ground_truth
images/Trip 061 Day 2 19-11-05 Image 1_13.png,Trip 061 Day 2 19-11-05 Image 1_13_crop_001.png,train,1,schizont,375,258,449,320,ground_truth
images/Trip 061 Day 2 19-11-05 Image 1_13.png,Trip 061 Day 2 19-11-05 Image 1_13_crop_002.png,train,2,trophozoite,641,282,733,367,ground_truth
images/Trip 061 Day 2 19-11-05 Image 1_13.png,Trip 061 Day 2 19-11-05 Image 1_13_crop_003.png,train,1,schizont,1332,823,1382,890,ground_truth
images/Trip 061 Day 2 19-11-05 Image 1_15.png,Trip 061 Day 2 19-11-05 Image 1_15_crop_000.png,train,1,schizont,609,470,674,565,ground_truth
images/Trip 061 Day 2 19-11-05 Image 1_15.png,Trip 061 Day 2 19-11-05 Image 1_15_crop_001.png,train,1,schizont,1330,618,1381,691,ground_truth
images/Trip 061 Day 2 19-11-05 Image 1_16.png,Trip 061 Day 2 19-11-05 Image 1_16_crop_000.png,train,2,trophozoite,305,345,377,414,ground_truth
images/Trip 061 Day 2 19-11-05 Image 1_16.png,Trip 061 Day 2 19-11-05 Image 1_16_crop_001.png,train,1,schizont,0,614,35,671,ground_truth
images/Trip 061 Day 2 19-11-05 Image 1_2.png,Trip 061 Day 2 19-11-05 Image 1_2_crop_000.png,train,1,schizont,966,537,1035,638,ground_truth
images/Trip 061 Day 2 19-11-05 Image 1_2.png,Trip 061 Day 2 19-11-05 Image 1_2_crop_001.png,train,2,trophozoite,1085,310,1154,387,ground_truth
images/Trip 061 Day 2 19-11-05 Image 1_2.png,Trip 061 Day 2 19-11-05 Image 1_2_crop_002.png,train,1,schizont,1325,28,1382,111,ground_truth
images/Trip 061 Day 2 19-11-05 Image 1_2.png,Trip 061 Day 2 19-11-05 Image 1_2_crop_003.png,train,0,ring,1081,597,1156,654,ground_truth
images/Trip 061 Day 2 19-11-05 Image 1_2.png,Trip 061 Day 2 19-11-05 Image 1_2_crop_004.png,train,0,ring,1309,755,1330,782,ground_truth
images/Trip 061 Day 2 19-11-05 Image 1_3.png,Trip 061 Day 2 19-11-05 Image 1_3_crop_000.png,train,2,trophozoite,1088,339,1161,399,ground_truth
images/Trip 061 Day 2 19-11-05 Image 1_3.png,Trip 061 Day 2 19-11-05 Image 1_3_crop_001.png,train,2,trophozoite,797,460,883,533,ground_truth
images/Trip 061 Day 2 19-11-05 Image 1_3.png,Trip 061 Day 2 19-11-05 Image 1_3_crop_002.png,train,2,trophozoite,700,208,756,274,ground_truth
images/Trip 061 Day 2 19-11-05 Image 1_3.png,Trip 061 Day 2 19-11-05 Image 1_3_crop_003.png,train,1,schizont,185,0,279,63,ground_truth
images/Trip 061 Day 2 19-11-05 Image 1_3.png,Trip 061 Day 2 19-11-05 Image 1_3_crop_004.png,train,1,schizont,0,45,21,105,ground_truth
images/Trip 061 Day 2 19-11-05 Image 1_3.png,Trip 061 Day 2 19-11-05 Image 1_3_crop_005.png,train,0,ring,1000,119,1021,139,ground_truth
images/Trip 061 Day 2 19-11-05 Image 1_4.png,Trip 061 Day 2 19-11-05 Image 1_4_crop_000.png,val,1,schizont,789,931,903,1030,ground_truth
images/Trip 061 Day 2 19-11-05 Image 1_4.png,Trip 061 Day 2 19-11-05 Image 1_4_crop_001.png,val,2,trophozoite,577,521,627,579,ground_truth
images/Trip 061 Day 2 19-11-05 Image 1_4.png,Trip 061 Day 2 19-11-05 Image 1_4_crop_002.png,val,1,schizont,1311,152,1376,224,ground_truth
images/Trip 061 Day 2 19-11-05 Image 1_5.png,Trip 061 Day 2 19-11-05 Image 1_5_crop_000.png,train,1,schizont,1277,620,1382,692,ground_truth
images/Trip 061 Day 2 19-11-05 Image 1_5.png,Trip 061 Day 2 19-11-05 Image 1_5_crop_001.png,train,0,ring,1128,707,1146,725,ground_truth
images/Trip 061 Day 2 19-11-05 Image 1_5.png,Trip 061 Day 2 19-11-05 Image 1_5_crop_002.png,train,1,schizont,387,0,435,29,ground_truth
images/Trip 061 Day 2 19-11-05 Image 1_5.png,Trip 061 Day 2 19-11-05 Image 1_5_crop_003.png,train,0,ring,522,410,541,433,ground_truth
images/Trip 061 Day 2 19-11-05 Image 1_6.png,Trip 061 Day 2 19-11-05 Image 1_6_crop_000.png,val,0,ring,1301,718,1343,762,ground_truth
images/Trip 061 Day 2 19-11-05 Image 1_6.png,Trip 061 Day 2 19-11-05 Image 1_6_crop_001.png,val,2,trophozoite,1155,19,1236,90,ground_truth
images/Trip 061 Day 2 19-11-05 Image 1_7.png,Trip 061 Day 2 19-11-05 Image 1_7_crop_000.png,train,1,schizont,227,212,335,284,ground_truth
images/Trip 061 Day 2 19-11-05 Image 1_7.png,Trip 061 Day 2 19-11-05 Image 1_7_crop_001.png,train,2,trophozoite,848,695,915,762,ground_truth
images/Trip 061 Day 2 19-11-05 Image 1_7.png,Trip 061 Day 2 19-11-05 Image 1_7_crop_002.png,train,2,trophozoite,537,593,606,646,ground_truth
images/Trip 061 Day 2 19-11-05 Image 1_7.png,Trip 061 Day 2 19-11-05 Image 1_7_crop_003.png,train,2,trophozoite,126,179,183,239,ground_truth
images/Trip 061 Day 2 19-11-05 Image 1_7.png,Trip 061 Day 2 19-11-05 Image 1_7_crop_004.png,train,1,schizont,102,937,185,1008,ground_truth
images/Trip 061 Day 2 19-11-05 Image 1_8.png,Trip 061 Day 2 19-11-05 Image 1_8_crop_000.png,test,2,trophozoite,223,191,313,247,ground_truth
images/Trip 061 Day 2 19-11-05 Image 1_8.png,Trip 061 Day 2 19-11-05 Image 1_8_crop_001.png,test,1,schizont,323,270,437,363,ground_truth
images/Trip 061 Day 2 19-11-05 Image 1_8.png,Trip 061 Day 2 19-11-05 Image 1_8_crop_002.png,test,1,schizont,760,762,869,903,ground_truth
images/Trip 061 Day 2 19-11-05 Image 1_8.png,Trip 061 Day 2 19-11-05 Image 1_8_crop_003.png,test,1,schizont,760,762,869,903,ground_truth
images/Trip 061 Day 2 19-11-05 Image 1_8.png,Trip 061 Day 2 19-11-05 Image 1_8_crop_004.png,test,1,schizont,1141,965,1211,1025,ground_truth
images/Trip 061 Day 2 19-11-05 Image 1_9.png,Trip 061 Day 2 19-11-05 Image 1_9_crop_000.png,test,0,ring,29,190,60,226,ground_truth
images/Trip 061 Day 2 19-11-05 Image 1_9.png,Trip 061 Day 2 19-11-05 Image 1_9_crop_001.png,test,1,schizont,456,82,521,134,ground_truth
images/Trip 061 Day 2 19-11-05 Image 1_9.png,Trip 061 Day 2 19-11-05 Image 1_9_crop_002.png,test,2,trophozoite,828,449,900,513,ground_truth
images/Trip 061 Day 2 19-11-05 Image 1_9.png,Trip 061 Day 2 19-11-05 Image 1_9_crop_003.png,test,0,ring,309,512,339,535,ground_truth
images/Trip 061 Day 2 19-11-05 Image 3_1.png,Trip 061 Day 2 19-11-05 Image 3_1_crop_000.png,train,1,schizont,449,194,535,270,ground_truth
images/Trip 061 Day 2 19-11-05 Image 3_1.png,Trip 061 Day 2 19-11-05 Image 3_1_crop_001.png,train,1,schizont,1040,0,1115,100,ground_truth
images/Trip 061 Day 2 19-11-05 Image 3_1.png,Trip 061 Day 2 19-11-05 Image 3_1_crop_002.png,train,1,schizont,1013,947,1124,1023,ground_truth
images/Trip 061 Day 2 19-11-05 Image 3_1.png,Trip 061 Day 2 19-11-05 Image 3_1_crop_003.png,train,2,trophozoite,40,736,112,806,ground_truth
images/Trip 061 Day 2 19-11-05 Image 3_1.png,Trip 061 Day 2 19-11-05 Image 3_1_crop_004.png,train,2,trophozoite,866,197,946,280,ground_truth
images/Trip 061 Day 2 19-11-05 Image 3_1.png,Trip 061 Day 2 19-11-05 Image 3_1_crop_005.png,train,2,trophozoite,421,974,490,1025,ground_truth
images/Trip 061 Day 2 19-11-05 Image 3_1.png,Trip 061 Day 2 19-11-05 Image 3_1_crop_006.png,train,0,ring,319,882,354,925,ground_truth
images/Trip 061 Day 2 19-11-05 Image 3_10.png,Trip 061 Day 2 19-11-05 Image 3_10_crop_000.png,val,2,trophozoite,820,13,885,86,ground_truth
images/Trip 061 Day 2 19-11-05 Image 3_10.png,Trip 061 Day 2 19-11-05 Image 3_10_crop_001.png,val,1,schizont,293,205,395,295,ground_truth
images/Trip 061 Day 2 19-11-05 Image 3_10.png,Trip 061 Day 2 19-11-05 Image 3_10_crop_002.png,val,1,schizont,853,108,966,214,ground_truth
images/Trip 061 Day 2 19-11-05 Image 3_11.png,Trip 061 Day 2 19-11-05 Image 3_11_crop_000.png,test,2,trophozoite,1140,21,1216,120,ground_truth
images/Trip 061 Day 2 19-11-05 Image 3_11.png,Trip 061 Day 2 19-11-05 Image 3_11_crop_001.png,test,2,trophozoite,970,627,1032,684,ground_truth
images/Trip 061 Day 2 19-11-05 Image 3_11.png,Trip 061 Day 2 19-11-05 Image 3_11_crop_002.png,test,2,trophozoite,1099,747,1170,838,ground_truth
images/Trip 061 Day 2 19-11-05 Image 3_11.png,Trip 061 Day 2 19-11-05 Image 3_11_crop_003.png,test,1,schizont,146,103,236,200,ground_truth
images/Trip 061 Day 2 19-11-05 Image 3_12.png,Trip 061 Day 2 19-11-05 Image 3_12_crop_000.png,test,1,schizont,299,267,391,329,ground_truth
images/Trip 061 Day 2 19-11-05 Image 3_12.png,Trip 061 Day 2 19-11-05 Image 3_12_crop_001.png,test,2,trophozoite,923,1,1001,94,ground_truth
images/Trip 061 Day 2 19-11-05 Image 3_12.png,Trip 061 Day 2 19-11-05 Image 3_12_crop_002.png,test,1,schizont,938,805,1015,902,ground_truth
images/Trip 061 Day 2 19-11-05 Image 3_12.png,Trip 061 Day 2 19-11-05 Image 3_12_crop_003.png,test,0,ring,1325,282,1371,317,ground_truth
images/Trip 061 Day 2 19-11-05 Image 3_12.png,Trip 061 Day 2 19-11-05 Image 3_12_crop_004.png,test,0,ring,45,939,83,973,ground_truth
images/Trip 061 Day 2 19-11-05 Image 3_12.png,Trip 061 Day 2 19-11-05 Image 3_12_crop_005.png,test,0,ring,1157,291,1180,313,ground_truth
images/Trip 061 Day 2 19-11-05 Image 3_13.png,Trip 061 Day 2 19-11-05 Image 3_13_crop_000.png,train,1,schizont,615,282,714,377,ground_truth
images/Trip 061 Day 2 19-11-05 Image 3_13.png,Trip 061 Day 2 19-11-05 Image 3_13_crop_001.png,train,0,ring,483,44,554,95,ground_truth
images/Trip 061 Day 2 19-11-05 Image 3_13.png,Trip 061 Day 2 19-11-05 Image 3_13_crop_002.png,train,2,trophozoite,627,709,708,789,ground_truth
images/Trip 061 Day 2 19-11-05 Image 3_13.png,Trip 061 Day 2 19-11-05 Image 3_13_crop_003.png,train,2,trophozoite,1085,272,1155,347,ground_truth
images/Trip 061 Day 2 19-11-05 Image 3_13.png,Trip 061 Day 2 19-11-05 Image 3_13_crop_004.png,train,1,schizont,772,209,859,291,ground_truth
images/Trip 061 Day 2 19-11-05 Image 3_13.png,Trip 061 Day 2 19-11-05 Image 3_13_crop_005.png,train,2,trophozoite,846,689,902,761,ground_truth
images/Trip 061 Day 2 19-11-05 Image 3_14.png,Trip 061 Day 2 19-11-05 Image 3_14_crop_000.png,val,1,schizont,690,549,790,615,ground_truth
images/Trip 061 Day 2 19-11-05 Image 3_16.png,Trip 061 Day 2 19-11-05 Image 3_16_crop_000.png,train,1,schizont,920,0,986,112,ground_truth
images/Trip 061 Day 2 19-11-05 Image 3_16.png,Trip 061 Day 2 19-11-05 Image 3_16_crop_001.png,train,2,trophozoite,39,92,115,152,ground_truth
images/Trip 061 Day 2 19-11-05 Image 3_16.png,Trip 061 Day 2 19-11-05 Image 3_16_crop_002.png,train,2,trophozoite,1037,54,1095,98,ground_truth
images/Trip 061 Day 2 19-11-05 Image 3_16.png,Trip 061 Day 2 19-11-05 Image 3_16_crop_003.png,train,2,trophozoite,1242,445,1308,504,ground_truth
images/Trip 061 Day 2 19-11-05 Image 3_16.png,Trip 061 Day 2 19-11-05 Image 3_16_crop_004.png,train,0,ring,495,941,519,967,ground_truth
images/Trip 061 Day 2 19-11-05 Image 3_2.png,Trip 061 Day 2 19-11-05 Image 3_2_crop_000.png,val,0,ring,1038,711,1075,753,ground_truth
images/Trip 061 Day 2 19-11-05 Image 3_2.png,Trip 061 Day 2 19-11-05 Image 3_2_crop_001.png,val,2,trophozoite,666,394,747,452,ground_truth
images/Trip 061 Day 2 19-11-05 Image 3_2.png,Trip 061 Day 2 19-11-05 Image 3_2_crop_002.png,val,1,schizont,442,959,553,1030,ground_truth
images/Trip 061 Day 2 19-11-05 Image 3_2.png,Trip 061 Day 2 19-11-05 Image 3_2_crop_003.png,val,0,ring,288,166,312,190,ground_truth
images/Trip 061 Day 2 19-11-05 Image 3_3.png,Trip 061 Day 2 19-11-05 Image 3_3_crop_000.png,train,1,schizont,810,232,880,355,ground_truth
images/Trip 061 Day 2 19-11-05 Image 3_3.png,Trip 061 Day 2 19-11-05 Image 3_3_crop_001.png,train,2,trophozoite,641,928,730,994,ground_truth
images/Trip 061 Day 2 19-11-05 Image 3_3.png,Trip 061 Day 2 19-11-05 Image 3_3_crop_002.png,train,2,trophozoite,0,510,65,585,ground_truth
images/Trip 061 Day 2 19-11-05 Image 3_4.png,Trip 061 Day 2 19-11-05 Image 3_4_crop_000.png,val,1,schizont,584,961,688,1029,ground_truth
images/Trip 061 Day 2 19-11-05 Image 3_4.png,Trip 061 Day 2 19-11-05 Image 3_4_crop_001.png,val,0,ring,1251,757,1271,782,ground_truth
images/Trip 061 Day 2 19-11-05 Image 3_5.png,Trip 061 Day 2 19-11-05 Image 3_5_crop_000.png,test,1,schizont,544,563,604,672,ground_truth
images/Trip 061 Day 2 19-11-05 Image 3_5.png,Trip 061 Day 2 19-11-05 Image 3_5_crop_001.png,test,1,schizont,808,175,873,278,ground_truth
images/Trip 061 Day 2 19-11-05 Image 3_5.png,Trip 061 Day 2 19-11-05 Image 3_5_crop_002.png,test,2,trophozoite,367,522,428,583,ground_truth
images/Trip 061 Day 2 19-11-05 Image 3_5.png,Trip 061 Day 2 19-11-05 Image 3_5_crop_003.png,test,0,ring,264,348,287,372,ground_truth
images/Trip 061 Day 2 19-11-05 Image 3_5.png,Trip 061 Day 2 19-11-05 Image 3_5_crop_004.png,test,1,schizont,432,583,521,675,ground_truth
images/Trip 061 Day 2 19-11-05 Image 3_6.png,Trip 061 Day 2 19-11-05 Image 3_6_crop_000.png,train,1,schizont,632,676,703,755,ground_truth
images/Trip 061 Day 2 19-11-05 Image 3_6.png,Trip 061 Day 2 19-11-05 Image 3_6_crop_001.png,train,2,trophozoite,722,706,783,754,ground_truth
images/Trip 061 Day 2 19-11-05 Image 3_7.png,Trip 061 Day 2 19-11-05 Image 3_7_crop_000.png,test,1,schizont,88,95,162,158,ground_truth
images/Trip 061 Day 2 19-11-05 Image 3_8.png,Trip 061 Day 2 19-11-05 Image 3_8_crop_000.png,train,1,schizont,832,465,911,564,ground_truth
images/Trip 061 Day 2 19-11-05 Image 3_8.png,Trip 061 Day 2 19-11-05 Image 3_8_crop_001.png,train,0,ring,524,271,562,304,ground_truth
images/Trip 061 Day 2 19-11-05 Image 3_8.png,Trip 061 Day 2 19-11-05 Image 3_8_crop_002.png,train,2,trophozoite,132,250,198,317,ground_truth
images/Trip 061 Day 2 19-11-05 Image 3_8.png,Trip 061 Day 2 19-11-05 Image 3_8_crop_003.png,train,0,ring,28,490,48,509,ground_truth
images/Trip 061 Day 2 19-11-05 Image 3_9.png,Trip 061 Day 2 19-11-05 Image 3_9_crop_000.png,train,1,schizont,118,796,178,892,ground_truth
images/Trip 061 Day 2 19-11-05 Image 3_9.png,Trip 061 Day 2 19-11-05 Image 3_9_crop_001.png,train,0,ring,783,789,832,833,ground_truth
images/Trip 061 Day 2 19-11-05 Image 3_9.png,Trip 061 Day 2 19-11-05 Image 3_9_crop_002.png,train,2,trophozoite,1245,585,1316,659,ground_truth
images/Trip 061 Day 2 19-11-05 Image 3_9.png,Trip 061 Day 2 19-11-05 Image 3_9_crop_003.png,train,1,schizont,939,855,1028,934,ground_truth
images/Trip 062 Day 1 02-11-05 Image 10 add_1.png,Trip 062 Day 1 02-11-05 Image 10 add_1_crop_000.png,train,1,schizont,43,560,168,646,ground_truth
images/Trip 062 Day 1 02-11-05 Image 10 add_1.png,Trip 062 Day 1 02-11-05 Image 10 add_1_crop_001.png,train,1,schizont,994,454,1103,556,ground_truth
images/Trip 062 Day 1 02-11-05 Image 10 add_1.png,Trip 062 Day 1 02-11-05 Image 10 add_1_crop_002.png,train,0,ring,595,206,645,258,ground_truth
images/Trip 062 Day 1 02-11-05 Image 10 add_1.png,Trip 062 Day 1 02-11-05 Image 10 add_1_crop_003.png,train,2,trophozoite,314,410,383,482,ground_truth
images/Trip 062 Day 1 02-11-05 Image 10 add_10.png,Trip 062 Day 1 02-11-05 Image 10 add_10_crop_000.png,train,1,schizont,1022,302,1131,377,ground_truth
images/Trip 062 Day 1 02-11-05 Image 10 add_11.png,Trip 062 Day 1 02-11-05 Image 10 add_11_crop_000.png,test,1,schizont,89,767,177,841,ground_truth
images/Trip 062 Day 1 02-11-05 Image 10 add_13.png,Trip 062 Day 1 02-11-05 Image 10 add_13_crop_000.png,train,2,trophozoite,0,382,46,434,ground_truth
images/Trip 062 Day 1 02-11-05 Image 10 add_13.png,Trip 062 Day 1 02-11-05 Image 10 add_13_crop_001.png,train,0,ring,898,832,947,881,ground_truth
images/Trip 062 Day 1 02-11-05 Image 10 add_14.png,Trip 062 Day 1 02-11-05 Image 10 add_14_crop_000.png,val,2,trophozoite,547,262,627,357,ground_truth
images/Trip 062 Day 1 02-11-05 Image 10 add_15.png,Trip 062 Day 1 02-11-05 Image 10 add_15_crop_000.png,val,0,ring,194,401,231,452,ground_truth
images/Trip 062 Day 1 02-11-05 Image 10 add_15.png,Trip 062 Day 1 02-11-05 Image 10 add_15_crop_001.png,val,1,schizont,12,367,104,474,ground_truth
images/Trip 062 Day 1 02-11-05 Image 10 add_15.png,Trip 062 Day 1 02-11-05 Image 10 add_15_crop_002.png,val,2,trophozoite,1173,836,1252,896,ground_truth
images/Trip 062 Day 1 02-11-05 Image 10 add_15.png,Trip 062 Day 1 02-11-05 Image 10 add_15_crop_003.png,val,1,schizont,650,53,831,216,ground_truth
images/Trip 062 Day 1 02-11-05 Image 10 add_2.png,Trip 062 Day 1 02-11-05 Image 10 add_2_crop_000.png,train,2,trophozoite,455,475,505,515,ground_truth
images/Trip 062 Day 1 02-11-05 Image 10 add_3.png,Trip 062 Day 1 02-11-05 Image 10 add_3_crop_000.png,train,0,ring,1354,107,1382,146,ground_truth
images/Trip 062 Day 1 02-11-05 Image 10 add_4.png,Trip 062 Day 1 02-11-05 Image 10 add_4_crop_000.png,test,2,trophozoite,887,941,949,992,ground_truth
images/Trip 062 Day 1 02-11-05 Image 10 add_4.png,Trip 062 Day 1 02-11-05 Image 10 add_4_crop_001.png,test,2,trophozoite,1140,586,1222,681,ground_truth
images/Trip 062 Day 1 02-11-05 Image 10 add_5.png,Trip 062 Day 1 02-11-05 Image 10 add_5_crop_000.png,train,2,trophozoite,0,765,45,843,ground_truth
images/Trip 062 Day 1 02-11-05 Image 10 add_6.png,Trip 062 Day 1 02-11-05 Image 10 add_6_crop_000.png,train,2,trophozoite,0,676,75,763,ground_truth
images/Trip 062 Day 1 02-11-05 Image 10 add_6.png,Trip 062 Day 1 02-11-05 Image 10 add_6_crop_001.png,train,0,ring,1061,706,1091,730,ground_truth
images/Trip 062 Day 1 02-11-05 Image 10 add_9.png,Trip 062 Day 1 02-11-05 Image 10 add_9_crop_000.png,train,2,trophozoite,514,890,597,1004,ground_truth
images/Trip 062 Day 1 02-11-05 Image 11 add_1.png,Trip 062 Day 1 02-11-05 Image 11 add_1_crop_000.png,train,1,schizont,224,123,294,176,ground_truth
images/Trip 062 Day 1 02-11-05 Image 11 add_1.png,Trip 062 Day 1 02-11-05 Image 11 add_1_crop_001.png,train,2,trophozoite,394,206,454,258,ground_truth
images/Trip 062 Day 1 02-11-05 Image 11 add_1.png,Trip 062 Day 1 02-11-05 Image 11 add_1_crop_002.png,train,1,schizont,609,491,696,584,ground_truth
images/Trip 062 Day 1 02-11-05 Image 11 add_1.png,Trip 062 Day 1 02-11-05 Image 11 add_1_crop_003.png,train,0,ring,922,828,971,867,ground_truth
images/Trip 062 Day 1 02-11-05 Image 11 add_1.png,Trip 062 Day 1 02-11-05 Image 11 add_1_crop_004.png,train,2,trophozoite,922,927,977,979,ground_truth
images/Trip 062 Day 1 02-11-05 Image 11 add_10.png,Trip 062 Day 1 02-11-05 Image 11 add_10_crop_000.png,train,0,ring,443,298,508,344,ground_truth
images/Trip 062 Day 1 02-11-05 Image 11 add_10.png,Trip 062 Day 1 02-11-05 Image 11 add_10_crop_001.png,train,1,schizont,446,93,516,155,ground_truth
images/Trip 062 Day 1 02-11-05 Image 11 add_11.png,Trip 062 Day 1 02-11-05 Image 11 add_11_crop_000.png,train,0,ring,1220,637,1268,683,ground_truth
images/Trip 062 Day 1 02-11-05 Image 11 add_11.png,Trip 062 Day 1 02-11-05 Image 11 add_11_crop_001.png,train,1,schizont,434,437,522,505,ground_truth
images/Trip 062 Day 1 02-11-05 Image 11 add_11.png,Trip 062 Day 1 02-11-05 Image 11 add_11_crop_002.png,train,1,schizont,328,576,414,636,ground_truth
images/Trip 062 Day 1 02-11-05 Image 11 add_11.png,Trip 062 Day 1 02-11-05 Image 11 add_11_crop_003.png,train,0,ring,1064,814,1118,865,ground_truth
images/Trip 062 Day 1 02-11-05 Image 11 add_13.png,Trip 062 Day 1 02-11-05 Image 11 add_13_crop_000.png,train,0,ring,188,76,241,120,ground_truth
images/Trip 062 Day 1 02-11-05 Image 11 add_13.png,Trip 062 Day 1 02-11-05 Image 11 add_13_crop_001.png,train,2,trophozoite,106,507,151,568,ground_truth
images/Trip 062 Day 1 02-11-05 Image 11 add_13.png,Trip 062 Day 1 02-11-05 Image 11 add_13_crop_002.png,train,2,trophozoite,580,242,640,293,ground_truth
images/Trip 062 Day 1 02-11-05 Image 11 add_14.png,Trip 062 Day 1 02-11-05 Image 11 add_14_crop_000.png,val,2,trophozoite,529,127,567,168,ground_truth
images/Trip 062 Day 1 02-11-05 Image 11 add_14.png,Trip 062 Day 1 02-11-05 Image 11 add_14_crop_001.png,val,1,schizont,337,273,429,360,ground_truth
images/Trip 062 Day 1 02-11-05 Image 11 add_14.png,Trip 062 Day 1 02-11-05 Image 11 add_14_crop_002.png,val,0,ring,983,1000,1023,1030,ground_truth
images/Trip 062 Day 1 02-11-05 Image 11 add_15.png,Trip 062 Day 1 02-11-05 Image 11 add_15_crop_000.png,val,0,ring,441,834,505,874,ground_truth
images/Trip 062 Day 1 02-11-05 Image 11 add_15.png,Trip 062 Day 1 02-11-05 Image 11 add_15_crop_001.png,val,0,ring,1148,551,1196,595,ground_truth
images/Trip 062 Day 1 02-11-05 Image 11 add_15.png,Trip 062 Day 1 02-11-05 Image 11 add_15_crop_002.png,val,2,trophozoite,810,0,863,50,ground_truth
images/Trip 062 Day 1 02-11-05 Image 11 add_2.png,Trip 062 Day 1 02-11-05 Image 11 add_2_crop_000.png,train,0,ring,1211,628,1265,680,ground_truth
images/Trip 062 Day 1 02-11-05 Image 11 add_4.png,Trip 062 Day 1 02-11-05 Image 11 add_4_crop_000.png,val,2,trophozoite,0,0,54,47,ground_truth
images/Trip 062 Day 1 02-11-05 Image 11 add_4.png,Trip 062 Day 1 02-11-05 Image 11 add_4_crop_001.png,val,0,ring,1174,248,1234,291,ground_truth
images/Trip 062 Day 1 02-11-05 Image 11 add_5.png,Trip 062 Day 1 02-11-05 Image 11 add_5_crop_000.png,train,2,trophozoite,247,377,296,414,ground_truth
images/Trip 062 Day 1 02-11-05 Image 11 add_5.png,Trip 062 Day 1 02-11-05 Image 11 add_5_crop_001.png,train,0,ring,390,926,409,952,ground_truth
images/Trip 062 Day 1 02-11-05 Image 11 add_7.png,Trip 062 Day 1 02-11-05 Image 11 add_7_crop_000.png,train,1,schizont,694,344,780,442,ground_truth
images/Trip 062 Day 1 02-11-05 Image 11 add_7.png,Trip 062 Day 1 02-11-05 Image 11 add_7_crop_001.png,train,1,schizont,910,176,975,255,ground_truth
images/Trip 062 Day 1 02-11-05 Image 3_1.png,Trip 062 Day 1 02-11-05 Image 3_1_crop_000.png,train,1,schizont,208,753,295,892,ground_truth
images/Trip 062 Day 1 02-11-05 Image 3_1.png,Trip 062 Day 1 02-11-05 Image 3_1_crop_001.png,train,1,schizont,1004,412,1109,535,ground_truth
images/Trip 062 Day 1 02-11-05 Image 3_1.png,Trip 062 Day 1 02-11-05 Image 3_1_crop_002.png,train,2,trophozoite,274,444,333,519,ground_truth
images/Trip 062 Day 1 02-11-05 Image 3_1.png,Trip 062 Day 1 02-11-05 Image 3_1_crop_003.png,train,0,ring,1112,149,1161,191,ground_truth
images/Trip 062 Day 1 02-11-05 Image 3_1.png,Trip 062 Day 1 02-11-05 Image 3_1_crop_004.png,train,0,ring,941,432,967,451,ground_truth
images/Trip 062 Day 1 02-11-05 Image 3_10.png,Trip 062 Day 1 02-11-05 Image 3_10_crop_000.png,val,2,trophozoite,755,219,838,288,ground_truth
images/Trip 062 Day 1 02-11-05 Image 3_10.png,Trip 062 Day 1 02-11-05 Image 3_10_crop_001.png,val,2,trophozoite,1086,807,1123,856,ground_truth
images/Trip 062 Day 1 02-11-05 Image 3_11.png,Trip 062 Day 1 02-11-05 Image 3_11_crop_000.png,train,0,ring,688,747,739,803,ground_truth
images/Trip 062 Day 1 02-11-05 Image 3_11.png,Trip 062 Day 1 02-11-05 Image 3_11_crop_001.png,train,1,schizont,567,791,700,890,ground_truth
images/Trip 062 Day 1 02-11-05 Image 3_12.png,Trip 062 Day 1 02-11-05 Image 3_12_crop_000.png,train,0,ring,1093,658,1143,715,ground_truth
images/Trip 062 Day 1 02-11-05 Image 3_12.png,Trip 062 Day 1 02-11-05 Image 3_12_crop_001.png,train,2,trophozoite,481,911,535,958,ground_truth
images/Trip 062 Day 1 02-11-05 Image 3_12.png,Trip 062 Day 1 02-11-05 Image 3_12_crop_002.png,train,2,trophozoite,612,814,669,861,ground_truth
images/Trip 062 Day 1 02-11-05 Image 3_13.png,Trip 062 Day 1 02-11-05 Image 3_13_crop_000.png,test,2,trophozoite,904,64,983,139,ground_truth
images/Trip 062 Day 1 02-11-05 Image 3_13.png,Trip 062 Day 1 02-11-05 Image 3_13_crop_001.png,test,0,ring,0,335,26,380,ground_truth
images/Trip 062 Day 1 02-11-05 Image 3_14.png,Trip 062 Day 1 02-11-05 Image 3_14_crop_000.png,train,2,trophozoite,839,767,914,834,ground_truth
images/Trip 062 Day 1 02-11-05 Image 3_15.png,Trip 062 Day 1 02-11-05 Image 3_15_crop_000.png,train,0,ring,326,468,367,513,ground_truth
images/Trip 062 Day 1 02-11-05 Image 3_15.png,Trip 062 Day 1 02-11-05 Image 3_15_crop_001.png,train,0,ring,370,756,415,802,ground_truth
images/Trip 062 Day 1 02-11-05 Image 3_15.png,Trip 062 Day 1 02-11-05 Image 3_15_crop_002.png,train,0,ring,687,984,706,1002,ground_truth
images/Trip 062 Day 1 02-11-05 Image 3_15.png,Trip 062 Day 1 02-11-05 Image 3_15_crop_003.png,train,1,schizont,1222,27,1335,132,ground_truth
images/Trip 062 Day 1 02-11-05 Image 3_3.png,Trip 062 Day 1 02-11-05 Image 3_3_crop_000.png,train,0,ring,1051,291,1107,355,ground_truth
images/Trip 062 Day 1 02-11-05 Image 3_4.png,Trip 062 Day 1 02-11-05 Image 3_4_crop_000.png,train,0,ring,364,579,420,634,ground_truth
images/Trip 062 Day 1 02-11-05 Image 3_5.png,Trip 062 Day 1 02-11-05 Image 3_5_crop_000.png,train,2,trophozoite,120,851,198,901,ground_truth
images/Trip 062 Day 1 02-11-05 Image 3_6.png,Trip 062 Day 1 02-11-05 Image 3_6_crop_000.png,train,1,schizont,61,238,154,342,ground_truth
images/Trip 062 Day 1 02-11-05 Image 3_6.png,Trip 062 Day 1 02-11-05 Image 3_6_crop_001.png,train,2,trophozoite,290,646,373,733,ground_truth
images/Trip 062 Day 1 02-11-05 Image 3_6.png,Trip 062 Day 1 02-11-05 Image 3_6_crop_002.png,train,0,ring,747,905,798,952,ground_truth
images/Trip 062 Day 1 02-11-05 Image 3_7.png,Trip 062 Day 1 02-11-05 Image 3_7_crop_000.png,train,1,schizont,85,0,196,75,ground_truth
images/Trip 062 Day 1 02-11-05 Image 3_7.png,Trip 062 Day 1 02-11-05 Image 3_7_crop_001.png,train,2,trophozoite,730,850,795,929,ground_truth
images/Trip 062 Day 1 02-11-05 Image 3_7.png,Trip 062 Day 1 02-11-05 Image 3_7_crop_002.png,train,1,schizont,1320,108,1382,182,ground_truth
images/Trip 062 Day 1 02-11-05 Image 3_8.png,Trip 062 Day 1 02-11-05 Image 3_8_crop_000.png,train,1,schizont,125,470,190,545,ground_truth
images/Trip 062 Day 1 02-11-05 Image 3_9.png,Trip 062 Day 1 02-11-05 Image 3_9_crop_000.png,train,0,ring,244,715,287,778,ground_truth
images/Trip 062 Day 1 02-11-05 Image 3_9.png,Trip 062 Day 1 02-11-05 Image 3_9_crop_001.png,train,0,ring,736,836,774,884,ground_truth
images/Trip 062 Day 1 02-11-05 Image 3_9.png,Trip 062 Day 1 02-11-05 Image 3_9_crop_002.png,train,0,ring,969,450,1008,490,ground_truth
images/Trip 062 Day 1 02-11-05 Image 9 add_1.png,Trip 062 Day 1 02-11-05 Image 9 add_1_crop_000.png,val,1,schizont,1151,499,1221,605,ground_truth
images/Trip 062 Day 1 02-11-05 Image 9 add_1.png,Trip 062 Day 1 02-11-05 Image 9 add_1_crop_001.png,val,1,schizont,69,389,161,489,ground_truth
images/Trip 062 Day 1 02-11-05 Image 9 add_1.png,Trip 062 Day 1 02-11-05 Image 9 add_1_crop_002.png,val,1,schizont,724,137,805,228,ground_truth
images/Trip 062 Day 1 02-11-05 Image 9 add_10.png,Trip 062 Day 1 02-11-05 Image 9 add_10_crop_000.png,val,1,schizont,1161,270,1283,377,ground_truth
images/Trip 062 Day 1 02-11-05 Image 9 add_10.png,Trip 062 Day 1 02-11-05 Image 9 add_10_crop_001.png,val,0,ring,731,782,765,813,ground_truth
images/Trip 062 Day 1 02-11-05 Image 9 add_12.png,Trip 062 Day 1 02-11-05 Image 9 add_12_crop_000.png,train,2,trophozoite,1296,362,1372,434,ground_truth
images/Trip 062 Day 1 02-11-05 Image 9 add_12.png,Trip 062 Day 1 02-11-05 Image 9 add_12_crop_001.png,train,2,trophozoite,468,671,517,729,ground_truth
images/Trip 062 Day 1 02-11-05 Image 9 add_13.png,Trip 062 Day 1 02-11-05 Image 9 add_13_crop_000.png,train,0,ring,751,207,808,252,ground_truth
images/Trip 062 Day 1 02-11-05 Image 9 add_13.png,Trip 062 Day 1 02-11-05 Image 9 add_13_crop_001.png,train,0,ring,705,1000,754,1030,ground_truth
images/Trip 062 Day 1 02-11-05 Image 9 add_14.png,Trip 062 Day 1 02-11-05 Image 9 add_14_crop_000.png,train,1,schizont,1191,0,1273,98,ground_truth
images/Trip 062 Day 1 02-11-05 Image 9 add_15.png,Trip 062 Day 1 02-11-05 Image 9 add_15_crop_000.png,train,2,trophozoite,665,728,741,816,ground_truth
images/Trip 062 Day 1 02-11-05 Image 9 add_15.png,Trip 062 Day 1 02-11-05 Image 9 add_15_crop_001.png,train,2,trophozoite,1149,297,1189,338,ground_truth
images/Trip 062 Day 1 02-11-05 Image 9 add_2.png,Trip 062 Day 1 02-11-05 Image 9 add_2_crop_000.png,test,1,schizont,925,608,1023,707,ground_truth
images/Trip 062 Day 1 02-11-05 Image 9 add_2.png,Trip 062 Day 1 02-11-05 Image 9 add_2_crop_001.png,test,0,ring,1168,482,1211,526,ground_truth
images/Trip 062 Day 1 02-11-05 Image 9 add_2.png,Trip 062 Day 1 02-11-05 Image 9 add_2_crop_002.png,test,1,schizont,1113,0,1195,50,ground_truth
images/Trip 062 Day 1 02-11-05 Image 9 add_3.png,Trip 062 Day 1 02-11-05 Image 9 add_3_crop_000.png,train,1,schizont,1097,131,1162,235,ground_truth
images/Trip 062 Day 1 02-11-05 Image 9 add_3.png,Trip 062 Day 1 02-11-05 Image 9 add_3_crop_001.png,train,2,trophozoite,688,390,769,478,ground_truth
images/Trip 062 Day 1 02-11-05 Image 9 add_4.png,Trip 062 Day 1 02-11-05 Image 9 add_4_crop_000.png,train,0,ring,834,545,883,593,ground_truth
images/Trip 062 Day 1 02-11-05 Image 9 add_4.png,Trip 062 Day 1 02-11-05 Image 9 add_4_crop_001.png,train,2,trophozoite,719,805,765,856,ground_truth
images/Trip 062 Day 1 02-11-05 Image 9 add_5.png,Trip 062 Day 1 02-11-05 Image 9 add_5_crop_000.png,test,2,trophozoite,1019,840,1056,894,ground_truth
images/Trip 062 Day 1 02-11-05 Image 9 add_5.png,Trip 062 Day 1 02-11-05 Image 9 add_5_crop_001.png,test,1,schizont,446,986,528,1030,ground_truth
images/Trip 062 Day 1 02-11-05 Image 9 add_6.png,Trip 062 Day 1 02-11-05 Image 9 add_6_crop_000.png,val,2,trophozoite,6,214,69,280,ground_truth
images/Trip 062 Day 1 02-11-05 Image 9 add_6.png,Trip 062 Day 1 02-11-05 Image 9 add_6_crop_001.png,val,0,ring,41,687,94,738,ground_truth
images/Trip 062 Day 1 02-11-05 Image 9 add_6.png,Trip 062 Day 1 02-11-05 Image 9 add_6_crop_002.png,val,0,ring,1068,201,1114,253,ground_truth
images/Trip 062 Day 1 02-11-05 Image 9 add_7.png,Trip 062 Day 1 02-11-05 Image 9 add_7_crop_000.png,val,1,schizont,61,536,120,594,ground_truth
images/Trip 062 Day 1 02-11-05 Image 9 add_8.png,Trip 062 Day 1 02-11-05 Image 9 add_8_crop_000.png,test,2,trophozoite,400,144,468,216,ground_truth
images/Trip 062 Day 1 02-11-05 Image 9 add_8.png,Trip 062 Day 1 02-11-05 Image 9 add_8_crop_001.png,test,1,schizont,752,228,850,334,ground_truth
images/Trip 062 Day 1 02-11-05 Image 9 add_8.png,Trip 062 Day 1 02-11-05 Image 9 add_8_crop_002.png,test,1,schizont,908,409,955,469,ground_truth
images/Trip 062 Day 1 02-11-05 Image 9 add_9.png,Trip 062 Day 1 02-11-05 Image 9 add_9_crop_000.png,val,0,ring,841,482,890,528,ground_truth
images/Trip 062 Day 1 02-11-05 Image 9 add_9.png,Trip 062 Day 1 02-11-05 Image 9 add_9_crop_001.png,val,2,trophozoite,722,827,793,902,ground_truth
images/Trip 062 Day 1 02-11-05 Image 9 add_9.png,Trip 062 Day 1 02-11-05 Image 9 add_9_crop_002.png,val,1,schizont,467,0,532,23,ground_truth
images/Trip 064 Day 2 25-11-05 Image 5_1.png,Trip 064 Day 2 25-11-05 Image 5_1_crop_000.png,train,1,schizont,675,902,796,1008,ground_truth
images/Trip 064 Day 2 25-11-05 Image 5_1.png,Trip 064 Day 2 25-11-05 Image 5_1_crop_001.png,train,1,schizont,392,107,473,190,ground_truth
images/Trip 064 Day 2 25-11-05 Image 5_1.png,Trip 064 Day 2 25-11-05 Image 5_1_crop_002.png,train,1,schizont,969,125,1095,210,ground_truth
images/Trip 064 Day 2 25-11-05 Image 5_1.png,Trip 064 Day 2 25-11-05 Image 5_1_crop_003.png,train,1,schizont,908,644,1030,769,ground_truth
images/Trip 064 Day 2 25-11-05 Image 5_1.png,Trip 064 Day 2 25-11-05 Image 5_1_crop_004.png,train,1,schizont,166,226,287,348,ground_truth
images/Trip 064 Day 2 25-11-05 Image 5_10.png,Trip 064 Day 2 25-11-05 Image 5_10_crop_000.png,train,2,trophozoite,1284,780,1374,856,ground_truth
images/Trip 064 Day 2 25-11-05 Image 5_10.png,Trip 064 Day 2 25-11-05 Image 5_10_crop_001.png,train,2,trophozoite,231,847,306,931,ground_truth
images/Trip 064 Day 2 25-11-05 Image 5_10.png,Trip 064 Day 2 25-11-05 Image 5_10_crop_002.png,train,1,schizont,531,411,638,472,ground_truth
images/Trip 064 Day 2 25-11-05 Image 5_11.png,Trip 064 Day 2 25-11-05 Image 5_11_crop_000.png,train,1,schizont,280,23,378,102,ground_truth
images/Trip 064 Day 2 25-11-05 Image 5_11.png,Trip 064 Day 2 25-11-05 Image 5_11_crop_001.png,train,0,ring,799,69,857,106,ground_truth
images/Trip 064 Day 2 25-11-05 Image 5_11.png,Trip 064 Day 2 25-11-05 Image 5_11_crop_002.png,train,2,trophozoite,50,597,141,706,ground_truth
images/Trip 064 Day 2 25-11-05 Image 5_11.png,Trip 064 Day 2 25-11-05 Image 5_11_crop_003.png,train,2,trophozoite,1188,683,1252,749,ground_truth
images/Trip 064 Day 2 25-11-05 Image 5_11.png,Trip 064 Day 2 25-11-05 Image 5_11_crop_004.png,train,2,trophozoite,550,903,613,966,ground_truth
images/Trip 064 Day 2 25-11-05 Image 5_11.png,Trip 064 Day 2 25-11-05 Image 5_11_crop_005.png,train,2,trophozoite,374,650,436,723,ground_truth
images/Trip 064 Day 2 25-11-05 Image 5_11.png,Trip 064 Day 2 25-11-05 Image 5_11_crop_006.png,train,1,schizont,303,114,426,226,ground_truth
images/Trip 064 Day 2 25-11-05 Image 5_11.png,Trip 064 Day 2 25-11-05 Image 5_11_crop_007.png,train,0,ring,47,0,84,38,ground_truth
images/Trip 064 Day 2 25-11-05 Image 5_12.png,Trip 064 Day 2 25-11-05 Image 5_12_crop_000.png,train,0,ring,1091,324,1125,355,ground_truth
images/Trip 064 Day 2 25-11-05 Image 5_12.png,Trip 064 Day 2 25-11-05 Image 5_12_crop_001.png,train,2,trophozoite,810,361,884,417,ground_truth
images/Trip 064 Day 2 25-11-05 Image 5_12.png,Trip 064 Day 2 25-11-05 Image 5_12_crop_002.png,train,1,schizont,311,193,416,294,ground_truth
images/Trip 064 Day 2 25-11-05 Image 5_13.png,Trip 064 Day 2 25-11-05 Image 5_13_crop_000.png,train,1,schizont,1003,155,1096,254,ground_truth
images/Trip 064 Day 2 25-11-05 Image 5_13.png,Trip 064 Day 2 25-11-05 Image 5_13_crop_001.png,train,1,schizont,1053,988,1100,1030,ground_truth
images/Trip 064 Day 2 25-11-05 Image 5_15.png,Trip 064 Day 2 25-11-05 Image 5_15_crop_000.png,val,1,schizont,1332,806,1382,919,ground_truth
images/Trip 064 Day 2 25-11-05 Image 5_15.png,Trip 064 Day 2 25-11-05 Image 5_15_crop_001.png,val,1,schizont,1024,510,1146,608,ground_truth
images/Trip 064 Day 2 25-11-05 Image 5_15.png,Trip 064 Day 2 25-11-05 Image 5_15_crop_002.png,val,2,trophozoite,920,354,984,396,ground_truth
images/Trip 064 Day 2 25-11-05 Image 5_16.png,Trip 064 Day 2 25-11-05 Image 5_16_crop_000.png,val,1,schizont,172,943,272,1029,ground_truth
images/Trip 064 Day 2 25-11-05 Image 5_16.png,Trip 064 Day 2 25-11-05 Image 5_16_crop_001.png,val,1,schizont,40,85,115,212,ground_truth
images/Trip 064 Day 2 25-11-05 Image 5_16.png,Trip 064 Day 2 25-11-05 Image 5_16_crop_002.png,val,1,schizont,1151,105,1260,231,ground_truth
images/Trip 064 Day 2 25-11-05 Image 5_16.png,Trip 064 Day 2 25-11-05 Image 5_16_crop_003.png,val,2,trophozoite,984,478,1051,544,ground_truth
images/Trip 064 Day 2 25-11-05 Image 5_16.png,Trip 064 Day 2 25-11-05 Image 5_16_crop_004.png,val,2,trophozoite,1039,402,1092,483,ground_truth
images/Trip 064 Day 2 25-11-05 Image 5_16.png,Trip 064 Day 2 25-11-05 Image 5_16_crop_005.png,val,2,trophozoite,811,719,864,770,ground_truth
images/Trip 064 Day 2 25-11-05 Image 5_2.png,Trip 064 Day 2 25-11-05 Image 5_2_crop_000.png,train,2,trophozoite,1195,36,1273,112,ground_truth
images/Trip 064 Day 2 25-11-05 Image 5_2.png,Trip 064 Day 2 25-11-05 Image 5_2_crop_001.png,train,1,schizont,169,707,266,814,ground_truth
images/Trip 064 Day 2 25-11-05 Image 5_3.png,Trip 064 Day 2 25-11-05 Image 5_3_crop_000.png,val,0,ring,612,630,649,667,ground_truth
images/Trip 064 Day 2 25-11-05 Image 5_3.png,Trip 064 Day 2 25-11-05 Image 5_3_crop_001.png,val,0,ring,1365,56,1381,94,ground_truth
images/Trip 064 Day 2 25-11-05 Image 5_3.png,Trip 064 Day 2 25-11-05 Image 5_3_crop_002.png,val,0,ring,1365,56,1381,94,ground_truth
images/Trip 064 Day 2 25-11-05 Image 5_3.png,Trip 064 Day 2 25-11-05 Image 5_3_crop_003.png,val,2,trophozoite,151,535,225,607,ground_truth
images/Trip 064 Day 2 25-11-05 Image 5_3.png,Trip 064 Day 2 25-11-05 Image 5_3_crop_004.png,val,1,schizont,197,185,296,278,ground_truth
images/Trip 064 Day 2 25-11-05 Image 5_3.png,Trip 064 Day 2 25-11-05 Image 5_3_crop_005.png,val,1,schizont,9,142,109,251,ground_truth
images/Trip 064 Day 2 25-11-05 Image 5_4.png,Trip 064 Day 2 25-11-05 Image 5_4_crop_000.png,val,1,schizont,343,236,423,314,ground_truth
images/Trip 064 Day 2 25-11-05 Image 5_4.png,Trip 064 Day 2 25-11-05 Image 5_4_crop_001.png,val,0,ring,117,898,158,944,ground_truth
images/Trip 064 Day 2 25-11-05 Image 5_4.png,Trip 064 Day 2 25-11-05 Image 5_4_crop_002.png,val,2,trophozoite,997,93,1063,153,ground_truth
images/Trip 064 Day 2 25-11-05 Image 5_4.png,Trip 064 Day 2 25-11-05 Image 5_4_crop_003.png,val,2,trophozoite,754,189,819,256,ground_truth
images/Trip 064 Day 2 25-11-05 Image 5_4.png,Trip 064 Day 2 25-11-05 Image 5_4_crop_004.png,val,2,trophozoite,0,49,21,101,ground_truth
images/Trip 064 Day 2 25-11-05 Image 5_4.png,Trip 064 Day 2 25-11-05 Image 5_4_crop_005.png,val,0,ring,182,284,219,326,ground_truth
images/Trip 064 Day 2 25-11-05 Image 5_5.png,Trip 064 Day 2 25-11-05 Image 5_5_crop_000.png,train,0,ring,80,487,111,526,ground_truth
images/Trip 064 Day 2 25-11-05 Image 5_5.png,Trip 064 Day 2 25-11-05 Image 5_5_crop_001.png,train,0,ring,106,958,146,1003,ground_truth
images/Trip 064 Day 2 25-11-05 Image 5_5.png,Trip 064 Day 2 25-11-05 Image 5_5_crop_002.png,train,0,ring,527,562,583,618,ground_truth
images/Trip 064 Day 2 25-11-05 Image 5_5.png,Trip 064 Day 2 25-11-05 Image 5_5_crop_003.png,train,2,trophozoite,382,383,443,447,ground_truth
images/Trip 064 Day 2 25-11-05 Image 5_5.png,Trip 064 Day 2 25-11-05 Image 5_5_crop_004.png,train,2,trophozoite,1025,794,1107,860,ground_truth
images/Trip 064 Day 2 25-11-05 Image 5_5.png,Trip 064 Day 2 25-11-05 Image 5_5_crop_005.png,train,1,schizont,713,429,807,529,ground_truth
images/Trip 064 Day 2 25-11-05 Image 5_5.png,Trip 064 Day 2 25-11-05 Image 5_5_crop_006.png,train,1,schizont,0,263,73,358,ground_truth
images/Trip 064 Day 2 25-11-05 Image 5_5.png,Trip 064 Day 2 25-11-05 Image 5_5_crop_007.png,train,1,schizont,480,885,548,952,ground_truth
images/Trip 064 Day 2 25-11-05 Image 5_6.png,Trip 064 Day 2 25-11-05 Image 5_6_crop_000.png,train,1,schizont,170,902,253,997,ground_truth
images/Trip 064 Day 2 25-11-05 Image 5_6.png,Trip 064 Day 2 25-11-05 Image 5_6_crop_001.png,train,1,schizont,964,626,1052,715,ground_truth
images/Trip 064 Day 2 25-11-05 Image 5_6.png,Trip 064 Day 2 25-11-05 Image 5_6_crop_002.png,train,2,trophozoite,445,212,537,288,ground_truth
images/Trip 064 Day 2 25-11-05 Image 5_6.png,Trip 064 Day 2 25-11-05 Image 5_6_crop_003.png,train,1,schizont,1308,886,1382,985,ground_truth
images/Trip 064 Day 2 25-11-05 Image 5_6.png,Trip 064 Day 2 25-11-05 Image 5_6_crop_004.png,train,1,schizont,972,936,1100,1029,ground_truth
images/Trip 064 Day 2 25-11-05 Image 5_6.png,Trip 064 Day 2 25-11-05 Image 5_6_crop_005.png,train,1,schizont,439,424,555,529,ground_truth
images/Trip 064 Day 2 25-11-05 Image 5_6.png,Trip 064 Day 2 25-11-05 Image 5_6_crop_006.png,train,1,schizont,337,454,452,566,ground_truth
images/Trip 064 Day 2 25-11-05 Image 5_6.png,Trip 064 Day 2 25-11-05 Image 5_6_crop_007.png,train,1,schizont,1131,729,1224,854,ground_truth
images/Trip 064 Day 2 25-11-05 Image 5_6.png,Trip 064 Day 2 25-11-05 Image 5_6_crop_008.png,train,2,trophozoite,1316,656,1362,707,ground_truth
images/Trip 064 Day 2 25-11-05 Image 5_7.png,Trip 064 Day 2 25-11-05 Image 5_7_crop_000.png,train,1,schizont,107,879,199,974,ground_truth
images/Trip 064 Day 2 25-11-05 Image 5_7.png,Trip 064 Day 2 25-11-05 Image 5_7_crop_001.png,train,1,schizont,427,470,534,555,ground_truth
images/Trip 064 Day 2 25-11-05 Image 5_7.png,Trip 064 Day 2 25-11-05 Image 5_7_crop_002.png,train,0,ring,188,97,222,131,ground_truth
images/Trip 064 Day 2 25-11-05 Image 5_7.png,Trip 064 Day 2 25-11-05 Image 5_7_crop_003.png,train,0,ring,188,97,222,131,ground_truth
images/Trip 064 Day 2 25-11-05 Image 5_7.png,Trip 064 Day 2 25-11-05 Image 5_7_crop_004.png,train,2,trophozoite,554,512,608,570,ground_truth
images/Trip 064 Day 2 25-11-05 Image 5_7.png,Trip 064 Day 2 25-11-05 Image 5_7_crop_005.png,train,2,trophozoite,532,855,628,934,ground_truth
images/Trip 064 Day 2 25-11-05 Image 5_8.png,Trip 064 Day 2 25-11-05 Image 5_8_crop_000.png,val,1,schizont,1195,227,1269,333,ground_truth
images/Trip 064 Day 2 25-11-05 Image 5_8.png,Trip 064 Day 2 25-11-05 Image 5_8_crop_001.png,val,0,ring,619,844,657,890,ground_truth
images/Trip 064 Day 2 25-11-05 Image 5_8.png,Trip 064 Day 2 25-11-05 Image 5_8_crop_002.png,val,0,ring,619,844,657,890,ground_truth
images/Trip 064 Day 2 25-11-05 Image 5_8.png,Trip 064 Day 2 25-11-05 Image 5_8_crop_003.png,val,2,trophozoite,152,448,219,497,ground_truth
images/Trip 064 Day 2 25-11-05 Image 5_8.png,Trip 064 Day 2 25-11-05 Image 5_8_crop_004.png,val,2,trophozoite,817,4,869,59,ground_truth
images/Trip 064 Day 2 25-11-05 Image 5_8.png,Trip 064 Day 2 25-11-05 Image 5_8_crop_005.png,val,0,ring,1149,507,1169,529,ground_truth
images/Trip 064 Day 2 25-11-05 Image 5_8.png,Trip 064 Day 2 25-11-05 Image 5_8_crop_006.png,val,0,ring,1252,631,1274,650,ground_truth
images/Trip 064 Day 2 25-11-05 Image 5_9.png,Trip 064 Day 2 25-11-05 Image 5_9_crop_000.png,train,2,trophozoite,288,0,365,64,ground_truth
images/Trip 064 Day 2 25-11-05 Image 5_9.png,Trip 064 Day 2 25-11-05 Image 5_9_crop_001.png,train,2,trophozoite,709,624,753,672,ground_truth
images/Trip 064 Day 2 25-11-05 Image 5_9.png,Trip 064 Day 2 25-11-05 Image 5_9_crop_002.png,train,1,schizont,655,45,758,146,ground_truth
images/Trip 064 Day 2 25-11-05 Image 7_1.png,Trip 064 Day 2 25-11-05 Image 7_1_crop_000.png,train,1,schizont,751,806,862,889,ground_truth
images/Trip 064 Day 2 25-11-05 Image 7_1.png,Trip 064 Day 2 25-11-05 Image 7_1_crop_001.png,train,1,schizont,704,451,821,553,ground_truth
images/Trip 064 Day 2 25-11-05 Image 7_1.png,Trip 064 Day 2 25-11-05 Image 7_1_crop_002.png,train,2,trophozoite,11,5,79,72,ground_truth
images/Trip 064 Day 2 25-11-05 Image 7_1.png,Trip 064 Day 2 25-11-05 Image 7_1_crop_003.png,train,2,trophozoite,249,38,298,87,ground_truth
images/Trip 064 Day 2 25-11-05 Image 7_10.png,Trip 064 Day 2 25-11-05 Image 7_10_crop_000.png,train,0,ring,858,749,895,779,ground_truth
images/Trip 064 Day 2 25-11-05 Image 7_10.png,Trip 064 Day 2 25-11-05 Image 7_10_crop_001.png,train,2,trophozoite,1030,176,1098,251,ground_truth
images/Trip 064 Day 2 25-11-05 Image 7_10.png,Trip 064 Day 2 25-11-05 Image 7_10_crop_002.png,train,1,schizont,256,317,349,421,ground_truth
images/Trip 064 Day 2 25-11-05 Image 7_10.png,Trip 064 Day 2 25-11-05 Image 7_10_crop_003.png,train,1,schizont,0,894,101,997,ground_truth
images/Trip 064 Day 2 25-11-05 Image 7_10.png,Trip 064 Day 2 25-11-05 Image 7_10_crop_004.png,train,0,ring,1222,618,1267,663,ground_truth
images/Trip 064 Day 2 25-11-05 Image 7_11.png,Trip 064 Day 2 25-11-05 Image 7_11_crop_000.png,train,1,schizont,1173,799,1285,912,ground_truth
images/Trip 064 Day 2 25-11-05 Image 7_11.png,Trip 064 Day 2 25-11-05 Image 7_11_crop_001.png,train,0,ring,903,753,923,773,ground_truth
images/Trip 064 Day 2 25-11-05 Image 7_12.png,Trip 064 Day 2 25-11-05 Image 7_12_crop_000.png,train,1,schizont,182,514,275,609,ground_truth
images/Trip 064 Day 2 25-11-05 Image 7_12.png,Trip 064 Day 2 25-11-05 Image 7_12_crop_001.png,train,1,schizont,1178,102,1286,222,ground_truth
images/Trip 064 Day 2 25-11-05 Image 7_12.png,Trip 064 Day 2 25-11-05 Image 7_12_crop_002.png,train,1,schizont,960,1016,1002,1030,ground_truth
images/Trip 064 Day 2 25-11-05 Image 7_13.png,Trip 064 Day 2 25-11-05 Image 7_13_crop_000.png,train,2,trophozoite,1164,773,1237,846,ground_truth
images/Trip 064 Day 2 25-11-05 Image 7_13.png,Trip 064 Day 2 25-11-05 Image 7_13_crop_001.png,train,2,trophozoite,648,117,731,207,ground_truth
images/Trip 064 Day 2 25-11-05 Image 7_13.png,Trip 064 Day 2 25-11-05 Image 7_13_crop_002.png,train,2,trophozoite,1006,625,1098,692,ground_truth
images/Trip 064 Day 2 25-11-05 Image 7_13.png,Trip 064 Day 2 25-11-05 Image 7_13_crop_003.png,train,1,schizont,243,300,374,416,ground_truth
images/Trip 064 Day 2 25-11-05 Image 7_14.png,Trip 064 Day 2 25-11-05 Image 7_14_crop_000.png,train,1,schizont,474,828,600,934,ground_truth
images/Trip 064 Day 2 25-11-05 Image 7_14.png,Trip 064 Day 2 25-11-05 Image 7_14_crop_001.png,train,2,trophozoite,43,207,102,268,ground_truth
images/Trip 064 Day 2 25-11-05 Image 7_14.png,Trip 064 Day 2 25-11-05 Image 7_14_crop_002.png,train,0,ring,402,33,429,58,ground_truth
images/Trip 064 Day 2 25-11-05 Image 7_15.png,Trip 064 Day 2 25-11-05 Image 7_15_crop_000.png,train,1,schizont,1275,40,1339,140,ground_truth
images/Trip 064 Day 2 25-11-05 Image 7_15.png,Trip 064 Day 2 25-11-05 Image 7_15_crop_001.png,train,1,schizont,50,461,145,548,ground_truth
images/Trip 064 Day 2 25-11-05 Image 7_15.png,Trip 064 Day 2 25-11-05 Image 7_15_crop_002.png,train,1,schizont,266,901,378,1030,ground_truth
images/Trip 064 Day 2 25-11-05 Image 7_16.png,Trip 064 Day 2 25-11-05 Image 7_16_crop_000.png,train,1,schizont,13,163,86,248,ground_truth
images/Trip 064 Day 2 25-11-05 Image 7_16.png,Trip 064 Day 2 25-11-05 Image 7_16_crop_001.png,train,2,trophozoite,954,0,1022,59,ground_truth
images/Trip 064 Day 2 25-11-05 Image 7_16.png,Trip 064 Day 2 25-11-05 Image 7_16_crop_002.png,train,1,schizont,0,289,65,346,ground_truth
images/Trip 064 Day 2 25-11-05 Image 7_2.png,Trip 064 Day 2 25-11-05 Image 7_2_crop_000.png,train,1,schizont,1091,259,1208,374,ground_truth
images/Trip 064 Day 2 25-11-05 Image 7_2.png,Trip 064 Day 2 25-11-05 Image 7_2_crop_001.png,train,2,trophozoite,592,876,630,913,ground_truth
images/Trip 064 Day 2 25-11-05 Image 7_3.png,Trip 064 Day 2 25-11-05 Image 7_3_crop_000.png,train,0,ring,1100,846,1144,886,ground_truth
images/Trip 064 Day 2 25-11-05 Image 7_3.png,Trip 064 Day 2 25-11-05 Image 7_3_crop_001.png,train,2,trophozoite,1048,485,1109,546,ground_truth
images/Trip 064 Day 2 25-11-05 Image 7_3.png,Trip 064 Day 2 25-11-05 Image 7_3_crop_002.png,train,1,schizont,541,322,642,421,ground_truth
images/Trip 064 Day 2 25-11-05 Image 7_3.png,Trip 064 Day 2 25-11-05 Image 7_3_crop_003.png,train,2,trophozoite,363,133,436,177,ground_truth
images/Trip 064 Day 2 25-11-05 Image 7_3.png,Trip 064 Day 2 25-11-05 Image 7_3_crop_004.png,train,2,trophozoite,1071,296,1140,359,ground_truth
images/Trip 064 Day 2 25-11-05 Image 7_3.png,Trip 064 Day 2 25-11-05 Image 7_3_crop_005.png,train,2,trophozoite,977,549,1033,594,ground_truth
images/Trip 064 Day 2 25-11-05 Image 7_3.png,Trip 064 Day 2 25-11-05 Image 7_3_crop_006.png,train,1,schizont,447,998,532,1029,ground_truth
images/Trip 064 Day 2 25-11-05 Image 7_4.png,Trip 064 Day 2 25-11-05 Image 7_4_crop_000.png,train,1,schizont,1262,670,1357,733,ground_truth
images/Trip 064 Day 2 25-11-05 Image 7_4.png,Trip 064 Day 2 25-11-05 Image 7_4_crop_001.png,train,0,ring,145,865,183,919,ground_truth
images/Trip 064 Day 2 25-11-05 Image 7_4.png,Trip 064 Day 2 25-11-05 Image 7_4_crop_002.png,train,0,ring,959,569,993,601,ground_truth
images/Trip 064 Day 2 25-11-05 Image 7_5.png,Trip 064 Day 2 25-11-05 Image 7_5_crop_000.png,train,1,schizont,933,345,1064,460,ground_truth
images/Trip 064 Day 2 25-11-05 Image 7_5.png,Trip 064 Day 2 25-11-05 Image 7_5_crop_001.png,train,0,ring,906,44,940,79,ground_truth
images/Trip 064 Day 2 25-11-05 Image 7_5.png,Trip 064 Day 2 25-11-05 Image 7_5_crop_002.png,train,0,ring,308,618,355,663,ground_truth
images/Trip 064 Day 2 25-11-05 Image 7_5.png,Trip 064 Day 2 25-11-05 Image 7_5_crop_003.png,train,2,trophozoite,1340,106,1382,170,ground_truth
images/Trip 064 Day 2 25-11-05 Image 7_5.png,Trip 064 Day 2 25-11-05 Image 7_5_crop_004.png,train,1,schizont,933,345,1064,460,ground_truth
images/Trip 064 Day 2 25-11-05 Image 7_6.png,Trip 064 Day 2 25-11-05 Image 7_6_crop_000.png,val,1,schizont,1091,534,1200,669,ground_truth
images/Trip 064 Day 2 25-11-05 Image 7_6.png,Trip 064 Day 2 25-11-05 Image 7_6_crop_001.png,val,2,trophozoite,951,5,1011,83,ground_truth
images/Trip 064 Day 2 25-11-05 Image 7_6.png,Trip 064 Day 2 25-11-05 Image 7_6_crop_002.png,val,2,trophozoite,280,669,331,724,ground_truth
images/Trip 064 Day 2 25-11-05 Image 7_6.png,Trip 064 Day 2 25-11-05 Image 7_6_crop_003.png,val,2,trophozoite,123,229,170,285,ground_truth
images/Trip 064 Day 2 25-11-05 Image 7_6.png,Trip 064 Day 2 25-11-05 Image 7_6_crop_004.png,val,0,ring,915,141,950,172,ground_truth
images/Trip 064 Day 2 25-11-05 Image 7_7.png,Trip 064 Day 2 25-11-05 Image 7_7_crop_000.png,test,1,schizont,884,498,954,595,ground_truth
images/Trip 064 Day 2 25-11-05 Image 7_7.png,Trip 064 Day 2 25-11-05 Image 7_7_crop_001.png,test,0,ring,1269,80,1309,127,ground_truth
images/Trip 064 Day 2 25-11-05 Image 7_7.png,Trip 064 Day 2 25-11-05 Image 7_7_crop_002.png,test,2,trophozoite,440,0,559,93,ground_truth
images/Trip 064 Day 2 25-11-05 Image 7_7.png,Trip 064 Day 2 25-11-05 Image 7_7_crop_003.png,test,2,trophozoite,618,276,671,318,ground_truth
images/Trip 064 Day 2 25-11-05 Image 7_7.png,Trip 064 Day 2 25-11-05 Image 7_7_crop_004.png,test,1,schizont,443,173,556,288,ground_truth
images/Trip 064 Day 2 25-11-05 Image 7_7.png,Trip 064 Day 2 25-11-05 Image 7_7_crop_005.png,test,0,ring,814,852,837,875,ground_truth
images/Trip 064 Day 2 25-11-05 Image 7_8.png,Trip 064 Day 2 25-11-05 Image 7_8_crop_000.png,train,1,schizont,89,815,211,924,ground_truth
images/Trip 064 Day 2 25-11-05 Image 7_8.png,Trip 064 Day 2 25-11-05 Image 7_8_crop_001.png,train,1,schizont,652,781,702,837,ground_truth
images/Trip 064 Day 2 25-11-05 Image 7_8.png,Trip 064 Day 2 25-11-05 Image 7_8_crop_002.png,train,1,schizont,537,660,657,799,ground_truth
images/Trip 064 Day 2 25-11-05 Image 7_9.png,Trip 064 Day 2 25-11-05 Image 7_9_crop_000.png,train,2,trophozoite,4,549,60,618,ground_truth
images/Trip 064 Day 2 25-11-05 Image 7_9.png,Trip 064 Day 2 25-11-05 Image 7_9_crop_001.png,train,2,trophozoite,238,242,323,311,ground_truth
images/Trip 064 Day 2 25-11-05 Image 7_9.png,Trip 064 Day 2 25-11-05 Image 7_9_crop_002.png,train,1,schizont,109,277,224,372,ground_truth
images/Trip 064 Day 2 25-11-05 Image 7_9.png,Trip 064 Day 2 25-11-05 Image 7_9_crop_003.png,train,1,schizont,815,782,929,856,ground_truth
images/Trip 064 Day 2 25-11-05 Image 7_9.png,Trip 064 Day 2 25-11-05 Image 7_9_crop_004.png,train,0,ring,556,450,594,478,ground_truth
images/Trip 065 Day 2 01-12-05 Image 1_1.png,Trip 065 Day 2 01-12-05 Image 1_1_crop_000.png,train,1,schizont,184,660,255,761,ground_truth
images/Trip 065 Day 2 01-12-05 Image 1_1.png,Trip 065 Day 2 01-12-05 Image 1_1_crop_001.png,train,1,schizont,429,910,497,1020,ground_truth
images/Trip 065 Day 2 01-12-05 Image 1_1.png,Trip 065 Day 2 01-12-05 Image 1_1_crop_002.png,train,1,schizont,809,116,871,189,ground_truth
images/Trip 065 Day 2 01-12-05 Image 1_1.png,Trip 065 Day 2 01-12-05 Image 1_1_crop_003.png,train,0,ring,605,333,656,380,ground_truth
images/Trip 065 Day 2 01-12-05 Image 1_1.png,Trip 065 Day 2 01-12-05 Image 1_1_crop_004.png,train,2,trophozoite,455,536,522,603,ground_truth
images/Trip 065 Day 2 01-12-05 Image 1_1.png,Trip 065 Day 2 01-12-05 Image 1_1_crop_005.png,train,2,trophozoite,1081,769,1146,830,ground_truth
images/Trip 065 Day 2 01-12-05 Image 1_1.png,Trip 065 Day 2 01-12-05 Image 1_1_crop_006.png,train,2,trophozoite,1114,707,1185,775,ground_truth
images/Trip 065 Day 2 01-12-05 Image 1_1.png,Trip 065 Day 2 01-12-05 Image 1_1_crop_007.png,train,1,schizont,1168,787,1261,862,ground_truth
images/Trip 065 Day 2 01-12-05 Image 1_10.png,Trip 065 Day 2 01-12-05 Image 1_10_crop_000.png,train,1,schizont,1079,454,1166,534,ground_truth
images/Trip 065 Day 2 01-12-05 Image 1_10.png,Trip 065 Day 2 01-12-05 Image 1_10_crop_001.png,train,1,schizont,1037,317,1110,385,ground_truth
images/Trip 065 Day 2 01-12-05 Image 1_10.png,Trip 065 Day 2 01-12-05 Image 1_10_crop_002.png,train,1,schizont,960,491,1026,584,ground_truth
images/Trip 065 Day 2 01-12-05 Image 1_10.png,Trip 065 Day 2 01-12-05 Image 1_10_crop_003.png,train,1,schizont,396,64,476,139,ground_truth
images/Trip 065 Day 2 01-12-05 Image 1_10.png,Trip 065 Day 2 01-12-05 Image 1_10_crop_004.png,train,1,schizont,256,581,315,647,ground_truth
images/Trip 065 Day 2 01-12-05 Image 1_10.png,Trip 065 Day 2 01-12-05 Image 1_10_crop_005.png,train,2,trophozoite,782,341,847,416,ground_truth
images/Trip 065 Day 2 01-12-05 Image 1_10.png,Trip 065 Day 2 01-12-05 Image 1_10_crop_006.png,train,1,schizont,597,548,677,625,ground_truth
images/Trip 065 Day 2 01-12-05 Image 1_10.png,Trip 065 Day 2 01-12-05 Image 1_10_crop_007.png,train,2,trophozoite,1308,0,1377,70,ground_truth
images/Trip 065 Day 2 01-12-05 Image 1_10.png,Trip 065 Day 2 01-12-05 Image 1_10_crop_008.png,train,2,trophozoite,790,666,857,718,ground_truth
images/Trip 065 Day 2 01-12-05 Image 1_11.png,Trip 065 Day 2 01-12-05 Image 1_11_crop_000.png,train,1,schizont,110,874,199,963,ground_truth
images/Trip 065 Day 2 01-12-05 Image 1_11.png,Trip 065 Day 2 01-12-05 Image 1_11_crop_001.png,train,2,trophozoite,418,552,489,621,ground_truth
images/Trip 065 Day 2 01-12-05 Image 1_11.png,Trip 065 Day 2 01-12-05 Image 1_11_crop_002.png,train,1,schizont,535,396,584,450,ground_truth
images/Trip 065 Day 2 01-12-05 Image 1_12.png,Trip 065 Day 2 01-12-05 Image 1_12_crop_000.png,train,1,schizont,97,958,167,1030,ground_truth
images/Trip 065 Day 2 01-12-05 Image 1_12.png,Trip 065 Day 2 01-12-05 Image 1_12_crop_001.png,train,2,trophozoite,545,701,604,765,ground_truth
images/Trip 065 Day 2 01-12-05 Image 1_12.png,Trip 065 Day 2 01-12-05 Image 1_12_crop_002.png,train,1,schizont,329,392,431,479,ground_truth
images/Trip 065 Day 2 01-12-05 Image 1_12.png,Trip 065 Day 2 01-12-05 Image 1_12_crop_003.png,train,2,trophozoite,932,307,994,377,ground_truth
images/Trip 065 Day 2 01-12-05 Image 1_12.png,Trip 065 Day 2 01-12-05 Image 1_12_crop_004.png,train,1,schizont,443,373,513,457,ground_truth
images/Trip 065 Day 2 01-12-05 Image 1_12.png,Trip 065 Day 2 01-12-05 Image 1_12_crop_005.png,train,1,schizont,292,304,371,379,ground_truth
images/Trip 065 Day 2 01-12-05 Image 1_12.png,Trip 065 Day 2 01-12-05 Image 1_12_crop_006.png,train,1,schizont,1146,405,1240,484,ground_truth
images/Trip 065 Day 2 01-12-05 Image 1_12.png,Trip 065 Day 2 01-12-05 Image 1_12_crop_007.png,train,1,schizont,1088,820,1169,912,ground_truth
images/Trip 065 Day 2 01-12-05 Image 1_13.png,Trip 065 Day 2 01-12-05 Image 1_13_crop_000.png,val,0,ring,994,802,1047,845,ground_truth
images/Trip 065 Day 2 01-12-05 Image 1_13.png,Trip 065 Day 2 01-12-05 Image 1_13_crop_001.png,val,0,ring,907,56,949,101,ground_truth
images/Trip 065 Day 2 01-12-05 Image 1_13.png,Trip 065 Day 2 01-12-05 Image 1_13_crop_002.png,val,2,trophozoite,1190,304,1262,361,ground_truth
images/Trip 065 Day 2 01-12-05 Image 1_13.png,Trip 065 Day 2 01-12-05 Image 1_13_crop_003.png,val,2,trophozoite,636,244,723,302,ground_truth
images/Trip 065 Day 2 01-12-05 Image 1_13.png,Trip 065 Day 2 01-12-05 Image 1_13_crop_004.png,val,2,trophozoite,144,613,208,688,ground_truth
images/Trip 065 Day 2 01-12-05 Image 1_13.png,Trip 065 Day 2 01-12-05 Image 1_13_crop_005.png,val,2,trophozoite,167,477,221,538,ground_truth
images/Trip 065 Day 2 01-12-05 Image 1_13.png,Trip 065 Day 2 01-12-05 Image 1_13_crop_006.png,val,2,trophozoite,648,641,711,690,ground_truth
images/Trip 065 Day 2 01-12-05 Image 1_13.png,Trip 065 Day 2 01-12-05 Image 1_13_crop_007.png,val,0,ring,256,242,300,282,ground_truth
images/Trip 065 Day 2 01-12-05 Image 1_14.png,Trip 065 Day 2 01-12-05 Image 1_14_crop_000.png,train,0,ring,461,458,505,502,ground_truth
images/Trip 065 Day 2 01-12-05 Image 1_14.png,Trip 065 Day 2 01-12-05 Image 1_14_crop_001.png,train,2,trophozoite,936,831,1008,896,ground_truth
images/Trip 065 Day 2 01-12-05 Image 1_14.png,Trip 065 Day 2 01-12-05 Image 1_14_crop_002.png,train,2,trophozoite,757,529,811,603,ground_truth
images/Trip 065 Day 2 01-12-05 Image 1_14.png,Trip 065 Day 2 01-12-05 Image 1_14_crop_003.png,train,2,trophozoite,106,559,181,635,ground_truth
images/Trip 065 Day 2 01-12-05 Image 1_14.png,Trip 065 Day 2 01-12-05 Image 1_14_crop_004.png,train,1,schizont,1163,732,1262,819,ground_truth
images/Trip 065 Day 2 01-12-05 Image 1_14.png,Trip 065 Day 2 01-12-05 Image 1_14_crop_005.png,train,1,schizont,477,509,537,581,ground_truth
images/Trip 065 Day 2 01-12-05 Image 1_15.png,Trip 065 Day 2 01-12-05 Image 1_15_crop_000.png,train,2,trophozoite,584,368,663,428,ground_truth
images/Trip 065 Day 2 01-12-05 Image 1_15.png,Trip 065 Day 2 01-12-05 Image 1_15_crop_001.png,train,1,schizont,96,547,183,647,ground_truth
images/Trip 065 Day 2 01-12-05 Image 1_15.png,Trip 065 Day 2 01-12-05 Image 1_15_crop_002.png,train,1,schizont,449,143,541,234,ground_truth
images/Trip 065 Day 2 01-12-05 Image 1_15.png,Trip 065 Day 2 01-12-05 Image 1_15_crop_003.png,train,2,trophozoite,124,472,203,553,ground_truth
images/Trip 065 Day 2 01-12-05 Image 1_15.png,Trip 065 Day 2 01-12-05 Image 1_15_crop_004.png,train,2,trophozoite,292,128,363,171,ground_truth
images/Trip 065 Day 2 01-12-05 Image 1_15.png,Trip 065 Day 2 01-12-05 Image 1_15_crop_005.png,train,1,schizont,96,547,183,647,ground_truth
images/Trip 065 Day 2 01-12-05 Image 1_15.png,Trip 065 Day 2 01-12-05 Image 1_15_crop_006.png,train,1,schizont,764,636,824,709,ground_truth
images/Trip 065 Day 2 01-12-05 Image 1_16.png,Trip 065 Day 2 01-12-05 Image 1_16_crop_000.png,train,1,schizont,837,212,938,302,ground_truth
images/Trip 065 Day 2 01-12-05 Image 1_16.png,Trip 065 Day 2 01-12-05 Image 1_16_crop_001.png,train,1,schizont,53,548,134,630,ground_truth
images/Trip 065 Day 2 01-12-05 Image 1_16.png,Trip 065 Day 2 01-12-05 Image 1_16_crop_002.png,train,2,trophozoite,460,770,520,845,ground_truth
images/Trip 065 Day 2 01-12-05 Image 1_16.png,Trip 065 Day 2 01-12-05 Image 1_16_crop_003.png,train,1,schizont,923,897,1010,972,ground_truth
images/Trip 065 Day 2 01-12-05 Image 1_16.png,Trip 065 Day 2 01-12-05 Image 1_16_crop_004.png,train,1,schizont,1081,208,1191,283,ground_truth
images/Trip 065 Day 2 01-12-05 Image 1_16.png,Trip 065 Day 2 01-12-05 Image 1_16_crop_005.png,train,1,schizont,1329,259,1381,335,ground_truth
images/Trip 065 Day 2 01-12-05 Image 1_16.png,Trip 065 Day 2 01-12-05 Image 1_16_crop_006.png,train,1,schizont,1020,382,1107,452,ground_truth
images/Trip 065 Day 2 01-12-05 Image 1_16.png,Trip 065 Day 2 01-12-05 Image 1_16_crop_007.png,train,0,ring,626,489,670,517,ground_truth
images/Trip 065 Day 2 01-12-05 Image 1_16.png,Trip 065 Day 2 01-12-05 Image 1_16_crop_008.png,train,1,schizont,441,977,514,1030,ground_truth
images/Trip 065 Day 2 01-12-05 Image 1_2.png,Trip 065 Day 2 01-12-05 Image 1_2_crop_000.png,train,2,trophozoite,1327,304,1381,372,ground_truth
images/Trip 065 Day 2 01-12-05 Image 1_2.png,Trip 065 Day 2 01-12-05 Image 1_2_crop_001.png,train,1,schizont,905,536,971,607,ground_truth
images/Trip 065 Day 2 01-12-05 Image 1_3.png,Trip 065 Day 2 01-12-05 Image 1_3_crop_000.png,train,1,schizont,962,786,1044,875,ground_truth
images/Trip 065 Day 2 01-12-05 Image 1_3.png,Trip 065 Day 2 01-12-05 Image 1_3_crop_001.png,train,1,schizont,968,468,1052,533,ground_truth
images/Trip 065 Day 2 01-12-05 Image 1_3.png,Trip 065 Day 2 01-12-05 Image 1_3_crop_002.png,train,1,schizont,216,0,297,50,ground_truth
images/Trip 065 Day 2 01-12-05 Image 1_3.png,Trip 065 Day 2 01-12-05 Image 1_3_crop_003.png,train,1,schizont,1006,1007,1076,1029,ground_truth
images/Trip 065 Day 2 01-12-05 Image 1_3.png,Trip 065 Day 2 01-12-05 Image 1_3_crop_004.png,train,0,ring,48,767,78,795,ground_truth
images/Trip 065 Day 2 01-12-05 Image 1_4.png,Trip 065 Day 2 01-12-05 Image 1_4_crop_000.png,train,2,trophozoite,108,123,174,176,ground_truth
images/Trip 065 Day 2 01-12-05 Image 1_4.png,Trip 065 Day 2 01-12-05 Image 1_4_crop_001.png,train,2,trophozoite,388,427,456,488,ground_truth
images/Trip 065 Day 2 01-12-05 Image 1_4.png,Trip 065 Day 2 01-12-05 Image 1_4_crop_002.png,train,1,schizont,636,241,708,310,ground_truth
images/Trip 065 Day 2 01-12-05 Image 1_4.png,Trip 065 Day 2 01-12-05 Image 1_4_crop_003.png,train,2,trophozoite,601,573,668,632,ground_truth
images/Trip 065 Day 2 01-12-05 Image 1_4.png,Trip 065 Day 2 01-12-05 Image 1_4_crop_004.png,train,1,schizont,880,397,966,474,ground_truth
images/Trip 065 Day 2 01-12-05 Image 1_4.png,Trip 065 Day 2 01-12-05 Image 1_4_crop_005.png,train,0,ring,268,5,292,33,ground_truth
images/Trip 065 Day 2 01-12-05 Image 1_4.png,Trip 065 Day 2 01-12-05 Image 1_4_crop_006.png,train,1,schizont,0,61,21,114,ground_truth
images/Trip 065 Day 2 01-12-05 Image 1_4.png,Trip 065 Day 2 01-12-05 Image 1_4_crop_007.png,train,2,trophozoite,493,78,569,143,ground_truth
images/Trip 065 Day 2 01-12-05 Image 1_4.png,Trip 065 Day 2 01-12-05 Image 1_4_crop_008.png,train,1,schizont,1311,821,1381,945,ground_truth
images/Trip 065 Day 2 01-12-05 Image 1_5.png,Trip 065 Day 2 01-12-05 Image 1_5_crop_000.png,train,1,schizont,752,447,845,523,ground_truth
images/Trip 065 Day 2 01-12-05 Image 1_5.png,Trip 065 Day 2 01-12-05 Image 1_5_crop_001.png,train,2,trophozoite,1103,692,1191,765,ground_truth
images/Trip 065 Day 2 01-12-05 Image 1_5.png,Trip 065 Day 2 01-12-05 Image 1_5_crop_002.png,train,2,trophozoite,16,117,100,188,ground_truth
images/Trip 065 Day 2 01-12-05 Image 1_5.png,Trip 065 Day 2 01-12-05 Image 1_5_crop_003.png,train,2,trophozoite,447,814,516,872,ground_truth
images/Trip 065 Day 2 01-12-05 Image 1_5.png,Trip 065 Day 2 01-12-05 Image 1_5_crop_004.png,train,2,trophozoite,1080,83,1165,152,ground_truth
images/Trip 065 Day 2 01-12-05 Image 1_5.png,Trip 065 Day 2 01-12-05 Image 1_5_crop_005.png,train,2,trophozoite,1335,288,1382,370,ground_truth
images/Trip 065 Day 2 01-12-05 Image 1_5.png,Trip 065 Day 2 01-12-05 Image 1_5_crop_006.png,train,1,schizont,222,607,339,696,ground_truth
images/Trip 065 Day 2 01-12-05 Image 1_6.png,Trip 065 Day 2 01-12-05 Image 1_6_crop_000.png,train,1,schizont,617,730,678,830,ground_truth
images/Trip 065 Day 2 01-12-05 Image 1_6.png,Trip 065 Day 2 01-12-05 Image 1_6_crop_001.png,train,1,schizont,309,676,378,742,ground_truth
images/Trip 065 Day 2 01-12-05 Image 1_6.png,Trip 065 Day 2 01-12-05 Image 1_6_crop_002.png,train,2,trophozoite,1340,374,1382,433,ground_truth
images/Trip 065 Day 2 01-12-05 Image 1_6.png,Trip 065 Day 2 01-12-05 Image 1_6_crop_003.png,train,0,ring,1015,72,1054,101,ground_truth
images/Trip 065 Day 2 01-12-05 Image 1_6.png,Trip 065 Day 2 01-12-05 Image 1_6_crop_004.png,train,0,ring,884,462,911,489,ground_truth
images/Trip 065 Day 2 01-12-05 Image 1_7.png,Trip 065 Day 2 01-12-05 Image 1_7_crop_000.png,val,1,schizont,1006,0,1081,54,ground_truth
images/Trip 065 Day 2 01-12-05 Image 1_7.png,Trip 065 Day 2 01-12-05 Image 1_7_crop_001.png,val,1,schizont,347,240,419,329,ground_truth
images/Trip 065 Day 2 01-12-05 Image 1_7.png,Trip 065 Day 2 01-12-05 Image 1_7_crop_002.png,val,1,schizont,916,106,1062,236,ground_truth
images/Trip 065 Day 2 01-12-05 Image 1_7.png,Trip 065 Day 2 01-12-05 Image 1_7_crop_003.png,val,2,trophozoite,277,61,337,112,ground_truth
images/Trip 065 Day 2 01-12-05 Image 1_7.png,Trip 065 Day 2 01-12-05 Image 1_7_crop_004.png,val,1,schizont,916,106,1062,236,ground_truth
images/Trip 065 Day 2 01-12-05 Image 1_7.png,Trip 065 Day 2 01-12-05 Image 1_7_crop_005.png,val,0,ring,1006,0,1081,54,ground_truth
images/Trip 065 Day 2 01-12-05 Image 1_7.png,Trip 065 Day 2 01-12-05 Image 1_7_crop_006.png,val,0,ring,421,884,444,908,ground_truth
images/Trip 065 Day 2 01-12-05 Image 1_8.png,Trip 065 Day 2 01-12-05 Image 1_8_crop_000.png,train,1,schizont,0,882,65,953,ground_truth
images/Trip 065 Day 2 01-12-05 Image 1_8.png,Trip 065 Day 2 01-12-05 Image 1_8_crop_001.png,train,1,schizont,685,870,779,962,ground_truth
images/Trip 065 Day 2 01-12-05 Image 1_9.png,Trip 065 Day 2 01-12-05 Image 1_9_crop_000.png,train,1,schizont,1210,625,1285,722,ground_truth
images/Trip 065 Day 2 01-12-05 Image 1_9.png,Trip 065 Day 2 01-12-05 Image 1_9_crop_001.png,train,1,schizont,1078,351,1176,421,ground_truth
images/Trip 065 Day 2 01-12-05 Image 1_9.png,Trip 065 Day 2 01-12-05 Image 1_9_crop_002.png,train,1,schizont,1194,104,1294,195,ground_truth
images/Trip 065 Day 2 01-12-05 Image 1_9.png,Trip 065 Day 2 01-12-05 Image 1_9_crop_003.png,train,1,schizont,0,248,70,323,ground_truth
images/Trip 065 Day 2 01-12-05 Image 1_9.png,Trip 065 Day 2 01-12-05 Image 1_9_crop_004.png,train,1,schizont,1268,395,1346,471,ground_truth
images/Trip 065 Day 2 01-12-05 Image 1_9.png,Trip 065 Day 2 01-12-05 Image 1_9_crop_005.png,train,2,trophozoite,83,10,171,78,ground_truth
images/Trip 065 Day 2 01-12-05 Image 1_9.png,Trip 065 Day 2 01-12-05 Image 1_9_crop_006.png,train,1,schizont,1008,452,1110,552,ground_truth
images/Trip 065 Day 2 01-12-05 Image 7_1.png,Trip 065 Day 2 01-12-05 Image 7_1_crop_000.png,train,1,schizont,1110,358,1181,442,ground_truth
images/Trip 065 Day 2 01-12-05 Image 7_1.png,Trip 065 Day 2 01-12-05 Image 7_1_crop_001.png,train,1,schizont,1100,236,1199,313,ground_truth
images/Trip 065 Day 2 01-12-05 Image 7_1.png,Trip 065 Day 2 01-12-05 Image 7_1_crop_002.png,train,1,schizont,257,167,342,235,ground_truth
images/Trip 065 Day 2 01-12-05 Image 7_1.png,Trip 065 Day 2 01-12-05 Image 7_1_crop_003.png,train,1,schizont,160,940,241,1030,ground_truth
images/Trip 065 Day 2 01-12-05 Image 7_1.png,Trip 065 Day 2 01-12-05 Image 7_1_crop_004.png,train,1,schizont,144,529,235,603,ground_truth
images/Trip 065 Day 2 01-12-05 Image 7_1.png,Trip 065 Day 2 01-12-05 Image 7_1_crop_005.png,train,1,schizont,172,619,243,712,ground_truth
images/Trip 065 Day 2 01-12-05 Image 7_1.png,Trip 065 Day 2 01-12-05 Image 7_1_crop_006.png,train,1,schizont,895,30,982,120,ground_truth
images/Trip 065 Day 2 01-12-05 Image 7_10.png,Trip 065 Day 2 01-12-05 Image 7_10_crop_000.png,train,1,schizont,0,38,41,108,ground_truth
images/Trip 065 Day 2 01-12-05 Image 7_10.png,Trip 065 Day 2 01-12-05 Image 7_10_crop_001.png,train,0,ring,561,321,614,365,ground_truth
images/Trip 065 Day 2 01-12-05 Image 7_10.png,Trip 065 Day 2 01-12-05 Image 7_10_crop_002.png,train,2,trophozoite,1137,350,1215,416,ground_truth
images/Trip 065 Day 2 01-12-05 Image 7_10.png,Trip 065 Day 2 01-12-05 Image 7_10_crop_003.png,train,2,trophozoite,757,696,835,793,ground_truth
images/Trip 065 Day 2 01-12-05 Image 7_10.png,Trip 065 Day 2 01-12-05 Image 7_10_crop_004.png,train,1,schizont,1033,701,1115,777,ground_truth
images/Trip 065 Day 2 01-12-05 Image 7_10.png,Trip 065 Day 2 01-12-05 Image 7_10_crop_005.png,train,0,ring,1321,982,1381,1029,ground_truth
images/Trip 065 Day 2 01-12-05 Image 7_11.png,Trip 065 Day 2 01-12-05 Image 7_11_crop_000.png,train,0,ring,746,242,788,286,ground_truth
images/Trip 065 Day 2 01-12-05 Image 7_11.png,Trip 065 Day 2 01-12-05 Image 7_11_crop_001.png,train,1,schizont,125,555,235,623,ground_truth
images/Trip 065 Day 2 01-12-05 Image 7_11.png,Trip 065 Day 2 01-12-05 Image 7_11_crop_002.png,train,1,schizont,359,598,439,680,ground_truth
images/Trip 065 Day 2 01-12-05 Image 7_11.png,Trip 065 Day 2 01-12-05 Image 7_11_crop_003.png,train,1,schizont,848,667,944,790,ground_truth
images/Trip 065 Day 2 01-12-05 Image 7_11.png,Trip 065 Day 2 01-12-05 Image 7_11_crop_004.png,train,0,ring,848,667,944,790,ground_truth
images/Trip 065 Day 2 01-12-05 Image 7_11.png,Trip 065 Day 2 01-12-05 Image 7_11_crop_005.png,train,0,ring,48,781,72,806,ground_truth
images/Trip 065 Day 2 01-12-05 Image 7_12.png,Trip 065 Day 2 01-12-05 Image 7_12_crop_000.png,train,1,schizont,125,425,196,506,ground_truth
images/Trip 065 Day 2 01-12-05 Image 7_12.png,Trip 065 Day 2 01-12-05 Image 7_12_crop_001.png,train,1,schizont,747,404,839,506,ground_truth
images/Trip 065 Day 2 01-12-05 Image 7_12.png,Trip 065 Day 2 01-12-05 Image 7_12_crop_002.png,train,2,trophozoite,720,544,778,604,ground_truth
images/Trip 065 Day 2 01-12-05 Image 7_12.png,Trip 065 Day 2 01-12-05 Image 7_12_crop_003.png,train,1,schizont,676,715,756,793,ground_truth
images/Trip 065 Day 2 01-12-05 Image 7_12.png,Trip 065 Day 2 01-12-05 Image 7_12_crop_004.png,train,1,schizont,769,764,858,851,ground_truth
images/Trip 065 Day 2 01-12-05 Image 7_12.png,Trip 065 Day 2 01-12-05 Image 7_12_crop_005.png,train,1,schizont,977,857,1058,941,ground_truth
images/Trip 065 Day 2 01-12-05 Image 7_12.png,Trip 065 Day 2 01-12-05 Image 7_12_crop_006.png,train,0,ring,415,952,448,988,ground_truth
images/Trip 065 Day 2 01-12-05 Image 7_12.png,Trip 065 Day 2 01-12-05 Image 7_12_crop_007.png,train,0,ring,44,938,99,986,ground_truth
images/Trip 065 Day 2 01-12-05 Image 7_12.png,Trip 065 Day 2 01-12-05 Image 7_12_crop_008.png,train,2,trophozoite,56,682,110,727,ground_truth
images/Trip 065 Day 2 01-12-05 Image 7_13.png,Trip 065 Day 2 01-12-05 Image 7_13_crop_000.png,val,1,schizont,89,787,180,862,ground_truth
images/Trip 065 Day 2 01-12-05 Image 7_13.png,Trip 065 Day 2 01-12-05 Image 7_13_crop_001.png,val,2,trophozoite,303,296,376,369,ground_truth
images/Trip 065 Day 2 01-12-05 Image 7_13.png,Trip 065 Day 2 01-12-05 Image 7_13_crop_002.png,val,1,schizont,629,81,713,165,ground_truth
images/Trip 065 Day 2 01-12-05 Image 7_13.png,Trip 065 Day 2 01-12-05 Image 7_13_crop_003.png,val,2,trophozoite,1227,793,1303,868,ground_truth
images/Trip 065 Day 2 01-12-05 Image 7_13.png,Trip 065 Day 2 01-12-05 Image 7_13_crop_004.png,val,1,schizont,538,0,655,66,ground_truth
images/Trip 065 Day 2 01-12-05 Image 7_13.png,Trip 065 Day 2 01-12-05 Image 7_13_crop_005.png,val,1,schizont,1043,322,1120,405,ground_truth
images/Trip 065 Day 2 01-12-05 Image 7_13.png,Trip 065 Day 2 01-12-05 Image 7_13_crop_006.png,val,0,ring,16,155,50,183,ground_truth
images/Trip 065 Day 2 01-12-05 Image 7_13.png,Trip 065 Day 2 01-12-05 Image 7_13_crop_007.png,val,0,ring,1312,213,1337,237,ground_truth
images/Trip 065 Day 2 01-12-05 Image 7_14.png,Trip 065 Day 2 01-12-05 Image 7_14_crop_000.png,val,1,schizont,639,203,706,295,ground_truth
images/Trip 065 Day 2 01-12-05 Image 7_14.png,Trip 065 Day 2 01-12-05 Image 7_14_crop_001.png,val,2,trophozoite,1302,0,1382,34,ground_truth
images/Trip 065 Day 2 01-12-05 Image 7_14.png,Trip 065 Day 2 01-12-05 Image 7_14_crop_002.png,val,2,trophozoite,477,0,536,59,ground_truth
images/Trip 065 Day 2 01-12-05 Image 7_14.png,Trip 065 Day 2 01-12-05 Image 7_14_crop_003.png,val,2,trophozoite,217,766,285,842,ground_truth
images/Trip 065 Day 2 01-12-05 Image 7_14.png,Trip 065 Day 2 01-12-05 Image 7_14_crop_004.png,val,1,schizont,757,277,851,377,ground_truth
images/Trip 065 Day 2 01-12-05 Image 7_15.png,Trip 065 Day 2 01-12-05 Image 7_15_crop_000.png,train,2,trophozoite,60,527,124,599,ground_truth
images/Trip 065 Day 2 01-12-05 Image 7_15.png,Trip 065 Day 2 01-12-05 Image 7_15_crop_001.png,train,1,schizont,400,922,477,997,ground_truth
images/Trip 065 Day 2 01-12-05 Image 7_15.png,Trip 065 Day 2 01-12-05 Image 7_15_crop_002.png,train,1,schizont,1022,810,1097,878,ground_truth
images/Trip 065 Day 2 01-12-05 Image 7_16.png,Trip 065 Day 2 01-12-05 Image 7_16_crop_000.png,train,1,schizont,91,283,162,341,ground_truth
images/Trip 065 Day 2 01-12-05 Image 7_16.png,Trip 065 Day 2 01-12-05 Image 7_16_crop_001.png,train,1,schizont,341,244,412,321,ground_truth
images/Trip 065 Day 2 01-12-05 Image 7_2.png,Trip 065 Day 2 01-12-05 Image 7_2_crop_000.png,test,1,schizont,1311,309,1381,390,ground_truth
images/Trip 065 Day 2 01-12-05 Image 7_2.png,Trip 065 Day 2 01-12-05 Image 7_2_crop_001.png,test,2,trophozoite,645,960,734,1028,ground_truth
images/Trip 065 Day 2 01-12-05 Image 7_2.png,Trip 065 Day 2 01-12-05 Image 7_2_crop_002.png,test,2,trophozoite,983,932,1052,997,ground_truth
images/Trip 065 Day 2 01-12-05 Image 7_2.png,Trip 065 Day 2 01-12-05 Image 7_2_crop_003.png,test,2,trophozoite,730,443,810,501,ground_truth
images/Trip 065 Day 2 01-12-05 Image 7_2.png,Trip 065 Day 2 01-12-05 Image 7_2_crop_004.png,test,1,schizont,477,465,565,541,ground_truth
images/Trip 065 Day 2 01-12-05 Image 7_2.png,Trip 065 Day 2 01-12-05 Image 7_2_crop_005.png,test,2,trophozoite,326,46,382,104,ground_truth
images/Trip 065 Day 2 01-12-05 Image 7_2.png,Trip 065 Day 2 01-12-05 Image 7_2_crop_006.png,test,1,schizont,95,157,200,254,ground_truth
images/Trip 065 Day 2 01-12-05 Image 7_3.png,Trip 065 Day 2 01-12-05 Image 7_3_crop_000.png,test,1,schizont,395,0,473,59,ground_truth
images/Trip 065 Day 2 01-12-05 Image 7_3.png,Trip 065 Day 2 01-12-05 Image 7_3_crop_001.png,test,1,schizont,1000,219,1080,309,ground_truth
images/Trip 065 Day 2 01-12-05 Image 7_3.png,Trip 065 Day 2 01-12-05 Image 7_3_crop_002.png,test,2,trophozoite,296,442,352,498,ground_truth
images/Trip 065 Day 2 01-12-05 Image 7_3.png,Trip 065 Day 2 01-12-05 Image 7_3_crop_003.png,test,0,ring,734,492,754,514,ground_truth
images/Trip 065 Day 2 01-12-05 Image 7_3.png,Trip 065 Day 2 01-12-05 Image 7_3_crop_004.png,test,1,schizont,838,535,935,613,ground_truth
images/Trip 065 Day 2 01-12-05 Image 7_3.png,Trip 065 Day 2 01-12-05 Image 7_3_crop_005.png,test,2,trophozoite,773,615,842,659,ground_truth
images/Trip 065 Day 2 01-12-05 Image 7_3.png,Trip 065 Day 2 01-12-05 Image 7_3_crop_006.png,test,0,ring,1308,675,1330,695,ground_truth
images/Trip 065 Day 2 01-12-05 Image 7_3.png,Trip 065 Day 2 01-12-05 Image 7_3_crop_007.png,test,1,schizont,371,609,447,674,ground_truth
images/Trip 065 Day 2 01-12-05 Image 7_3.png,Trip 065 Day 2 01-12-05 Image 7_3_crop_008.png,test,1,schizont,555,988,663,1030,ground_truth
images/Trip 065 Day 2 01-12-05 Image 7_4.png,Trip 065 Day 2 01-12-05 Image 7_4_crop_000.png,train,1,schizont,39,60,127,147,ground_truth
images/Trip 065 Day 2 01-12-05 Image 7_4.png,Trip 065 Day 2 01-12-05 Image 7_4_crop_001.png,train,2,trophozoite,535,111,600,169,ground_truth
images/Trip 065 Day 2 01-12-05 Image 7_4.png,Trip 065 Day 2 01-12-05 Image 7_4_crop_002.png,train,0,ring,869,77,894,114,ground_truth
images/Trip 065 Day 2 01-12-05 Image 7_4.png,Trip 065 Day 2 01-12-05 Image 7_4_crop_003.png,train,1,schizont,661,296,747,376,ground_truth
images/Trip 065 Day 2 01-12-05 Image 7_4.png,Trip 065 Day 2 01-12-05 Image 7_4_crop_004.png,train,1,schizont,595,270,672,370,ground_truth
images/Trip 065 Day 2 01-12-05 Image 7_4.png,Trip 065 Day 2 01-12-05 Image 7_4_crop_005.png,train,1,schizont,1130,916,1237,990,ground_truth
images/Trip 065 Day 2 01-12-05 Image 7_5.png,Trip 065 Day 2 01-12-05 Image 7_5_crop_000.png,train,1,schizont,999,187,1094,272,ground_truth
images/Trip 065 Day 2 01-12-05 Image 7_6.png,Trip 065 Day 2 01-12-05 Image 7_6_crop_000.png,train,0,ring,1314,123,1365,173,ground_truth
images/Trip 065 Day 2 01-12-05 Image 7_6.png,Trip 065 Day 2 01-12-05 Image 7_6_crop_001.png,train,2,trophozoite,112,362,165,445,ground_truth
images/Trip 065 Day 2 01-12-05 Image 7_6.png,Trip 065 Day 2 01-12-05 Image 7_6_crop_002.png,train,0,ring,1220,564,1252,600,ground_truth
images/Trip 065 Day 2 01-12-05 Image 7_6.png,Trip 065 Day 2 01-12-05 Image 7_6_crop_003.png,train,1,schizont,989,490,1066,571,ground_truth
images/Trip 065 Day 2 01-12-05 Image 7_7.png,Trip 065 Day 2 01-12-05 Image 7_7_crop_000.png,val,1,schizont,554,0,659,27,ground_truth
images/Trip 065 Day 2 01-12-05 Image 7_7.png,Trip 065 Day 2 01-12-05 Image 7_7_crop_001.png,val,1,schizont,1278,161,1382,298,ground_truth
images/Trip 065 Day 2 01-12-05 Image 7_7.png,Trip 065 Day 2 01-12-05 Image 7_7_crop_002.png,val,1,schizont,24,108,95,193,ground_truth
images/Trip 065 Day 2 01-12-05 Image 7_7.png,Trip 065 Day 2 01-12-05 Image 7_7_crop_003.png,val,1,schizont,778,405,841,485,ground_truth
images/Trip 065 Day 2 01-12-05 Image 7_7.png,Trip 065 Day 2 01-12-05 Image 7_7_crop_004.png,val,1,schizont,923,467,995,539,ground_truth
images/Trip 065 Day 2 01-12-05 Image 7_7.png,Trip 065 Day 2 01-12-05 Image 7_7_crop_005.png,val,1,schizont,1061,814,1130,888,ground_truth
images/Trip 065 Day 2 01-12-05 Image 7_8.png,Trip 065 Day 2 01-12-05 Image 7_8_crop_000.png,train,0,ring,604,64,628,88,ground_truth
images/Trip 065 Day 2 01-12-05 Image 7_8.png,Trip 065 Day 2 01-12-05 Image 7_8_crop_001.png,train,1,schizont,590,229,663,296,ground_truth
images/Trip 065 Day 2 01-12-05 Image 7_8.png,Trip 065 Day 2 01-12-05 Image 7_8_crop_002.png,train,1,schizont,843,243,910,314,ground_truth
images/Trip 065 Day 2 01-12-05 Image 7_8.png,Trip 065 Day 2 01-12-05 Image 7_8_crop_003.png,train,1,schizont,804,322,874,402,ground_truth
images/Trip 065 Day 2 01-12-05 Image 7_8.png,Trip 065 Day 2 01-12-05 Image 7_8_crop_004.png,train,2,trophozoite,1321,87,1377,157,ground_truth
images/Trip 065 Day 2 01-12-05 Image 7_8.png,Trip 065 Day 2 01-12-05 Image 7_8_crop_005.png,train,2,trophozoite,633,536,701,608,ground_truth
images/Trip 065 Day 2 01-12-05 Image 7_8.png,Trip 065 Day 2 01-12-05 Image 7_8_crop_006.png,train,1,schizont,398,447,478,523,ground_truth
images/Trip 065 Day 2 01-12-05 Image 7_8.png,Trip 065 Day 2 01-12-05 Image 7_8_crop_007.png,train,0,ring,555,805,582,833,ground_truth
images/Trip 065 Day 2 01-12-05 Image 7_8.png,Trip 065 Day 2 01-12-05 Image 7_8_crop_008.png,train,1,schizont,1208,811,1285,874,ground_truth
images/Trip 065 Day 2 01-12-05 Image 7_9.png,Trip 065 Day 2 01-12-05 Image 7_9_crop_000.png,train,1,schizont,1028,412,1082,496,ground_truth
images/Trip 065 Day 2 01-12-05 Image 7_9.png,Trip 065 Day 2 01-12-05 Image 7_9_crop_001.png,train,1,schizont,247,659,337,743,ground_truth
images/Trip 065 Day 2 01-12-05 Image 7_9.png,Trip 065 Day 2 01-12-05 Image 7_9_crop_002.png,train,1,schizont,429,833,512,940,ground_truth
images/Trip 065 Day 2 01-12-05 Image 7_9.png,Trip 065 Day 2 01-12-05 Image 7_9_crop_003.png,train,1,schizont,352,311,443,406,ground_truth
images/Trip 065 Day 2 01-12-05 Image 7_9.png,Trip 065 Day 2 01-12-05 Image 7_9_crop_004.png,train,0,ring,1325,314,1354,358,ground_truth
images/Trip 065 Day 2 01-12-05 Image 7_9.png,Trip 065 Day 2 01-12-05 Image 7_9_crop_005.png,train,1,schizont,1355,46,1381,102,ground_truth
images/Trip 065 Day 2 01-12-05 Image 7_9.png,Trip 065 Day 2 01-12-05 Image 7_9_crop_006.png,train,1,schizont,1172,294,1236,366,ground_truth
images/Trip 065 Day 2 01-12-05 Image 7_9.png,Trip 065 Day 2 01-12-05 Image 7_9_crop_007.png,train,0,ring,1325,314,1354,358,ground_truth
images/Trip 067 Day 2 01-12-05 Image 1_1.png,Trip 067 Day 2 01-12-05 Image 1_1_crop_000.png,val,1,schizont,558,794,665,897,ground_truth
images/Trip 067 Day 2 01-12-05 Image 1_1.png,Trip 067 Day 2 01-12-05 Image 1_1_crop_001.png,val,2,trophozoite,368,598,449,669,ground_truth
images/Trip 067 Day 2 01-12-05 Image 1_1.png,Trip 067 Day 2 01-12-05 Image 1_1_crop_002.png,val,2,trophozoite,1082,631,1146,711,ground_truth
images/Trip 067 Day 2 01-12-05 Image 1_1.png,Trip 067 Day 2 01-12-05 Image 1_1_crop_003.png,val,1,schizont,140,228,222,308,ground_truth
images/Trip 067 Day 2 01-12-05 Image 1_1.png,Trip 067 Day 2 01-12-05 Image 1_1_crop_004.png,val,1,schizont,813,94,921,175,ground_truth
images/Trip 067 Day 2 01-12-05 Image 1_1.png,Trip 067 Day 2 01-12-05 Image 1_1_crop_005.png,val,1,schizont,587,302,685,402,ground_truth
images/Trip 067 Day 2 01-12-05 Image 1_10.png,Trip 067 Day 2 01-12-05 Image 1_10_crop_000.png,test,2,trophozoite,1200,802,1258,874,ground_truth
images/Trip 067 Day 2 01-12-05 Image 1_10.png,Trip 067 Day 2 01-12-05 Image 1_10_crop_001.png,test,1,schizont,1072,805,1177,925,ground_truth
images/Trip 067 Day 2 01-12-05 Image 1_10.png,Trip 067 Day 2 01-12-05 Image 1_10_crop_002.png,test,1,schizont,980,889,1061,960,ground_truth
images/Trip 067 Day 2 01-12-05 Image 1_11.png,Trip 067 Day 2 01-12-05 Image 1_11_crop_000.png,train,1,schizont,666,0,822,95,ground_truth
images/Trip 067 Day 2 01-12-05 Image 1_11.png,Trip 067 Day 2 01-12-05 Image 1_11_crop_001.png,train,2,trophozoite,96,571,173,662,ground_truth
images/Trip 067 Day 2 01-12-05 Image 1_11.png,Trip 067 Day 2 01-12-05 Image 1_11_crop_002.png,train,1,schizont,4,382,76,464,ground_truth
images/Trip 067 Day 2 01-12-05 Image 1_11.png,Trip 067 Day 2 01-12-05 Image 1_11_crop_003.png,train,1,schizont,110,454,217,568,ground_truth
images/Trip 067 Day 2 01-12-05 Image 1_11.png,Trip 067 Day 2 01-12-05 Image 1_11_crop_004.png,train,2,trophozoite,1071,912,1146,969,ground_truth
images/Trip 067 Day 2 01-12-05 Image 1_11.png,Trip 067 Day 2 01-12-05 Image 1_11_crop_005.png,train,0,ring,795,975,819,1000,ground_truth
images/Trip 067 Day 2 01-12-05 Image 1_11.png,Trip 067 Day 2 01-12-05 Image 1_11_crop_006.png,train,0,ring,678,623,700,644,ground_truth
images/Trip 067 Day 2 01-12-05 Image 1_11.png,Trip 067 Day 2 01-12-05 Image 1_11_crop_007.png,train,2,trophozoite,945,854,1022,919,ground_truth
images/Trip 067 Day 2 01-12-05 Image 1_12.png,Trip 067 Day 2 01-12-05 Image 1_12_crop_000.png,train,1,schizont,860,879,952,967,ground_truth
images/Trip 067 Day 2 01-12-05 Image 1_12.png,Trip 067 Day 2 01-12-05 Image 1_12_crop_001.png,train,0,ring,705,927,736,956,ground_truth
images/Trip 067 Day 2 01-12-05 Image 1_12.png,Trip 067 Day 2 01-12-05 Image 1_12_crop_002.png,train,0,ring,92,668,119,695,ground_truth
images/Trip 067 Day 2 01-12-05 Image 1_12.png,Trip 067 Day 2 01-12-05 Image 1_12_crop_003.png,train,0,ring,705,927,736,956,ground_truth
images/Trip 067 Day 2 01-12-05 Image 1_13.png,Trip 067 Day 2 01-12-05 Image 1_13_crop_000.png,train,1,schizont,645,175,721,252,ground_truth
images/Trip 067 Day 2 01-12-05 Image 1_14.png,Trip 067 Day 2 01-12-05 Image 1_14_crop_000.png,train,1,schizont,862,512,969,592,ground_truth
images/Trip 067 Day 2 01-12-05 Image 1_14.png,Trip 067 Day 2 01-12-05 Image 1_14_crop_001.png,train,1,schizont,1179,941,1284,1017,ground_truth
images/Trip 067 Day 2 01-12-05 Image 1_14.png,Trip 067 Day 2 01-12-05 Image 1_14_crop_002.png,train,0,ring,594,946,617,971,ground_truth
images/Trip 067 Day 2 01-12-05 Image 1_14.png,Trip 067 Day 2 01-12-05 Image 1_14_crop_003.png,train,0,ring,112,431,134,456,ground_truth
images/Trip 067 Day 2 01-12-05 Image 1_15.png,Trip 067 Day 2 01-12-05 Image 1_15_crop_000.png,train,2,trophozoite,882,6,962,105,ground_truth
images/Trip 067 Day 2 01-12-05 Image 1_15.png,Trip 067 Day 2 01-12-05 Image 1_15_crop_001.png,train,1,schizont,623,270,714,363,ground_truth
images/Trip 067 Day 2 01-12-05 Image 1_15.png,Trip 067 Day 2 01-12-05 Image 1_15_crop_002.png,train,2,trophozoite,1262,15,1319,78,ground_truth
images/Trip 067 Day 2 01-12-05 Image 1_15.png,Trip 067 Day 2 01-12-05 Image 1_15_crop_003.png,train,2,trophozoite,457,955,513,1006,ground_truth
images/Trip 067 Day 2 01-12-05 Image 1_15.png,Trip 067 Day 2 01-12-05 Image 1_15_crop_004.png,train,0,ring,1080,84,1117,115,ground_truth
images/Trip 067 Day 2 01-12-05 Image 1_15.png,Trip 067 Day 2 01-12-05 Image 1_15_crop_005.png,train,0,ring,290,373,315,411,ground_truth
images/Trip 067 Day 2 01-12-05 Image 1_15.png,Trip 067 Day 2 01-12-05 Image 1_15_crop_006.png,train,0,ring,450,263,486,299,ground_truth
images/Trip 067 Day 2 01-12-05 Image 1_15.png,Trip 067 Day 2 01-12-05 Image 1_15_crop_007.png,train,1,schizont,80,794,170,878,ground_truth
images/Trip 067 Day 2 01-12-05 Image 1_16.png,Trip 067 Day 2 01-12-05 Image 1_16_crop_000.png,val,1,schizont,721,909,803,1015,ground_truth
images/Trip 067 Day 2 01-12-05 Image 1_16.png,Trip 067 Day 2 01-12-05 Image 1_16_crop_001.png,val,1,schizont,66,343,169,432,ground_truth
images/Trip 067 Day 2 01-12-05 Image 1_16.png,Trip 067 Day 2 01-12-05 Image 1_16_crop_002.png,val,2,trophozoite,750,97,821,140,ground_truth
images/Trip 067 Day 2 01-12-05 Image 1_2.png,Trip 067 Day 2 01-12-05 Image 1_2_crop_000.png,train,1,schizont,1211,385,1267,498,ground_truth
images/Trip 067 Day 2 01-12-05 Image 1_2.png,Trip 067 Day 2 01-12-05 Image 1_2_crop_001.png,train,2,trophozoite,789,192,872,294,ground_truth
images/Trip 067 Day 2 01-12-05 Image 1_2.png,Trip 067 Day 2 01-12-05 Image 1_2_crop_002.png,train,1,schizont,678,273,750,351,ground_truth
images/Trip 067 Day 2 01-12-05 Image 1_3.png,Trip 067 Day 2 01-12-05 Image 1_3_crop_000.png,val,1,schizont,817,729,902,813,ground_truth
images/Trip 067 Day 2 01-12-05 Image 1_3.png,Trip 067 Day 2 01-12-05 Image 1_3_crop_001.png,val,0,ring,425,515,472,553,ground_truth
images/Trip 067 Day 2 01-12-05 Image 1_3.png,Trip 067 Day 2 01-12-05 Image 1_3_crop_002.png,val,1,schizont,406,87,486,157,ground_truth
images/Trip 067 Day 2 01-12-05 Image 1_3.png,Trip 067 Day 2 01-12-05 Image 1_3_crop_003.png,val,0,ring,1179,532,1211,575,ground_truth
images/Trip 067 Day 2 01-12-05 Image 1_3.png,Trip 067 Day 2 01-12-05 Image 1_3_crop_004.png,val,0,ring,24,296,50,323,ground_truth
images/Trip 067 Day 2 01-12-05 Image 1_3.png,Trip 067 Day 2 01-12-05 Image 1_3_crop_005.png,val,1,schizont,261,8,349,92,ground_truth
images/Trip 067 Day 2 01-12-05 Image 1_3.png,Trip 067 Day 2 01-12-05 Image 1_3_crop_006.png,val,0,ring,147,252,171,275,ground_truth
images/Trip 067 Day 2 01-12-05 Image 1_3.png,Trip 067 Day 2 01-12-05 Image 1_3_crop_007.png,val,0,ring,538,619,570,646,ground_truth
images/Trip 067 Day 2 01-12-05 Image 1_3.png,Trip 067 Day 2 01-12-05 Image 1_3_crop_008.png,val,0,ring,1228,680,1274,724,ground_truth
images/Trip 067 Day 2 01-12-05 Image 1_3.png,Trip 067 Day 2 01-12-05 Image 1_3_crop_009.png,val,2,trophozoite,758,541,805,604,ground_truth
images/Trip 067 Day 2 01-12-05 Image 1_4.png,Trip 067 Day 2 01-12-05 Image 1_4_crop_000.png,test,1,schizont,956,759,1044,842,ground_truth
images/Trip 067 Day 2 01-12-05 Image 1_4.png,Trip 067 Day 2 01-12-05 Image 1_4_crop_001.png,test,0,ring,344,542,378,583,ground_truth
images/Trip 067 Day 2 01-12-05 Image 1_4.png,Trip 067 Day 2 01-12-05 Image 1_4_crop_002.png,test,0,ring,491,736,513,760,ground_truth
images/Trip 067 Day 2 01-12-05 Image 1_4.png,Trip 067 Day 2 01-12-05 Image 1_4_crop_003.png,test,1,schizont,1039,109,1123,180,ground_truth
images/Trip 067 Day 2 01-12-05 Image 1_4.png,Trip 067 Day 2 01-12-05 Image 1_4_crop_004.png,test,0,ring,457,905,484,932,ground_truth
images/Trip 067 Day 2 01-12-05 Image 1_5.png,Trip 067 Day 2 01-12-05 Image 1_5_crop_000.png,train,1,schizont,668,952,756,1020,ground_truth
images/Trip 067 Day 2 01-12-05 Image 1_5.png,Trip 067 Day 2 01-12-05 Image 1_5_crop_001.png,train,0,ring,991,405,1033,455,ground_truth
images/Trip 067 Day 2 01-12-05 Image 1_5.png,Trip 067 Day 2 01-12-05 Image 1_5_crop_002.png,train,0,ring,1297,323,1336,360,ground_truth
images/Trip 067 Day 2 01-12-05 Image 1_5.png,Trip 067 Day 2 01-12-05 Image 1_5_crop_003.png,train,2,trophozoite,576,339,703,438,ground_truth
images/Trip 067 Day 2 01-12-05 Image 1_5.png,Trip 067 Day 2 01-12-05 Image 1_5_crop_004.png,train,2,trophozoite,839,108,910,168,ground_truth
images/Trip 067 Day 2 01-12-05 Image 1_5.png,Trip 067 Day 2 01-12-05 Image 1_5_crop_005.png,train,2,trophozoite,867,391,937,452,ground_truth
images/Trip 067 Day 2 01-12-05 Image 1_5.png,Trip 067 Day 2 01-12-05 Image 1_5_crop_006.png,train,2,trophozoite,902,496,965,545,ground_truth
images/Trip 067 Day 2 01-12-05 Image 1_5.png,Trip 067 Day 2 01-12-05 Image 1_5_crop_007.png,train,1,schizont,1219,207,1293,291,ground_truth
images/Trip 067 Day 2 01-12-05 Image 1_5.png,Trip 067 Day 2 01-12-05 Image 1_5_crop_008.png,train,1,schizont,576,339,703,438,ground_truth
images/Trip 067 Day 2 01-12-05 Image 1_5.png,Trip 067 Day 2 01-12-05 Image 1_5_crop_009.png,train,2,trophozoite,668,952,756,1020,ground_truth
images/Trip 067 Day 2 01-12-05 Image 1_6.png,Trip 067 Day 2 01-12-05 Image 1_6_crop_000.png,train,1,schizont,1285,543,1382,626,ground_truth
images/Trip 067 Day 2 01-12-05 Image 1_6.png,Trip 067 Day 2 01-12-05 Image 1_6_crop_001.png,train,1,schizont,1149,270,1269,374,ground_truth
images/Trip 067 Day 2 01-12-05 Image 1_6.png,Trip 067 Day 2 01-12-05 Image 1_6_crop_002.png,train,1,schizont,1038,525,1125,609,ground_truth
images/Trip 067 Day 2 01-12-05 Image 1_6.png,Trip 067 Day 2 01-12-05 Image 1_6_crop_003.png,train,2,trophozoite,574,516,648,577,ground_truth
images/Trip 067 Day 2 01-12-05 Image 1_6.png,Trip 067 Day 2 01-12-05 Image 1_6_crop_004.png,train,0,ring,328,50,349,77,ground_truth
images/Trip 067 Day 2 01-12-05 Image 1_6.png,Trip 067 Day 2 01-12-05 Image 1_6_crop_005.png,train,1,schizont,790,486,866,555,ground_truth
images/Trip 067 Day 2 01-12-05 Image 1_7.png,Trip 067 Day 2 01-12-05 Image 1_7_crop_000.png,train,1,schizont,886,413,969,481,ground_truth
images/Trip 067 Day 2 01-12-05 Image 1_7.png,Trip 067 Day 2 01-12-05 Image 1_7_crop_001.png,train,2,trophozoite,511,877,588,944,ground_truth
images/Trip 067 Day 2 01-12-05 Image 1_7.png,Trip 067 Day 2 01-12-05 Image 1_7_crop_002.png,train,1,schizont,357,235,472,345,ground_truth
images/Trip 067 Day 2 01-12-05 Image 1_7.png,Trip 067 Day 2 01-12-05 Image 1_7_crop_003.png,train,1,schizont,139,135,251,219,ground_truth
images/Trip 067 Day 2 01-12-05 Image 1_7.png,Trip 067 Day 2 01-12-05 Image 1_7_crop_004.png,train,1,schizont,479,759,603,888,ground_truth
images/Trip 067 Day 2 01-12-05 Image 1_7.png,Trip 067 Day 2 01-12-05 Image 1_7_crop_005.png,train,0,ring,357,18,388,45,ground_truth
images/Trip 067 Day 2 01-12-05 Image 1_7.png,Trip 067 Day 2 01-12-05 Image 1_7_crop_006.png,train,0,ring,681,920,702,943,ground_truth
images/Trip 067 Day 2 01-12-05 Image 1_8.png,Trip 067 Day 2 01-12-05 Image 1_8_crop_000.png,train,1,schizont,1294,695,1379,787,ground_truth
images/Trip 067 Day 2 01-12-05 Image 1_8.png,Trip 067 Day 2 01-12-05 Image 1_8_crop_001.png,train,1,schizont,831,389,881,482,ground_truth
images/Trip 067 Day 2 01-12-05 Image 1_8.png,Trip 067 Day 2 01-12-05 Image 1_8_crop_002.png,train,1,schizont,359,620,450,709,ground_truth
images/Trip 067 Day 2 01-12-05 Image 1_8.png,Trip 067 Day 2 01-12-05 Image 1_8_crop_003.png,train,1,schizont,1219,415,1303,493,ground_truth
images/Trip 067 Day 2 01-12-05 Image 1_8.png,Trip 067 Day 2 01-12-05 Image 1_8_crop_004.png,train,2,trophozoite,910,351,973,408,ground_truth
images/Trip 067 Day 2 01-12-05 Image 1_8.png,Trip 067 Day 2 01-12-05 Image 1_8_crop_005.png,train,1,schizont,1215,863,1292,949,ground_truth
images/Trip 067 Day 2 01-12-05 Image 1_9.png,Trip 067 Day 2 01-12-05 Image 1_9_crop_000.png,train,2,trophozoite,662,0,726,105,ground_truth
images/Trip 067 Day 2 01-12-05 Image 1_9.png,Trip 067 Day 2 01-12-05 Image 1_9_crop_001.png,train,1,schizont,893,214,988,304,ground_truth
images/Trip 067 Day 2 01-12-05 Image 1_9.png,Trip 067 Day 2 01-12-05 Image 1_9_crop_002.png,train,1,schizont,18,449,96,529,ground_truth
images/Trip 067 Day 2 01-12-05 Image 1_9.png,Trip 067 Day 2 01-12-05 Image 1_9_crop_003.png,train,0,ring,543,199,573,232,ground_truth
images/Trip 067 Day 2 01-12-05 Image 1_9.png,Trip 067 Day 2 01-12-05 Image 1_9_crop_004.png,train,0,ring,101,380,138,420,ground_truth
images/Trip 067 Day 2 01-12-05 Image 3_1.png,Trip 067 Day 2 01-12-05 Image 3_1_crop_000.png,val,1,schizont,1010,591,1123,658,ground_truth
images/Trip 067 Day 2 01-12-05 Image 3_1.png,Trip 067 Day 2 01-12-05 Image 3_1_crop_001.png,val,0,ring,546,424,590,475,ground_truth
images/Trip 067 Day 2 01-12-05 Image 3_1.png,Trip 067 Day 2 01-12-05 Image 3_1_crop_002.png,val,1,schizont,643,797,730,873,ground_truth
images/Trip 067 Day 2 01-12-05 Image 3_1.png,Trip 067 Day 2 01-12-05 Image 3_1_crop_003.png,val,1,schizont,535,37,625,120,ground_truth
images/Trip 067 Day 2 01-12-05 Image 3_1.png,Trip 067 Day 2 01-12-05 Image 3_1_crop_004.png,val,1,schizont,741,428,841,517,ground_truth
images/Trip 067 Day 2 01-12-05 Image 3_1.png,Trip 067 Day 2 01-12-05 Image 3_1_crop_005.png,val,1,schizont,380,81,458,159,ground_truth
images/Trip 067 Day 2 01-12-05 Image 3_1.png,Trip 067 Day 2 01-12-05 Image 3_1_crop_006.png,val,1,schizont,1219,463,1327,582,ground_truth
images/Trip 067 Day 2 01-12-05 Image 3_1.png,Trip 067 Day 2 01-12-05 Image 3_1_crop_007.png,val,1,schizont,44,934,157,1029,ground_truth
images/Trip 067 Day 2 01-12-05 Image 3_10.png,Trip 067 Day 2 01-12-05 Image 3_10_crop_000.png,val,1,schizont,570,293,651,377,ground_truth
images/Trip 067 Day 2 01-12-05 Image 3_10.png,Trip 067 Day 2 01-12-05 Image 3_10_crop_001.png,val,2,trophozoite,499,712,586,781,ground_truth
images/Trip 067 Day 2 01-12-05 Image 3_10.png,Trip 067 Day 2 01-12-05 Image 3_10_crop_002.png,val,1,schizont,216,31,316,108,ground_truth
images/Trip 067 Day 2 01-12-05 Image 3_10.png,Trip 067 Day 2 01-12-05 Image 3_10_crop_003.png,val,1,schizont,1199,885,1299,966,ground_truth
images/Trip 067 Day 2 01-12-05 Image 3_11.png,Trip 067 Day 2 01-12-05 Image 3_11_crop_000.png,train,1,schizont,358,688,505,828,ground_truth
images/Trip 067 Day 2 01-12-05 Image 3_11.png,Trip 067 Day 2 01-12-05 Image 3_11_crop_001.png,train,1,schizont,513,993,597,1029,ground_truth
images/Trip 067 Day 2 01-12-05 Image 3_11.png,Trip 067 Day 2 01-12-05 Image 3_11_crop_002.png,train,0,ring,1346,605,1370,630,ground_truth
images/Trip 067 Day 2 01-12-05 Image 3_11.png,Trip 067 Day 2 01-12-05 Image 3_11_crop_003.png,train,0,ring,505,537,540,572,ground_truth
images/Trip 067 Day 2 01-12-05 Image 3_11.png,Trip 067 Day 2 01-12-05 Image 3_11_crop_004.png,train,0,ring,128,386,150,414,ground_truth
images/Trip 067 Day 2 01-12-05 Image 3_11.png,Trip 067 Day 2 01-12-05 Image 3_11_crop_005.png,train,1,schizont,287,206,413,329,ground_truth
images/Trip 067 Day 2 01-12-05 Image 3_11.png,Trip 067 Day 2 01-12-05 Image 3_11_crop_006.png,train,1,schizont,358,688,505,828,ground_truth
images/Trip 067 Day 2 01-12-05 Image 3_11.png,Trip 067 Day 2 01-12-05 Image 3_11_crop_007.png,train,1,schizont,44,0,134,75,ground_truth
images/Trip 067 Day 2 01-12-05 Image 3_11.png,Trip 067 Day 2 01-12-05 Image 3_11_crop_008.png,train,1,schizont,1118,109,1215,183,ground_truth
images/Trip 067 Day 2 01-12-05 Image 3_12.png,Trip 067 Day 2 01-12-05 Image 3_12_crop_000.png,train,1,schizont,763,224,861,324,ground_truth
images/Trip 067 Day 2 01-12-05 Image 3_12.png,Trip 067 Day 2 01-12-05 Image 3_12_crop_001.png,train,1,schizont,1167,351,1253,446,ground_truth
images/Trip 067 Day 2 01-12-05 Image 3_12.png,Trip 067 Day 2 01-12-05 Image 3_12_crop_002.png,train,1,schizont,663,122,743,241,ground_truth
images/Trip 067 Day 2 01-12-05 Image 3_12.png,Trip 067 Day 2 01-12-05 Image 3_12_crop_003.png,train,1,schizont,1167,351,1253,446,ground_truth
images/Trip 067 Day 2 01-12-05 Image 3_12.png,Trip 067 Day 2 01-12-05 Image 3_12_crop_004.png,train,1,schizont,332,9,412,100,ground_truth
images/Trip 067 Day 2 01-12-05 Image 3_12.png,Trip 067 Day 2 01-12-05 Image 3_12_crop_005.png,train,1,schizont,202,0,318,139,ground_truth
images/Trip 067 Day 2 01-12-05 Image 3_12.png,Trip 067 Day 2 01-12-05 Image 3_12_crop_006.png,train,1,schizont,680,991,750,1030,ground_truth
images/Trip 067 Day 2 01-12-05 Image 3_13.png,Trip 067 Day 2 01-12-05 Image 3_13_crop_000.png,train,1,schizont,325,358,401,433,ground_truth
images/Trip 067 Day 2 01-12-05 Image 3_13.png,Trip 067 Day 2 01-12-05 Image 3_13_crop_001.png,train,1,schizont,962,84,1049,160,ground_truth
images/Trip 067 Day 2 01-12-05 Image 3_13.png,Trip 067 Day 2 01-12-05 Image 3_13_crop_002.png,train,1,schizont,84,0,158,27,ground_truth
images/Trip 067 Day 2 01-12-05 Image 3_13.png,Trip 067 Day 2 01-12-05 Image 3_13_crop_003.png,train,1,schizont,476,509,561,593,ground_truth
images/Trip 067 Day 2 01-12-05 Image 3_14.png,Trip 067 Day 2 01-12-05 Image 3_14_crop_000.png,train,1,schizont,1150,434,1246,533,ground_truth
images/Trip 067 Day 2 01-12-05 Image 3_14.png,Trip 067 Day 2 01-12-05 Image 3_14_crop_001.png,train,0,ring,556,793,599,841,ground_truth
images/Trip 067 Day 2 01-12-05 Image 3_14.png,Trip 067 Day 2 01-12-05 Image 3_14_crop_002.png,train,1,schizont,1250,513,1350,587,ground_truth
images/Trip 067 Day 2 01-12-05 Image 3_14.png,Trip 067 Day 2 01-12-05 Image 3_14_crop_003.png,train,1,schizont,337,845,426,925,ground_truth
images/Trip 067 Day 2 01-12-05 Image 3_15.png,Trip 067 Day 2 01-12-05 Image 3_15_crop_000.png,train,1,schizont,495,103,595,187,ground_truth
images/Trip 067 Day 2 01-12-05 Image 3_15.png,Trip 067 Day 2 01-12-05 Image 3_15_crop_001.png,train,1,schizont,331,486,415,580,ground_truth
images/Trip 067 Day 2 01-12-05 Image 3_15.png,Trip 067 Day 2 01-12-05 Image 3_15_crop_002.png,train,1,schizont,505,0,597,48,ground_truth
images/Trip 067 Day 2 01-12-05 Image 3_16.png,Trip 067 Day 2 01-12-05 Image 3_16_crop_000.png,train,1,schizont,624,78,704,145,ground_truth
images/Trip 067 Day 2 01-12-05 Image 3_16.png,Trip 067 Day 2 01-12-05 Image 3_16_crop_001.png,train,0,ring,510,290,562,327,ground_truth
images/Trip 067 Day 2 01-12-05 Image 3_16.png,Trip 067 Day 2 01-12-05 Image 3_16_crop_002.png,train,1,schizont,257,280,345,376,ground_truth
images/Trip 067 Day 2 01-12-05 Image 3_16.png,Trip 067 Day 2 01-12-05 Image 3_16_crop_003.png,train,1,schizont,614,919,701,1009,ground_truth
images/Trip 067 Day 2 01-12-05 Image 3_2.png,Trip 067 Day 2 01-12-05 Image 3_2_crop_000.png,test,1,schizont,193,363,299,442,ground_truth
images/Trip 067 Day 2 01-12-05 Image 3_2.png,Trip 067 Day 2 01-12-05 Image 3_2_crop_001.png,test,1,schizont,154,483,232,571,ground_truth
images/Trip 067 Day 2 01-12-05 Image 3_2.png,Trip 067 Day 2 01-12-05 Image 3_2_crop_002.png,test,2,trophozoite,500,602,547,679,ground_truth
images/Trip 067 Day 2 01-12-05 Image 3_2.png,Trip 067 Day 2 01-12-05 Image 3_2_crop_003.png,test,2,trophozoite,111,587,162,628,ground_truth
images/Trip 067 Day 2 01-12-05 Image 3_3.png,Trip 067 Day 2 01-12-05 Image 3_3_crop_000.png,test,1,schizont,214,712,318,798,ground_truth
images/Trip 067 Day 2 01-12-05 Image 3_3.png,Trip 067 Day 2 01-12-05 Image 3_3_crop_001.png,test,1,schizont,1047,844,1134,924,ground_truth
images/Trip 067 Day 2 01-12-05 Image 3_3.png,Trip 067 Day 2 01-12-05 Image 3_3_crop_002.png,test,1,schizont,892,887,956,987,ground_truth
images/Trip 067 Day 2 01-12-05 Image 3_3.png,Trip 067 Day 2 01-12-05 Image 3_3_crop_003.png,test,1,schizont,0,597,52,702,ground_truth
images/Trip 067 Day 2 01-12-05 Image 3_3.png,Trip 067 Day 2 01-12-05 Image 3_3_crop_004.png,test,2,trophozoite,452,404,503,488,ground_truth
images/Trip 067 Day 2 01-12-05 Image 3_3.png,Trip 067 Day 2 01-12-05 Image 3_3_crop_005.png,test,0,ring,1274,234,1301,258,ground_truth
images/Trip 067 Day 2 01-12-05 Image 3_3.png,Trip 067 Day 2 01-12-05 Image 3_3_crop_006.png,test,1,schizont,1086,111,1183,174,ground_truth
images/Trip 067 Day 2 01-12-05 Image 3_3.png,Trip 067 Day 2 01-12-05 Image 3_3_crop_007.png,test,1,schizont,262,232,347,309,ground_truth
images/Trip 067 Day 2 01-12-05 Image 3_3.png,Trip 067 Day 2 01-12-05 Image 3_3_crop_008.png,test,1,schizont,0,260,94,355,ground_truth
images/Trip 067 Day 2 01-12-05 Image 3_3.png,Trip 067 Day 2 01-12-05 Image 3_3_crop_009.png,test,1,schizont,972,741,1054,840,ground_truth
images/Trip 067 Day 2 01-12-05 Image 3_3.png,Trip 067 Day 2 01-12-05 Image 3_3_crop_010.png,test,1,schizont,1050,977,1130,1030,ground_truth
images/Trip 067 Day 2 01-12-05 Image 3_4.png,Trip 067 Day 2 01-12-05 Image 3_4_crop_000.png,train,1,schizont,915,410,1067,566,ground_truth
images/Trip 067 Day 2 01-12-05 Image 3_4.png,Trip 067 Day 2 01-12-05 Image 3_4_crop_001.png,train,1,schizont,258,856,312,901,ground_truth
images/Trip 067 Day 2 01-12-05 Image 3_4.png,Trip 067 Day 2 01-12-05 Image 3_4_crop_002.png,train,1,schizont,915,410,1067,566,ground_truth
images/Trip 067 Day 2 01-12-05 Image 3_4.png,Trip 067 Day 2 01-12-05 Image 3_4_crop_003.png,train,1,schizont,1195,180,1288,268,ground_truth
images/Trip 067 Day 2 01-12-05 Image 3_4.png,Trip 067 Day 2 01-12-05 Image 3_4_crop_004.png,train,1,schizont,354,354,443,446,ground_truth
images/Trip 067 Day 2 01-12-05 Image 3_4.png,Trip 067 Day 2 01-12-05 Image 3_4_crop_005.png,train,2,trophozoite,1188,0,1256,68,ground_truth
images/Trip 067 Day 2 01-12-05 Image 3_4.png,Trip 067 Day 2 01-12-05 Image 3_4_crop_006.png,train,0,ring,940,180,969,217,ground_truth
images/Trip 067 Day 2 01-12-05 Image 3_4.png,Trip 067 Day 2 01-12-05 Image 3_4_crop_007.png,train,1,schizont,1281,595,1381,704,ground_truth
images/Trip 067 Day 2 01-12-05 Image 3_4.png,Trip 067 Day 2 01-12-05 Image 3_4_crop_008.png,train,1,schizont,868,965,938,1030,ground_truth
images/Trip 067 Day 2 01-12-05 Image 3_4.png,Trip 067 Day 2 01-12-05 Image 3_4_crop_009.png,train,0,ring,1280,2,1306,27,ground_truth
images/Trip 067 Day 2 01-12-05 Image 3_5.png,Trip 067 Day 2 01-12-05 Image 3_5_crop_000.png,train,2,trophozoite,1263,575,1328,642,ground_truth
images/Trip 067 Day 2 01-12-05 Image 3_5.png,Trip 067 Day 2 01-12-05 Image 3_5_crop_001.png,train,0,ring,1128,913,1160,947,ground_truth
images/Trip 067 Day 2 01-12-05 Image 3_5.png,Trip 067 Day 2 01-12-05 Image 3_5_crop_002.png,train,0,ring,61,414,96,455,ground_truth
images/Trip 067 Day 2 01-12-05 Image 3_6.png,Trip 067 Day 2 01-12-05 Image 3_6_crop_000.png,train,1,schizont,0,322,80,398,ground_truth
images/Trip 067 Day 2 01-12-05 Image 3_6.png,Trip 067 Day 2 01-12-05 Image 3_6_crop_001.png,train,1,schizont,0,432,69,533,ground_truth
images/Trip 067 Day 2 01-12-05 Image 3_6.png,Trip 067 Day 2 01-12-05 Image 3_6_crop_002.png,train,2,trophozoite,969,13,1051,89,ground_truth
images/Trip 067 Day 2 01-12-05 Image 3_6.png,Trip 067 Day 2 01-12-05 Image 3_6_crop_003.png,train,1,schizont,737,172,807,262,ground_truth
images/Trip 067 Day 2 01-12-05 Image 3_6.png,Trip 067 Day 2 01-12-05 Image 3_6_crop_004.png,train,0,ring,233,656,258,684,ground_truth
images/Trip 067 Day 2 01-12-05 Image 3_6.png,Trip 067 Day 2 01-12-05 Image 3_6_crop_005.png,train,0,ring,604,93,634,123,ground_truth
images/Trip 067 Day 2 01-12-05 Image 3_6.png,Trip 067 Day 2 01-12-05 Image 3_6_crop_006.png,train,1,schizont,512,560,590,657,ground_truth
images/Trip 067 Day 2 01-12-05 Image 3_6.png,Trip 067 Day 2 01-12-05 Image 3_6_crop_007.png,train,0,ring,942,941,972,976,ground_truth
images/Trip 067 Day 2 01-12-05 Image 3_7.png,Trip 067 Day 2 01-12-05 Image 3_7_crop_000.png,train,1,schizont,1163,269,1253,378,ground_truth
images/Trip 067 Day 2 01-12-05 Image 3_7.png,Trip 067 Day 2 01-12-05 Image 3_7_crop_001.png,train,1,schizont,1163,269,1253,378,ground_truth
images/Trip 067 Day 2 01-12-05 Image 3_7.png,Trip 067 Day 2 01-12-05 Image 3_7_crop_002.png,train,1,schizont,823,0,921,77,ground_truth
images/Trip 067 Day 2 01-12-05 Image 3_7.png,Trip 067 Day 2 01-12-05 Image 3_7_crop_003.png,train,1,schizont,1316,191,1382,278,ground_truth
images/Trip 067 Day 2 01-12-05 Image 3_7.png,Trip 067 Day 2 01-12-05 Image 3_7_crop_004.png,train,2,trophozoite,1068,297,1132,375,ground_truth
images/Trip 067 Day 2 01-12-05 Image 3_7.png,Trip 067 Day 2 01-12-05 Image 3_7_crop_005.png,train,0,ring,895,847,922,880,ground_truth
images/Trip 067 Day 2 01-12-05 Image 3_8.png,Trip 067 Day 2 01-12-05 Image 3_8_crop_000.png,train,1,schizont,386,850,472,935,ground_truth
images/Trip 067 Day 2 01-12-05 Image 3_8.png,Trip 067 Day 2 01-12-05 Image 3_8_crop_001.png,train,1,schizont,112,12,185,88,ground_truth
images/Trip 067 Day 2 01-12-05 Image 3_8.png,Trip 067 Day 2 01-12-05 Image 3_8_crop_002.png,train,1,schizont,541,948,645,1024,ground_truth
images/Trip 067 Day 2 01-12-05 Image 3_8.png,Trip 067 Day 2 01-12-05 Image 3_8_crop_003.png,train,1,schizont,875,0,917,22,ground_truth
images/Trip 067 Day 2 01-12-05 Image 3_9.png,Trip 067 Day 2 01-12-05 Image 3_9_crop_000.png,train,1,schizont,525,46,635,136,ground_truth
images/Trip 067 Day 2 01-12-05 Image 3_9.png,Trip 067 Day 2 01-12-05 Image 3_9_crop_001.png,train,1,schizont,73,979,162,1030,ground_truth
images/Trip 067 Day 2 01-12-05 Image 3_9.png,Trip 067 Day 2 01-12-05 Image 3_9_crop_002.png,train,1,schizont,938,112,1030,219,ground_truth
images/Trip 067 Day 2 01-12-05 Image 3_9.png,Trip 067 Day 2 01-12-05 Image 3_9_crop_003.png,train,1,schizont,502,247,643,393,ground_truth
images/Trip 067 Day 2 01-12-05 Image 3_9.png,Trip 067 Day 2 01-12-05 Image 3_9_crop_004.png,train,1,schizont,483,704,573,801,ground_truth
images/Trip 067 Day 2 01-12-05 Image 3_9.png,Trip 067 Day 2 01-12-05 Image 3_9_crop_005.png,train,1,schizont,502,247,643,393,ground_truth
images/Trip 067 Day 2 01-12-05 Image 3_9.png,Trip 067 Day 2 01-12-05 Image 3_9_crop_006.png,train,1,schizont,1081,571,1168,658,ground_truth
images/Trip 067 Day 2 01-12-05 Image 3_9.png,Trip 067 Day 2 01-12-05 Image 3_9_crop_007.png,train,1,schizont,1305,78,1381,198,ground_truth
images/Trip 067 Day 2 01-12-05 Image 3_9.png,Trip 067 Day 2 01-12-05 Image 3_9_crop_008.png,train,1,schizont,1004,4,1095,115,ground_truth
images/Trip 067 Day 2 01-12-05 Image 3_9.png,Trip 067 Day 2 01-12-05 Image 3_9_crop_009.png,train,1,schizont,403,252,489,351,ground_truth
images/Trip 073 Day 2 01-12-05 Image 1_1.png,Trip 073 Day 2 01-12-05 Image 1_1_crop_000.png,train,1,schizont,331,561,403,651,ground_truth
images/Trip 073 Day 2 01-12-05 Image 1_1.png,Trip 073 Day 2 01-12-05 Image 1_1_crop_001.png,train,1,schizont,151,813,215,926,ground_truth
images/Trip 073 Day 2 01-12-05 Image 1_1.png,Trip 073 Day 2 01-12-05 Image 1_1_crop_002.png,train,0,ring,715,212,764,250,ground_truth
images/Trip 073 Day 2 01-12-05 Image 1_1.png,Trip 073 Day 2 01-12-05 Image 1_1_crop_003.png,train,0,ring,221,358,267,398,ground_truth
images/Trip 073 Day 2 01-12-05 Image 1_1.png,Trip 073 Day 2 01-12-05 Image 1_1_crop_004.png,train,2,trophozoite,497,685,555,731,ground_truth
images/Trip 073 Day 2 01-12-05 Image 1_1.png,Trip 073 Day 2 01-12-05 Image 1_1_crop_005.png,train,2,trophozoite,266,861,341,908,ground_truth
images/Trip 073 Day 2 01-12-05 Image 1_1.png,Trip 073 Day 2 01-12-05 Image 1_1_crop_006.png,train,1,schizont,1124,678,1207,763,ground_truth
images/Trip 073 Day 2 01-12-05 Image 1_1.png,Trip 073 Day 2 01-12-05 Image 1_1_crop_007.png,train,0,ring,1049,948,1083,985,ground_truth
images/Trip 073 Day 2 01-12-05 Image 1_1.png,Trip 073 Day 2 01-12-05 Image 1_1_crop_008.png,train,0,ring,443,151,471,180,ground_truth
images/Trip 073 Day 2 01-12-05 Image 1_1.png,Trip 073 Day 2 01-12-05 Image 1_1_crop_009.png,train,2,trophozoite,1341,49,1376,82,ground_truth
images/Trip 073 Day 2 01-12-05 Image 1_1.png,Trip 073 Day 2 01-12-05 Image 1_1_crop_010.png,train,2,trophozoite,1263,935,1302,968,ground_truth
images/Trip 073 Day 2 01-12-05 Image 1_1.png,Trip 073 Day 2 01-12-05 Image 1_1_crop_011.png,train,0,ring,1305,723,1333,752,ground_truth
images/Trip 073 Day 2 01-12-05 Image 1_10.png,Trip 073 Day 2 01-12-05 Image 1_10_crop_000.png,train,1,schizont,1325,0,1382,68,ground_truth
images/Trip 073 Day 2 01-12-05 Image 1_10.png,Trip 073 Day 2 01-12-05 Image 1_10_crop_001.png,train,0,ring,722,723,753,759,ground_truth
images/Trip 073 Day 2 01-12-05 Image 1_10.png,Trip 073 Day 2 01-12-05 Image 1_10_crop_002.png,train,2,trophozoite,1119,937,1172,996,ground_truth
images/Trip 073 Day 2 01-12-05 Image 1_10.png,Trip 073 Day 2 01-12-05 Image 1_10_crop_003.png,train,2,trophozoite,100,291,155,342,ground_truth
images/Trip 073 Day 2 01-12-05 Image 1_10.png,Trip 073 Day 2 01-12-05 Image 1_10_crop_004.png,train,2,trophozoite,419,894,468,945,ground_truth
images/Trip 073 Day 2 01-12-05 Image 1_10.png,Trip 073 Day 2 01-12-05 Image 1_10_crop_005.png,train,2,trophozoite,1028,41,1088,107,ground_truth
images/Trip 073 Day 2 01-12-05 Image 1_10.png,Trip 073 Day 2 01-12-05 Image 1_10_crop_006.png,train,0,ring,29,586,60,640,ground_truth
images/Trip 073 Day 2 01-12-05 Image 1_10.png,Trip 073 Day 2 01-12-05 Image 1_10_crop_007.png,train,0,ring,882,421,929,470,ground_truth
images/Trip 073 Day 2 01-12-05 Image 1_10.png,Trip 073 Day 2 01-12-05 Image 1_10_crop_008.png,train,0,ring,617,288,645,315,ground_truth
images/Trip 073 Day 2 01-12-05 Image 1_10.png,Trip 073 Day 2 01-12-05 Image 1_10_crop_009.png,train,0,ring,21,515,51,547,ground_truth
images/Trip 073 Day 2 01-12-05 Image 1_10.png,Trip 073 Day 2 01-12-05 Image 1_10_crop_010.png,train,0,ring,1105,428,1131,453,ground_truth
images/Trip 073 Day 2 01-12-05 Image 1_10.png,Trip 073 Day 2 01-12-05 Image 1_10_crop_011.png,train,0,ring,1235,60,1262,90,ground_truth
images/Trip 073 Day 2 01-12-05 Image 1_10.png,Trip 073 Day 2 01-12-05 Image 1_10_crop_012.png,train,0,ring,1325,0,1382,68,ground_truth
images/Trip 073 Day 2 01-12-05 Image 1_10.png,Trip 073 Day 2 01-12-05 Image 1_10_crop_013.png,train,1,schizont,481,927,557,1001,ground_truth
images/Trip 073 Day 2 01-12-05 Image 1_11.png,Trip 073 Day 2 01-12-05 Image 1_11_crop_000.png,test,1,schizont,594,875,658,953,ground_truth
images/Trip 073 Day 2 01-12-05 Image 1_11.png,Trip 073 Day 2 01-12-05 Image 1_11_crop_001.png,test,1,schizont,1015,864,1123,929,ground_truth
images/Trip 073 Day 2 01-12-05 Image 1_11.png,Trip 073 Day 2 01-12-05 Image 1_11_crop_002.png,test,1,schizont,8,500,122,564,ground_truth
images/Trip 073 Day 2 01-12-05 Image 1_11.png,Trip 073 Day 2 01-12-05 Image 1_11_crop_003.png,test,0,ring,1297,374,1335,413,ground_truth
images/Trip 073 Day 2 01-12-05 Image 1_11.png,Trip 073 Day 2 01-12-05 Image 1_11_crop_004.png,test,2,trophozoite,593,169,644,210,ground_truth
images/Trip 073 Day 2 01-12-05 Image 1_11.png,Trip 073 Day 2 01-12-05 Image 1_11_crop_005.png,test,0,ring,613,678,669,735,ground_truth
images/Trip 073 Day 2 01-12-05 Image 1_11.png,Trip 073 Day 2 01-12-05 Image 1_11_crop_006.png,test,0,ring,470,366,514,399,ground_truth
images/Trip 073 Day 2 01-12-05 Image 1_11.png,Trip 073 Day 2 01-12-05 Image 1_11_crop_007.png,test,1,schizont,38,0,104,27,ground_truth
images/Trip 073 Day 2 01-12-05 Image 1_11.png,Trip 073 Day 2 01-12-05 Image 1_11_crop_008.png,test,0,ring,498,0,535,38,ground_truth
images/Trip 073 Day 2 01-12-05 Image 1_11.png,Trip 073 Day 2 01-12-05 Image 1_11_crop_009.png,test,0,ring,730,675,754,697,ground_truth
images/Trip 073 Day 2 01-12-05 Image 1_11.png,Trip 073 Day 2 01-12-05 Image 1_11_crop_010.png,test,0,ring,594,875,658,953,ground_truth
images/Trip 073 Day 2 01-12-05 Image 1_12.png,Trip 073 Day 2 01-12-05 Image 1_12_crop_000.png,val,1,schizont,761,626,837,690,ground_truth
images/Trip 073 Day 2 01-12-05 Image 1_12.png,Trip 073 Day 2 01-12-05 Image 1_12_crop_001.png,val,1,schizont,149,310,228,394,ground_truth
images/Trip 073 Day 2 01-12-05 Image 1_12.png,Trip 073 Day 2 01-12-05 Image 1_12_crop_002.png,val,0,ring,152,555,176,577,ground_truth
images/Trip 073 Day 2 01-12-05 Image 1_13.png,Trip 073 Day 2 01-12-05 Image 1_13_crop_000.png,val,0,ring,1064,371,1099,413,ground_truth
images/Trip 073 Day 2 01-12-05 Image 1_13.png,Trip 073 Day 2 01-12-05 Image 1_13_crop_001.png,val,0,ring,731,126,786,171,ground_truth
images/Trip 073 Day 2 01-12-05 Image 1_13.png,Trip 073 Day 2 01-12-05 Image 1_13_crop_002.png,val,2,trophozoite,32,63,91,121,ground_truth
images/Trip 073 Day 2 01-12-05 Image 1_13.png,Trip 073 Day 2 01-12-05 Image 1_13_crop_003.png,val,2,trophozoite,1253,888,1312,949,ground_truth
images/Trip 073 Day 2 01-12-05 Image 1_13.png,Trip 073 Day 2 01-12-05 Image 1_13_crop_004.png,val,2,trophozoite,789,81,843,140,ground_truth
images/Trip 073 Day 2 01-12-05 Image 1_13.png,Trip 073 Day 2 01-12-05 Image 1_13_crop_005.png,val,0,ring,880,445,912,476,ground_truth
images/Trip 073 Day 2 01-12-05 Image 1_13.png,Trip 073 Day 2 01-12-05 Image 1_13_crop_006.png,val,0,ring,1227,472,1266,502,ground_truth
images/Trip 073 Day 2 01-12-05 Image 1_13.png,Trip 073 Day 2 01-12-05 Image 1_13_crop_007.png,val,0,ring,1185,889,1217,916,ground_truth
images/Trip 073 Day 2 01-12-05 Image 1_13.png,Trip 073 Day 2 01-12-05 Image 1_13_crop_008.png,val,1,schizont,370,981,435,1030,ground_truth
images/Trip 073 Day 2 01-12-05 Image 1_13.png,Trip 073 Day 2 01-12-05 Image 1_13_crop_009.png,val,0,ring,0,875,21,905,ground_truth
images/Trip 073 Day 2 01-12-05 Image 1_14.png,Trip 073 Day 2 01-12-05 Image 1_14_crop_000.png,train,0,ring,998,725,1035,759,ground_truth
images/Trip 073 Day 2 01-12-05 Image 1_14.png,Trip 073 Day 2 01-12-05 Image 1_14_crop_001.png,train,2,trophozoite,957,824,1020,881,ground_truth
images/Trip 073 Day 2 01-12-05 Image 1_14.png,Trip 073 Day 2 01-12-05 Image 1_14_crop_002.png,train,2,trophozoite,232,0,290,66,ground_truth
images/Trip 073 Day 2 01-12-05 Image 1_14.png,Trip 073 Day 2 01-12-05 Image 1_14_crop_003.png,train,2,trophozoite,1008,416,1057,472,ground_truth
images/Trip 073 Day 2 01-12-05 Image 1_14.png,Trip 073 Day 2 01-12-05 Image 1_14_crop_004.png,train,0,ring,476,359,503,395,ground_truth
images/Trip 073 Day 2 01-12-05 Image 1_14.png,Trip 073 Day 2 01-12-05 Image 1_14_crop_005.png,train,1,schizont,1336,106,1382,179,ground_truth
images/Trip 073 Day 2 01-12-05 Image 1_14.png,Trip 073 Day 2 01-12-05 Image 1_14_crop_006.png,train,0,ring,759,852,785,878,ground_truth
images/Trip 073 Day 2 01-12-05 Image 1_15.png,Trip 073 Day 2 01-12-05 Image 1_15_crop_000.png,test,1,schizont,1244,642,1302,719,ground_truth
images/Trip 073 Day 2 01-12-05 Image 1_15.png,Trip 073 Day 2 01-12-05 Image 1_15_crop_001.png,test,2,trophozoite,26,658,68,701,ground_truth
images/Trip 073 Day 2 01-12-05 Image 1_15.png,Trip 073 Day 2 01-12-05 Image 1_15_crop_002.png,test,0,ring,170,250,191,271,ground_truth
images/Trip 073 Day 2 01-12-05 Image 1_15.png,Trip 073 Day 2 01-12-05 Image 1_15_crop_003.png,test,0,ring,469,786,491,808,ground_truth
images/Trip 073 Day 2 01-12-05 Image 1_15.png,Trip 073 Day 2 01-12-05 Image 1_15_crop_004.png,test,0,ring,287,72,320,96,ground_truth
images/Trip 073 Day 2 01-12-05 Image 1_15.png,Trip 073 Day 2 01-12-05 Image 1_15_crop_005.png,test,1,schizont,0,100,17,160,ground_truth
images/Trip 073 Day 2 01-12-05 Image 1_15.png,Trip 073 Day 2 01-12-05 Image 1_15_crop_006.png,test,2,trophozoite,373,744,417,789,ground_truth
images/Trip 073 Day 2 01-12-05 Image 1_15.png,Trip 073 Day 2 01-12-05 Image 1_15_crop_007.png,test,0,ring,1295,568,1320,593,ground_truth
images/Trip 073 Day 2 01-12-05 Image 1_16.png,Trip 073 Day 2 01-12-05 Image 1_16_crop_000.png,train,2,trophozoite,878,699,933,753,ground_truth
images/Trip 073 Day 2 01-12-05 Image 1_16.png,Trip 073 Day 2 01-12-05 Image 1_16_crop_001.png,train,0,ring,633,69,668,93,ground_truth
images/Trip 073 Day 2 01-12-05 Image 1_16.png,Trip 073 Day 2 01-12-05 Image 1_16_crop_002.png,train,0,ring,245,822,265,841,ground_truth
images/Trip 073 Day 2 01-12-05 Image 1_16.png,Trip 073 Day 2 01-12-05 Image 1_16_crop_003.png,train,0,ring,725,570,773,599,ground_truth
images/Trip 073 Day 2 01-12-05 Image 1_16.png,Trip 073 Day 2 01-12-05 Image 1_16_crop_004.png,train,0,ring,176,373,201,399,ground_truth
images/Trip 073 Day 2 01-12-05 Image 1_16.png,Trip 073 Day 2 01-12-05 Image 1_16_crop_005.png,train,0,ring,189,615,211,636,ground_truth
images/Trip 073 Day 2 01-12-05 Image 1_16.png,Trip 073 Day 2 01-12-05 Image 1_16_crop_006.png,train,0,ring,542,807,578,835,ground_truth
images/Trip 073 Day 2 01-12-05 Image 1_16.png,Trip 073 Day 2 01-12-05 Image 1_16_crop_007.png,train,0,ring,677,802,702,825,ground_truth
images/Trip 073 Day 2 01-12-05 Image 1_2.png,Trip 073 Day 2 01-12-05 Image 1_2_crop_000.png,train,1,schizont,898,294,977,371,ground_truth
images/Trip 073 Day 2 01-12-05 Image 1_2.png,Trip 073 Day 2 01-12-05 Image 1_2_crop_001.png,train,1,schizont,57,698,135,759,ground_truth
images/Trip 073 Day 2 01-12-05 Image 1_2.png,Trip 073 Day 2 01-12-05 Image 1_2_crop_002.png,train,2,trophozoite,199,945,250,1006,ground_truth
images/Trip 073 Day 2 01-12-05 Image 1_2.png,Trip 073 Day 2 01-12-05 Image 1_2_crop_003.png,train,2,trophozoite,1033,131,1090,202,ground_truth
images/Trip 073 Day 2 01-12-05 Image 1_2.png,Trip 073 Day 2 01-12-05 Image 1_2_crop_004.png,train,0,ring,218,636,255,684,ground_truth
images/Trip 073 Day 2 01-12-05 Image 1_2.png,Trip 073 Day 2 01-12-05 Image 1_2_crop_005.png,train,0,ring,694,109,719,135,ground_truth
images/Trip 073 Day 2 01-12-05 Image 1_2.png,Trip 073 Day 2 01-12-05 Image 1_2_crop_006.png,train,2,trophozoite,1214,830,1262,870,ground_truth
images/Trip 073 Day 2 01-12-05 Image 1_2.png,Trip 073 Day 2 01-12-05 Image 1_2_crop_007.png,train,1,schizont,1092,1000,1145,1030,ground_truth
images/Trip 073 Day 2 01-12-05 Image 1_3.png,Trip 073 Day 2 01-12-05 Image 1_3_crop_000.png,test,1,schizont,0,550,91,655,ground_truth
images/Trip 073 Day 2 01-12-05 Image 1_3.png,Trip 073 Day 2 01-12-05 Image 1_3_crop_001.png,test,1,schizont,1174,592,1242,694,ground_truth
images/Trip 073 Day 2 01-12-05 Image 1_3.png,Trip 073 Day 2 01-12-05 Image 1_3_crop_002.png,test,1,schizont,968,73,1058,146,ground_truth
images/Trip 073 Day 2 01-12-05 Image 1_3.png,Trip 073 Day 2 01-12-05 Image 1_3_crop_003.png,test,1,schizont,1009,319,1112,403,ground_truth
images/Trip 073 Day 2 01-12-05 Image 1_3.png,Trip 073 Day 2 01-12-05 Image 1_3_crop_004.png,test,2,trophozoite,614,491,677,538,ground_truth
images/Trip 073 Day 2 01-12-05 Image 1_3.png,Trip 073 Day 2 01-12-05 Image 1_3_crop_005.png,test,2,trophozoite,333,542,398,597,ground_truth
images/Trip 073 Day 2 01-12-05 Image 1_3.png,Trip 073 Day 2 01-12-05 Image 1_3_crop_006.png,test,2,trophozoite,232,532,295,584,ground_truth
images/Trip 073 Day 2 01-12-05 Image 1_3.png,Trip 073 Day 2 01-12-05 Image 1_3_crop_007.png,test,0,ring,732,338,785,373,ground_truth
images/Trip 073 Day 2 01-12-05 Image 1_3.png,Trip 073 Day 2 01-12-05 Image 1_3_crop_008.png,test,0,ring,134,374,162,401,ground_truth
images/Trip 073 Day 2 01-12-05 Image 1_3.png,Trip 073 Day 2 01-12-05 Image 1_3_crop_009.png,test,0,ring,583,314,615,349,ground_truth
images/Trip 073 Day 2 01-12-05 Image 1_3.png,Trip 073 Day 2 01-12-05 Image 1_3_crop_010.png,test,0,ring,1199,780,1236,821,ground_truth
images/Trip 073 Day 2 01-12-05 Image 1_3.png,Trip 073 Day 2 01-12-05 Image 1_3_crop_011.png,test,2,trophozoite,450,809,491,854,ground_truth
images/Trip 073 Day 2 01-12-05 Image 1_4.png,Trip 073 Day 2 01-12-05 Image 1_4_crop_000.png,train,1,schizont,350,590,438,645,ground_truth
images/Trip 073 Day 2 01-12-05 Image 1_4.png,Trip 073 Day 2 01-12-05 Image 1_4_crop_001.png,train,1,schizont,274,12,356,106,ground_truth
images/Trip 073 Day 2 01-12-05 Image 1_4.png,Trip 073 Day 2 01-12-05 Image 1_4_crop_002.png,train,1,schizont,661,785,741,857,ground_truth
images/Trip 073 Day 2 01-12-05 Image 1_4.png,Trip 073 Day 2 01-12-05 Image 1_4_crop_003.png,train,1,schizont,76,611,154,725,ground_truth
images/Trip 073 Day 2 01-12-05 Image 1_4.png,Trip 073 Day 2 01-12-05 Image 1_4_crop_004.png,train,1,schizont,1079,316,1154,416,ground_truth
images/Trip 073 Day 2 01-12-05 Image 1_4.png,Trip 073 Day 2 01-12-05 Image 1_4_crop_005.png,train,2,trophozoite,0,304,55,352,ground_truth
images/Trip 073 Day 2 01-12-05 Image 1_4.png,Trip 073 Day 2 01-12-05 Image 1_4_crop_006.png,train,2,trophozoite,108,45,175,100,ground_truth
images/Trip 073 Day 2 01-12-05 Image 1_4.png,Trip 073 Day 2 01-12-05 Image 1_4_crop_007.png,train,2,trophozoite,283,512,320,563,ground_truth
images/Trip 073 Day 2 01-12-05 Image 1_4.png,Trip 073 Day 2 01-12-05 Image 1_4_crop_008.png,train,0,ring,519,309,543,338,ground_truth
images/Trip 073 Day 2 01-12-05 Image 1_4.png,Trip 073 Day 2 01-12-05 Image 1_4_crop_009.png,train,0,ring,909,481,936,509,ground_truth
images/Trip 073 Day 2 01-12-05 Image 1_4.png,Trip 073 Day 2 01-12-05 Image 1_4_crop_010.png,train,0,ring,1193,543,1219,571,ground_truth
images/Trip 073 Day 2 01-12-05 Image 1_4.png,Trip 073 Day 2 01-12-05 Image 1_4_crop_011.png,train,0,ring,746,149,776,175,ground_truth
images/Trip 073 Day 2 01-12-05 Image 1_4.png,Trip 073 Day 2 01-12-05 Image 1_4_crop_012.png,train,1,schizont,1168,1011,1213,1030,ground_truth
images/Trip 073 Day 2 01-12-05 Image 1_4.png,Trip 073 Day 2 01-12-05 Image 1_4_crop_013.png,train,0,ring,912,717,939,747,ground_truth
images/Trip 073 Day 2 01-12-05 Image 1_5.png,Trip 073 Day 2 01-12-05 Image 1_5_crop_000.png,train,1,schizont,1307,913,1382,983,ground_truth
images/Trip 073 Day 2 01-12-05 Image 1_5.png,Trip 073 Day 2 01-12-05 Image 1_5_crop_001.png,train,1,schizont,1307,913,1382,983,ground_truth
images/Trip 073 Day 2 01-12-05 Image 1_5.png,Trip 073 Day 2 01-12-05 Image 1_5_crop_002.png,train,2,trophozoite,392,815,441,871,ground_truth
images/Trip 073 Day 2 01-12-05 Image 1_5.png,Trip 073 Day 2 01-12-05 Image 1_5_crop_003.png,train,2,trophozoite,1265,123,1326,197,ground_truth
images/Trip 073 Day 2 01-12-05 Image 1_5.png,Trip 073 Day 2 01-12-05 Image 1_5_crop_004.png,train,2,trophozoite,354,704,392,753,ground_truth
images/Trip 073 Day 2 01-12-05 Image 1_5.png,Trip 073 Day 2 01-12-05 Image 1_5_crop_005.png,train,0,ring,457,128,510,155,ground_truth
images/Trip 073 Day 2 01-12-05 Image 1_5.png,Trip 073 Day 2 01-12-05 Image 1_5_crop_006.png,train,0,ring,470,888,509,931,ground_truth
images/Trip 073 Day 2 01-12-05 Image 1_5.png,Trip 073 Day 2 01-12-05 Image 1_5_crop_007.png,train,1,schizont,165,972,253,1030,ground_truth
images/Trip 073 Day 2 01-12-05 Image 1_5.png,Trip 073 Day 2 01-12-05 Image 1_5_crop_008.png,train,0,ring,1097,378,1133,413,ground_truth
images/Trip 073 Day 2 01-12-05 Image 1_5.png,Trip 073 Day 2 01-12-05 Image 1_5_crop_009.png,train,0,ring,670,953,702,980,ground_truth
images/Trip 073 Day 2 01-12-05 Image 1_5.png,Trip 073 Day 2 01-12-05 Image 1_5_crop_010.png,train,0,ring,516,1013,537,1030,ground_truth
images/Trip 073 Day 2 01-12-05 Image 1_6.png,Trip 073 Day 2 01-12-05 Image 1_6_crop_000.png,test,1,schizont,1144,477,1261,545,ground_truth
images/Trip 073 Day 2 01-12-05 Image 1_6.png,Trip 073 Day 2 01-12-05 Image 1_6_crop_001.png,test,1,schizont,899,132,998,231,ground_truth
images/Trip 073 Day 2 01-12-05 Image 1_6.png,Trip 073 Day 2 01-12-05 Image 1_6_crop_002.png,test,1,schizont,311,514,396,613,ground_truth
images/Trip 073 Day 2 01-12-05 Image 1_6.png,Trip 073 Day 2 01-12-05 Image 1_6_crop_003.png,test,2,trophozoite,868,894,960,945,ground_truth
images/Trip 073 Day 2 01-12-05 Image 1_6.png,Trip 073 Day 2 01-12-05 Image 1_6_crop_004.png,test,2,trophozoite,1062,173,1120,233,ground_truth
images/Trip 073 Day 2 01-12-05 Image 1_6.png,Trip 073 Day 2 01-12-05 Image 1_6_crop_005.png,test,0,ring,794,824,833,866,ground_truth
images/Trip 073 Day 2 01-12-05 Image 1_6.png,Trip 073 Day 2 01-12-05 Image 1_6_crop_006.png,test,0,ring,103,612,147,646,ground_truth
images/Trip 073 Day 2 01-12-05 Image 1_6.png,Trip 073 Day 2 01-12-05 Image 1_6_crop_007.png,test,0,ring,1021,650,1043,674,ground_truth
images/Trip 073 Day 2 01-12-05 Image 1_6.png,Trip 073 Day 2 01-12-05 Image 1_6_crop_008.png,test,2,trophozoite,1146,209,1202,264,ground_truth
images/Trip 073 Day 2 01-12-05 Image 1_6.png,Trip 073 Day 2 01-12-05 Image 1_6_crop_009.png,test,1,schizont,1098,0,1144,15,ground_truth
images/Trip 073 Day 2 01-12-05 Image 1_7.png,Trip 073 Day 2 01-12-05 Image 1_7_crop_000.png,val,1,schizont,657,842,721,910,ground_truth
images/Trip 073 Day 2 01-12-05 Image 1_7.png,Trip 073 Day 2 01-12-05 Image 1_7_crop_001.png,val,0,ring,939,63,970,103,ground_truth
images/Trip 073 Day 2 01-12-05 Image 1_7.png,Trip 073 Day 2 01-12-05 Image 1_7_crop_002.png,val,2,trophozoite,600,105,652,157,ground_truth
images/Trip 073 Day 2 01-12-05 Image 1_7.png,Trip 073 Day 2 01-12-05 Image 1_7_crop_003.png,val,0,ring,455,45,473,64,ground_truth
images/Trip 073 Day 2 01-12-05 Image 1_7.png,Trip 073 Day 2 01-12-05 Image 1_7_crop_004.png,val,0,ring,97,259,123,284,ground_truth
images/Trip 073 Day 2 01-12-05 Image 1_7.png,Trip 073 Day 2 01-12-05 Image 1_7_crop_005.png,val,1,schizont,24,997,113,1030,ground_truth
images/Trip 073 Day 2 01-12-05 Image 1_7.png,Trip 073 Day 2 01-12-05 Image 1_7_crop_006.png,val,0,ring,1133,197,1168,237,ground_truth
images/Trip 073 Day 2 01-12-05 Image 1_8.png,Trip 073 Day 2 01-12-05 Image 1_8_crop_000.png,test,1,schizont,906,156,1028,253,ground_truth
images/Trip 073 Day 2 01-12-05 Image 1_8.png,Trip 073 Day 2 01-12-05 Image 1_8_crop_001.png,test,1,schizont,230,352,289,432,ground_truth
images/Trip 073 Day 2 01-12-05 Image 1_8.png,Trip 073 Day 2 01-12-05 Image 1_8_crop_002.png,test,1,schizont,686,127,761,218,ground_truth
images/Trip 073 Day 2 01-12-05 Image 1_8.png,Trip 073 Day 2 01-12-05 Image 1_8_crop_003.png,test,0,ring,598,684,635,727,ground_truth
images/Trip 073 Day 2 01-12-05 Image 1_8.png,Trip 073 Day 2 01-12-05 Image 1_8_crop_004.png,test,0,ring,697,987,726,1024,ground_truth
images/Trip 073 Day 2 01-12-05 Image 1_8.png,Trip 073 Day 2 01-12-05 Image 1_8_crop_005.png,test,2,trophozoite,0,0,46,61,ground_truth
images/Trip 073 Day 2 01-12-05 Image 1_8.png,Trip 073 Day 2 01-12-05 Image 1_8_crop_006.png,test,2,trophozoite,940,446,998,503,ground_truth
images/Trip 073 Day 2 01-12-05 Image 1_8.png,Trip 073 Day 2 01-12-05 Image 1_8_crop_007.png,test,2,trophozoite,230,620,283,674,ground_truth
images/Trip 073 Day 2 01-12-05 Image 1_8.png,Trip 073 Day 2 01-12-05 Image 1_8_crop_008.png,test,2,trophozoite,1075,404,1125,458,ground_truth
images/Trip 073 Day 2 01-12-05 Image 1_8.png,Trip 073 Day 2 01-12-05 Image 1_8_crop_009.png,test,2,trophozoite,1169,0,1227,29,ground_truth
images/Trip 073 Day 2 01-12-05 Image 1_8.png,Trip 073 Day 2 01-12-05 Image 1_8_crop_010.png,test,2,trophozoite,284,97,343,154,ground_truth
images/Trip 073 Day 2 01-12-05 Image 1_8.png,Trip 073 Day 2 01-12-05 Image 1_8_crop_011.png,test,0,ring,195,385,221,420,ground_truth
images/Trip 073 Day 2 01-12-05 Image 1_8.png,Trip 073 Day 2 01-12-05 Image 1_8_crop_012.png,test,0,ring,1252,24,1277,51,ground_truth
images/Trip 073 Day 2 01-12-05 Image 1_8.png,Trip 073 Day 2 01-12-05 Image 1_8_crop_013.png,test,0,ring,377,476,399,498,ground_truth
images/Trip 073 Day 2 01-12-05 Image 1_8.png,Trip 073 Day 2 01-12-05 Image 1_8_crop_014.png,test,0,ring,147,973,170,994,ground_truth
images/Trip 073 Day 2 01-12-05 Image 1_8.png,Trip 073 Day 2 01-12-05 Image 1_8_crop_015.png,test,0,ring,1029,862,1056,890,ground_truth
images/Trip 073 Day 2 01-12-05 Image 1_8.png,Trip 073 Day 2 01-12-05 Image 1_8_crop_016.png,test,0,ring,377,476,399,498,ground_truth
images/Trip 073 Day 2 01-12-05 Image 1_8.png,Trip 073 Day 2 01-12-05 Image 1_8_crop_017.png,test,0,ring,1029,862,1056,890,ground_truth
images/Trip 073 Day 2 01-12-05 Image 1_9.png,Trip 073 Day 2 01-12-05 Image 1_9_crop_000.png,test,1,schizont,1129,691,1183,782,ground_truth
images/Trip 073 Day 2 01-12-05 Image 1_9.png,Trip 073 Day 2 01-12-05 Image 1_9_crop_001.png,test,1,schizont,1017,896,1087,962,ground_truth
images/Trip 073 Day 2 01-12-05 Image 1_9.png,Trip 073 Day 2 01-12-05 Image 1_9_crop_002.png,test,1,schizont,1287,876,1381,975,ground_truth
images/Trip 073 Day 2 01-12-05 Image 1_9.png,Trip 073 Day 2 01-12-05 Image 1_9_crop_003.png,test,0,ring,1017,616,1067,665,ground_truth
images/Trip 073 Day 2 01-12-05 Image 1_9.png,Trip 073 Day 2 01-12-05 Image 1_9_crop_004.png,test,2,trophozoite,1138,103,1204,182,ground_truth
images/Trip 073 Day 2 01-12-05 Image 1_9.png,Trip 073 Day 2 01-12-05 Image 1_9_crop_005.png,test,2,trophozoite,275,789,315,830,ground_truth
images/Trip 073 Day 2 01-12-05 Image 1_9.png,Trip 073 Day 2 01-12-05 Image 1_9_crop_006.png,test,2,trophozoite,432,325,473,368,ground_truth
images/Trip 073 Day 2 01-12-05 Image 1_9.png,Trip 073 Day 2 01-12-05 Image 1_9_crop_007.png,test,2,trophozoite,92,215,138,248,ground_truth
images/Trip 073 Day 2 01-12-05 Image 1_9.png,Trip 073 Day 2 01-12-05 Image 1_9_crop_008.png,test,0,ring,662,469,688,493,ground_truth
images/Trip 073 Day 2 01-12-05 Image 1_9.png,Trip 073 Day 2 01-12-05 Image 1_9_crop_009.png,test,2,trophozoite,895,712,940,745,ground_truth
images/Trip 073 Day 2 01-12-05 Image 1_9.png,Trip 073 Day 2 01-12-05 Image 1_9_crop_010.png,test,0,ring,785,790,807,809,ground_truth
images/Trip 073 Day 2 01-12-05 Image 1_9.png,Trip 073 Day 2 01-12-05 Image 1_9_crop_011.png,test,0,ring,33,904,56,926,ground_truth
images/Trip 073 Day 2 01-12-05 Image 1_9.png,Trip 073 Day 2 01-12-05 Image 1_9_crop_012.png,test,0,ring,662,469,688,493,ground_truth
images/Trip 083 Day 2 07-12-05 Image 2_1.png,Trip 083 Day 2 07-12-05 Image 2_1_crop_000.png,train,1,schizont,834,47,927,144,ground_truth
images/Trip 083 Day 2 07-12-05 Image 2_1.png,Trip 083 Day 2 07-12-05 Image 2_1_crop_001.png,train,2,trophozoite,228,895,284,951,ground_truth
images/Trip 083 Day 2 07-12-05 Image 2_1.png,Trip 083 Day 2 07-12-05 Image 2_1_crop_002.png,train,1,schizont,455,456,530,561,ground_truth
images/Trip 083 Day 2 07-12-05 Image 2_1.png,Trip 083 Day 2 07-12-05 Image 2_1_crop_003.png,train,1,schizont,323,687,423,763,ground_truth
images/Trip 083 Day 2 07-12-05 Image 2_10.png,Trip 083 Day 2 07-12-05 Image 2_10_crop_000.png,train,2,trophozoite,511,688,629,851,ground_truth
images/Trip 083 Day 2 07-12-05 Image 2_10.png,Trip 083 Day 2 07-12-05 Image 2_10_crop_001.png,train,2,trophozoite,511,688,629,851,ground_truth
images/Trip 083 Day 2 07-12-05 Image 2_10.png,Trip 083 Day 2 07-12-05 Image 2_10_crop_002.png,train,2,trophozoite,977,262,1040,337,ground_truth
images/Trip 083 Day 2 07-12-05 Image 2_10.png,Trip 083 Day 2 07-12-05 Image 2_10_crop_003.png,train,2,trophozoite,480,365,548,424,ground_truth
images/Trip 083 Day 2 07-12-05 Image 2_10.png,Trip 083 Day 2 07-12-05 Image 2_10_crop_004.png,train,2,trophozoite,480,365,548,424,ground_truth
images/Trip 083 Day 2 07-12-05 Image 2_10.png,Trip 083 Day 2 07-12-05 Image 2_10_crop_005.png,train,1,schizont,106,387,200,481,ground_truth
images/Trip 083 Day 2 07-12-05 Image 2_10.png,Trip 083 Day 2 07-12-05 Image 2_10_crop_006.png,train,1,schizont,106,387,200,481,ground_truth
images/Trip 083 Day 2 07-12-05 Image 2_11.png,Trip 083 Day 2 07-12-05 Image 2_11_crop_000.png,test,1,schizont,205,8,322,117,ground_truth
images/Trip 083 Day 2 07-12-05 Image 2_11.png,Trip 083 Day 2 07-12-05 Image 2_11_crop_001.png,test,2,trophozoite,107,508,182,612,ground_truth
images/Trip 083 Day 2 07-12-05 Image 2_11.png,Trip 083 Day 2 07-12-05 Image 2_11_crop_002.png,test,1,schizont,445,699,533,797,ground_truth
images/Trip 083 Day 2 07-12-05 Image 2_11.png,Trip 083 Day 2 07-12-05 Image 2_11_crop_003.png,test,1,schizont,443,347,536,430,ground_truth
images/Trip 083 Day 2 07-12-05 Image 2_11.png,Trip 083 Day 2 07-12-05 Image 2_11_crop_004.png,test,2,trophozoite,1215,627,1275,681,ground_truth
images/Trip 083 Day 2 07-12-05 Image 2_11.png,Trip 083 Day 2 07-12-05 Image 2_11_crop_005.png,test,2,trophozoite,207,421,262,493,ground_truth
images/Trip 083 Day 2 07-12-05 Image 2_11.png,Trip 083 Day 2 07-12-05 Image 2_11_crop_006.png,test,2,trophozoite,338,353,403,425,ground_truth
images/Trip 083 Day 2 07-12-05 Image 2_11.png,Trip 083 Day 2 07-12-05 Image 2_11_crop_007.png,test,2,trophozoite,1122,757,1179,821,ground_truth
images/Trip 083 Day 2 07-12-05 Image 2_11.png,Trip 083 Day 2 07-12-05 Image 2_11_crop_008.png,test,1,schizont,1223,763,1333,854,ground_truth
images/Trip 083 Day 2 07-12-05 Image 2_11.png,Trip 083 Day 2 07-12-05 Image 2_11_crop_009.png,test,2,trophozoite,0,385,62,452,ground_truth
images/Trip 083 Day 2 07-12-05 Image 2_11.png,Trip 083 Day 2 07-12-05 Image 2_11_crop_010.png,test,0,ring,882,428,907,453,ground_truth
images/Trip 083 Day 2 07-12-05 Image 2_12.png,Trip 083 Day 2 07-12-05 Image 2_12_crop_000.png,train,2,trophozoite,867,282,944,376,ground_truth
images/Trip 083 Day 2 07-12-05 Image 2_12.png,Trip 083 Day 2 07-12-05 Image 2_12_crop_001.png,train,1,schizont,899,588,975,670,ground_truth
images/Trip 083 Day 2 07-12-05 Image 2_12.png,Trip 083 Day 2 07-12-05 Image 2_12_crop_002.png,train,1,schizont,211,687,314,790,ground_truth
images/Trip 083 Day 2 07-12-05 Image 2_12.png,Trip 083 Day 2 07-12-05 Image 2_12_crop_003.png,train,2,trophozoite,123,779,193,849,ground_truth
images/Trip 083 Day 2 07-12-05 Image 2_13.png,Trip 083 Day 2 07-12-05 Image 2_13_crop_000.png,train,0,ring,174,515,200,551,ground_truth
images/Trip 083 Day 2 07-12-05 Image 2_13.png,Trip 083 Day 2 07-12-05 Image 2_13_crop_001.png,train,1,schizont,13,80,115,185,ground_truth
images/Trip 083 Day 2 07-12-05 Image 2_13.png,Trip 083 Day 2 07-12-05 Image 2_13_crop_002.png,train,1,schizont,101,289,198,383,ground_truth
images/Trip 083 Day 2 07-12-05 Image 2_14.png,Trip 083 Day 2 07-12-05 Image 2_14_crop_000.png,train,0,ring,622,346,671,406,ground_truth
images/Trip 083 Day 2 07-12-05 Image 2_14.png,Trip 083 Day 2 07-12-05 Image 2_14_crop_001.png,train,2,trophozoite,1069,277,1171,365,ground_truth
images/Trip 083 Day 2 07-12-05 Image 2_14.png,Trip 083 Day 2 07-12-05 Image 2_14_crop_002.png,train,1,schizont,972,448,1056,535,ground_truth
images/Trip 083 Day 2 07-12-05 Image 2_14.png,Trip 083 Day 2 07-12-05 Image 2_14_crop_003.png,train,2,trophozoite,1010,688,1078,746,ground_truth
images/Trip 083 Day 2 07-12-05 Image 2_14.png,Trip 083 Day 2 07-12-05 Image 2_14_crop_004.png,train,2,trophozoite,316,761,372,815,ground_truth
images/Trip 083 Day 2 07-12-05 Image 2_14.png,Trip 083 Day 2 07-12-05 Image 2_14_crop_005.png,train,0,ring,1231,684,1253,708,ground_truth
images/Trip 083 Day 2 07-12-05 Image 2_14.png,Trip 083 Day 2 07-12-05 Image 2_14_crop_006.png,train,2,trophozoite,622,346,671,406,ground_truth
images/Trip 083 Day 2 07-12-05 Image 2_15.png,Trip 083 Day 2 07-12-05 Image 2_15_crop_000.png,train,1,schizont,537,778,623,876,ground_truth
images/Trip 083 Day 2 07-12-05 Image 2_15.png,Trip 083 Day 2 07-12-05 Image 2_15_crop_001.png,train,2,trophozoite,1074,838,1134,898,ground_truth
images/Trip 083 Day 2 07-12-05 Image 2_15.png,Trip 083 Day 2 07-12-05 Image 2_15_crop_002.png,train,2,trophozoite,1225,6,1298,70,ground_truth
images/Trip 083 Day 2 07-12-05 Image 2_15.png,Trip 083 Day 2 07-12-05 Image 2_15_crop_003.png,train,2,trophozoite,959,784,1019,836,ground_truth
images/Trip 083 Day 2 07-12-05 Image 2_15.png,Trip 083 Day 2 07-12-05 Image 2_15_crop_004.png,train,1,schizont,890,437,961,512,ground_truth
images/Trip 083 Day 2 07-12-05 Image 2_15.png,Trip 083 Day 2 07-12-05 Image 2_15_crop_005.png,train,0,ring,888,93,924,121,ground_truth
images/Trip 083 Day 2 07-12-05 Image 2_16.png,Trip 083 Day 2 07-12-05 Image 2_16_crop_000.png,train,0,ring,550,844,590,886,ground_truth
images/Trip 083 Day 2 07-12-05 Image 2_16.png,Trip 083 Day 2 07-12-05 Image 2_16_crop_001.png,train,1,schizont,571,0,662,75,ground_truth
images/Trip 083 Day 2 07-12-05 Image 2_16.png,Trip 083 Day 2 07-12-05 Image 2_16_crop_002.png,train,2,trophozoite,1196,94,1264,170,ground_truth
images/Trip 083 Day 2 07-12-05 Image 2_16.png,Trip 083 Day 2 07-12-05 Image 2_16_crop_003.png,train,1,schizont,457,809,522,884,ground_truth
images/Trip 083 Day 2 07-12-05 Image 2_16.png,Trip 083 Day 2 07-12-05 Image 2_16_crop_004.png,train,1,schizont,1250,0,1350,84,ground_truth
images/Trip 083 Day 2 07-12-05 Image 2_16.png,Trip 083 Day 2 07-12-05 Image 2_16_crop_005.png,train,1,schizont,615,747,685,819,ground_truth
images/Trip 083 Day 2 07-12-05 Image 2_16.png,Trip 083 Day 2 07-12-05 Image 2_16_crop_006.png,train,1,schizont,457,809,522,884,ground_truth
images/Trip 083 Day 2 07-12-05 Image 2_2.png,Trip 083 Day 2 07-12-05 Image 2_2_crop_000.png,train,1,schizont,1214,666,1347,812,ground_truth
images/Trip 083 Day 2 07-12-05 Image 2_2.png,Trip 083 Day 2 07-12-05 Image 2_2_crop_001.png,train,2,trophozoite,870,584,952,660,ground_truth
images/Trip 083 Day 2 07-12-05 Image 2_2.png,Trip 083 Day 2 07-12-05 Image 2_2_crop_002.png,train,1,schizont,588,341,724,434,ground_truth
images/Trip 083 Day 2 07-12-05 Image 2_2.png,Trip 083 Day 2 07-12-05 Image 2_2_crop_003.png,train,1,schizont,450,69,554,163,ground_truth
images/Trip 083 Day 2 07-12-05 Image 2_2.png,Trip 083 Day 2 07-12-05 Image 2_2_crop_004.png,train,2,trophozoite,253,52,322,112,ground_truth
images/Trip 083 Day 2 07-12-05 Image 2_2.png,Trip 083 Day 2 07-12-05 Image 2_2_crop_005.png,train,1,schizont,1241,253,1362,375,ground_truth
images/Trip 083 Day 2 07-12-05 Image 2_2.png,Trip 083 Day 2 07-12-05 Image 2_2_crop_006.png,train,1,schizont,1214,666,1347,812,ground_truth
images/Trip 083 Day 2 07-12-05 Image 2_3.png,Trip 083 Day 2 07-12-05 Image 2_3_crop_000.png,test,2,trophozoite,1062,0,1149,112,ground_truth
images/Trip 083 Day 2 07-12-05 Image 2_3.png,Trip 083 Day 2 07-12-05 Image 2_3_crop_001.png,test,1,schizont,563,473,660,570,ground_truth
images/Trip 083 Day 2 07-12-05 Image 2_3.png,Trip 083 Day 2 07-12-05 Image 2_3_crop_002.png,test,1,schizont,1075,890,1180,1022,ground_truth
images/Trip 083 Day 2 07-12-05 Image 2_4.png,Trip 083 Day 2 07-12-05 Image 2_4_crop_000.png,train,1,schizont,1189,157,1280,236,ground_truth
images/Trip 083 Day 2 07-12-05 Image 2_4.png,Trip 083 Day 2 07-12-05 Image 2_4_crop_001.png,train,2,trophozoite,429,113,495,181,ground_truth
images/Trip 083 Day 2 07-12-05 Image 2_4.png,Trip 083 Day 2 07-12-05 Image 2_4_crop_002.png,train,1,schizont,916,582,1032,690,ground_truth
images/Trip 083 Day 2 07-12-05 Image 2_5.png,Trip 083 Day 2 07-12-05 Image 2_5_crop_000.png,val,1,schizont,772,232,880,355,ground_truth
images/Trip 083 Day 2 07-12-05 Image 2_6.png,Trip 083 Day 2 07-12-05 Image 2_6_crop_000.png,train,2,trophozoite,969,319,1039,421,ground_truth
images/Trip 083 Day 2 07-12-05 Image 2_6.png,Trip 083 Day 2 07-12-05 Image 2_6_crop_001.png,train,2,trophozoite,0,752,55,833,ground_truth
images/Trip 083 Day 2 07-12-05 Image 2_6.png,Trip 083 Day 2 07-12-05 Image 2_6_crop_002.png,train,1,schizont,193,695,292,780,ground_truth
images/Trip 083 Day 2 07-12-05 Image 2_6.png,Trip 083 Day 2 07-12-05 Image 2_6_crop_003.png,train,1,schizont,523,12,622,109,ground_truth
images/Trip 083 Day 2 07-12-05 Image 2_7.png,Trip 083 Day 2 07-12-05 Image 2_7_crop_000.png,val,2,trophozoite,232,832,320,925,ground_truth
images/Trip 083 Day 2 07-12-05 Image 2_7.png,Trip 083 Day 2 07-12-05 Image 2_7_crop_001.png,val,2,trophozoite,694,155,777,240,ground_truth
images/Trip 083 Day 2 07-12-05 Image 2_7.png,Trip 083 Day 2 07-12-05 Image 2_7_crop_002.png,val,2,trophozoite,1020,204,1122,267,ground_truth
images/Trip 083 Day 2 07-12-05 Image 2_7.png,Trip 083 Day 2 07-12-05 Image 2_7_crop_003.png,val,2,trophozoite,277,922,347,1006,ground_truth
images/Trip 083 Day 2 07-12-05 Image 2_7.png,Trip 083 Day 2 07-12-05 Image 2_7_crop_004.png,val,2,trophozoite,658,302,733,356,ground_truth
images/Trip 083 Day 2 07-12-05 Image 2_8.png,Trip 083 Day 2 07-12-05 Image 2_8_crop_000.png,train,0,ring,620,347,676,385,ground_truth
images/Trip 083 Day 2 07-12-05 Image 2_8.png,Trip 083 Day 2 07-12-05 Image 2_8_crop_001.png,train,1,schizont,384,291,483,395,ground_truth
images/Trip 083 Day 2 07-12-05 Image 2_8.png,Trip 083 Day 2 07-12-05 Image 2_8_crop_002.png,train,1,schizont,1015,548,1123,655,ground_truth
images/Trip 083 Day 2 07-12-05 Image 2_8.png,Trip 083 Day 2 07-12-05 Image 2_8_crop_003.png,train,1,schizont,1015,548,1123,655,ground_truth
images/Trip 083 Day 2 07-12-05 Image 2_9.png,Trip 083 Day 2 07-12-05 Image 2_9_crop_000.png,train,1,schizont,768,875,865,985,ground_truth
images/Trip 083 Day 2 07-12-05 Image 2_9.png,Trip 083 Day 2 07-12-05 Image 2_9_crop_001.png,train,2,trophozoite,365,997,410,1030,ground_truth
images/Trip 083 Day 2 07-12-05 Image 2_9.png,Trip 083 Day 2 07-12-05 Image 2_9_crop_002.png,train,2,trophozoite,345,868,415,930,ground_truth
images/Trip 083 Day 2 07-12-05 Image 2_9.png,Trip 083 Day 2 07-12-05 Image 2_9_crop_003.png,train,2,trophozoite,342,126,423,196,ground_truth
images/Trip 083 Day 2 07-12-05 Image 2_9.png,Trip 083 Day 2 07-12-05 Image 2_9_crop_004.png,train,2,trophozoite,82,832,134,905,ground_truth
images/Trip 083 Day 2 07-12-05 Image 3_1.png,Trip 083 Day 2 07-12-05 Image 3_1_crop_000.png,train,1,schizont,28,519,115,627,ground_truth
images/Trip 083 Day 2 07-12-05 Image 3_1.png,Trip 083 Day 2 07-12-05 Image 3_1_crop_001.png,train,1,schizont,363,355,449,452,ground_truth
images/Trip 083 Day 2 07-12-05 Image 3_1.png,Trip 083 Day 2 07-12-05 Image 3_1_crop_002.png,train,1,schizont,977,135,1088,219,ground_truth
images/Trip 083 Day 2 07-12-05 Image 3_1.png,Trip 083 Day 2 07-12-05 Image 3_1_crop_003.png,train,1,schizont,33,191,126,279,ground_truth
images/Trip 083 Day 2 07-12-05 Image 3_1.png,Trip 083 Day 2 07-12-05 Image 3_1_crop_004.png,train,1,schizont,216,14,321,117,ground_truth
images/Trip 083 Day 2 07-12-05 Image 3_1.png,Trip 083 Day 2 07-12-05 Image 3_1_crop_005.png,train,0,ring,837,811,882,854,ground_truth
images/Trip 083 Day 2 07-12-05 Image 3_10.png,Trip 083 Day 2 07-12-05 Image 3_10_crop_000.png,val,2,trophozoite,1314,601,1382,672,ground_truth
images/Trip 083 Day 2 07-12-05 Image 3_10.png,Trip 083 Day 2 07-12-05 Image 3_10_crop_001.png,val,2,trophozoite,538,771,619,856,ground_truth
images/Trip 083 Day 2 07-12-05 Image 3_10.png,Trip 083 Day 2 07-12-05 Image 3_10_crop_002.png,val,1,schizont,211,495,333,577,ground_truth
images/Trip 083 Day 2 07-12-05 Image 3_10.png,Trip 083 Day 2 07-12-05 Image 3_10_crop_003.png,val,1,schizont,476,922,571,1013,ground_truth
images/Trip 083 Day 2 07-12-05 Image 3_10.png,Trip 083 Day 2 07-12-05 Image 3_10_crop_004.png,val,2,trophozoite,1340,519,1381,588,ground_truth
images/Trip 083 Day 2 07-12-05 Image 3_10.png,Trip 083 Day 2 07-12-05 Image 3_10_crop_005.png,val,2,trophozoite,423,102,498,162,ground_truth
images/Trip 083 Day 2 07-12-05 Image 3_10.png,Trip 083 Day 2 07-12-05 Image 3_10_crop_006.png,val,1,schizont,1186,1002,1277,1030,ground_truth
images/Trip 083 Day 2 07-12-05 Image 3_10.png,Trip 083 Day 2 07-12-05 Image 3_10_crop_007.png,val,1,schizont,458,837,551,936,ground_truth
images/Trip 083 Day 2 07-12-05 Image 3_11.png,Trip 083 Day 2 07-12-05 Image 3_11_crop_000.png,train,1,schizont,406,792,501,903,ground_truth
images/Trip 083 Day 2 07-12-05 Image 3_11.png,Trip 083 Day 2 07-12-05 Image 3_11_crop_001.png,train,1,schizont,912,92,994,181,ground_truth
images/Trip 083 Day 2 07-12-05 Image 3_11.png,Trip 083 Day 2 07-12-05 Image 3_11_crop_002.png,train,2,trophozoite,416,243,490,301,ground_truth
images/Trip 083 Day 2 07-12-05 Image 3_11.png,Trip 083 Day 2 07-12-05 Image 3_11_crop_003.png,train,2,trophozoite,314,575,388,655,ground_truth
images/Trip 083 Day 2 07-12-05 Image 3_11.png,Trip 083 Day 2 07-12-05 Image 3_11_crop_004.png,train,2,trophozoite,1062,712,1127,784,ground_truth
images/Trip 083 Day 2 07-12-05 Image 3_11.png,Trip 083 Day 2 07-12-05 Image 3_11_crop_005.png,train,2,trophozoite,1189,183,1255,260,ground_truth
images/Trip 083 Day 2 07-12-05 Image 3_11.png,Trip 083 Day 2 07-12-05 Image 3_11_crop_006.png,train,1,schizont,617,197,712,283,ground_truth
images/Trip 083 Day 2 07-12-05 Image 3_12.png,Trip 083 Day 2 07-12-05 Image 3_12_crop_000.png,test,1,schizont,1204,397,1280,506,ground_truth
images/Trip 083 Day 2 07-12-05 Image 3_12.png,Trip 083 Day 2 07-12-05 Image 3_12_crop_001.png,test,0,ring,376,286,403,319,ground_truth
images/Trip 083 Day 2 07-12-05 Image 3_12.png,Trip 083 Day 2 07-12-05 Image 3_12_crop_002.png,test,1,schizont,0,523,85,630,ground_truth
images/Trip 083 Day 2 07-12-05 Image 3_12.png,Trip 083 Day 2 07-12-05 Image 3_12_crop_003.png,test,1,schizont,870,77,959,160,ground_truth
images/Trip 083 Day 2 07-12-05 Image 3_12.png,Trip 083 Day 2 07-12-05 Image 3_12_crop_004.png,test,0,ring,980,65,1011,96,ground_truth
images/Trip 083 Day 2 07-12-05 Image 3_12.png,Trip 083 Day 2 07-12-05 Image 3_12_crop_005.png,test,1,schizont,417,995,510,1030,ground_truth
images/Trip 083 Day 2 07-12-05 Image 3_13.png,Trip 083 Day 2 07-12-05 Image 3_13_crop_000.png,train,1,schizont,269,185,366,274,ground_truth
images/Trip 083 Day 2 07-12-05 Image 3_13.png,Trip 083 Day 2 07-12-05 Image 3_13_crop_001.png,train,1,schizont,727,163,836,262,ground_truth
images/Trip 083 Day 2 07-12-05 Image 3_13.png,Trip 083 Day 2 07-12-05 Image 3_13_crop_002.png,train,2,trophozoite,1346,774,1382,864,ground_truth
images/Trip 083 Day 2 07-12-05 Image 3_13.png,Trip 083 Day 2 07-12-05 Image 3_13_crop_003.png,train,1,schizont,1045,848,1137,953,ground_truth
images/Trip 083 Day 2 07-12-05 Image 3_13.png,Trip 083 Day 2 07-12-05 Image 3_13_crop_004.png,train,1,schizont,249,965,331,1030,ground_truth
images/Trip 083 Day 2 07-12-05 Image 3_13.png,Trip 083 Day 2 07-12-05 Image 3_13_crop_005.png,train,2,trophozoite,1283,646,1342,722,ground_truth
images/Trip 083 Day 2 07-12-05 Image 3_13.png,Trip 083 Day 2 07-12-05 Image 3_13_crop_006.png,train,0,ring,1128,214,1180,275,ground_truth
images/Trip 083 Day 2 07-12-05 Image 3_13.png,Trip 083 Day 2 07-12-05 Image 3_13_crop_007.png,train,2,trophozoite,251,288,310,336,ground_truth
images/Trip 083 Day 2 07-12-05 Image 3_13.png,Trip 083 Day 2 07-12-05 Image 3_13_crop_008.png,train,1,schizont,485,389,597,477,ground_truth
images/Trip 083 Day 2 07-12-05 Image 3_13.png,Trip 083 Day 2 07-12-05 Image 3_13_crop_009.png,train,1,schizont,915,840,1011,949,ground_truth
images/Trip 083 Day 2 07-12-05 Image 3_14.png,Trip 083 Day 2 07-12-05 Image 3_14_crop_000.png,train,1,schizont,1189,0,1280,54,ground_truth
images/Trip 083 Day 2 07-12-05 Image 3_14.png,Trip 083 Day 2 07-12-05 Image 3_14_crop_001.png,train,2,trophozoite,931,64,994,127,ground_truth
images/Trip 083 Day 2 07-12-05 Image 3_14.png,Trip 083 Day 2 07-12-05 Image 3_14_crop_002.png,train,2,trophozoite,159,365,265,440,ground_truth
images/Trip 083 Day 2 07-12-05 Image 3_14.png,Trip 083 Day 2 07-12-05 Image 3_14_crop_003.png,train,2,trophozoite,931,64,994,127,ground_truth
images/Trip 083 Day 2 07-12-05 Image 3_14.png,Trip 083 Day 2 07-12-05 Image 3_14_crop_004.png,train,1,schizont,1306,676,1382,756,ground_truth
images/Trip 083 Day 2 07-12-05 Image 3_14.png,Trip 083 Day 2 07-12-05 Image 3_14_crop_005.png,train,1,schizont,340,453,440,558,ground_truth
images/Trip 083 Day 2 07-12-05 Image 3_14.png,Trip 083 Day 2 07-12-05 Image 3_14_crop_006.png,train,2,trophozoite,458,521,524,586,ground_truth
images/Trip 083 Day 2 07-12-05 Image 3_14.png,Trip 083 Day 2 07-12-05 Image 3_14_crop_007.png,train,2,trophozoite,482,171,536,234,ground_truth
images/Trip 083 Day 2 07-12-05 Image 3_14.png,Trip 083 Day 2 07-12-05 Image 3_14_crop_008.png,train,1,schizont,0,765,31,857,ground_truth
images/Trip 083 Day 2 07-12-05 Image 3_15.png,Trip 083 Day 2 07-12-05 Image 3_15_crop_000.png,train,0,ring,230,416,265,462,ground_truth
images/Trip 083 Day 2 07-12-05 Image 3_15.png,Trip 083 Day 2 07-12-05 Image 3_15_crop_001.png,train,1,schizont,398,294,458,346,ground_truth
images/Trip 083 Day 2 07-12-05 Image 3_15.png,Trip 083 Day 2 07-12-05 Image 3_15_crop_002.png,train,1,schizont,23,670,129,760,ground_truth
images/Trip 083 Day 2 07-12-05 Image 3_15.png,Trip 083 Day 2 07-12-05 Image 3_15_crop_003.png,train,1,schizont,660,570,767,676,ground_truth
images/Trip 083 Day 2 07-12-05 Image 3_15.png,Trip 083 Day 2 07-12-05 Image 3_15_crop_004.png,train,0,ring,716,31,765,69,ground_truth
images/Trip 083 Day 2 07-12-05 Image 3_15.png,Trip 083 Day 2 07-12-05 Image 3_15_crop_005.png,train,0,ring,556,640,604,684,ground_truth
images/Trip 083 Day 2 07-12-05 Image 3_15.png,Trip 083 Day 2 07-12-05 Image 3_15_crop_006.png,train,0,ring,387,452,414,486,ground_truth
images/Trip 083 Day 2 07-12-05 Image 3_16.png,Trip 083 Day 2 07-12-05 Image 3_16_crop_000.png,val,1,schizont,724,226,839,336,ground_truth
images/Trip 083 Day 2 07-12-05 Image 3_16.png,Trip 083 Day 2 07-12-05 Image 3_16_crop_001.png,val,2,trophozoite,422,0,518,43,ground_truth
images/Trip 083 Day 2 07-12-05 Image 3_16.png,Trip 083 Day 2 07-12-05 Image 3_16_crop_002.png,val,0,ring,891,23,916,54,ground_truth
images/Trip 083 Day 2 07-12-05 Image 3_16.png,Trip 083 Day 2 07-12-05 Image 3_16_crop_003.png,val,0,ring,1156,199,1181,222,ground_truth
images/Trip 083 Day 2 07-12-05 Image 3_16.png,Trip 083 Day 2 07-12-05 Image 3_16_crop_004.png,val,1,schizont,1330,12,1382,104,ground_truth
images/Trip 083 Day 2 07-12-05 Image 3_2.png,Trip 083 Day 2 07-12-05 Image 3_2_crop_000.png,test,0,ring,1020,275,1045,310,ground_truth
images/Trip 083 Day 2 07-12-05 Image 3_3.png,Trip 083 Day 2 07-12-05 Image 3_3_crop_000.png,test,1,schizont,1303,139,1381,220,ground_truth
images/Trip 083 Day 2 07-12-05 Image 3_3.png,Trip 083 Day 2 07-12-05 Image 3_3_crop_001.png,test,1,schizont,1251,488,1349,564,ground_truth
images/Trip 083 Day 2 07-12-05 Image 3_3.png,Trip 083 Day 2 07-12-05 Image 3_3_crop_002.png,test,1,schizont,518,782,622,877,ground_truth
images/Trip 083 Day 2 07-12-05 Image 3_3.png,Trip 083 Day 2 07-12-05 Image 3_3_crop_003.png,test,1,schizont,1085,876,1175,971,ground_truth
images/Trip 083 Day 2 07-12-05 Image 3_3.png,Trip 083 Day 2 07-12-05 Image 3_3_crop_004.png,test,1,schizont,555,485,655,581,ground_truth
images/Trip 083 Day 2 07-12-05 Image 3_4.png,Trip 083 Day 2 07-12-05 Image 3_4_crop_000.png,val,0,ring,653,16,702,75,ground_truth
images/Trip 083 Day 2 07-12-05 Image 3_4.png,Trip 083 Day 2 07-12-05 Image 3_4_crop_001.png,val,2,trophozoite,1226,777,1297,843,ground_truth
images/Trip 083 Day 2 07-12-05 Image 3_4.png,Trip 083 Day 2 07-12-05 Image 3_4_crop_002.png,val,2,trophozoite,1102,62,1201,139,ground_truth
images/Trip 083 Day 2 07-12-05 Image 3_4.png,Trip 083 Day 2 07-12-05 Image 3_4_crop_003.png,val,2,trophozoite,538,915,657,986,ground_truth
images/Trip 083 Day 2 07-12-05 Image 3_4.png,Trip 083 Day 2 07-12-05 Image 3_4_crop_004.png,val,1,schizont,243,105,356,200,ground_truth
images/Trip 083 Day 2 07-12-05 Image 3_4.png,Trip 083 Day 2 07-12-05 Image 3_4_crop_005.png,val,2,trophozoite,548,370,602,430,ground_truth
images/Trip 083 Day 2 07-12-05 Image 3_5.png,Trip 083 Day 2 07-12-05 Image 3_5_crop_000.png,train,1,schizont,728,350,820,450,ground_truth
images/Trip 083 Day 2 07-12-05 Image 3_5.png,Trip 083 Day 2 07-12-05 Image 3_5_crop_001.png,train,1,schizont,1044,201,1111,263,ground_truth
images/Trip 083 Day 2 07-12-05 Image 3_5.png,Trip 083 Day 2 07-12-05 Image 3_5_crop_002.png,train,2,trophozoite,983,525,1056,591,ground_truth
images/Trip 083 Day 2 07-12-05 Image 3_5.png,Trip 083 Day 2 07-12-05 Image 3_5_crop_003.png,train,1,schizont,0,38,113,130,ground_truth
images/Trip 083 Day 2 07-12-05 Image 3_5.png,Trip 083 Day 2 07-12-05 Image 3_5_crop_004.png,train,1,schizont,759,819,870,933,ground_truth
images/Trip 083 Day 2 07-12-05 Image 3_5.png,Trip 083 Day 2 07-12-05 Image 3_5_crop_005.png,train,1,schizont,426,249,528,363,ground_truth
images/Trip 083 Day 2 07-12-05 Image 3_5.png,Trip 083 Day 2 07-12-05 Image 3_5_crop_006.png,train,1,schizont,1055,887,1146,968,ground_truth
images/Trip 083 Day 2 07-12-05 Image 3_6.png,Trip 083 Day 2 07-12-05 Image 3_6_crop_000.png,val,1,schizont,238,247,338,329,ground_truth
images/Trip 083 Day 2 07-12-05 Image 3_6.png,Trip 083 Day 2 07-12-05 Image 3_6_crop_001.png,val,1,schizont,1067,691,1142,786,ground_truth
images/Trip 083 Day 2 07-12-05 Image 3_6.png,Trip 083 Day 2 07-12-05 Image 3_6_crop_002.png,val,2,trophozoite,401,238,471,315,ground_truth
images/Trip 083 Day 2 07-12-05 Image 3_6.png,Trip 083 Day 2 07-12-05 Image 3_6_crop_003.png,val,2,trophozoite,1130,347,1208,423,ground_truth
images/Trip 083 Day 2 07-12-05 Image 3_6.png,Trip 083 Day 2 07-12-05 Image 3_6_crop_004.png,val,2,trophozoite,1042,228,1113,302,ground_truth
images/Trip 083 Day 2 07-12-05 Image 3_6.png,Trip 083 Day 2 07-12-05 Image 3_6_crop_005.png,val,1,schizont,283,608,376,723,ground_truth
images/Trip 083 Day 2 07-12-05 Image 3_6.png,Trip 083 Day 2 07-12-05 Image 3_6_crop_006.png,val,1,schizont,740,889,828,973,ground_truth
images/Trip 083 Day 2 07-12-05 Image 3_6.png,Trip 083 Day 2 07-12-05 Image 3_6_crop_007.png,val,1,schizont,283,608,376,723,ground_truth
images/Trip 083 Day 2 07-12-05 Image 3_7.png,Trip 083 Day 2 07-12-05 Image 3_7_crop_000.png,test,0,ring,396,743,443,785,ground_truth
images/Trip 083 Day 2 07-12-05 Image 3_7.png,Trip 083 Day 2 07-12-05 Image 3_7_crop_001.png,test,2,trophozoite,1326,529,1382,596,ground_truth
images/Trip 083 Day 2 07-12-05 Image 3_7.png,Trip 083 Day 2 07-12-05 Image 3_7_crop_002.png,test,2,trophozoite,755,97,832,163,ground_truth
images/Trip 083 Day 2 07-12-05 Image 3_7.png,Trip 083 Day 2 07-12-05 Image 3_7_crop_003.png,test,2,trophozoite,250,369,364,449,ground_truth
images/Trip 083 Day 2 07-12-05 Image 3_8.png,Trip 083 Day 2 07-12-05 Image 3_8_crop_000.png,train,1,schizont,310,601,419,689,ground_truth
images/Trip 083 Day 2 07-12-05 Image 3_8.png,Trip 083 Day 2 07-12-05 Image 3_8_crop_001.png,train,1,schizont,1266,264,1373,346,ground_truth
images/Trip 083 Day 2 07-12-05 Image 3_8.png,Trip 083 Day 2 07-12-05 Image 3_8_crop_002.png,train,0,ring,728,366,782,421,ground_truth
images/Trip 083 Day 2 07-12-05 Image 3_8.png,Trip 083 Day 2 07-12-05 Image 3_8_crop_003.png,train,2,trophozoite,110,532,198,604,ground_truth
images/Trip 083 Day 2 07-12-05 Image 3_8.png,Trip 083 Day 2 07-12-05 Image 3_8_crop_004.png,train,1,schizont,1316,52,1381,137,ground_truth
images/Trip 083 Day 2 07-12-05 Image 3_9.png,Trip 083 Day 2 07-12-05 Image 3_9_crop_000.png,train,1,schizont,30,659,140,754,ground_truth
images/Trip 083 Day 2 07-12-05 Image 3_9.png,Trip 083 Day 2 07-12-05 Image 3_9_crop_001.png,train,1,schizont,1223,835,1306,908,ground_truth
images/Trip 083 Day 2 07-12-05 Image 3_9.png,Trip 083 Day 2 07-12-05 Image 3_9_crop_002.png,train,0,ring,735,648,761,674,ground_truth
images/Trip 083 Day 2 07-12-05 Image 3_9.png,Trip 083 Day 2 07-12-05 Image 3_9_crop_003.png,train,0,ring,1014,131,1037,154,ground_truth
images/Trip 802 Day 2 01-12-05 Image 5_1.png,Trip 802 Day 2 01-12-05 Image 5_1_crop_000.png,train,1,schizont,983,618,1105,737,ground_truth
images/Trip 802 Day 2 01-12-05 Image 5_1.png,Trip 802 Day 2 01-12-05 Image 5_1_crop_001.png,train,1,schizont,600,929,696,1029,ground_truth
images/Trip 802 Day 2 01-12-05 Image 5_1.png,Trip 802 Day 2 01-12-05 Image 5_1_crop_002.png,train,0,ring,685,359,734,409,ground_truth
images/Trip 802 Day 2 01-12-05 Image 5_1.png,Trip 802 Day 2 01-12-05 Image 5_1_crop_003.png,train,1,schizont,305,403,426,484,ground_truth
images/Trip 802 Day 2 01-12-05 Image 5_1.png,Trip 802 Day 2 01-12-05 Image 5_1_crop_004.png,train,0,ring,653,28,687,56,ground_truth
images/Trip 802 Day 2 01-12-05 Image 5_10.png,Trip 802 Day 2 01-12-05 Image 5_10_crop_000.png,train,1,schizont,1209,691,1288,782,ground_truth
images/Trip 802 Day 2 01-12-05 Image 5_10.png,Trip 802 Day 2 01-12-05 Image 5_10_crop_001.png,train,1,schizont,123,464,239,563,ground_truth
images/Trip 802 Day 2 01-12-05 Image 5_10.png,Trip 802 Day 2 01-12-05 Image 5_10_crop_002.png,train,0,ring,906,533,959,564,ground_truth
images/Trip 802 Day 2 01-12-05 Image 5_10.png,Trip 802 Day 2 01-12-05 Image 5_10_crop_003.png,train,0,ring,216,599,248,638,ground_truth
images/Trip 802 Day 2 01-12-05 Image 5_10.png,Trip 802 Day 2 01-12-05 Image 5_10_crop_004.png,train,0,ring,994,773,1025,801,ground_truth
images/Trip 802 Day 2 01-12-05 Image 5_11.png,Trip 802 Day 2 01-12-05 Image 5_11_crop_000.png,test,1,schizont,253,890,327,961,ground_truth
images/Trip 802 Day 2 01-12-05 Image 5_11.png,Trip 802 Day 2 01-12-05 Image 5_11_crop_001.png,test,2,trophozoite,29,981,92,1030,ground_truth
images/Trip 802 Day 2 01-12-05 Image 5_11.png,Trip 802 Day 2 01-12-05 Image 5_11_crop_002.png,test,2,trophozoite,627,961,657,995,ground_truth
images/Trip 802 Day 2 01-12-05 Image 5_13.png,Trip 802 Day 2 01-12-05 Image 5_13_crop_000.png,test,2,trophozoite,324,190,408,262,ground_truth
images/Trip 802 Day 2 01-12-05 Image 5_13.png,Trip 802 Day 2 01-12-05 Image 5_13_crop_001.png,test,2,trophozoite,908,748,983,810,ground_truth
images/Trip 802 Day 2 01-12-05 Image 5_14.png,Trip 802 Day 2 01-12-05 Image 5_14_crop_000.png,train,1,schizont,818,49,901,149,ground_truth
images/Trip 802 Day 2 01-12-05 Image 5_14.png,Trip 802 Day 2 01-12-05 Image 5_14_crop_001.png,train,1,schizont,1265,885,1352,987,ground_truth
images/Trip 802 Day 2 01-12-05 Image 5_15.png,Trip 802 Day 2 01-12-05 Image 5_15_crop_000.png,train,1,schizont,798,468,892,561,ground_truth
images/Trip 802 Day 2 01-12-05 Image 5_15.png,Trip 802 Day 2 01-12-05 Image 5_15_crop_001.png,train,0,ring,1008,704,1046,739,ground_truth
images/Trip 802 Day 2 01-12-05 Image 5_2.png,Trip 802 Day 2 01-12-05 Image 5_2_crop_000.png,train,2,trophozoite,311,313,391,405,ground_truth
images/Trip 802 Day 2 01-12-05 Image 5_2.png,Trip 802 Day 2 01-12-05 Image 5_2_crop_001.png,train,2,trophozoite,453,100,522,165,ground_truth
images/Trip 802 Day 2 01-12-05 Image 5_2.png,Trip 802 Day 2 01-12-05 Image 5_2_crop_002.png,train,2,trophozoite,470,969,530,1019,ground_truth
images/Trip 802 Day 2 01-12-05 Image 5_2.png,Trip 802 Day 2 01-12-05 Image 5_2_crop_003.png,train,0,ring,1204,565,1240,618,ground_truth
images/Trip 802 Day 2 01-12-05 Image 5_3.png,Trip 802 Day 2 01-12-05 Image 5_3_crop_000.png,val,1,schizont,29,19,143,156,ground_truth
images/Trip 802 Day 2 01-12-05 Image 5_4.png,Trip 802 Day 2 01-12-05 Image 5_4_crop_000.png,train,0,ring,556,631,593,668,ground_truth
images/Trip 802 Day 2 01-12-05 Image 5_4.png,Trip 802 Day 2 01-12-05 Image 5_4_crop_001.png,train,2,trophozoite,842,511,916,575,ground_truth
images/Trip 802 Day 2 01-12-05 Image 5_4.png,Trip 802 Day 2 01-12-05 Image 5_4_crop_002.png,train,2,trophozoite,484,814,533,863,ground_truth
images/Trip 802 Day 2 01-12-05 Image 5_5.png,Trip 802 Day 2 01-12-05 Image 5_5_crop_000.png,train,0,ring,342,992,403,1028,ground_truth
images/Trip 802 Day 2 01-12-05 Image 5_6.png,Trip 802 Day 2 01-12-05 Image 5_6_crop_000.png,train,1,schizont,849,159,948,252,ground_truth
images/Trip 802 Day 2 01-12-05 Image 5_6.png,Trip 802 Day 2 01-12-05 Image 5_6_crop_001.png,train,2,trophozoite,634,663,720,746,ground_truth
images/Trip 802 Day 2 01-12-05 Image 5_6.png,Trip 802 Day 2 01-12-05 Image 5_6_crop_002.png,train,2,trophozoite,730,740,809,815,ground_truth
images/Trip 802 Day 2 01-12-05 Image 5_7.png,Trip 802 Day 2 01-12-05 Image 5_7_crop_000.png,val,0,ring,720,0,771,43,ground_truth
images/Trip 802 Day 2 01-12-05 Image 5_8.png,Trip 802 Day 2 01-12-05 Image 5_8_crop_000.png,train,1,schizont,736,540,830,631,ground_truth
images/Trip 802 Day 2 01-12-05 Image 5_8.png,Trip 802 Day 2 01-12-05 Image 5_8_crop_001.png,train,0,ring,1018,868,1047,896,ground_truth
images/Trip 802 Day 2 01-12-05 Image 5_9.png,Trip 802 Day 2 01-12-05 Image 5_9_crop_000.png,train,2,trophozoite,638,960,721,1024,ground_truth
images/Trip 802 Day 2 01-12-05 Image 5_9.png,Trip 802 Day 2 01-12-05 Image 5_9_crop_001.png,train,2,trophozoite,1233,399,1289,458,ground_truth
images/Trip 802 Day 2 01-12-05 Image 5_9.png,Trip 802 Day 2 01-12-05 Image 5_9_crop_002.png,train,1,schizont,1085,440,1185,529,ground_truth
images/Trip 802 Day 2 01-12-05 Image 6_1.png,Trip 802 Day 2 01-12-05 Image 6_1_crop_000.png,train,2,trophozoite,1076,620,1150,702,ground_truth
images/Trip 802 Day 2 01-12-05 Image 6_1.png,Trip 802 Day 2 01-12-05 Image 6_1_crop_001.png,train,1,schizont,771,582,866,671,ground_truth
images/Trip 802 Day 2 01-12-05 Image 6_1.png,Trip 802 Day 2 01-12-05 Image 6_1_crop_002.png,train,2,trophozoite,524,464,573,531,ground_truth
images/Trip 802 Day 2 01-12-05 Image 6_1.png,Trip 802 Day 2 01-12-05 Image 6_1_crop_003.png,train,2,trophozoite,854,640,926,688,ground_truth
images/Trip 802 Day 2 01-12-05 Image 6_1.png,Trip 802 Day 2 01-12-05 Image 6_1_crop_004.png,train,0,ring,373,560,400,591,ground_truth
images/Trip 802 Day 2 01-12-05 Image 6_10.png,Trip 802 Day 2 01-12-05 Image 6_10_crop_000.png,train,1,schizont,937,443,1013,515,ground_truth
images/Trip 802 Day 2 01-12-05 Image 6_10.png,Trip 802 Day 2 01-12-05 Image 6_10_crop_001.png,train,1,schizont,311,743,392,824,ground_truth
images/Trip 802 Day 2 01-12-05 Image 6_10.png,Trip 802 Day 2 01-12-05 Image 6_10_crop_002.png,train,2,trophozoite,1187,285,1263,357,ground_truth
images/Trip 802 Day 2 01-12-05 Image 6_10.png,Trip 802 Day 2 01-12-05 Image 6_10_crop_003.png,train,2,trophozoite,951,965,1036,1030,ground_truth
images/Trip 802 Day 2 01-12-05 Image 6_11.png,Trip 802 Day 2 01-12-05 Image 6_11_crop_000.png,train,1,schizont,933,171,1022,279,ground_truth
images/Trip 802 Day 2 01-12-05 Image 6_12.png,Trip 802 Day 2 01-12-05 Image 6_12_crop_000.png,train,2,trophozoite,1231,993,1306,1029,ground_truth
images/Trip 802 Day 2 01-12-05 Image 6_13.png,Trip 802 Day 2 01-12-05 Image 6_13_crop_000.png,train,0,ring,69,686,89,707,ground_truth
images/Trip 802 Day 2 01-12-05 Image 6_14.png,Trip 802 Day 2 01-12-05 Image 6_14_crop_000.png,train,2,trophozoite,915,283,980,357,ground_truth
images/Trip 802 Day 2 01-12-05 Image 6_15.png,Trip 802 Day 2 01-12-05 Image 6_15_crop_000.png,val,1,schizont,516,935,606,1019,ground_truth
images/Trip 802 Day 2 01-12-05 Image 6_16.png,Trip 802 Day 2 01-12-05 Image 6_16_crop_000.png,train,2,trophozoite,1237,0,1299,20,ground_truth
images/Trip 802 Day 2 01-12-05 Image 6_16.png,Trip 802 Day 2 01-12-05 Image 6_16_crop_001.png,train,0,ring,583,734,621,769,ground_truth
images/Trip 802 Day 2 01-12-05 Image 6_2.png,Trip 802 Day 2 01-12-05 Image 6_2_crop_000.png,train,2,trophozoite,932,135,1006,203,ground_truth
images/Trip 802 Day 2 01-12-05 Image 6_2.png,Trip 802 Day 2 01-12-05 Image 6_2_crop_001.png,train,0,ring,863,878,914,916,ground_truth
images/Trip 802 Day 2 01-12-05 Image 6_3.png,Trip 802 Day 2 01-12-05 Image 6_3_crop_000.png,val,1,schizont,796,834,862,922,ground_truth
images/Trip 802 Day 2 01-12-05 Image 6_3.png,Trip 802 Day 2 01-12-05 Image 6_3_crop_001.png,val,2,trophozoite,117,437,234,512,ground_truth
images/Trip 802 Day 2 01-12-05 Image 6_3.png,Trip 802 Day 2 01-12-05 Image 6_3_crop_002.png,val,1,schizont,228,192,333,283,ground_truth
images/Trip 802 Day 2 01-12-05 Image 6_3.png,Trip 802 Day 2 01-12-05 Image 6_3_crop_003.png,val,0,ring,260,30,325,65,ground_truth
images/Trip 802 Day 2 01-12-05 Image 6_3.png,Trip 802 Day 2 01-12-05 Image 6_3_crop_004.png,val,1,schizont,117,437,234,512,ground_truth
images/Trip 802 Day 2 01-12-05 Image 6_4.png,Trip 802 Day 2 01-12-05 Image 6_4_crop_000.png,train,2,trophozoite,34,251,92,299,ground_truth
images/Trip 802 Day 2 01-12-05 Image 6_5.png,Trip 802 Day 2 01-12-05 Image 6_5_crop_000.png,train,2,trophozoite,1226,599,1297,652,ground_truth
images/Trip 802 Day 2 01-12-05 Image 6_9.png,Trip 802 Day 2 01-12-05 Image 6_9_crop_000.png,train,1,schizont,292,467,368,553,ground_truth
images/Trip 802 Day 2 01-12-05 Image 6_9.png,Trip 802 Day 2 01-12-05 Image 6_9_crop_001.png,train,2,trophozoite,611,291,676,360,ground_truth
images/Trip 802 Day 2 01-12-05 Image 6_9.png,Trip 802 Day 2 01-12-05 Image 6_9_crop_002.png,train,1,schizont,530,809,656,936,ground_truth
images/Trip 802 Day 2 01-12-05 Image 9 add_1.png,Trip 802 Day 2 01-12-05 Image 9 add_1_crop_000.png,test,1,schizont,67,759,159,833,ground_truth
images/Trip 802 Day 2 01-12-05 Image 9 add_1.png,Trip 802 Day 2 01-12-05 Image 9 add_1_crop_001.png,test,1,schizont,1042,29,1123,96,ground_truth
images/Trip 802 Day 2 01-12-05 Image 9 add_1.png,Trip 802 Day 2 01-12-05 Image 9 add_1_crop_002.png,test,1,schizont,817,643,898,769,ground_truth
images/Trip 802 Day 2 01-12-05 Image 9 add_1.png,Trip 802 Day 2 01-12-05 Image 9 add_1_crop_003.png,test,2,trophozoite,843,2,903,54,ground_truth
images/Trip 802 Day 2 01-12-05 Image 9 add_1.png,Trip 802 Day 2 01-12-05 Image 9 add_1_crop_004.png,test,0,ring,404,561,425,587,ground_truth
images/Trip 802 Day 2 01-12-05 Image 9 add_1.png,Trip 802 Day 2 01-12-05 Image 9 add_1_crop_005.png,test,1,schizont,284,248,365,321,ground_truth
images/Trip 802 Day 2 01-12-05 Image 9 add_1.png,Trip 802 Day 2 01-12-05 Image 9 add_1_crop_006.png,test,1,schizont,264,681,326,753,ground_truth
images/Trip 802 Day 2 01-12-05 Image 9 add_1.png,Trip 802 Day 2 01-12-05 Image 9 add_1_crop_007.png,test,0,ring,776,509,819,552,ground_truth
images/Trip 802 Day 2 01-12-05 Image 9 add_10.png,Trip 802 Day 2 01-12-05 Image 9 add_10_crop_000.png,val,2,trophozoite,871,822,945,892,ground_truth
images/Trip 802 Day 2 01-12-05 Image 9 add_10.png,Trip 802 Day 2 01-12-05 Image 9 add_10_crop_001.png,val,1,schizont,1206,743,1291,830,ground_truth
images/Trip 802 Day 2 01-12-05 Image 9 add_10.png,Trip 802 Day 2 01-12-05 Image 9 add_10_crop_002.png,val,2,trophozoite,434,460,483,505,ground_truth
images/Trip 802 Day 2 01-12-05 Image 9 add_10.png,Trip 802 Day 2 01-12-05 Image 9 add_10_crop_003.png,val,0,ring,1212,395,1244,432,ground_truth
images/Trip 802 Day 2 01-12-05 Image 9 add_10.png,Trip 802 Day 2 01-12-05 Image 9 add_10_crop_004.png,val,0,ring,83,549,112,576,ground_truth
images/Trip 802 Day 2 01-12-05 Image 9 add_10.png,Trip 802 Day 2 01-12-05 Image 9 add_10_crop_005.png,val,2,trophozoite,904,82,946,141,ground_truth
images/Trip 802 Day 2 01-12-05 Image 9 add_11.png,Trip 802 Day 2 01-12-05 Image 9 add_11_crop_000.png,train,2,trophozoite,1265,651,1316,719,ground_truth
images/Trip 802 Day 2 01-12-05 Image 9 add_11.png,Trip 802 Day 2 01-12-05 Image 9 add_11_crop_001.png,train,2,trophozoite,370,806,422,866,ground_truth
images/Trip 802 Day 2 01-12-05 Image 9 add_11.png,Trip 802 Day 2 01-12-05 Image 9 add_11_crop_002.png,train,1,schizont,209,184,280,243,ground_truth
images/Trip 802 Day 2 01-12-05 Image 9 add_12.png,Trip 802 Day 2 01-12-05 Image 9 add_12_crop_000.png,val,1,schizont,1191,5,1283,101,ground_truth
images/Trip 802 Day 2 01-12-05 Image 9 add_12.png,Trip 802 Day 2 01-12-05 Image 9 add_12_crop_001.png,val,2,trophozoite,450,0,513,68,ground_truth
images/Trip 802 Day 2 01-12-05 Image 9 add_12.png,Trip 802 Day 2 01-12-05 Image 9 add_12_crop_002.png,val,2,trophozoite,885,754,951,822,ground_truth
images/Trip 802 Day 2 01-12-05 Image 9 add_12.png,Trip 802 Day 2 01-12-05 Image 9 add_12_crop_003.png,val,2,trophozoite,1067,571,1122,634,ground_truth
images/Trip 802 Day 2 01-12-05 Image 9 add_12.png,Trip 802 Day 2 01-12-05 Image 9 add_12_crop_004.png,val,0,ring,580,470,606,504,ground_truth
images/Trip 802 Day 2 01-12-05 Image 9 add_12.png,Trip 802 Day 2 01-12-05 Image 9 add_12_crop_005.png,val,0,ring,1174,639,1202,674,ground_truth
images/Trip 802 Day 2 01-12-05 Image 9 add_13.png,Trip 802 Day 2 01-12-05 Image 9 add_13_crop_000.png,test,1,schizont,847,0,896,43,ground_truth
images/Trip 802 Day 2 01-12-05 Image 9 add_13.png,Trip 802 Day 2 01-12-05 Image 9 add_13_crop_001.png,test,0,ring,1358,400,1382,430,ground_truth
images/Trip 802 Day 2 01-12-05 Image 9 add_14.png,Trip 802 Day 2 01-12-05 Image 9 add_14_crop_000.png,train,2,trophozoite,1016,672,1096,748,ground_truth
images/Trip 802 Day 2 01-12-05 Image 9 add_14.png,Trip 802 Day 2 01-12-05 Image 9 add_14_crop_001.png,train,2,trophozoite,974,744,1056,825,ground_truth
images/Trip 802 Day 2 01-12-05 Image 9 add_14.png,Trip 802 Day 2 01-12-05 Image 9 add_14_crop_002.png,train,2,trophozoite,886,87,967,148,ground_truth
images/Trip 802 Day 2 01-12-05 Image 9 add_14.png,Trip 802 Day 2 01-12-05 Image 9 add_14_crop_003.png,train,1,schizont,910,260,985,311,ground_truth
images/Trip 802 Day 2 01-12-05 Image 9 add_14.png,Trip 802 Day 2 01-12-05 Image 9 add_14_crop_004.png,train,2,trophozoite,566,915,637,975,ground_truth
images/Trip 802 Day 2 01-12-05 Image 9 add_14.png,Trip 802 Day 2 01-12-05 Image 9 add_14_crop_005.png,train,2,trophozoite,557,749,612,795,ground_truth
images/Trip 802 Day 2 01-12-05 Image 9 add_14.png,Trip 802 Day 2 01-12-05 Image 9 add_14_crop_006.png,train,2,trophozoite,913,0,961,11,ground_truth
images/Trip 802 Day 2 01-12-05 Image 9 add_15.png,Trip 802 Day 2 01-12-05 Image 9 add_15_crop_000.png,val,0,ring,961,826,1011,865,ground_truth
images/Trip 802 Day 2 01-12-05 Image 9 add_15.png,Trip 802 Day 2 01-12-05 Image 9 add_15_crop_001.png,val,1,schizont,487,634,571,711,ground_truth
images/Trip 802 Day 2 01-12-05 Image 9 add_15.png,Trip 802 Day 2 01-12-05 Image 9 add_15_crop_002.png,val,2,trophozoite,164,129,252,231,ground_truth
images/Trip 802 Day 2 01-12-05 Image 9 add_15.png,Trip 802 Day 2 01-12-05 Image 9 add_15_crop_003.png,val,0,ring,1017,455,1043,480,ground_truth
images/Trip 802 Day 2 01-12-05 Image 9 add_16.png,Trip 802 Day 2 01-12-05 Image 9 add_16_crop_000.png,val,1,schizont,807,50,878,132,ground_truth
images/Trip 802 Day 2 01-12-05 Image 9 add_16.png,Trip 802 Day 2 01-12-05 Image 9 add_16_crop_001.png,val,1,schizont,573,761,652,836,ground_truth
images/Trip 802 Day 2 01-12-05 Image 9 add_16.png,Trip 802 Day 2 01-12-05 Image 9 add_16_crop_002.png,val,2,trophozoite,912,679,978,735,ground_truth
images/Trip 802 Day 2 01-12-05 Image 9 add_16.png,Trip 802 Day 2 01-12-05 Image 9 add_16_crop_003.png,val,0,ring,324,22,358,48,ground_truth
images/Trip 802 Day 2 01-12-05 Image 9 add_2.png,Trip 802 Day 2 01-12-05 Image 9 add_2_crop_000.png,train,2,trophozoite,1190,62,1238,129,ground_truth
images/Trip 802 Day 2 01-12-05 Image 9 add_2.png,Trip 802 Day 2 01-12-05 Image 9 add_2_crop_001.png,train,2,trophozoite,549,445,601,506,ground_truth
images/Trip 802 Day 2 01-12-05 Image 9 add_2.png,Trip 802 Day 2 01-12-05 Image 9 add_2_crop_002.png,train,2,trophozoite,484,124,540,180,ground_truth
images/Trip 802 Day 2 01-12-05 Image 9 add_2.png,Trip 802 Day 2 01-12-05 Image 9 add_2_crop_003.png,train,2,trophozoite,1061,626,1111,687,ground_truth
images/Trip 802 Day 2 01-12-05 Image 9 add_3.png,Trip 802 Day 2 01-12-05 Image 9 add_3_crop_000.png,val,2,trophozoite,682,643,770,718,ground_truth
images/Trip 802 Day 2 01-12-05 Image 9 add_3.png,Trip 802 Day 2 01-12-05 Image 9 add_3_crop_001.png,val,2,trophozoite,803,276,865,350,ground_truth
images/Trip 802 Day 2 01-12-05 Image 9 add_3.png,Trip 802 Day 2 01-12-05 Image 9 add_3_crop_002.png,val,1,schizont,1312,294,1380,364,ground_truth
images/Trip 802 Day 2 01-12-05 Image 9 add_4.png,Trip 802 Day 2 01-12-05 Image 9 add_4_crop_000.png,test,1,schizont,1126,311,1207,395,ground_truth
images/Trip 802 Day 2 01-12-05 Image 9 add_4.png,Trip 802 Day 2 01-12-05 Image 9 add_4_crop_001.png,test,2,trophozoite,1112,430,1181,493,ground_truth
images/Trip 802 Day 2 01-12-05 Image 9 add_4.png,Trip 802 Day 2 01-12-05 Image 9 add_4_crop_002.png,test,0,ring,522,961,565,1002,ground_truth
images/Trip 802 Day 2 01-12-05 Image 9 add_4.png,Trip 802 Day 2 01-12-05 Image 9 add_4_crop_003.png,test,2,trophozoite,35,659,78,708,ground_truth
images/Trip 802 Day 2 01-12-05 Image 9 add_5.png,Trip 802 Day 2 01-12-05 Image 9 add_5_crop_000.png,train,1,schizont,612,197,692,287,ground_truth
images/Trip 802 Day 2 01-12-05 Image 9 add_5.png,Trip 802 Day 2 01-12-05 Image 9 add_5_crop_001.png,train,2,trophozoite,1219,552,1280,632,ground_truth
images/Trip 802 Day 2 01-12-05 Image 9 add_5.png,Trip 802 Day 2 01-12-05 Image 9 add_5_crop_002.png,train,2,trophozoite,379,975,442,1020,ground_truth
images/Trip 802 Day 2 01-12-05 Image 9 add_5.png,Trip 802 Day 2 01-12-05 Image 9 add_5_crop_003.png,train,2,trophozoite,688,949,758,1007,ground_truth
images/Trip 802 Day 2 01-12-05 Image 9 add_5.png,Trip 802 Day 2 01-12-05 Image 9 add_5_crop_004.png,train,2,trophozoite,865,211,927,266,ground_truth
images/Trip 802 Day 2 01-12-05 Image 9 add_5.png,Trip 802 Day 2 01-12-05 Image 9 add_5_crop_005.png,train,0,ring,630,759,671,828,ground_truth
images/Trip 802 Day 2 01-12-05 Image 9 add_5.png,Trip 802 Day 2 01-12-05 Image 9 add_5_crop_006.png,train,2,trophozoite,69,78,128,124,ground_truth
images/Trip 802 Day 2 01-12-05 Image 9 add_5.png,Trip 802 Day 2 01-12-05 Image 9 add_5_crop_007.png,train,2,trophozoite,486,474,523,543,ground_truth
images/Trip 802 Day 2 01-12-05 Image 9 add_5.png,Trip 802 Day 2 01-12-05 Image 9 add_5_crop_008.png,train,0,ring,47,781,95,816,ground_truth
images/Trip 802 Day 2 01-12-05 Image 9 add_5.png,Trip 802 Day 2 01-12-05 Image 9 add_5_crop_009.png,train,0,ring,1353,514,1382,545,ground_truth
images/Trip 802 Day 2 01-12-05 Image 9 add_5.png,Trip 802 Day 2 01-12-05 Image 9 add_5_crop_010.png,train,0,ring,47,781,95,816,ground_truth
images/Trip 802 Day 2 01-12-05 Image 9 add_6.png,Trip 802 Day 2 01-12-05 Image 9 add_6_crop_000.png,train,2,trophozoite,217,460,297,533,ground_truth
images/Trip 802 Day 2 01-12-05 Image 9 add_6.png,Trip 802 Day 2 01-12-05 Image 9 add_6_crop_001.png,train,2,trophozoite,911,387,976,454,ground_truth
images/Trip 802 Day 2 01-12-05 Image 9 add_6.png,Trip 802 Day 2 01-12-05 Image 9 add_6_crop_002.png,train,2,trophozoite,210,963,273,1014,ground_truth
images/Trip 802 Day 2 01-12-05 Image 9 add_7.png,Trip 802 Day 2 01-12-05 Image 9 add_7_crop_000.png,train,1,schizont,993,218,1066,303,ground_truth
images/Trip 802 Day 2 01-12-05 Image 9 add_7.png,Trip 802 Day 2 01-12-05 Image 9 add_7_crop_001.png,train,2,trophozoite,246,133,324,193,ground_truth
images/Trip 802 Day 2 01-12-05 Image 9 add_8.png,Trip 802 Day 2 01-12-05 Image 9 add_8_crop_000.png,test,2,trophozoite,691,293,766,356,ground_truth
images/Trip 802 Day 2 01-12-05 Image 9 add_8.png,Trip 802 Day 2 01-12-05 Image 9 add_8_crop_001.png,test,2,trophozoite,999,895,1051,963,ground_truth
images/Trip 802 Day 2 01-12-05 Image 9 add_8.png,Trip 802 Day 2 01-12-05 Image 9 add_8_crop_002.png,test,2,trophozoite,899,735,962,795,ground_truth
images/Trip 802 Day 2 01-12-05 Image 9 add_9.png,Trip 802 Day 2 01-12-05 Image 9 add_9_crop_000.png,test,1,schizont,792,974,902,1030,ground_truth
images/Trip 804 Day 1 02-12-05 Image 19 add_1.png,Trip 804 Day 1 02-12-05 Image 19 add_1_crop_000.png,train,1,schizont,273,830,361,943,ground_truth
images/Trip 804 Day 1 02-12-05 Image 19 add_1.png,Trip 804 Day 1 02-12-05 Image 19 add_1_crop_001.png,train,1,schizont,161,107,252,217,ground_truth
images/Trip 804 Day 1 02-12-05 Image 19 add_1.png,Trip 804 Day 1 02-12-05 Image 19 add_1_crop_002.png,train,1,schizont,706,865,794,963,ground_truth
images/Trip 804 Day 1 02-12-05 Image 19 add_1.png,Trip 804 Day 1 02-12-05 Image 19 add_1_crop_003.png,train,1,schizont,768,182,864,279,ground_truth
images/Trip 804 Day 1 02-12-05 Image 19 add_10.png,Trip 804 Day 1 02-12-05 Image 19 add_10_crop_000.png,test,1,schizont,1054,319,1147,408,ground_truth
images/Trip 804 Day 1 02-12-05 Image 19 add_10.png,Trip 804 Day 1 02-12-05 Image 19 add_10_crop_001.png,test,2,trophozoite,141,243,220,319,ground_truth
images/Trip 804 Day 1 02-12-05 Image 19 add_10.png,Trip 804 Day 1 02-12-05 Image 19 add_10_crop_002.png,test,0,ring,483,248,503,271,ground_truth
images/Trip 804 Day 1 02-12-05 Image 19 add_10.png,Trip 804 Day 1 02-12-05 Image 19 add_10_crop_003.png,test,0,ring,379,440,406,470,ground_truth
images/Trip 804 Day 1 02-12-05 Image 19 add_11.png,Trip 804 Day 1 02-12-05 Image 19 add_11_crop_000.png,test,1,schizont,507,481,613,609,ground_truth
images/Trip 804 Day 1 02-12-05 Image 19 add_11.png,Trip 804 Day 1 02-12-05 Image 19 add_11_crop_001.png,test,1,schizont,847,292,955,407,ground_truth
images/Trip 804 Day 1 02-12-05 Image 19 add_11.png,Trip 804 Day 1 02-12-05 Image 19 add_11_crop_002.png,test,1,schizont,960,205,1061,325,ground_truth
images/Trip 804 Day 1 02-12-05 Image 19 add_11.png,Trip 804 Day 1 02-12-05 Image 19 add_11_crop_003.png,test,0,ring,198,923,218,946,ground_truth
images/Trip 804 Day 1 02-12-05 Image 19 add_12.png,Trip 804 Day 1 02-12-05 Image 19 add_12_crop_000.png,val,1,schizont,371,31,475,135,ground_truth
images/Trip 804 Day 1 02-12-05 Image 19 add_12.png,Trip 804 Day 1 02-12-05 Image 19 add_12_crop_001.png,val,1,schizont,52,496,241,659,ground_truth
images/Trip 804 Day 1 02-12-05 Image 19 add_12.png,Trip 804 Day 1 02-12-05 Image 19 add_12_crop_002.png,val,1,schizont,52,496,241,659,ground_truth
images/Trip 804 Day 1 02-12-05 Image 19 add_13.png,Trip 804 Day 1 02-12-05 Image 19 add_13_crop_000.png,train,1,schizont,1242,331,1342,428,ground_truth
images/Trip 804 Day 1 02-12-05 Image 19 add_13.png,Trip 804 Day 1 02-12-05 Image 19 add_13_crop_001.png,train,2,trophozoite,798,986,836,1030,ground_truth
images/Trip 804 Day 1 02-12-05 Image 19 add_13.png,Trip 804 Day 1 02-12-05 Image 19 add_13_crop_002.png,train,0,ring,99,836,122,864,ground_truth
images/Trip 804 Day 1 02-12-05 Image 19 add_14.png,Trip 804 Day 1 02-12-05 Image 19 add_14_crop_000.png,train,1,schizont,505,901,606,1007,ground_truth
images/Trip 804 Day 1 02-12-05 Image 19 add_14.png,Trip 804 Day 1 02-12-05 Image 19 add_14_crop_001.png,train,1,schizont,342,889,415,969,ground_truth
images/Trip 804 Day 1 02-12-05 Image 19 add_14.png,Trip 804 Day 1 02-12-05 Image 19 add_14_crop_002.png,train,1,schizont,1182,382,1292,493,ground_truth
images/Trip 804 Day 1 02-12-05 Image 19 add_14.png,Trip 804 Day 1 02-12-05 Image 19 add_14_crop_003.png,train,0,ring,556,180,606,228,ground_truth
images/Trip 804 Day 1 02-12-05 Image 19 add_15.png,Trip 804 Day 1 02-12-05 Image 19 add_15_crop_000.png,train,1,schizont,13,85,114,177,ground_truth
images/Trip 804 Day 1 02-12-05 Image 19 add_15.png,Trip 804 Day 1 02-12-05 Image 19 add_15_crop_001.png,train,1,schizont,245,133,348,230,ground_truth
images/Trip 804 Day 1 02-12-05 Image 19 add_15.png,Trip 804 Day 1 02-12-05 Image 19 add_15_crop_002.png,train,1,schizont,216,517,325,611,ground_truth
images/Trip 804 Day 1 02-12-05 Image 19 add_15.png,Trip 804 Day 1 02-12-05 Image 19 add_15_crop_003.png,train,1,schizont,73,924,174,1030,ground_truth
images/Trip 804 Day 1 02-12-05 Image 19 add_15.png,Trip 804 Day 1 02-12-05 Image 19 add_15_crop_004.png,train,1,schizont,310,767,404,871,ground_truth
images/Trip 804 Day 1 02-12-05 Image 19 add_15.png,Trip 804 Day 1 02-12-05 Image 19 add_15_crop_005.png,train,1,schizont,40,507,147,611,ground_truth
images/Trip 804 Day 1 02-12-05 Image 19 add_15.png,Trip 804 Day 1 02-12-05 Image 19 add_15_crop_006.png,train,1,schizont,35,656,136,760,ground_truth
images/Trip 804 Day 1 02-12-05 Image 19 add_15.png,Trip 804 Day 1 02-12-05 Image 19 add_15_crop_007.png,train,1,schizont,783,107,883,208,ground_truth
images/Trip 804 Day 1 02-12-05 Image 19 add_15.png,Trip 804 Day 1 02-12-05 Image 19 add_15_crop_008.png,train,1,schizont,21,287,82,349,ground_truth
images/Trip 804 Day 1 02-12-05 Image 19 add_2.png,Trip 804 Day 1 02-12-05 Image 19 add_2_crop_000.png,val,1,schizont,874,321,977,436,ground_truth
images/Trip 804 Day 1 02-12-05 Image 19 add_2.png,Trip 804 Day 1 02-12-05 Image 19 add_2_crop_001.png,val,1,schizont,698,677,807,780,ground_truth
images/Trip 804 Day 1 02-12-05 Image 19 add_3.png,Trip 804 Day 1 02-12-05 Image 19 add_3_crop_000.png,train,1,schizont,909,54,1007,147,ground_truth
images/Trip 804 Day 1 02-12-05 Image 19 add_3.png,Trip 804 Day 1 02-12-05 Image 19 add_3_crop_001.png,train,0,ring,468,25,488,45,ground_truth
images/Trip 804 Day 1 02-12-05 Image 19 add_3.png,Trip 804 Day 1 02-12-05 Image 19 add_3_crop_002.png,train,1,schizont,0,282,50,372,ground_truth
images/Trip 804 Day 1 02-12-05 Image 19 add_3.png,Trip 804 Day 1 02-12-05 Image 19 add_3_crop_003.png,train,2,trophozoite,557,513,584,545,ground_truth
images/Trip 804 Day 1 02-12-05 Image 19 add_4.png,Trip 804 Day 1 02-12-05 Image 19 add_4_crop_000.png,train,2,trophozoite,919,538,990,644,ground_truth
images/Trip 804 Day 1 02-12-05 Image 19 add_4.png,Trip 804 Day 1 02-12-05 Image 19 add_4_crop_001.png,train,1,schizont,956,454,1045,586,ground_truth
images/Trip 804 Day 1 02-12-05 Image 19 add_4.png,Trip 804 Day 1 02-12-05 Image 19 add_4_crop_002.png,train,1,schizont,884,0,983,39,ground_truth
images/Trip 804 Day 1 02-12-05 Image 19 add_5.png,Trip 804 Day 1 02-12-05 Image 19 add_5_crop_000.png,train,1,schizont,5,692,167,852,ground_truth
images/Trip 804 Day 1 02-12-05 Image 19 add_5.png,Trip 804 Day 1 02-12-05 Image 19 add_5_crop_001.png,train,1,schizont,5,692,167,852,ground_truth
images/Trip 804 Day 1 02-12-05 Image 19 add_5.png,Trip 804 Day 1 02-12-05 Image 19 add_5_crop_002.png,train,0,ring,1010,728,1064,763,ground_truth
images/Trip 804 Day 1 02-12-05 Image 19 add_6.png,Trip 804 Day 1 02-12-05 Image 19 add_6_crop_000.png,train,1,schizont,136,143,228,243,ground_truth
images/Trip 804 Day 1 02-12-05 Image 19 add_6.png,Trip 804 Day 1 02-12-05 Image 19 add_6_crop_001.png,train,1,schizont,798,910,885,993,ground_truth
images/Trip 804 Day 1 02-12-05 Image 19 add_6.png,Trip 804 Day 1 02-12-05 Image 19 add_6_crop_002.png,train,1,schizont,1213,426,1299,520,ground_truth
images/Trip 804 Day 1 02-12-05 Image 19 add_7.png,Trip 804 Day 1 02-12-05 Image 19 add_7_crop_000.png,train,1,schizont,284,970,377,1030,ground_truth
images/Trip 804 Day 1 02-12-05 Image 19 add_7.png,Trip 804 Day 1 02-12-05 Image 19 add_7_crop_001.png,train,1,schizont,1276,168,1359,268,ground_truth
images/Trip 804 Day 1 02-12-05 Image 19 add_8.png,Trip 804 Day 1 02-12-05 Image 19 add_8_crop_000.png,train,1,schizont,1073,924,1191,1013,ground_truth
images/Trip 804 Day 1 02-12-05 Image 19 add_8.png,Trip 804 Day 1 02-12-05 Image 19 add_8_crop_001.png,train,1,schizont,781,815,875,914,ground_truth
images/Trip 804 Day 1 02-12-05 Image 19 add_9.png,Trip 804 Day 1 02-12-05 Image 19 add_9_crop_000.png,train,0,ring,968,22,1004,54,ground_truth
images/Trip 804 Day 1 02-12-05 Image 1_1.png,Trip 804 Day 1 02-12-05 Image 1_1_crop_000.png,val,1,schizont,159,316,247,422,ground_truth
images/Trip 804 Day 1 02-12-05 Image 1_1.png,Trip 804 Day 1 02-12-05 Image 1_1_crop_001.png,val,1,schizont,538,737,650,834,ground_truth
images/Trip 804 Day 1 02-12-05 Image 1_1.png,Trip 804 Day 1 02-12-05 Image 1_1_crop_002.png,val,1,schizont,174,52,278,158,ground_truth
images/Trip 804 Day 1 02-12-05 Image 1_1.png,Trip 804 Day 1 02-12-05 Image 1_1_crop_003.png,val,1,schizont,286,917,377,1005,ground_truth
images/Trip 804 Day 1 02-12-05 Image 1_1.png,Trip 804 Day 1 02-12-05 Image 1_1_crop_004.png,val,1,schizont,520,68,630,196,ground_truth
images/Trip 804 Day 1 02-12-05 Image 1_1.png,Trip 804 Day 1 02-12-05 Image 1_1_crop_005.png,val,1,schizont,807,595,893,695,ground_truth
images/Trip 804 Day 1 02-12-05 Image 1_1.png,Trip 804 Day 1 02-12-05 Image 1_1_crop_006.png,val,2,trophozoite,146,722,170,747,ground_truth
images/Trip 804 Day 1 02-12-05 Image 1_1.png,Trip 804 Day 1 02-12-05 Image 1_1_crop_007.png,val,1,schizont,231,888,292,945,ground_truth
images/Trip 804 Day 1 02-12-05 Image 1_10.png,Trip 804 Day 1 02-12-05 Image 1_10_crop_000.png,train,1,schizont,264,0,348,32,ground_truth
images/Trip 804 Day 1 02-12-05 Image 1_10.png,Trip 804 Day 1 02-12-05 Image 1_10_crop_001.png,train,0,ring,23,338,47,362,ground_truth
images/Trip 804 Day 1 02-12-05 Image 1_11.png,Trip 804 Day 1 02-12-05 Image 1_11_crop_000.png,train,1,schizont,1185,317,1285,408,ground_truth
images/Trip 804 Day 1 02-12-05 Image 1_11.png,Trip 804 Day 1 02-12-05 Image 1_11_crop_001.png,train,1,schizont,1020,335,1123,444,ground_truth
images/Trip 804 Day 1 02-12-05 Image 1_11.png,Trip 804 Day 1 02-12-05 Image 1_11_crop_002.png,train,0,ring,851,179,887,209,ground_truth
images/Trip 804 Day 1 02-12-05 Image 1_12.png,Trip 804 Day 1 02-12-05 Image 1_12_crop_000.png,train,1,schizont,4,68,95,206,ground_truth
images/Trip 804 Day 1 02-12-05 Image 1_12.png,Trip 804 Day 1 02-12-05 Image 1_12_crop_001.png,train,1,schizont,300,367,402,470,ground_truth
images/Trip 804 Day 1 02-12-05 Image 1_12.png,Trip 804 Day 1 02-12-05 Image 1_12_crop_002.png,train,2,trophozoite,602,246,659,305,ground_truth
images/Trip 804 Day 1 02-12-05 Image 1_12.png,Trip 804 Day 1 02-12-05 Image 1_12_crop_003.png,train,0,ring,137,306,156,327,ground_truth
images/Trip 804 Day 1 02-12-05 Image 1_15.png,Trip 804 Day 1 02-12-05 Image 1_15_crop_000.png,train,1,schizont,937,596,1035,710,ground_truth
images/Trip 804 Day 1 02-12-05 Image 1_15.png,Trip 804 Day 1 02-12-05 Image 1_15_crop_001.png,train,2,trophozoite,1179,611,1232,670,ground_truth
images/Trip 804 Day 1 02-12-05 Image 1_15.png,Trip 804 Day 1 02-12-05 Image 1_15_crop_002.png,train,0,ring,426,286,446,308,ground_truth
images/Trip 804 Day 1 02-12-05 Image 1_16.png,Trip 804 Day 1 02-12-05 Image 1_16_crop_000.png,val,1,schizont,61,255,160,364,ground_truth
images/Trip 804 Day 1 02-12-05 Image 1_2.png,Trip 804 Day 1 02-12-05 Image 1_2_crop_000.png,test,1,schizont,516,214,620,302,ground_truth
images/Trip 804 Day 1 02-12-05 Image 1_2.png,Trip 804 Day 1 02-12-05 Image 1_2_crop_001.png,test,2,trophozoite,464,808,511,871,ground_truth
images/Trip 804 Day 1 02-12-05 Image 1_2.png,Trip 804 Day 1 02-12-05 Image 1_2_crop_002.png,test,0,ring,575,767,605,793,ground_truth
images/Trip 804 Day 1 02-12-05 Image 1_3.png,Trip 804 Day 1 02-12-05 Image 1_3_crop_000.png,train,1,schizont,44,893,147,999,ground_truth
images/Trip 804 Day 1 02-12-05 Image 1_3.png,Trip 804 Day 1 02-12-05 Image 1_3_crop_001.png,train,1,schizont,467,500,589,637,ground_truth
images/Trip 804 Day 1 02-12-05 Image 1_3.png,Trip 804 Day 1 02-12-05 Image 1_3_crop_002.png,train,0,ring,1348,464,1371,485,ground_truth
images/Trip 804 Day 1 02-12-05 Image 1_5.png,Trip 804 Day 1 02-12-05 Image 1_5_crop_000.png,test,1,schizont,493,688,583,782,ground_truth
images/Trip 804 Day 1 02-12-05 Image 1_5.png,Trip 804 Day 1 02-12-05 Image 1_5_crop_001.png,test,1,schizont,61,709,162,807,ground_truth
images/Trip 804 Day 1 02-12-05 Image 1_5.png,Trip 804 Day 1 02-12-05 Image 1_5_crop_002.png,test,1,schizont,796,93,898,199,ground_truth
images/Trip 804 Day 1 02-12-05 Image 1_5.png,Trip 804 Day 1 02-12-05 Image 1_5_crop_003.png,test,1,schizont,633,970,756,1030,ground_truth
images/Trip 804 Day 1 02-12-05 Image 1_5.png,Trip 804 Day 1 02-12-05 Image 1_5_crop_004.png,test,2,trophozoite,123,181,173,241,ground_truth
images/Trip 804 Day 1 02-12-05 Image 1_5.png,Trip 804 Day 1 02-12-05 Image 1_5_crop_005.png,test,1,schizont,809,811,929,977,ground_truth
images/Trip 804 Day 1 02-12-05 Image 1_6.png,Trip 804 Day 1 02-12-05 Image 1_6_crop_000.png,val,1,schizont,1298,627,1382,729,ground_truth
images/Trip 804 Day 1 02-12-05 Image 1_6.png,Trip 804 Day 1 02-12-05 Image 1_6_crop_001.png,val,1,schizont,1311,496,1382,623,ground_truth
images/Trip 804 Day 1 02-12-05 Image 1_6.png,Trip 804 Day 1 02-12-05 Image 1_6_crop_002.png,val,2,trophozoite,366,619,460,696,ground_truth
images/Trip 804 Day 1 02-12-05 Image 1_6.png,Trip 804 Day 1 02-12-05 Image 1_6_crop_003.png,val,1,schizont,264,965,356,1030,ground_truth
images/Trip 804 Day 1 02-12-05 Image 1_6.png,Trip 804 Day 1 02-12-05 Image 1_6_crop_004.png,val,0,ring,698,5,719,26,ground_truth
images/Trip 804 Day 1 02-12-05 Image 1_7.png,Trip 804 Day 1 02-12-05 Image 1_7_crop_000.png,val,0,ring,621,716,640,736,ground_truth
images/Trip 804 Day 1 02-12-05 Image 1_7.png,Trip 804 Day 1 02-12-05 Image 1_7_crop_001.png,val,0,ring,1281,592,1299,611,ground_truth
images/Trip 804 Day 1 02-12-05 Image 1_8.png,Trip 804 Day 1 02-12-05 Image 1_8_crop_000.png,train,0,ring,856,349,892,385,ground_truth
images/Trip 804 Day 1 02-12-05 Image 1_8.png,Trip 804 Day 1 02-12-05 Image 1_8_crop_001.png,train,0,ring,319,438,337,456,ground_truth
images/Trip 804 Day 1 02-12-05 Image 1_9.png,Trip 804 Day 1 02-12-05 Image 1_9_crop_000.png,test,1,schizont,1084,291,1189,378,ground_truth
images/Trip 804 Day 1 02-12-05 Image 1_9.png,Trip 804 Day 1 02-12-05 Image 1_9_crop_001.png,test,1,schizont,313,291,404,399,ground_truth
images/Trip 804 Day 1 02-12-05 Image 1_9.png,Trip 804 Day 1 02-12-05 Image 1_9_crop_002.png,test,1,schizont,1033,185,1130,297,ground_truth
images/Trip 804 Day 1 02-12-05 Image 1_9.png,Trip 804 Day 1 02-12-05 Image 1_9_crop_003.png,test,1,schizont,280,0,380,91,ground_truth
images/Trip 804 Day 1 02-12-05 Image 1_9.png,Trip 804 Day 1 02-12-05 Image 1_9_crop_004.png,test,1,schizont,645,0,748,34,ground_truth
images/Trip 804 Day 1 02-12-05 Image 1_9.png,Trip 804 Day 1 02-12-05 Image 1_9_crop_005.png,test,0,ring,641,552,665,573,ground_truth
images/Trip 804 Day 1 02-12-05 Image 3_1.png,Trip 804 Day 1 02-12-05 Image 3_1_crop_000.png,train,1,schizont,278,611,385,720,ground_truth
images/Trip 804 Day 1 02-12-05 Image 3_1.png,Trip 804 Day 1 02-12-05 Image 3_1_crop_001.png,train,1,schizont,78,929,176,1029,ground_truth
images/Trip 804 Day 1 02-12-05 Image 3_1.png,Trip 804 Day 1 02-12-05 Image 3_1_crop_002.png,train,1,schizont,394,128,502,217,ground_truth
images/Trip 804 Day 1 02-12-05 Image 3_1.png,Trip 804 Day 1 02-12-05 Image 3_1_crop_003.png,train,1,schizont,911,120,1032,231,ground_truth
images/Trip 804 Day 1 02-12-05 Image 3_1.png,Trip 804 Day 1 02-12-05 Image 3_1_crop_004.png,train,1,schizont,188,769,270,878,ground_truth
images/Trip 804 Day 1 02-12-05 Image 3_1.png,Trip 804 Day 1 02-12-05 Image 3_1_crop_005.png,train,0,ring,911,120,1032,231,ground_truth
images/Trip 804 Day 1 02-12-05 Image 3_10.png,Trip 804 Day 1 02-12-05 Image 3_10_crop_000.png,train,1,schizont,1184,155,1289,272,ground_truth
images/Trip 804 Day 1 02-12-05 Image 3_10.png,Trip 804 Day 1 02-12-05 Image 3_10_crop_001.png,train,1,schizont,601,912,689,999,ground_truth
images/Trip 804 Day 1 02-12-05 Image 3_10.png,Trip 804 Day 1 02-12-05 Image 3_10_crop_002.png,train,1,schizont,460,442,554,534,ground_truth
images/Trip 804 Day 1 02-12-05 Image 3_10.png,Trip 804 Day 1 02-12-05 Image 3_10_crop_003.png,train,1,schizont,470,543,567,647,ground_truth
images/Trip 804 Day 1 02-12-05 Image 3_10.png,Trip 804 Day 1 02-12-05 Image 3_10_crop_004.png,train,1,schizont,1194,890,1290,979,ground_truth
images/Trip 804 Day 1 02-12-05 Image 3_11.png,Trip 804 Day 1 02-12-05 Image 3_11_crop_000.png,train,1,schizont,913,506,1015,601,ground_truth
images/Trip 804 Day 1 02-12-05 Image 3_11.png,Trip 804 Day 1 02-12-05 Image 3_11_crop_001.png,train,1,schizont,932,771,1020,864,ground_truth
images/Trip 804 Day 1 02-12-05 Image 3_11.png,Trip 804 Day 1 02-12-05 Image 3_11_crop_002.png,train,2,trophozoite,620,649,691,716,ground_truth
images/Trip 804 Day 1 02-12-05 Image 3_12.png,Trip 804 Day 1 02-12-05 Image 3_12_crop_000.png,train,1,schizont,0,596,65,694,ground_truth
images/Trip 804 Day 1 02-12-05 Image 3_12.png,Trip 804 Day 1 02-12-05 Image 3_12_crop_001.png,train,1,schizont,208,0,314,84,ground_truth
images/Trip 804 Day 1 02-12-05 Image 3_12.png,Trip 804 Day 1 02-12-05 Image 3_12_crop_002.png,train,1,schizont,512,502,604,588,ground_truth
images/Trip 804 Day 1 02-12-05 Image 3_12.png,Trip 804 Day 1 02-12-05 Image 3_12_crop_003.png,train,1,schizont,0,262,37,346,ground_truth
images/Trip 804 Day 1 02-12-05 Image 3_12.png,Trip 804 Day 1 02-12-05 Image 3_12_crop_004.png,train,1,schizont,729,643,842,734,ground_truth
images/Trip 804 Day 1 02-12-05 Image 3_12.png,Trip 804 Day 1 02-12-05 Image 3_12_crop_005.png,train,1,schizont,1174,101,1256,187,ground_truth
images/Trip 804 Day 1 02-12-05 Image 3_13.png,Trip 804 Day 1 02-12-05 Image 3_13_crop_000.png,train,1,schizont,31,894,124,1000,ground_truth
images/Trip 804 Day 1 02-12-05 Image 3_13.png,Trip 804 Day 1 02-12-05 Image 3_13_crop_001.png,train,0,ring,1153,871,1193,913,ground_truth
images/Trip 804 Day 1 02-12-05 Image 3_14.png,Trip 804 Day 1 02-12-05 Image 3_14_crop_000.png,train,1,schizont,274,662,359,758,ground_truth
images/Trip 804 Day 1 02-12-05 Image 3_14.png,Trip 804 Day 1 02-12-05 Image 3_14_crop_001.png,train,1,schizont,1306,358,1382,456,ground_truth
images/Trip 804 Day 1 02-12-05 Image 3_15.png,Trip 804 Day 1 02-12-05 Image 3_15_crop_000.png,train,1,schizont,565,84,670,176,ground_truth
images/Trip 804 Day 1 02-12-05 Image 3_15.png,Trip 804 Day 1 02-12-05 Image 3_15_crop_001.png,train,2,trophozoite,122,705,171,757,ground_truth
images/Trip 804 Day 1 02-12-05 Image 3_15.png,Trip 804 Day 1 02-12-05 Image 3_15_crop_002.png,train,0,ring,872,579,915,626,ground_truth
images/Trip 804 Day 1 02-12-05 Image 3_16.png,Trip 804 Day 1 02-12-05 Image 3_16_crop_000.png,train,1,schizont,376,556,474,656,ground_truth
images/Trip 804 Day 1 02-12-05 Image 3_16.png,Trip 804 Day 1 02-12-05 Image 3_16_crop_001.png,train,1,schizont,1178,141,1254,260,ground_truth
images/Trip 804 Day 1 02-12-05 Image 3_16.png,Trip 804 Day 1 02-12-05 Image 3_16_crop_002.png,train,1,schizont,535,464,645,569,ground_truth
images/Trip 804 Day 1 02-12-05 Image 3_2.png,Trip 804 Day 1 02-12-05 Image 3_2_crop_000.png,train,1,schizont,1089,250,1184,342,ground_truth
images/Trip 804 Day 1 02-12-05 Image 3_2.png,Trip 804 Day 1 02-12-05 Image 3_2_crop_001.png,train,1,schizont,1177,196,1275,295,ground_truth
images/Trip 804 Day 1 02-12-05 Image 3_2.png,Trip 804 Day 1 02-12-05 Image 3_2_crop_002.png,train,0,ring,489,244,513,286,ground_truth
images/Trip 804 Day 1 02-12-05 Image 3_2.png,Trip 804 Day 1 02-12-05 Image 3_2_crop_003.png,train,2,trophozoite,1144,481,1191,516,ground_truth
images/Trip 804 Day 1 02-12-05 Image 3_2.png,Trip 804 Day 1 02-12-05 Image 3_2_crop_004.png,train,0,ring,1048,977,1073,1004,ground_truth
images/Trip 804 Day 1 02-12-05 Image 3_2.png,Trip 804 Day 1 02-12-05 Image 3_2_crop_005.png,train,0,ring,1306,828,1342,870,ground_truth
images/Trip 804 Day 1 02-12-05 Image 3_3.png,Trip 804 Day 1 02-12-05 Image 3_3_crop_000.png,val,1,schizont,1071,885,1169,977,ground_truth
images/Trip 804 Day 1 02-12-05 Image 3_3.png,Trip 804 Day 1 02-12-05 Image 3_3_crop_001.png,val,1,schizont,128,8,233,98,ground_truth
images/Trip 804 Day 1 02-12-05 Image 3_3.png,Trip 804 Day 1 02-12-05 Image 3_3_crop_002.png,val,1,schizont,766,307,863,411,ground_truth
images/Trip 804 Day 1 02-12-05 Image 3_3.png,Trip 804 Day 1 02-12-05 Image 3_3_crop_003.png,val,1,schizont,814,407,912,496,ground_truth
images/Trip 804 Day 1 02-12-05 Image 3_3.png,Trip 804 Day 1 02-12-05 Image 3_3_crop_004.png,val,1,schizont,915,378,1011,461,ground_truth
images/Trip 804 Day 1 02-12-05 Image 3_3.png,Trip 804 Day 1 02-12-05 Image 3_3_crop_005.png,val,0,ring,584,611,623,667,ground_truth
images/Trip 804 Day 1 02-12-05 Image 3_4.png,Trip 804 Day 1 02-12-05 Image 3_4_crop_000.png,val,2,trophozoite,793,993,868,1029,ground_truth
images/Trip 804 Day 1 02-12-05 Image 3_4.png,Trip 804 Day 1 02-12-05 Image 3_4_crop_001.png,val,2,trophozoite,538,803,582,844,ground_truth
images/Trip 804 Day 1 02-12-05 Image 3_4.png,Trip 804 Day 1 02-12-05 Image 3_4_crop_002.png,val,0,ring,659,672,683,696,ground_truth
images/Trip 804 Day 1 02-12-05 Image 3_4.png,Trip 804 Day 1 02-12-05 Image 3_4_crop_003.png,val,0,ring,1336,493,1367,522,ground_truth
images/Trip 804 Day 1 02-12-05 Image 3_4.png,Trip 804 Day 1 02-12-05 Image 3_4_crop_004.png,val,0,ring,863,909,890,941,ground_truth
images/Trip 804 Day 1 02-12-05 Image 3_5.png,Trip 804 Day 1 02-12-05 Image 3_5_crop_000.png,train,1,schizont,693,44,788,138,ground_truth
images/Trip 804 Day 1 02-12-05 Image 3_5.png,Trip 804 Day 1 02-12-05 Image 3_5_crop_001.png,train,1,schizont,742,685,851,832,ground_truth
images/Trip 804 Day 1 02-12-05 Image 3_6.png,Trip 804 Day 1 02-12-05 Image 3_6_crop_000.png,train,1,schizont,956,260,1085,405,ground_truth
images/Trip 804 Day 1 02-12-05 Image 3_6.png,Trip 804 Day 1 02-12-05 Image 3_6_crop_001.png,train,1,schizont,1276,595,1378,688,ground_truth
images/Trip 804 Day 1 02-12-05 Image 3_6.png,Trip 804 Day 1 02-12-05 Image 3_6_crop_002.png,train,1,schizont,810,298,904,395,ground_truth
images/Trip 804 Day 1 02-12-05 Image 3_6.png,Trip 804 Day 1 02-12-05 Image 3_6_crop_003.png,train,1,schizont,73,96,168,178,ground_truth
images/Trip 804 Day 1 02-12-05 Image 3_6.png,Trip 804 Day 1 02-12-05 Image 3_6_crop_004.png,train,1,schizont,1262,730,1343,821,ground_truth
images/Trip 804 Day 1 02-12-05 Image 3_7.png,Trip 804 Day 1 02-12-05 Image 3_7_crop_000.png,train,1,schizont,898,193,991,273,ground_truth
images/Trip 804 Day 1 02-12-05 Image 3_7.png,Trip 804 Day 1 02-12-05 Image 3_7_crop_001.png,train,1,schizont,882,343,973,436,ground_truth
images/Trip 804 Day 1 02-12-05 Image 3_7.png,Trip 804 Day 1 02-12-05 Image 3_7_crop_002.png,train,1,schizont,1003,463,1089,561,ground_truth
images/Trip 804 Day 1 02-12-05 Image 3_7.png,Trip 804 Day 1 02-12-05 Image 3_7_crop_003.png,train,1,schizont,747,184,836,284,ground_truth
images/Trip 804 Day 1 02-12-05 Image 3_8.png,Trip 804 Day 1 02-12-05 Image 3_8_crop_000.png,test,1,schizont,645,579,733,672,ground_truth
images/Trip 804 Day 1 02-12-05 Image 3_8.png,Trip 804 Day 1 02-12-05 Image 3_8_crop_001.png,test,2,trophozoite,1256,208,1358,286,ground_truth
images/Trip 804 Day 1 02-12-05 Image 3_8.png,Trip 804 Day 1 02-12-05 Image 3_8_crop_002.png,test,1,schizont,810,0,866,25,ground_truth
images/Trip 804 Day 1 02-12-05 Image 3_9.png,Trip 804 Day 1 02-12-05 Image 3_9_crop_000.png,train,1,schizont,744,691,832,795,ground_truth
images/Trip 804 Day 1 02-12-05 Image 3_9.png,Trip 804 Day 1 02-12-05 Image 3_9_crop_001.png,train,1,schizont,367,852,450,979,ground_truth
images/Trip 804 Day 1 02-12-05 Image 3_9.png,Trip 804 Day 1 02-12-05 Image 3_9_crop_002.png,train,1,schizont,0,835,46,917,ground_truth
images/Trip 807 Day 1 07-12-05 Image 1_1.png,Trip 807 Day 1 07-12-05 Image 1_1_crop_000.png,train,2,trophozoite,134,181,228,246,ground_truth
images/Trip 807 Day 1 07-12-05 Image 1_1.png,Trip 807 Day 1 07-12-05 Image 1_1_crop_001.png,train,1,schizont,246,224,349,302,ground_truth
images/Trip 807 Day 1 07-12-05 Image 1_1.png,Trip 807 Day 1 07-12-05 Image 1_1_crop_002.png,train,1,schizont,196,92,280,179,ground_truth
images/Trip 807 Day 1 07-12-05 Image 1_10.png,Trip 807 Day 1 07-12-05 Image 1_10_crop_000.png,train,2,trophozoite,77,8,144,76,ground_truth
images/Trip 807 Day 1 07-12-05 Image 1_10.png,Trip 807 Day 1 07-12-05 Image 1_10_crop_001.png,train,2,trophozoite,77,8,144,76,ground_truth
images/Trip 807 Day 1 07-12-05 Image 1_10.png,Trip 807 Day 1 07-12-05 Image 1_10_crop_002.png,train,1,schizont,1251,337,1335,424,ground_truth
images/Trip 807 Day 1 07-12-05 Image 1_10.png,Trip 807 Day 1 07-12-05 Image 1_10_crop_003.png,train,1,schizont,1157,580,1247,655,ground_truth
images/Trip 807 Day 1 07-12-05 Image 1_10.png,Trip 807 Day 1 07-12-05 Image 1_10_crop_004.png,train,0,ring,911,842,959,885,ground_truth
images/Trip 807 Day 1 07-12-05 Image 1_11.png,Trip 807 Day 1 07-12-05 Image 1_11_crop_000.png,test,1,schizont,896,421,996,505,ground_truth
images/Trip 807 Day 1 07-12-05 Image 1_11.png,Trip 807 Day 1 07-12-05 Image 1_11_crop_001.png,test,1,schizont,107,711,202,799,ground_truth
images/Trip 807 Day 1 07-12-05 Image 1_12.png,Trip 807 Day 1 07-12-05 Image 1_12_crop_000.png,train,1,schizont,732,869,837,961,ground_truth
images/Trip 807 Day 1 07-12-05 Image 1_13.png,Trip 807 Day 1 07-12-05 Image 1_13_crop_000.png,test,1,schizont,426,439,504,547,ground_truth
images/Trip 807 Day 1 07-12-05 Image 1_13.png,Trip 807 Day 1 07-12-05 Image 1_13_crop_001.png,test,2,trophozoite,629,147,700,209,ground_truth
images/Trip 807 Day 1 07-12-05 Image 1_13.png,Trip 807 Day 1 07-12-05 Image 1_13_crop_002.png,test,1,schizont,450,600,524,676,ground_truth
images/Trip 807 Day 1 07-12-05 Image 1_13.png,Trip 807 Day 1 07-12-05 Image 1_13_crop_003.png,test,1,schizont,524,595,599,688,ground_truth
images/Trip 807 Day 1 07-12-05 Image 1_13.png,Trip 807 Day 1 07-12-05 Image 1_13_crop_004.png,test,1,schizont,0,189,80,309,ground_truth
images/Trip 807 Day 1 07-12-05 Image 1_14.png,Trip 807 Day 1 07-12-05 Image 1_14_crop_000.png,train,1,schizont,122,102,222,203,ground_truth
images/Trip 807 Day 1 07-12-05 Image 1_14.png,Trip 807 Day 1 07-12-05 Image 1_14_crop_001.png,train,1,schizont,1152,298,1225,369,ground_truth
images/Trip 807 Day 1 07-12-05 Image 1_15.png,Trip 807 Day 1 07-12-05 Image 1_15_crop_000.png,train,1,schizont,889,533,990,613,ground_truth
images/Trip 807 Day 1 07-12-05 Image 1_15.png,Trip 807 Day 1 07-12-05 Image 1_15_crop_001.png,train,2,trophozoite,541,699,616,790,ground_truth
images/Trip 807 Day 1 07-12-05 Image 1_16.png,Trip 807 Day 1 07-12-05 Image 1_16_crop_000.png,test,2,trophozoite,1130,364,1222,432,ground_truth
images/Trip 807 Day 1 07-12-05 Image 1_16.png,Trip 807 Day 1 07-12-05 Image 1_16_crop_001.png,test,2,trophozoite,562,497,613,541,ground_truth
images/Trip 807 Day 1 07-12-05 Image 1_2.png,Trip 807 Day 1 07-12-05 Image 1_2_crop_000.png,train,1,schizont,584,878,669,956,ground_truth
images/Trip 807 Day 1 07-12-05 Image 1_3.png,Trip 807 Day 1 07-12-05 Image 1_3_crop_000.png,test,2,trophozoite,917,224,1012,292,ground_truth
images/Trip 807 Day 1 07-12-05 Image 1_3.png,Trip 807 Day 1 07-12-05 Image 1_3_crop_001.png,test,1,schizont,543,38,631,130,ground_truth
images/Trip 807 Day 1 07-12-05 Image 1_3.png,Trip 807 Day 1 07-12-05 Image 1_3_crop_002.png,test,1,schizont,86,808,173,901,ground_truth
images/Trip 807 Day 1 07-12-05 Image 1_3.png,Trip 807 Day 1 07-12-05 Image 1_3_crop_003.png,test,1,schizont,935,114,1028,183,ground_truth
images/Trip 807 Day 1 07-12-05 Image 1_5.png,Trip 807 Day 1 07-12-05 Image 1_5_crop_000.png,test,2,trophozoite,1189,661,1265,741,ground_truth
images/Trip 807 Day 1 07-12-05 Image 1_5.png,Trip 807 Day 1 07-12-05 Image 1_5_crop_001.png,test,1,schizont,1247,402,1327,510,ground_truth
images/Trip 807 Day 1 07-12-05 Image 1_5.png,Trip 807 Day 1 07-12-05 Image 1_5_crop_002.png,test,1,schizont,476,594,567,726,ground_truth
images/Trip 807 Day 1 07-12-05 Image 1_6.png,Trip 807 Day 1 07-12-05 Image 1_6_crop_000.png,train,2,trophozoite,1091,356,1182,428,ground_truth
images/Trip 807 Day 1 07-12-05 Image 1_6.png,Trip 807 Day 1 07-12-05 Image 1_6_crop_001.png,train,0,ring,121,362,144,383,ground_truth
images/Trip 807 Day 1 07-12-05 Image 1_7.png,Trip 807 Day 1 07-12-05 Image 1_7_crop_000.png,val,2,trophozoite,85,699,180,785,ground_truth
images/Trip 807 Day 1 07-12-05 Image 1_7.png,Trip 807 Day 1 07-12-05 Image 1_7_crop_001.png,val,1,schizont,437,164,528,263,ground_truth
images/Trip 807 Day 1 07-12-05 Image 1_8.png,Trip 807 Day 1 07-12-05 Image 1_8_crop_000.png,train,1,schizont,1050,490,1179,589,ground_truth
images/Trip 807 Day 1 07-12-05 Image 1_8.png,Trip 807 Day 1 07-12-05 Image 1_8_crop_001.png,train,2,trophozoite,897,275,982,367,ground_truth
images/Trip 807 Day 1 07-12-05 Image 1_8.png,Trip 807 Day 1 07-12-05 Image 1_8_crop_002.png,train,2,trophozoite,398,162,477,240,ground_truth
images/Trip 807 Day 1 07-12-05 Image 1_8.png,Trip 807 Day 1 07-12-05 Image 1_8_crop_003.png,train,1,schizont,1251,807,1337,911,ground_truth
images/Trip 807 Day 1 07-12-05 Image 1_8.png,Trip 807 Day 1 07-12-05 Image 1_8_crop_004.png,train,1,schizont,1326,758,1381,832,ground_truth
images/Trip 807 Day 1 07-12-05 Image 1_9.png,Trip 807 Day 1 07-12-05 Image 1_9_crop_000.png,train,2,trophozoite,605,723,667,793,ground_truth
images/Trip 807 Day 1 07-12-05 Image 1_9.png,Trip 807 Day 1 07-12-05 Image 1_9_crop_001.png,train,1,schizont,572,795,641,850,ground_truth
images/Trip 807 Day 1 07-12-05 Image 1_9.png,Trip 807 Day 1 07-12-05 Image 1_9_crop_002.png,train,1,schizont,382,521,444,576,ground_truth
images/Trip 807 Day 1 07-12-05 Image 2_1.png,Trip 807 Day 1 07-12-05 Image 2_1_crop_000.png,train,1,schizont,141,684,216,752,ground_truth
images/Trip 807 Day 1 07-12-05 Image 2_1.png,Trip 807 Day 1 07-12-05 Image 2_1_crop_001.png,train,1,schizont,121,445,201,529,ground_truth
images/Trip 807 Day 1 07-12-05 Image 2_1.png,Trip 807 Day 1 07-12-05 Image 2_1_crop_002.png,train,1,schizont,1256,286,1349,354,ground_truth
images/Trip 807 Day 1 07-12-05 Image 2_1.png,Trip 807 Day 1 07-12-05 Image 2_1_crop_003.png,train,1,schizont,912,631,999,737,ground_truth
images/Trip 807 Day 1 07-12-05 Image 2_1.png,Trip 807 Day 1 07-12-05 Image 2_1_crop_004.png,train,1,schizont,1049,871,1143,977,ground_truth
images/Trip 807 Day 1 07-12-05 Image 2_1.png,Trip 807 Day 1 07-12-05 Image 2_1_crop_005.png,train,1,schizont,283,339,375,431,ground_truth
images/Trip 807 Day 1 07-12-05 Image 2_1.png,Trip 807 Day 1 07-12-05 Image 2_1_crop_006.png,train,2,trophozoite,49,116,99,176,ground_truth
images/Trip 807 Day 1 07-12-05 Image 2_1.png,Trip 807 Day 1 07-12-05 Image 2_1_crop_007.png,train,0,ring,53,953,75,975,ground_truth
images/Trip 807 Day 1 07-12-05 Image 2_10.png,Trip 807 Day 1 07-12-05 Image 2_10_crop_000.png,train,1,schizont,616,692,752,781,ground_truth
images/Trip 807 Day 1 07-12-05 Image 2_10.png,Trip 807 Day 1 07-12-05 Image 2_10_crop_001.png,train,1,schizont,1066,386,1134,458,ground_truth
images/Trip 807 Day 1 07-12-05 Image 2_11.png,Trip 807 Day 1 07-12-05 Image 2_11_crop_000.png,test,1,schizont,1135,446,1210,528,ground_truth
images/Trip 807 Day 1 07-12-05 Image 2_11.png,Trip 807 Day 1 07-12-05 Image 2_11_crop_001.png,test,1,schizont,161,881,259,976,ground_truth
images/Trip 807 Day 1 07-12-05 Image 2_11.png,Trip 807 Day 1 07-12-05 Image 2_11_crop_002.png,test,2,trophozoite,1095,206,1171,290,ground_truth
images/Trip 807 Day 1 07-12-05 Image 2_11.png,Trip 807 Day 1 07-12-05 Image 2_11_crop_003.png,test,1,schizont,297,214,388,317,ground_truth
images/Trip 807 Day 1 07-12-05 Image 2_12.png,Trip 807 Day 1 07-12-05 Image 2_12_crop_000.png,train,1,schizont,1129,572,1211,663,ground_truth
images/Trip 807 Day 1 07-12-05 Image 2_12.png,Trip 807 Day 1 07-12-05 Image 2_12_crop_001.png,train,1,schizont,148,391,224,476,ground_truth
images/Trip 807 Day 1 07-12-05 Image 2_12.png,Trip 807 Day 1 07-12-05 Image 2_12_crop_002.png,train,1,schizont,269,219,349,295,ground_truth
images/Trip 807 Day 1 07-12-05 Image 2_12.png,Trip 807 Day 1 07-12-05 Image 2_12_crop_003.png,train,1,schizont,537,203,622,254,ground_truth
images/Trip 807 Day 1 07-12-05 Image 2_13.png,Trip 807 Day 1 07-12-05 Image 2_13_crop_000.png,train,1,schizont,219,794,299,864,ground_truth
images/Trip 807 Day 1 07-12-05 Image 2_13.png,Trip 807 Day 1 07-12-05 Image 2_13_crop_001.png,train,1,schizont,76,880,191,1010,ground_truth
images/Trip 807 Day 1 07-12-05 Image 2_13.png,Trip 807 Day 1 07-12-05 Image 2_13_crop_002.png,train,1,schizont,76,880,191,1010,ground_truth
images/Trip 807 Day 1 07-12-05 Image 2_13.png,Trip 807 Day 1 07-12-05 Image 2_13_crop_003.png,train,1,schizont,687,361,814,423,ground_truth
images/Trip 807 Day 1 07-12-05 Image 2_13.png,Trip 807 Day 1 07-12-05 Image 2_13_crop_004.png,train,1,schizont,3,46,117,129,ground_truth
images/Trip 807 Day 1 07-12-05 Image 2_13.png,Trip 807 Day 1 07-12-05 Image 2_13_crop_005.png,train,1,schizont,171,532,239,626,ground_truth
images/Trip 807 Day 1 07-12-05 Image 2_13.png,Trip 807 Day 1 07-12-05 Image 2_13_crop_006.png,train,1,schizont,1012,692,1086,769,ground_truth
images/Trip 807 Day 1 07-12-05 Image 2_13.png,Trip 807 Day 1 07-12-05 Image 2_13_crop_007.png,train,1,schizont,0,973,47,1028,ground_truth
images/Trip 807 Day 1 07-12-05 Image 2_13.png,Trip 807 Day 1 07-12-05 Image 2_13_crop_008.png,train,1,schizont,1013,990,1073,1030,ground_truth
images/Trip 807 Day 1 07-12-05 Image 2_13.png,Trip 807 Day 1 07-12-05 Image 2_13_crop_009.png,train,1,schizont,933,975,1001,1030,ground_truth
images/Trip 807 Day 1 07-12-05 Image 2_14.png,Trip 807 Day 1 07-12-05 Image 2_14_crop_000.png,test,2,trophozoite,347,841,408,920,ground_truth
images/Trip 807 Day 1 07-12-05 Image 2_15.png,Trip 807 Day 1 07-12-05 Image 2_15_crop_000.png,train,1,schizont,501,892,662,1030,ground_truth
images/Trip 807 Day 1 07-12-05 Image 2_15.png,Trip 807 Day 1 07-12-05 Image 2_15_crop_001.png,train,1,schizont,1039,892,1135,964,ground_truth
images/Trip 807 Day 1 07-12-05 Image 2_15.png,Trip 807 Day 1 07-12-05 Image 2_15_crop_002.png,train,1,schizont,265,289,352,392,ground_truth
images/Trip 807 Day 1 07-12-05 Image 2_15.png,Trip 807 Day 1 07-12-05 Image 2_15_crop_003.png,train,1,schizont,238,27,313,98,ground_truth
images/Trip 807 Day 1 07-12-05 Image 2_15.png,Trip 807 Day 1 07-12-05 Image 2_15_crop_004.png,train,1,schizont,901,404,969,483,ground_truth
images/Trip 807 Day 1 07-12-05 Image 2_15.png,Trip 807 Day 1 07-12-05 Image 2_15_crop_005.png,train,2,trophozoite,1308,263,1364,322,ground_truth
images/Trip 807 Day 1 07-12-05 Image 2_15.png,Trip 807 Day 1 07-12-05 Image 2_15_crop_006.png,train,0,ring,137,78,162,102,ground_truth
images/Trip 807 Day 1 07-12-05 Image 2_15.png,Trip 807 Day 1 07-12-05 Image 2_15_crop_007.png,train,1,schizont,704,0,770,27,ground_truth
images/Trip 807 Day 1 07-12-05 Image 2_16.png,Trip 807 Day 1 07-12-05 Image 2_16_crop_000.png,train,1,schizont,198,523,291,616,ground_truth
images/Trip 807 Day 1 07-12-05 Image 2_16.png,Trip 807 Day 1 07-12-05 Image 2_16_crop_001.png,train,1,schizont,697,362,777,441,ground_truth
images/Trip 807 Day 1 07-12-05 Image 2_16.png,Trip 807 Day 1 07-12-05 Image 2_16_crop_002.png,train,1,schizont,697,362,777,441,ground_truth
images/Trip 807 Day 1 07-12-05 Image 2_16.png,Trip 807 Day 1 07-12-05 Image 2_16_crop_003.png,train,2,trophozoite,4,141,46,190,ground_truth
images/Trip 807 Day 1 07-12-05 Image 2_16.png,Trip 807 Day 1 07-12-05 Image 2_16_crop_004.png,train,1,schizont,156,844,237,924,ground_truth
images/Trip 807 Day 1 07-12-05 Image 2_16.png,Trip 807 Day 1 07-12-05 Image 2_16_crop_005.png,train,1,schizont,960,965,1025,1030,ground_truth
images/Trip 807 Day 1 07-12-05 Image 2_3.png,Trip 807 Day 1 07-12-05 Image 2_3_crop_000.png,train,1,schizont,853,856,933,933,ground_truth
images/Trip 807 Day 1 07-12-05 Image 2_3.png,Trip 807 Day 1 07-12-05 Image 2_3_crop_001.png,train,1,schizont,240,672,325,767,ground_truth
images/Trip 807 Day 1 07-12-05 Image 2_3.png,Trip 807 Day 1 07-12-05 Image 2_3_crop_002.png,train,1,schizont,189,789,275,900,ground_truth
images/Trip 807 Day 1 07-12-05 Image 2_3.png,Trip 807 Day 1 07-12-05 Image 2_3_crop_003.png,train,1,schizont,644,182,734,277,ground_truth
images/Trip 807 Day 1 07-12-05 Image 2_3.png,Trip 807 Day 1 07-12-05 Image 2_3_crop_004.png,train,1,schizont,1218,284,1368,377,ground_truth
images/Trip 807 Day 1 07-12-05 Image 2_3.png,Trip 807 Day 1 07-12-05 Image 2_3_crop_005.png,train,1,schizont,863,1000,910,1029,ground_truth
images/Trip 807 Day 1 07-12-05 Image 2_4.png,Trip 807 Day 1 07-12-05 Image 2_4_crop_000.png,train,2,trophozoite,505,124,567,191,ground_truth
images/Trip 807 Day 1 07-12-05 Image 2_4.png,Trip 807 Day 1 07-12-05 Image 2_4_crop_001.png,train,1,schizont,1250,497,1321,571,ground_truth
images/Trip 807 Day 1 07-12-05 Image 2_5.png,Trip 807 Day 1 07-12-05 Image 2_5_crop_000.png,train,1,schizont,850,540,928,672,ground_truth
images/Trip 807 Day 1 07-12-05 Image 2_5.png,Trip 807 Day 1 07-12-05 Image 2_5_crop_001.png,train,1,schizont,1116,918,1217,988,ground_truth
images/Trip 807 Day 1 07-12-05 Image 2_5.png,Trip 807 Day 1 07-12-05 Image 2_5_crop_002.png,train,2,trophozoite,346,750,414,817,ground_truth
images/Trip 807 Day 1 07-12-05 Image 2_5.png,Trip 807 Day 1 07-12-05 Image 2_5_crop_003.png,train,2,trophozoite,970,498,1041,569,ground_truth
images/Trip 807 Day 1 07-12-05 Image 2_7.png,Trip 807 Day 1 07-12-05 Image 2_7_crop_000.png,train,1,schizont,1028,98,1114,173,ground_truth
images/Trip 807 Day 1 07-12-05 Image 2_7.png,Trip 807 Day 1 07-12-05 Image 2_7_crop_001.png,train,2,trophozoite,875,0,907,25,ground_truth
images/Trip 807 Day 1 07-12-05 Image 2_8.png,Trip 807 Day 1 07-12-05 Image 2_8_crop_000.png,train,1,schizont,306,294,381,378,ground_truth
images/Trip 807 Day 1 07-12-05 Image 2_8.png,Trip 807 Day 1 07-12-05 Image 2_8_crop_001.png,train,1,schizont,130,805,193,885,ground_truth
images/Trip 807 Day 1 07-12-05 Image 2_8.png,Trip 807 Day 1 07-12-05 Image 2_8_crop_002.png,train,1,schizont,113,87,210,189,ground_truth
images/Trip 807 Day 1 07-12-05 Image 2_8.png,Trip 807 Day 1 07-12-05 Image 2_8_crop_003.png,train,1,schizont,510,102,581,185,ground_truth
images/Trip 807 Day 1 07-12-05 Image 2_8.png,Trip 807 Day 1 07-12-05 Image 2_8_crop_004.png,train,1,schizont,1321,259,1382,351,ground_truth
images/Trip 807 Day 1 07-12-05 Image 2_8.png,Trip 807 Day 1 07-12-05 Image 2_8_crop_005.png,train,1,schizont,1171,843,1248,973,ground_truth
images/Trip 807 Day 1 07-12-05 Image 2_9.png,Trip 807 Day 1 07-12-05 Image 2_9_crop_000.png,val,1,schizont,1071,262,1154,353,ground_truth
images/Trip 807 Day 1 07-12-05 Image 2_9.png,Trip 807 Day 1 07-12-05 Image 2_9_crop_001.png,val,1,schizont,916,659,998,748,ground_truth
images/Trip 807 Day 1 07-12-05 Image 2_9.png,Trip 807 Day 1 07-12-05 Image 2_9_crop_002.png,val,2,trophozoite,741,706,794,763,ground_truth
images/Trip 807 Day 1 07-12-05 Image 2_9.png,Trip 807 Day 1 07-12-05 Image 2_9_crop_003.png,val,2,trophozoite,1140,356,1199,410,ground_truth
images/Trip 807 Day 1 07-12-05 Image 6_1.png,Trip 807 Day 1 07-12-05 Image 6_1_crop_000.png,test,1,schizont,152,225,246,312,ground_truth
images/Trip 807 Day 1 07-12-05 Image 6_1.png,Trip 807 Day 1 07-12-05 Image 6_1_crop_001.png,test,1,schizont,375,167,485,274,ground_truth
images/Trip 807 Day 1 07-12-05 Image 6_1.png,Trip 807 Day 1 07-12-05 Image 6_1_crop_002.png,test,1,schizont,461,267,561,375,ground_truth
images/Trip 807 Day 1 07-12-05 Image 6_1.png,Trip 807 Day 1 07-12-05 Image 6_1_crop_003.png,test,2,trophozoite,1151,625,1216,697,ground_truth
images/Trip 807 Day 1 07-12-05 Image 6_1.png,Trip 807 Day 1 07-12-05 Image 6_1_crop_004.png,test,1,schizont,415,814,530,920,ground_truth
images/Trip 807 Day 1 07-12-05 Image 6_10.png,Trip 807 Day 1 07-12-05 Image 6_10_crop_000.png,train,1,schizont,977,77,1069,172,ground_truth
images/Trip 807 Day 1 07-12-05 Image 6_10.png,Trip 807 Day 1 07-12-05 Image 6_10_crop_001.png,train,1,schizont,98,666,195,766,ground_truth
images/Trip 807 Day 1 07-12-05 Image 6_10.png,Trip 807 Day 1 07-12-05 Image 6_10_crop_002.png,train,1,schizont,753,722,862,825,ground_truth
images/Trip 807 Day 1 07-12-05 Image 6_10.png,Trip 807 Day 1 07-12-05 Image 6_10_crop_003.png,train,1,schizont,761,612,854,719,ground_truth
images/Trip 807 Day 1 07-12-05 Image 6_10.png,Trip 807 Day 1 07-12-05 Image 6_10_crop_004.png,train,2,trophozoite,761,948,808,999,ground_truth
images/Trip 807 Day 1 07-12-05 Image 6_10.png,Trip 807 Day 1 07-12-05 Image 6_10_crop_005.png,train,1,schizont,977,77,1069,172,ground_truth
images/Trip 807 Day 1 07-12-05 Image 6_10.png,Trip 807 Day 1 07-12-05 Image 6_10_crop_006.png,train,0,ring,586,264,613,291,ground_truth
images/Trip 807 Day 1 07-12-05 Image 6_11.png,Trip 807 Day 1 07-12-05 Image 6_11_crop_000.png,train,1,schizont,140,713,203,787,ground_truth
images/Trip 807 Day 1 07-12-05 Image 6_13.png,Trip 807 Day 1 07-12-05 Image 6_13_crop_000.png,val,2,trophozoite,854,349,913,405,ground_truth
images/Trip 807 Day 1 07-12-05 Image 6_13.png,Trip 807 Day 1 07-12-05 Image 6_13_crop_001.png,val,2,trophozoite,501,202,567,273,ground_truth
images/Trip 807 Day 1 07-12-05 Image 6_13.png,Trip 807 Day 1 07-12-05 Image 6_13_crop_002.png,val,1,schizont,593,945,679,1029,ground_truth
images/Trip 807 Day 1 07-12-05 Image 6_13.png,Trip 807 Day 1 07-12-05 Image 6_13_crop_003.png,val,2,trophozoite,702,1007,770,1030,ground_truth
images/Trip 807 Day 1 07-12-05 Image 6_14.png,Trip 807 Day 1 07-12-05 Image 6_14_crop_000.png,test,1,schizont,183,398,285,505,ground_truth
images/Trip 807 Day 1 07-12-05 Image 6_14.png,Trip 807 Day 1 07-12-05 Image 6_14_crop_001.png,test,1,schizont,922,339,1014,429,ground_truth
images/Trip 807 Day 1 07-12-05 Image 6_15.png,Trip 807 Day 1 07-12-05 Image 6_15_crop_000.png,train,1,schizont,265,737,369,837,ground_truth
images/Trip 807 Day 1 07-12-05 Image 6_16.png,Trip 807 Day 1 07-12-05 Image 6_16_crop_000.png,train,1,schizont,69,457,162,540,ground_truth
images/Trip 807 Day 1 07-12-05 Image 6_16.png,Trip 807 Day 1 07-12-05 Image 6_16_crop_001.png,train,2,trophozoite,631,676,680,733,ground_truth
images/Trip 807 Day 1 07-12-05 Image 6_2.png,Trip 807 Day 1 07-12-05 Image 6_2_crop_000.png,val,1,schizont,1048,614,1145,706,ground_truth
images/Trip 807 Day 1 07-12-05 Image 6_4.png,Trip 807 Day 1 07-12-05 Image 6_4_crop_000.png,train,2,trophozoite,24,689,95,773,ground_truth
images/Trip 807 Day 1 07-12-05 Image 6_5.png,Trip 807 Day 1 07-12-05 Image 6_5_crop_000.png,train,1,schizont,985,519,1068,634,ground_truth
images/Trip 807 Day 1 07-12-05 Image 6_5.png,Trip 807 Day 1 07-12-05 Image 6_5_crop_001.png,train,1,schizont,1190,489,1273,613,ground_truth
images/Trip 807 Day 1 07-12-05 Image 6_5.png,Trip 807 Day 1 07-12-05 Image 6_5_crop_002.png,train,2,trophozoite,1027,358,1084,424,ground_truth
images/Trip 807 Day 1 07-12-05 Image 6_7.png,Trip 807 Day 1 07-12-05 Image 6_7_crop_000.png,train,1,schizont,500,961,607,1030,ground_truth
images/Trip 807 Day 1 07-12-05 Image 6_8.png,Trip 807 Day 1 07-12-05 Image 6_8_crop_000.png,train,1,schizont,1179,437,1269,537,ground_truth
images/Trip 807 Day 1 07-12-05 Image 8_1.png,Trip 807 Day 1 07-12-05 Image 8_1_crop_000.png,train,1,schizont,867,301,947,403,ground_truth
images/Trip 807 Day 1 07-12-05 Image 8_1.png,Trip 807 Day 1 07-12-05 Image 8_1_crop_001.png,train,1,schizont,217,163,334,271,ground_truth
images/Trip 807 Day 1 07-12-05 Image 8_1.png,Trip 807 Day 1 07-12-05 Image 8_1_crop_002.png,train,1,schizont,300,270,387,349,ground_truth
images/Trip 807 Day 1 07-12-05 Image 8_1.png,Trip 807 Day 1 07-12-05 Image 8_1_crop_003.png,train,1,schizont,470,883,538,947,ground_truth
images/Trip 807 Day 1 07-12-05 Image 8_1.png,Trip 807 Day 1 07-12-05 Image 8_1_crop_004.png,train,1,schizont,413,626,504,719,ground_truth
images/Trip 807 Day 1 07-12-05 Image 8_10.png,Trip 807 Day 1 07-12-05 Image 8_10_crop_000.png,train,1,schizont,1164,163,1283,259,ground_truth
images/Trip 807 Day 1 07-12-05 Image 8_10.png,Trip 807 Day 1 07-12-05 Image 8_10_crop_001.png,train,1,schizont,785,618,870,722,ground_truth
images/Trip 807 Day 1 07-12-05 Image 8_10.png,Trip 807 Day 1 07-12-05 Image 8_10_crop_002.png,train,1,schizont,883,690,988,795,ground_truth
images/Trip 807 Day 1 07-12-05 Image 8_10.png,Trip 807 Day 1 07-12-05 Image 8_10_crop_003.png,train,1,schizont,345,571,433,662,ground_truth
images/Trip 807 Day 1 07-12-05 Image 8_11.png,Trip 807 Day 1 07-12-05 Image 8_11_crop_000.png,train,1,schizont,507,100,585,199,ground_truth
images/Trip 807 Day 1 07-12-05 Image 8_12.png,Trip 807 Day 1 07-12-05 Image 8_12_crop_000.png,train,1,schizont,807,296,904,392,ground_truth
images/Trip 807 Day 1 07-12-05 Image 8_12.png,Trip 807 Day 1 07-12-05 Image 8_12_crop_001.png,train,1,schizont,1097,727,1185,810,ground_truth
images/Trip 807 Day 1 07-12-05 Image 8_13.png,Trip 807 Day 1 07-12-05 Image 8_13_crop_000.png,val,1,schizont,304,734,394,826,ground_truth
images/Trip 807 Day 1 07-12-05 Image 8_13.png,Trip 807 Day 1 07-12-05 Image 8_13_crop_001.png,val,1,schizont,99,312,175,431,ground_truth
images/Trip 807 Day 1 07-12-05 Image 8_14.png,Trip 807 Day 1 07-12-05 Image 8_14_crop_000.png,train,1,schizont,345,365,436,461,ground_truth
images/Trip 807 Day 1 07-12-05 Image 8_14.png,Trip 807 Day 1 07-12-05 Image 8_14_crop_001.png,train,2,trophozoite,304,849,360,901,ground_truth
images/Trip 807 Day 1 07-12-05 Image 8_15.png,Trip 807 Day 1 07-12-05 Image 8_15_crop_000.png,train,1,schizont,751,674,862,801,ground_truth
images/Trip 807 Day 1 07-12-05 Image 8_15.png,Trip 807 Day 1 07-12-05 Image 8_15_crop_001.png,train,1,schizont,176,698,274,803,ground_truth
images/Trip 807 Day 1 07-12-05 Image 8_15.png,Trip 807 Day 1 07-12-05 Image 8_15_crop_002.png,train,1,schizont,878,0,972,84,ground_truth
images/Trip 807 Day 1 07-12-05 Image 8_16.png,Trip 807 Day 1 07-12-05 Image 8_16_crop_000.png,train,1,schizont,279,367,403,456,ground_truth
images/Trip 807 Day 1 07-12-05 Image 8_16.png,Trip 807 Day 1 07-12-05 Image 8_16_crop_001.png,train,1,schizont,129,466,218,556,ground_truth
images/Trip 807 Day 1 07-12-05 Image 8_16.png,Trip 807 Day 1 07-12-05 Image 8_16_crop_002.png,train,1,schizont,901,927,984,1004,ground_truth
images/Trip 807 Day 1 07-12-05 Image 8_16.png,Trip 807 Day 1 07-12-05 Image 8_16_crop_003.png,train,2,trophozoite,56,907,121,964,ground_truth
images/Trip 807 Day 1 07-12-05 Image 8_16.png,Trip 807 Day 1 07-12-05 Image 8_16_crop_004.png,train,1,schizont,1332,164,1382,256,ground_truth
images/Trip 807 Day 1 07-12-05 Image 8_16.png,Trip 807 Day 1 07-12-05 Image 8_16_crop_005.png,train,1,schizont,353,959,444,1029,ground_truth
images/Trip 807 Day 1 07-12-05 Image 8_2.png,Trip 807 Day 1 07-12-05 Image 8_2_crop_000.png,train,1,schizont,719,695,821,798,ground_truth
images/Trip 807 Day 1 07-12-05 Image 8_3.png,Trip 807 Day 1 07-12-05 Image 8_3_crop_000.png,train,1,schizont,572,1000,641,1030,ground_truth
images/Trip 807 Day 1 07-12-05 Image 8_4.png,Trip 807 Day 1 07-12-05 Image 8_4_crop_000.png,val,1,schizont,453,606,555,700,ground_truth
images/Trip 807 Day 1 07-12-05 Image 8_5.png,Trip 807 Day 1 07-12-05 Image 8_5_crop_000.png,train,1,schizont,669,400,777,515,ground_truth
images/Trip 807 Day 1 07-12-05 Image 8_6.png,Trip 807 Day 1 07-12-05 Image 8_6_crop_000.png,train,1,schizont,73,639,169,729,ground_truth
images/Trip 807 Day 1 07-12-05 Image 8_6.png,Trip 807 Day 1 07-12-05 Image 8_6_crop_001.png,train,1,schizont,1050,222,1127,327,ground_truth
images/Trip 807 Day 1 07-12-05 Image 8_6.png,Trip 807 Day 1 07-12-05 Image 8_6_crop_002.png,train,1,schizont,888,351,955,419,ground_truth
images/Trip 807 Day 1 07-12-05 Image 8_6.png,Trip 807 Day 1 07-12-05 Image 8_6_crop_003.png,train,1,schizont,1088,305,1176,399,ground_truth
images/Trip 807 Day 1 07-12-05 Image 8_6.png,Trip 807 Day 1 07-12-05 Image 8_6_crop_004.png,train,1,schizont,702,545,808,651,ground_truth
images/Trip 807 Day 1 07-12-05 Image 8_7.png,Trip 807 Day 1 07-12-05 Image 8_7_crop_000.png,train,1,schizont,942,30,1069,131,ground_truth
images/Trip 807 Day 1 07-12-05 Image 8_7.png,Trip 807 Day 1 07-12-05 Image 8_7_crop_001.png,train,2,trophozoite,584,0,646,31,ground_truth
images/Trip 807 Day 1 07-12-05 Image 8_8.png,Trip 807 Day 1 07-12-05 Image 8_8_crop_000.png,val,1,schizont,1248,783,1333,861,ground_truth
images/Trip 807 Day 1 07-12-05 Image 8_8.png,Trip 807 Day 1 07-12-05 Image 8_8_crop_001.png,val,1,schizont,275,378,355,461,ground_truth
images/Trip 807 Day 1 07-12-05 Image 8_9.png,Trip 807 Day 1 07-12-05 Image 8_9_crop_000.png,val,2,trophozoite,941,193,1022,264,ground_truth
images/Trip 807 Day 1 07-12-05 Image 8_9.png,Trip 807 Day 1 07-12-05 Image 8_9_crop_001.png,val,1,schizont,256,45,349,151,ground_truth
images/Trip 808 Day 2 08-12-05 Image 1_1.png,Trip 808 Day 2 08-12-05 Image 1_1_crop_000.png,val,1,schizont,90,231,189,338,ground_truth
images/Trip 808 Day 2 08-12-05 Image 1_1.png,Trip 808 Day 2 08-12-05 Image 1_1_crop_001.png,val,2,trophozoite,1013,212,1081,277,ground_truth
images/Trip 808 Day 2 08-12-05 Image 1_1.png,Trip 808 Day 2 08-12-05 Image 1_1_crop_002.png,val,2,trophozoite,967,88,1025,124,ground_truth
images/Trip 808 Day 2 08-12-05 Image 1_1.png,Trip 808 Day 2 08-12-05 Image 1_1_crop_003.png,val,2,trophozoite,392,718,455,787,ground_truth
images/Trip 808 Day 2 08-12-05 Image 1_10.png,Trip 808 Day 2 08-12-05 Image 1_10_crop_000.png,train,1,schizont,794,227,898,310,ground_truth
images/Trip 808 Day 2 08-12-05 Image 1_10.png,Trip 808 Day 2 08-12-05 Image 1_10_crop_001.png,train,1,schizont,1224,0,1376,54,ground_truth
images/Trip 808 Day 2 08-12-05 Image 1_10.png,Trip 808 Day 2 08-12-05 Image 1_10_crop_002.png,train,0,ring,605,379,657,417,ground_truth
images/Trip 808 Day 2 08-12-05 Image 1_10.png,Trip 808 Day 2 08-12-05 Image 1_10_crop_003.png,train,0,ring,175,561,202,580,ground_truth
images/Trip 808 Day 2 08-12-05 Image 1_11.png,Trip 808 Day 2 08-12-05 Image 1_11_crop_000.png,val,1,schizont,1089,711,1165,794,ground_truth
images/Trip 808 Day 2 08-12-05 Image 1_11.png,Trip 808 Day 2 08-12-05 Image 1_11_crop_001.png,val,1,schizont,735,317,831,403,ground_truth
images/Trip 808 Day 2 08-12-05 Image 1_11.png,Trip 808 Day 2 08-12-05 Image 1_11_crop_002.png,val,1,schizont,191,386,282,476,ground_truth
images/Trip 808 Day 2 08-12-05 Image 1_11.png,Trip 808 Day 2 08-12-05 Image 1_11_crop_003.png,val,0,ring,205,956,249,1000,ground_truth
images/Trip 808 Day 2 08-12-05 Image 1_11.png,Trip 808 Day 2 08-12-05 Image 1_11_crop_004.png,val,2,trophozoite,1078,898,1138,955,ground_truth
images/Trip 808 Day 2 08-12-05 Image 1_11.png,Trip 808 Day 2 08-12-05 Image 1_11_crop_005.png,val,2,trophozoite,1086,633,1146,680,ground_truth
images/Trip 808 Day 2 08-12-05 Image 1_11.png,Trip 808 Day 2 08-12-05 Image 1_11_crop_006.png,val,2,trophozoite,69,974,144,1030,ground_truth
images/Trip 808 Day 2 08-12-05 Image 1_11.png,Trip 808 Day 2 08-12-05 Image 1_11_crop_007.png,val,0,ring,273,716,298,738,ground_truth
images/Trip 808 Day 2 08-12-05 Image 1_12.png,Trip 808 Day 2 08-12-05 Image 1_12_crop_000.png,val,2,trophozoite,261,330,325,418,ground_truth
images/Trip 808 Day 2 08-12-05 Image 1_12.png,Trip 808 Day 2 08-12-05 Image 1_12_crop_001.png,val,2,trophozoite,245,124,306,184,ground_truth
images/Trip 808 Day 2 08-12-05 Image 1_13.png,Trip 808 Day 2 08-12-05 Image 1_13_crop_000.png,val,1,schizont,1221,807,1330,888,ground_truth
images/Trip 808 Day 2 08-12-05 Image 1_13.png,Trip 808 Day 2 08-12-05 Image 1_13_crop_001.png,val,0,ring,1093,0,1134,43,ground_truth
images/Trip 808 Day 2 08-12-05 Image 1_13.png,Trip 808 Day 2 08-12-05 Image 1_13_crop_002.png,val,0,ring,971,688,1022,730,ground_truth
images/Trip 808 Day 2 08-12-05 Image 1_13.png,Trip 808 Day 2 08-12-05 Image 1_13_crop_003.png,val,0,ring,1280,293,1313,326,ground_truth
images/Trip 808 Day 2 08-12-05 Image 1_14.png,Trip 808 Day 2 08-12-05 Image 1_14_crop_000.png,train,0,ring,524,518,568,559,ground_truth
images/Trip 808 Day 2 08-12-05 Image 1_14.png,Trip 808 Day 2 08-12-05 Image 1_14_crop_001.png,train,2,trophozoite,1248,86,1314,135,ground_truth
images/Trip 808 Day 2 08-12-05 Image 1_14.png,Trip 808 Day 2 08-12-05 Image 1_14_crop_002.png,train,2,trophozoite,928,782,991,828,ground_truth
images/Trip 808 Day 2 08-12-05 Image 1_14.png,Trip 808 Day 2 08-12-05 Image 1_14_crop_003.png,train,2,trophozoite,92,832,153,904,ground_truth
images/Trip 808 Day 2 08-12-05 Image 1_14.png,Trip 808 Day 2 08-12-05 Image 1_14_crop_004.png,train,0,ring,1088,528,1113,549,ground_truth
images/Trip 808 Day 2 08-12-05 Image 1_16.png,Trip 808 Day 2 08-12-05 Image 1_16_crop_000.png,train,1,schizont,747,944,829,1019,ground_truth
images/Trip 808 Day 2 08-12-05 Image 1_16.png,Trip 808 Day 2 08-12-05 Image 1_16_crop_001.png,train,2,trophozoite,763,805,820,872,ground_truth
images/Trip 808 Day 2 08-12-05 Image 1_16.png,Trip 808 Day 2 08-12-05 Image 1_16_crop_002.png,train,2,trophozoite,262,671,326,734,ground_truth
images/Trip 808 Day 2 08-12-05 Image 1_16.png,Trip 808 Day 2 08-12-05 Image 1_16_crop_003.png,train,0,ring,681,893,703,914,ground_truth
images/Trip 808 Day 2 08-12-05 Image 1_2.png,Trip 808 Day 2 08-12-05 Image 1_2_crop_000.png,train,2,trophozoite,790,696,852,758,ground_truth
images/Trip 808 Day 2 08-12-05 Image 1_3.png,Trip 808 Day 2 08-12-05 Image 1_3_crop_000.png,train,2,trophozoite,832,0,888,52,ground_truth
images/Trip 808 Day 2 08-12-05 Image 1_4.png,Trip 808 Day 2 08-12-05 Image 1_4_crop_000.png,train,2,trophozoite,399,638,483,714,ground_truth
images/Trip 808 Day 2 08-12-05 Image 1_4.png,Trip 808 Day 2 08-12-05 Image 1_4_crop_001.png,train,2,trophozoite,329,25,402,79,ground_truth
images/Trip 808 Day 2 08-12-05 Image 1_4.png,Trip 808 Day 2 08-12-05 Image 1_4_crop_002.png,train,2,trophozoite,1354,281,1382,334,ground_truth
images/Trip 808 Day 2 08-12-05 Image 1_4.png,Trip 808 Day 2 08-12-05 Image 1_4_crop_003.png,train,0,ring,44,137,67,159,ground_truth
images/Trip 808 Day 2 08-12-05 Image 1_4.png,Trip 808 Day 2 08-12-05 Image 1_4_crop_004.png,train,0,ring,1065,556,1097,583,ground_truth
images/Trip 808 Day 2 08-12-05 Image 1_6.png,Trip 808 Day 2 08-12-05 Image 1_6_crop_000.png,train,1,schizont,1282,956,1382,1030,ground_truth
images/Trip 808 Day 2 08-12-05 Image 1_6.png,Trip 808 Day 2 08-12-05 Image 1_6_crop_001.png,train,1,schizont,897,153,971,228,ground_truth
images/Trip 808 Day 2 08-12-05 Image 1_6.png,Trip 808 Day 2 08-12-05 Image 1_6_crop_002.png,train,0,ring,421,572,447,595,ground_truth
images/Trip 808 Day 2 08-12-05 Image 1_7.png,Trip 808 Day 2 08-12-05 Image 1_7_crop_000.png,train,1,schizont,873,745,958,840,ground_truth
images/Trip 808 Day 2 08-12-05 Image 1_7.png,Trip 808 Day 2 08-12-05 Image 1_7_crop_001.png,train,2,trophozoite,257,494,323,560,ground_truth
images/Trip 808 Day 2 08-12-05 Image 1_8.png,Trip 808 Day 2 08-12-05 Image 1_8_crop_000.png,train,2,trophozoite,115,633,212,710,ground_truth
images/Trip 808 Day 2 08-12-05 Image 1_8.png,Trip 808 Day 2 08-12-05 Image 1_8_crop_001.png,train,2,trophozoite,899,818,962,866,ground_truth
images/Trip 808 Day 2 08-12-05 Image 1_8.png,Trip 808 Day 2 08-12-05 Image 1_8_crop_002.png,train,0,ring,167,884,216,937,ground_truth
images/Trip 808 Day 2 08-12-05 Image 1_9.png,Trip 808 Day 2 08-12-05 Image 1_9_crop_000.png,train,1,schizont,0,80,91,161,ground_truth
images/Trip 808 Day 2 08-12-05 Image 1_9.png,Trip 808 Day 2 08-12-05 Image 1_9_crop_001.png,train,0,ring,879,848,908,882,ground_truth
images/Trip 808 Day 2 08-12-05 Image 3_1.png,Trip 808 Day 2 08-12-05 Image 3_1_crop_000.png,train,1,schizont,1312,688,1382,769,ground_truth
images/Trip 808 Day 2 08-12-05 Image 3_1.png,Trip 808 Day 2 08-12-05 Image 3_1_crop_001.png,train,0,ring,78,303,124,353,ground_truth
images/Trip 808 Day 2 08-12-05 Image 3_1.png,Trip 808 Day 2 08-12-05 Image 3_1_crop_002.png,train,0,ring,311,356,360,403,ground_truth
images/Trip 808 Day 2 08-12-05 Image 3_1.png,Trip 808 Day 2 08-12-05 Image 3_1_crop_003.png,train,1,schizont,190,222,281,310,ground_truth
images/Trip 808 Day 2 08-12-05 Image 3_1.png,Trip 808 Day 2 08-12-05 Image 3_1_crop_004.png,train,2,trophozoite,640,945,705,1007,ground_truth
images/Trip 808 Day 2 08-12-05 Image 3_1.png,Trip 808 Day 2 08-12-05 Image 3_1_crop_005.png,train,2,trophozoite,1195,378,1258,445,ground_truth
images/Trip 808 Day 2 08-12-05 Image 3_10.png,Trip 808 Day 2 08-12-05 Image 3_10_crop_000.png,test,1,schizont,764,935,848,1021,ground_truth
images/Trip 808 Day 2 08-12-05 Image 3_11.png,Trip 808 Day 2 08-12-05 Image 3_11_crop_000.png,val,1,schizont,962,0,1061,125,ground_truth
images/Trip 808 Day 2 08-12-05 Image 3_11.png,Trip 808 Day 2 08-12-05 Image 3_11_crop_001.png,val,1,schizont,339,462,412,546,ground_truth
images/Trip 808 Day 2 08-12-05 Image 3_11.png,Trip 808 Day 2 08-12-05 Image 3_11_crop_002.png,val,1,schizont,1330,378,1382,477,ground_truth
images/Trip 808 Day 2 08-12-05 Image 3_11.png,Trip 808 Day 2 08-12-05 Image 3_11_crop_003.png,val,0,ring,1073,348,1094,367,ground_truth
images/Trip 808 Day 2 08-12-05 Image 3_12.png,Trip 808 Day 2 08-12-05 Image 3_12_crop_000.png,train,1,schizont,76,277,203,383,ground_truth
images/Trip 808 Day 2 08-12-05 Image 3_12.png,Trip 808 Day 2 08-12-05 Image 3_12_crop_001.png,train,1,schizont,303,608,405,716,ground_truth
images/Trip 808 Day 2 08-12-05 Image 3_12.png,Trip 808 Day 2 08-12-05 Image 3_12_crop_002.png,train,2,trophozoite,1076,109,1135,167,ground_truth
images/Trip 808 Day 2 08-12-05 Image 3_12.png,Trip 808 Day 2 08-12-05 Image 3_12_crop_003.png,train,0,ring,182,849,204,869,ground_truth
images/Trip 808 Day 2 08-12-05 Image 3_13.png,Trip 808 Day 2 08-12-05 Image 3_13_crop_000.png,train,1,schizont,862,244,950,320,ground_truth
images/Trip 808 Day 2 08-12-05 Image 3_13.png,Trip 808 Day 2 08-12-05 Image 3_13_crop_001.png,train,2,trophozoite,880,873,934,929,ground_truth
images/Trip 808 Day 2 08-12-05 Image 3_13.png,Trip 808 Day 2 08-12-05 Image 3_13_crop_002.png,train,2,trophozoite,1045,229,1117,301,ground_truth
images/Trip 808 Day 2 08-12-05 Image 3_13.png,Trip 808 Day 2 08-12-05 Image 3_13_crop_003.png,train,2,trophozoite,1267,711,1337,778,ground_truth
images/Trip 808 Day 2 08-12-05 Image 3_13.png,Trip 808 Day 2 08-12-05 Image 3_13_crop_004.png,train,0,ring,140,427,159,446,ground_truth
images/Trip 808 Day 2 08-12-05 Image 3_14.png,Trip 808 Day 2 08-12-05 Image 3_14_crop_000.png,val,2,trophozoite,564,464,639,521,ground_truth
images/Trip 808 Day 2 08-12-05 Image 3_14.png,Trip 808 Day 2 08-12-05 Image 3_14_crop_001.png,val,2,trophozoite,25,204,101,262,ground_truth
images/Trip 808 Day 2 08-12-05 Image 3_14.png,Trip 808 Day 2 08-12-05 Image 3_14_crop_002.png,val,2,trophozoite,827,149,888,207,ground_truth
images/Trip 808 Day 2 08-12-05 Image 3_14.png,Trip 808 Day 2 08-12-05 Image 3_14_crop_003.png,val,1,schizont,1337,611,1382,707,ground_truth
images/Trip 808 Day 2 08-12-05 Image 3_14.png,Trip 808 Day 2 08-12-05 Image 3_14_crop_004.png,val,0,ring,197,708,218,729,ground_truth
images/Trip 808 Day 2 08-12-05 Image 3_15.png,Trip 808 Day 2 08-12-05 Image 3_15_crop_000.png,train,0,ring,472,346,515,393,ground_truth
images/Trip 808 Day 2 08-12-05 Image 3_15.png,Trip 808 Day 2 08-12-05 Image 3_15_crop_001.png,train,1,schizont,787,32,887,139,ground_truth
images/Trip 808 Day 2 08-12-05 Image 3_15.png,Trip 808 Day 2 08-12-05 Image 3_15_crop_002.png,train,0,ring,908,310,937,346,ground_truth
images/Trip 808 Day 2 08-12-05 Image 3_15.png,Trip 808 Day 2 08-12-05 Image 3_15_crop_003.png,train,1,schizont,0,600,46,699,ground_truth
images/Trip 808 Day 2 08-12-05 Image 3_16.png,Trip 808 Day 2 08-12-05 Image 3_16_crop_000.png,val,1,schizont,922,684,991,780,ground_truth
images/Trip 808 Day 2 08-12-05 Image 3_16.png,Trip 808 Day 2 08-12-05 Image 3_16_crop_001.png,val,0,ring,804,89,852,139,ground_truth
images/Trip 808 Day 2 08-12-05 Image 3_16.png,Trip 808 Day 2 08-12-05 Image 3_16_crop_002.png,val,2,trophozoite,1202,851,1265,910,ground_truth
images/Trip 808 Day 2 08-12-05 Image 3_2.png,Trip 808 Day 2 08-12-05 Image 3_2_crop_000.png,train,0,ring,5,600,67,658,ground_truth
images/Trip 808 Day 2 08-12-05 Image 3_2.png,Trip 808 Day 2 08-12-05 Image 3_2_crop_001.png,train,1,schizont,1131,0,1216,52,ground_truth
images/Trip 808 Day 2 08-12-05 Image 3_2.png,Trip 808 Day 2 08-12-05 Image 3_2_crop_002.png,train,1,schizont,1220,0,1339,57,ground_truth
images/Trip 808 Day 2 08-12-05 Image 3_2.png,Trip 808 Day 2 08-12-05 Image 3_2_crop_003.png,train,0,ring,414,505,439,533,ground_truth
images/Trip 808 Day 2 08-12-05 Image 3_5.png,Trip 808 Day 2 08-12-05 Image 3_5_crop_000.png,train,1,schizont,775,151,900,244,ground_truth
images/Trip 808 Day 2 08-12-05 Image 3_5.png,Trip 808 Day 2 08-12-05 Image 3_5_crop_001.png,train,1,schizont,732,407,812,528,ground_truth
images/Trip 808 Day 2 08-12-05 Image 3_5.png,Trip 808 Day 2 08-12-05 Image 3_5_crop_002.png,train,1,schizont,1070,50,1155,136,ground_truth
images/Trip 808 Day 2 08-12-05 Image 3_5.png,Trip 808 Day 2 08-12-05 Image 3_5_crop_003.png,train,0,ring,38,785,61,805,ground_truth
images/Trip 808 Day 2 08-12-05 Image 3_6.png,Trip 808 Day 2 08-12-05 Image 3_6_crop_000.png,train,1,schizont,758,379,862,471,ground_truth
images/Trip 808 Day 2 08-12-05 Image 3_6.png,Trip 808 Day 2 08-12-05 Image 3_6_crop_001.png,train,1,schizont,719,570,800,665,ground_truth
images/Trip 808 Day 2 08-12-05 Image 3_6.png,Trip 808 Day 2 08-12-05 Image 3_6_crop_002.png,train,2,trophozoite,539,647,591,700,ground_truth
images/Trip 808 Day 2 08-12-05 Image 3_7.png,Trip 808 Day 2 08-12-05 Image 3_7_crop_000.png,test,1,schizont,1033,370,1109,446,ground_truth
images/Trip 808 Day 2 08-12-05 Image 3_7.png,Trip 808 Day 2 08-12-05 Image 3_7_crop_001.png,test,1,schizont,530,879,596,937,ground_truth
images/Trip 808 Day 2 08-12-05 Image 3_7.png,Trip 808 Day 2 08-12-05 Image 3_7_crop_002.png,test,0,ring,30,443,54,472,ground_truth
images/Trip 808 Day 2 08-12-05 Image 3_8.png,Trip 808 Day 2 08-12-05 Image 3_8_crop_000.png,train,0,ring,577,220,631,271,ground_truth
images/Trip 808 Day 2 08-12-05 Image 3_8.png,Trip 808 Day 2 08-12-05 Image 3_8_crop_001.png,train,1,schizont,736,431,814,511,ground_truth
images/Trip 808 Day 2 08-12-05 Image 3_8.png,Trip 808 Day 2 08-12-05 Image 3_8_crop_002.png,train,2,trophozoite,717,541,788,597,ground_truth
images/Trip 808 Day 2 08-12-05 Image 3_8.png,Trip 808 Day 2 08-12-05 Image 3_8_crop_003.png,train,0,ring,925,114,949,155,ground_truth
images/Trip 808 Day 2 08-12-05 Image 3_8.png,Trip 808 Day 2 08-12-05 Image 3_8_crop_004.png,train,0,ring,836,960,859,980,ground_truth
images/Trip 808 Day 2 08-12-05 Image 3_9.png,Trip 808 Day 2 08-12-05 Image 3_9_crop_000.png,train,1,schizont,1271,3,1351,94,ground_truth
images/Trip 808 Day 2 08-12-05 Image 3_9.png,Trip 808 Day 2 08-12-05 Image 3_9_crop_001.png,train,0,ring,993,490,1040,532,ground_truth
images/Trip 808 Day 2 08-12-05 Image 3_9.png,Trip 808 Day 2 08-12-05 Image 3_9_crop_002.png,train,1,schizont,12,646,126,754,ground_truth
images/Trip 808 Day 2 08-12-05 Image 3_9.png,Trip 808 Day 2 08-12-05 Image 3_9_crop_003.png,train,2,trophozoite,1172,148,1224,196,ground_truth
images/Trip 808 Day 2 08-12-05 Image 3_9.png,Trip 808 Day 2 08-12-05 Image 3_9_crop_004.png,train,0,ring,556,592,593,636,ground_truth
images/Trip 808 Day 2 08-12-05 Image 3_9.png,Trip 808 Day 2 08-12-05 Image 3_9_crop_005.png,train,1,schizont,350,58,483,165,ground_truth
images/Trip 808 Day 2 08-12-05 Image 5_1.png,Trip 808 Day 2 08-12-05 Image 5_1_crop_000.png,train,1,schizont,301,614,426,731,ground_truth
images/Trip 808 Day 2 08-12-05 Image 5_1.png,Trip 808 Day 2 08-12-05 Image 5_1_crop_001.png,train,2,trophozoite,518,89,569,144,ground_truth
images/Trip 808 Day 2 08-12-05 Image 5_1.png,Trip 808 Day 2 08-12-05 Image 5_1_crop_002.png,train,2,trophozoite,242,870,300,939,ground_truth
images/Trip 808 Day 2 08-12-05 Image 5_1.png,Trip 808 Day 2 08-12-05 Image 5_1_crop_003.png,train,0,ring,239,543,258,561,ground_truth
images/Trip 808 Day 2 08-12-05 Image 5_1.png,Trip 808 Day 2 08-12-05 Image 5_1_crop_004.png,train,0,ring,99,584,119,605,ground_truth
images/Trip 808 Day 2 08-12-05 Image 5_10.png,Trip 808 Day 2 08-12-05 Image 5_10_crop_000.png,test,1,schizont,1026,856,1141,977,ground_truth
images/Trip 808 Day 2 08-12-05 Image 5_10.png,Trip 808 Day 2 08-12-05 Image 5_10_crop_001.png,test,2,trophozoite,245,755,316,823,ground_truth
images/Trip 808 Day 2 08-12-05 Image 5_11.png,Trip 808 Day 2 08-12-05 Image 5_11_crop_000.png,train,1,schizont,931,153,1036,283,ground_truth
images/Trip 808 Day 2 08-12-05 Image 5_11.png,Trip 808 Day 2 08-12-05 Image 5_11_crop_001.png,train,1,schizont,843,23,959,129,ground_truth
images/Trip 808 Day 2 08-12-05 Image 5_11.png,Trip 808 Day 2 08-12-05 Image 5_11_crop_002.png,train,1,schizont,697,531,808,645,ground_truth
images/Trip 808 Day 2 08-12-05 Image 5_11.png,Trip 808 Day 2 08-12-05 Image 5_11_crop_003.png,train,2,trophozoite,626,800,691,868,ground_truth
images/Trip 808 Day 2 08-12-05 Image 5_11.png,Trip 808 Day 2 08-12-05 Image 5_11_crop_004.png,train,2,trophozoite,295,584,359,644,ground_truth
images/Trip 808 Day 2 08-12-05 Image 5_12.png,Trip 808 Day 2 08-12-05 Image 5_12_crop_000.png,train,1,schizont,167,730,270,839,ground_truth
images/Trip 808 Day 2 08-12-05 Image 5_13.png,Trip 808 Day 2 08-12-05 Image 5_13_crop_000.png,test,1,schizont,412,623,538,706,ground_truth
images/Trip 808 Day 2 08-12-05 Image 5_14.png,Trip 808 Day 2 08-12-05 Image 5_14_crop_000.png,train,2,trophozoite,65,0,131,57,ground_truth
images/Trip 808 Day 2 08-12-05 Image 5_15.png,Trip 808 Day 2 08-12-05 Image 5_15_crop_000.png,test,1,schizont,990,70,1111,185,ground_truth
images/Trip 808 Day 2 08-12-05 Image 5_16.png,Trip 808 Day 2 08-12-05 Image 5_16_crop_000.png,test,1,schizont,874,222,974,319,ground_truth
images/Trip 808 Day 2 08-12-05 Image 5_16.png,Trip 808 Day 2 08-12-05 Image 5_16_crop_001.png,test,1,schizont,944,313,1038,410,ground_truth
images/Trip 808 Day 2 08-12-05 Image 5_16.png,Trip 808 Day 2 08-12-05 Image 5_16_crop_002.png,test,1,schizont,1010,528,1132,631,ground_truth
images/Trip 808 Day 2 08-12-05 Image 5_16.png,Trip 808 Day 2 08-12-05 Image 5_16_crop_003.png,test,0,ring,453,424,477,454,ground_truth
images/Trip 808 Day 2 08-12-05 Image 5_2.png,Trip 808 Day 2 08-12-05 Image 5_2_crop_000.png,train,1,schizont,231,414,355,557,ground_truth
images/Trip 808 Day 2 08-12-05 Image 5_3.png,Trip 808 Day 2 08-12-05 Image 5_3_crop_000.png,train,2,trophozoite,177,333,282,424,ground_truth
images/Trip 808 Day 2 08-12-05 Image 5_3.png,Trip 808 Day 2 08-12-05 Image 5_3_crop_001.png,train,0,ring,685,983,707,1005,ground_truth
images/Trip 808 Day 2 08-12-05 Image 5_4.png,Trip 808 Day 2 08-12-05 Image 5_4_crop_000.png,train,2,trophozoite,780,993,832,1030,ground_truth
images/Trip 808 Day 2 08-12-05 Image 5_5.png,Trip 808 Day 2 08-12-05 Image 5_5_crop_000.png,val,1,schizont,1235,0,1364,114,ground_truth
images/Trip 808 Day 2 08-12-05 Image 5_5.png,Trip 808 Day 2 08-12-05 Image 5_5_crop_001.png,val,0,ring,449,829,509,875,ground_truth
images/Trip 808 Day 2 08-12-05 Image 5_5.png,Trip 808 Day 2 08-12-05 Image 5_5_crop_002.png,val,0,ring,946,506,973,532,ground_truth
images/Trip 808 Day 2 08-12-05 Image 5_5.png,Trip 808 Day 2 08-12-05 Image 5_5_crop_003.png,val,0,ring,321,929,343,954,ground_truth
images/Trip 808 Day 2 08-12-05 Image 5_6.png,Trip 808 Day 2 08-12-05 Image 5_6_crop_000.png,train,1,schizont,1014,236,1123,356,ground_truth
images/Trip 808 Day 2 08-12-05 Image 5_7.png,Trip 808 Day 2 08-12-05 Image 5_7_crop_000.png,val,1,schizont,668,155,778,254,ground_truth
images/Trip 808 Day 2 08-12-05 Image 5_7.png,Trip 808 Day 2 08-12-05 Image 5_7_crop_001.png,val,2,trophozoite,471,407,545,487,ground_truth
images/Trip 808 Day 2 08-12-05 Image 5_7.png,Trip 808 Day 2 08-12-05 Image 5_7_crop_002.png,val,1,schizont,652,643,776,752,ground_truth
images/Trip 808 Day 2 08-12-05 Image 5_7.png,Trip 808 Day 2 08-12-05 Image 5_7_crop_003.png,val,1,schizont,731,834,862,964,ground_truth
images/Trip 808 Day 2 08-12-05 Image 5_8.png,Trip 808 Day 2 08-12-05 Image 5_8_crop_000.png,train,1,schizont,1203,798,1314,890,ground_truth
images/Trip 808 Day 2 08-12-05 Image 5_8.png,Trip 808 Day 2 08-12-05 Image 5_8_crop_001.png,train,0,ring,574,981,615,1027,ground_truth
images/Trip 808 Day 2 08-12-05 Image 5_8.png,Trip 808 Day 2 08-12-05 Image 5_8_crop_002.png,train,1,schizont,1207,291,1325,388,ground_truth
images/Trip 808 Day 2 08-12-05 Image 5_9.png,Trip 808 Day 2 08-12-05 Image 5_9_crop_000.png,train,2,trophozoite,647,710,724,797,ground_truth
