{
  "iou_0.5": {
    "iou_threshold": 0.5,
    "map50": 0.9567006642245293,
    "map50_95": 0.6889534226763305,
    "precision": 0.8827938595801564,
    "recall": 0.9318146810559482
  },
  "iou_0.75": {
    "iou_threshold": 0.75,
    "map75": 0.8614125705787475,
    "map50_95": 0.6889534226763305,
    "precision": 0.8827938595801564,
    "recall": 0.9318146810559482
  },
  "iou_avg": {
    "iou_threshold": "0.5:0.95",
    "map_avg": 0.6889534226763305,
    "map50_95": 0.6889534226763305,
    "precision": 0.8827938595801564,
    "recall": 0.9318146810559482
  }
}