{
  "iou_0.3": {
    "iou_threshold": 0.3,
    "map50": 0.963604209799862,
    "map50_95": 0.963604209799862,
    "precision": 0.9295203186016564,
    "recall": 0.9495798319327731,
    "confidence_threshold": 0.25
  },
  "iou_0.5": {
    "iou_threshold": 0.5,
    "map50": 0.963604209799862,
    "map50_95": 0.963604209799862,
    "precision": 0.9295203186016564,
    "recall": 0.9495798319327731,
    "confidence_threshold": 0.25
  },
  "iou_0.7": {
    "iou_threshold": 0.7,
    "map50": 0.963604209799862,
    "map50_95": 0.963604209799862,
    "precision": 0.9295203186016564,
    "recall": 0.9495798319327731,
    "confidence_threshold": 0.25
  }
}