{
  "iou_0.3": {
    "iou_threshold": 0.3,
    "map50": 0.8642894308861258,
    "map50_95": 0.5825904639994695,
    "precision": 0.9435948582083378,
    "recall": 0.782608695652174
  },
  "iou_0.5": {
    "iou_threshold": 0.5,
    "map50": 0.86498540857765,
    "map50_95": 0.5791763579690721,
    "precision": 0.9457851941973202,
    "recall": 0.7729468599033816
  },
  "iou_0.7": {
    "iou_threshold": 0.7,
    "map50": 0.8545743385835513,
    "map50_95": 0.56942307902796,
    "precision": 0.9405765056175053,
    "recall": 0.7777777777777778
  }
}