epoch,time,train/box_loss,train/cls_loss,train/dfl_loss,metrics/precision(B),metrics/recall(B),metrics/mAP50(B),metrics/mAP50-95(B),val/box_loss,val/cls_loss,val/dfl_loss,lr/pg0,lr/pg1,lr/pg2
1,46.979,2.67181,3.40784,1.25011,0.01748,0.43478,0.02415,0.00789,2.14501,3.73531,0.99343,0.0005,0.0005,0.0005
1,47.3468,2.67181,3.40784,1.25011,0.01748,0.43478,0.02415,0.00789,2.14501,3.73531,0.99343,0.0005,0.0005,0.0005
1,44.4711,2.67181,3.40784,1.25011,0.01748,0.43478,0.02415,0.00789,2.14501,3.73531,0.99343,0.0005,0.0005,0.0005
1,43.9295,2.67181,3.40784,1.25011,0.01748,0.43478,0.02415,0.00789,2.14501,3.73531,0.99343,0.0005,0.0005,0.0005
