{
  "iou_0.3": {
    "iou_threshold": 0.3,
    "map50": 0.9650631313131313,
    "map50_95": 0.9650631313131314,
    "precision": 0.9579483439054914,
    "recall": 0.9499377764013673,
    "confidence_threshold": 0.25
  },
  "iou_0.5": {
    "iou_threshold": 0.5,
    "map50": 0.9644444444444444,
    "map50_95": 0.9644444444444444,
    "precision": 0.9579483439054914,
    "recall": 0.9499377764013673,
    "confidence_threshold": 0.25
  },
  "iou_0.7": {
    "iou_threshold": 0.7,
    "map50": 0.9639209401709402,
    "map50_95": 0.9639209401709401,
    "precision": 0.9579483439054914,
    "recall": 0.9499377764013673,
    "confidence_threshold": 0.25
  }
}