image_name,image_file,n_gt_boxes,n_pred_boxes,n_correct_matches,n_false_positives,n_false_negatives,avg_confidence,status,paper_score,recommendation,error_category,selector_type,top_n,dataset,model,total_errors,n_boxes,n_correct,n_incorrect,accuracy,conf_threshold
PA171785,results\optA_20251207_233941\experiments\experiment_iml_lifecycle\visualizations\pred_detection_yolo10\PA171785.png,1.0,4.0,1.0,3.0,0.0,0.814,False positives (FP),3,Not recommended,False Positives (FP),detection_error,5,iml_lifecycle,yolo10,,,,,,
PA171785,results\optA_20251207_233941\experiments\experiment_iml_lifecycle\visualizations\pred_detection_yolo10\PA171785.png,1.0,4.0,1.0,3.0,0.0,0.814,False positives (FP),3,Not recommended,False Positives (FP),detection_error,5,iml_lifecycle,yolo10,,,,,,
PA172004,results\optA_20251207_233941\experiments\experiment_iml_lifecycle\visualizations\pred_detection_yolo10\PA172004.png,2.0,4.0,2.0,2.0,0.0,0.802,False positives (FP),3,Not recommended,False Positives (FP),detection_error,5,iml_lifecycle,yolo10,,,,,,
PA172004,results\optA_20251207_233941\experiments\experiment_iml_lifecycle\visualizations\pred_detection_yolo10\PA172004.png,2.0,4.0,2.0,2.0,0.0,0.802,False positives (FP),3,Not recommended,False Positives (FP),detection_error,5,iml_lifecycle,yolo10,,,,,,
PA172021,results\optA_20251207_233941\experiments\experiment_iml_lifecycle\visualizations\pred_detection_yolo10\PA172021.png,2.0,4.0,2.0,2.0,0.0,0.73,False positives (FP),3,Not recommended,False Positives (FP),detection_error,5,iml_lifecycle,yolo10,,,,,,
PA171831,results\optA_20251207_233941\experiments\experiment_iml_lifecycle\visualizations\pred_detection_yolo10\PA171831.png,3.0,2.0,2.0,0.0,1.0,0.889,Missing detections (FN),7,Good for paper,False Negatives (FN),detection_error,5,iml_lifecycle,yolo10,,,,,,
PA171831,results\optA_20251207_233941\experiments\experiment_iml_lifecycle\visualizations\pred_detection_yolo10\PA171831.png,3.0,2.0,2.0,0.0,1.0,0.889,Missing detections (FN),7,Good for paper,False Negatives (FN),detection_error,5,iml_lifecycle,yolo10,,,,,,
PA171841,results\optA_20251207_233941\experiments\experiment_iml_lifecycle\visualizations\pred_detection_yolo10\PA171841.png,1.0,1.0,1.0,0.0,0.0,0.922,Perfect,10,Best for paper,Perfect Detection,detection_error,5,iml_lifecycle,yolo10,,,,,,
PA171841,results\optA_20251207_233941\experiments\experiment_iml_lifecycle\visualizations\pred_detection_yolo10\PA171841.png,1.0,1.0,1.0,0.0,0.0,0.922,Perfect,10,Best for paper,Perfect Detection,detection_error,5,iml_lifecycle,yolo10,,,,,,
PA171998,results\optA_20251207_233941\experiments\experiment_iml_lifecycle\visualizations\pred_detection_yolo10\PA171998.png,2.0,2.0,2.0,0.0,0.0,0.916,Perfect,10,Best for paper,Perfect Detection,detection_error,5,iml_lifecycle,yolo10,,,,,,
PA171998,results\optA_20251207_233941\experiments\experiment_iml_lifecycle\visualizations\pred_detection_yolo10\PA171998.png,2.0,2.0,2.0,0.0,0.0,0.916,Perfect,10,Best for paper,Perfect Detection,detection_error,5,iml_lifecycle,yolo10,,,,,,
PA171927,results\optA_20251207_233941\experiments\experiment_iml_lifecycle\visualizations\pred_detection_yolo10\PA171927.png,1.0,1.0,1.0,0.0,0.0,0.914,Perfect,10,Best for paper,Perfect Detection,detection_error,5,iml_lifecycle,yolo10,,,,,,
PA171785,results\optA_20251207_233941\experiments\experiment_iml_lifecycle\visualizations\pred_detection_yolo11\PA171785.png,1.0,4.0,1.0,3.0,0.0,0.867,False positives (FP),3,Not recommended,False Positives (FP),detection_error,5,iml_lifecycle,yolo11,,,,,,
PA171785,results\optA_20251207_233941\experiments\experiment_iml_lifecycle\visualizations\pred_detection_yolo11\PA171785.png,1.0,4.0,1.0,3.0,0.0,0.867,False positives (FP),3,Not recommended,False Positives (FP),detection_error,5,iml_lifecycle,yolo11,,,,,,
PA172030,results\optA_20251207_233941\experiments\experiment_iml_lifecycle\visualizations\pred_detection_yolo11\PA172030.png,2.0,4.0,2.0,2.0,0.0,0.867,False positives (FP),3,Not recommended,False Positives (FP),detection_error,5,iml_lifecycle,yolo11,,,,,,
PA172030,results\optA_20251207_233941\experiments\experiment_iml_lifecycle\visualizations\pred_detection_yolo11\PA172030.png,2.0,4.0,2.0,2.0,0.0,0.867,False positives (FP),3,Not recommended,False Positives (FP),detection_error,5,iml_lifecycle,yolo11,,,,,,
PA172004,results\optA_20251207_233941\experiments\experiment_iml_lifecycle\visualizations\pred_detection_yolo11\PA172004.png,2.0,4.0,2.0,2.0,0.0,0.748,False positives (FP),3,Not recommended,False Positives (FP),detection_error,5,iml_lifecycle,yolo11,,,,,,
PA171699,results\optA_20251207_233941\experiments\experiment_iml_lifecycle\visualizations\pred_detection_yolo11\PA171699.png,2.0,0.0,0.0,0.0,2.0,0.0,Missing detections (FN),4,Not recommended,False Negatives (FN),detection_error,5,iml_lifecycle,yolo11,,,,,,
PA171699,results\optA_20251207_233941\experiments\experiment_iml_lifecycle\visualizations\pred_detection_yolo11\PA171699.png,2.0,0.0,0.0,0.0,2.0,0.0,Missing detections (FN),4,Not recommended,False Negatives (FN),detection_error,5,iml_lifecycle,yolo11,,,,,,
PA171931,results\optA_20251207_233941\experiments\experiment_iml_lifecycle\visualizations\pred_detection_yolo11\PA171931.png,2.0,1.0,1.0,0.0,1.0,0.9,Missing detections (FN),7,Good for paper,False Negatives (FN),detection_error,5,iml_lifecycle,yolo11,,,,,,
PA171931,results\optA_20251207_233941\experiments\experiment_iml_lifecycle\visualizations\pred_detection_yolo11\PA171931.png,2.0,1.0,1.0,0.0,1.0,0.9,Missing detections (FN),7,Good for paper,False Negatives (FN),detection_error,5,iml_lifecycle,yolo11,,,,,,
PA171831,results\optA_20251207_233941\experiments\experiment_iml_lifecycle\visualizations\pred_detection_yolo11\PA171831.png,3.0,2.0,2.0,0.0,1.0,0.886,Missing detections (FN),7,Good for paper,False Negatives (FN),detection_error,5,iml_lifecycle,yolo11,,,,,,
PA171751,results\optA_20251207_233941\experiments\experiment_iml_lifecycle\visualizations\pred_detection_yolo11\PA171751.png,3.0,3.0,2.0,1.0,1.0,0.889,Mixed (FP + FN),5,Challenging case,Mixed (FP + FN),detection_error,5,iml_lifecycle,yolo11,2.0,,,,,
PA171751,results\optA_20251207_233941\experiments\experiment_iml_lifecycle\visualizations\pred_detection_yolo11\PA171751.png,3.0,3.0,2.0,1.0,1.0,0.889,Mixed (FP + FN),5,Challenging case,Mixed (FP + FN),detection_error,5,iml_lifecycle,yolo11,2.0,,,,,
PA171927,results\optA_20251207_233941\experiments\experiment_iml_lifecycle\visualizations\pred_detection_yolo11\PA171927.png,1.0,1.0,1.0,0.0,0.0,0.921,Perfect,10,Best for paper,Perfect Detection,detection_error,5,iml_lifecycle,yolo11,,,,,,
PA171927,results\optA_20251207_233941\experiments\experiment_iml_lifecycle\visualizations\pred_detection_yolo11\PA171927.png,1.0,1.0,1.0,0.0,0.0,0.921,Perfect,10,Best for paper,Perfect Detection,detection_error,5,iml_lifecycle,yolo11,,,,,,
PA171923,results\optA_20251207_233941\experiments\experiment_iml_lifecycle\visualizations\pred_detection_yolo11\PA171923.png,1.0,1.0,1.0,0.0,0.0,0.911,Perfect,10,Best for paper,Perfect Detection,detection_error,5,iml_lifecycle,yolo11,,,,,,
PA171923,results\optA_20251207_233941\experiments\experiment_iml_lifecycle\visualizations\pred_detection_yolo11\PA171923.png,1.0,1.0,1.0,0.0,0.0,0.911,Perfect,10,Best for paper,Perfect Detection,detection_error,5,iml_lifecycle,yolo11,,,,,,
PA171898,results\optA_20251207_233941\experiments\experiment_iml_lifecycle\visualizations\pred_detection_yolo11\PA171898.png,1.0,1.0,1.0,0.0,0.0,0.911,Perfect,10,Best for paper,Perfect Detection,detection_error,5,iml_lifecycle,yolo11,,,,,,
PA171785,results\optA_20251207_233941\experiments\experiment_iml_lifecycle\visualizations\pred_detection_yolo12\PA171785.png,1.0,4.0,1.0,3.0,0.0,0.853,False positives (FP),3,Not recommended,False Positives (FP),detection_error,5,iml_lifecycle,yolo12,,,,,,
PA171785,results\optA_20251207_233941\experiments\experiment_iml_lifecycle\visualizations\pred_detection_yolo12\PA171785.png,1.0,4.0,1.0,3.0,0.0,0.853,False positives (FP),3,Not recommended,False Positives (FP),detection_error,5,iml_lifecycle,yolo12,,,,,,
PA171878,results\optA_20251207_233941\experiments\experiment_iml_lifecycle\visualizations\pred_detection_yolo12\PA171878.png,3.0,5.0,3.0,2.0,0.0,0.731,False positives (FP),3,Not recommended,False Positives (FP),detection_error,5,iml_lifecycle,yolo12,,,,,,
PA171878,results\optA_20251207_233941\experiments\experiment_iml_lifecycle\visualizations\pred_detection_yolo12\PA171878.png,3.0,5.0,3.0,2.0,0.0,0.731,False positives (FP),3,Not recommended,False Positives (FP),detection_error,5,iml_lifecycle,yolo12,,,,,,
PA172030,results\optA_20251207_233941\experiments\experiment_iml_lifecycle\visualizations\pred_detection_yolo12\PA172030.png,2.0,4.0,2.0,2.0,0.0,0.641,False positives (FP),3,Not recommended,False Positives (FP),detection_error,5,iml_lifecycle,yolo12,,,,,,
PA171770,results\optA_20251207_233941\experiments\experiment_iml_lifecycle\visualizations\pred_detection_yolo12\PA171770.png,2.0,0.0,0.0,0.0,2.0,0.0,Missing detections (FN),4,Not recommended,False Negatives (FN),detection_error,5,iml_lifecycle,yolo12,,,,,,
PA171770,results\optA_20251207_233941\experiments\experiment_iml_lifecycle\visualizations\pred_detection_yolo12\PA171770.png,2.0,0.0,0.0,0.0,2.0,0.0,Missing detections (FN),4,Not recommended,False Negatives (FN),detection_error,5,iml_lifecycle,yolo12,,,,,,
PA171693,results\optA_20251207_233941\experiments\experiment_iml_lifecycle\visualizations\pred_detection_yolo12\PA171693.png,2.0,1.0,1.0,0.0,1.0,0.835,Missing detections (FN),7,Good for paper,False Negatives (FN),detection_error,5,iml_lifecycle,yolo12,,,,,,
PA171693,results\optA_20251207_233941\experiments\experiment_iml_lifecycle\visualizations\pred_detection_yolo12\PA171693.png,2.0,1.0,1.0,0.0,1.0,0.835,Missing detections (FN),7,Good for paper,False Negatives (FN),detection_error,5,iml_lifecycle,yolo12,,,,,,
PA171934,results\optA_20251207_233941\experiments\experiment_iml_lifecycle\visualizations\pred_detection_yolo12\PA171934.png,1.0,1.0,0.0,1.0,1.0,0.721,Mixed (FP + FN),5,Challenging case,Mixed (FP + FN),detection_error,5,iml_lifecycle,yolo12,2.0,,,,,
PA171934,results\optA_20251207_233941\experiments\experiment_iml_lifecycle\visualizations\pred_detection_yolo12\PA171934.png,1.0,1.0,0.0,1.0,1.0,0.721,Mixed (FP + FN),5,Challenging case,Mixed (FP + FN),detection_error,5,iml_lifecycle,yolo12,2.0,,,,,
PA171831,results\optA_20251207_233941\experiments\experiment_iml_lifecycle\visualizations\pred_detection_yolo12\PA171831.png,3.0,3.0,2.0,1.0,1.0,0.671,Mixed (FP + FN),5,Challenging case,Mixed (FP + FN),detection_error,5,iml_lifecycle,yolo12,2.0,,,,,
PA171831,results\optA_20251207_233941\experiments\experiment_iml_lifecycle\visualizations\pred_detection_yolo12\PA171831.png,3.0,3.0,2.0,1.0,1.0,0.671,Mixed (FP + FN),5,Challenging case,Mixed (FP + FN),detection_error,5,iml_lifecycle,yolo12,2.0,,,,,
PA171751,results\optA_20251207_233941\experiments\experiment_iml_lifecycle\visualizations\pred_detection_yolo12\PA171751.png,3.0,3.0,2.0,1.0,1.0,0.656,Mixed (FP + FN),5,Challenging case,Mixed (FP + FN),detection_error,5,iml_lifecycle,yolo12,2.0,,,,,
PA171886,results\optA_20251207_233941\experiments\experiment_iml_lifecycle\visualizations\pred_detection_yolo12\PA171886.png,1.0,1.0,1.0,0.0,0.0,0.931,Perfect,10,Best for paper,Perfect Detection,detection_error,5,iml_lifecycle,yolo12,,,,,,
PA171886,results\optA_20251207_233941\experiments\experiment_iml_lifecycle\visualizations\pred_detection_yolo12\PA171886.png,1.0,1.0,1.0,0.0,0.0,0.931,Perfect,10,Best for paper,Perfect Detection,detection_error,5,iml_lifecycle,yolo12,,,,,,
PA171822,results\optA_20251207_233941\experiments\experiment_iml_lifecycle\visualizations\pred_detection_yolo12\PA171822.png,1.0,1.0,1.0,0.0,0.0,0.92,Perfect,10,Best for paper,Perfect Detection,detection_error,5,iml_lifecycle,yolo12,,,,,,
PA171822,results\optA_20251207_233941\experiments\experiment_iml_lifecycle\visualizations\pred_detection_yolo12\PA171822.png,1.0,1.0,1.0,0.0,0.0,0.92,Perfect,10,Best for paper,Perfect Detection,detection_error,5,iml_lifecycle,yolo12,,,,,,
PA171923,results\optA_20251207_233941\experiments\experiment_iml_lifecycle\visualizations\pred_detection_yolo12\PA171923.png,1.0,1.0,1.0,0.0,0.0,0.916,Perfect,10,Best for paper,Perfect Detection,detection_error,5,iml_lifecycle,yolo12,,,,,,
Trip 043 Day 2 24-10-05 Image 1_4,results\optA_20251207_233941\experiments\experiment_md_2019_stages\visualizations\pred_detection_yolo10\Trip 043 Day 2 24-10-05 Image 1_4.png,3.0,8.0,3.0,5.0,0.0,0.657,False positives (FP),3,Not recommended,False Positives (FP),detection_error,5,md_2019_stages,yolo10,,,,,,
Trip 043 Day 2 24-10-05 Image 1_4,results\optA_20251207_233941\experiments\experiment_md_2019_stages\visualizations\pred_detection_yolo10\Trip 043 Day 2 24-10-05 Image 1_4.png,3.0,8.0,3.0,5.0,0.0,0.657,False positives (FP),3,Not recommended,False Positives (FP),detection_error,5,md_2019_stages,yolo10,,,,,,
Trip 804 Day 1 02-12-05 Image 3_11,results\optA_20251207_233941\experiments\experiment_md_2019_stages\visualizations\pred_detection_yolo10\Trip 804 Day 1 02-12-05 Image 3_11.png,3.0,7.0,3.0,4.0,0.0,0.739,False positives (FP),3,Not recommended,False Positives (FP),detection_error,5,md_2019_stages,yolo10,,,,,,
Trip 804 Day 1 02-12-05 Image 3_11,results\optA_20251207_233941\experiments\experiment_md_2019_stages\visualizations\pred_detection_yolo10\Trip 804 Day 1 02-12-05 Image 3_11.png,3.0,7.0,3.0,4.0,0.0,0.739,False positives (FP),3,Not recommended,False Positives (FP),detection_error,5,md_2019_stages,yolo10,,,,,,
Trip 067 Day 2 01-12-05 Image 1_11,results\optA_20251207_233941\experiments\experiment_md_2019_stages\visualizations\pred_detection_yolo10\Trip 067 Day 2 01-12-05 Image 1_11.png,8.0,11.0,8.0,3.0,0.0,0.784,False positives (FP),3,Not recommended,False Positives (FP),detection_error,5,md_2019_stages,yolo10,,,,,,
Trip 029 Day 1 22-11-05 Image 9 add_1,results\optA_20251207_233941\experiments\experiment_md_2019_stages\visualizations\pred_detection_yolo10\Trip 029 Day 1 22-11-05 Image 9 add_1.png,7.0,5.0,5.0,0.0,2.0,0.86,Missing detections (FN),7,Good for paper,False Negatives (FN),detection_error,5,md_2019_stages,yolo10,,,,,,
Trip 029 Day 1 22-11-05 Image 9 add_1,results\optA_20251207_233941\experiments\experiment_md_2019_stages\visualizations\pred_detection_yolo10\Trip 029 Day 1 22-11-05 Image 9 add_1.png,7.0,5.0,5.0,0.0,2.0,0.86,Missing detections (FN),7,Good for paper,False Negatives (FN),detection_error,5,md_2019_stages,yolo10,,,,,,
Trip 017 Day 1 19-10-05 Image 15 add_9,results\optA_20251207_233941\experiments\experiment_md_2019_stages\visualizations\pred_detection_yolo10\Trip 017 Day 1 19-10-05 Image 15 add_9.png,2.0,1.0,1.0,0.0,1.0,0.939,Missing detections (FN),7,Good for paper,False Negatives (FN),detection_error,5,md_2019_stages,yolo10,,,,,,
Trip 017 Day 1 19-10-05 Image 15 add_9,results\optA_20251207_233941\experiments\experiment_md_2019_stages\visualizations\pred_detection_yolo10\Trip 017 Day 1 19-10-05 Image 15 add_9.png,2.0,1.0,1.0,0.0,1.0,0.939,Missing detections (FN),7,Good for paper,False Negatives (FN),detection_error,5,md_2019_stages,yolo10,,,,,,
Trip 053 Day 2 19-11-05 Image 3_14,results\optA_20251207_233941\experiments\experiment_md_2019_stages\visualizations\pred_detection_yolo10\Trip 053 Day 2 19-11-05 Image 3_14.png,4.0,3.0,3.0,0.0,1.0,0.923,Missing detections (FN),7,Good for paper,False Negatives (FN),detection_error,5,md_2019_stages,yolo10,,,,,,
Trip 073 Day 2 01-12-05 Image 1_11,results\optA_20251207_233941\experiments\experiment_md_2019_stages\visualizations\pred_detection_yolo10\Trip 073 Day 2 01-12-05 Image 1_11.png,11.0,10.0,7.0,3.0,4.0,0.745,Mixed (FP + FN),5,Challenging case,Mixed (FP + FN),detection_error,5,md_2019_stages,yolo10,7.0,,,,,
Trip 073 Day 2 01-12-05 Image 1_11,results\optA_20251207_233941\experiments\experiment_md_2019_stages\visualizations\pred_detection_yolo10\Trip 073 Day 2 01-12-05 Image 1_11.png,11.0,10.0,7.0,3.0,4.0,0.745,Mixed (FP + FN),5,Challenging case,Mixed (FP + FN),detection_error,5,md_2019_stages,yolo10,7.0,,,,,
Trip 017 Day 1 19-10-05 Image 15 add_5,results\optA_20251207_233941\experiments\experiment_md_2019_stages\visualizations\pred_detection_yolo10\Trip 017 Day 1 19-10-05 Image 15 add_5.png,4.0,4.0,1.0,3.0,3.0,0.613,Mixed (FP + FN),5,Challenging case,Mixed (FP + FN),detection_error,5,md_2019_stages,yolo10,6.0,,,,,
Trip 073 Day 2 01-12-05 Image 1_8,results\optA_20251207_233941\experiments\experiment_md_2019_stages\visualizations\pred_detection_yolo10\Trip 073 Day 2 01-12-05 Image 1_8.png,18.0,18.0,15.0,3.0,3.0,0.824,Mixed (FP + FN),5,Challenging case,Mixed (FP + FN),detection_error,5,md_2019_stages,yolo10,6.0,,,,,
Trip 053 Day 2 19-11-05 Image 3_15,results\optA_20251207_233941\experiments\experiment_md_2019_stages\visualizations\pred_detection_yolo10\Trip 053 Day 2 19-11-05 Image 3_15.png,5.0,7.0,3.0,4.0,2.0,0.768,Mixed (FP + FN),5,Challenging case,Mixed (FP + FN),detection_error,5,md_2019_stages,yolo10,6.0,,,,,
Trip 802 Day 2 01-12-05 Image 5_3,results\optA_20251207_233941\experiments\experiment_md_2019_stages\visualizations\pred_detection_yolo10\Trip 802 Day 2 01-12-05 Image 5_3.png,1.0,1.0,1.0,0.0,0.0,0.955,Perfect,10,Best for paper,Perfect Detection,detection_error,5,md_2019_stages,yolo10,,,,,,
Trip 802 Day 2 01-12-05 Image 5_3,results\optA_20251207_233941\experiments\experiment_md_2019_stages\visualizations\pred_detection_yolo10\Trip 802 Day 2 01-12-05 Image 5_3.png,1.0,1.0,1.0,0.0,0.0,0.955,Perfect,10,Best for paper,Perfect Detection,detection_error,5,md_2019_stages,yolo10,,,,,,
Trip 038 Day 1 01-12-05 Image 26 add_16,results\optA_20251207_233941\experiments\experiment_md_2019_stages\visualizations\pred_detection_yolo10\Trip 038 Day 1 01-12-05 Image 26 add_16.png,2.0,2.0,2.0,0.0,0.0,0.951,Perfect,10,Best for paper,Perfect Detection,detection_error,5,md_2019_stages,yolo10,,,,,,
Trip 038 Day 1 01-12-05 Image 26 add_16,results\optA_20251207_233941\experiments\experiment_md_2019_stages\visualizations\pred_detection_yolo10\Trip 038 Day 1 01-12-05 Image 26 add_16.png,2.0,2.0,2.0,0.0,0.0,0.951,Perfect,10,Best for paper,Perfect Detection,detection_error,5,md_2019_stages,yolo10,,,,,,
Trip 053 Day 2 19-11-05 Image 2_6,results\optA_20251207_233941\experiments\experiment_md_2019_stages\visualizations\pred_detection_yolo10\Trip 053 Day 2 19-11-05 Image 2_6.png,2.0,2.0,2.0,0.0,0.0,0.951,Perfect,10,Best for paper,Perfect Detection,detection_error,5,md_2019_stages,yolo10,,,,,,
Trip 804 Day 1 02-12-05 Image 3_11,results\optA_20251207_233941\experiments\experiment_md_2019_stages\visualizations\pred_detection_yolo11\Trip 804 Day 1 02-12-05 Image 3_11.png,3.0,6.0,3.0,3.0,0.0,0.753,False positives (FP),3,Not recommended,False Positives (FP),detection_error,5,md_2019_stages,yolo11,,,,,,
Trip 804 Day 1 02-12-05 Image 3_11,results\optA_20251207_233941\experiments\experiment_md_2019_stages\visualizations\pred_detection_yolo11\Trip 804 Day 1 02-12-05 Image 3_11.png,3.0,6.0,3.0,3.0,0.0,0.753,False positives (FP),3,Not recommended,False Positives (FP),detection_error,5,md_2019_stages,yolo11,,,,,,
Trip 029 Day 1 22-11-05 Image 9 add_13,results\optA_20251207_233941\experiments\experiment_md_2019_stages\visualizations\pred_detection_yolo11\Trip 029 Day 1 22-11-05 Image 9 add_13.png,2.0,5.0,2.0,3.0,0.0,0.624,False positives (FP),3,Not recommended,False Positives (FP),detection_error,5,md_2019_stages,yolo11,,,,,,
Trip 029 Day 1 22-11-05 Image 9 add_13,results\optA_20251207_233941\experiments\experiment_md_2019_stages\visualizations\pred_detection_yolo11\Trip 029 Day 1 22-11-05 Image 9 add_13.png,2.0,5.0,2.0,3.0,0.0,0.624,False positives (FP),3,Not recommended,False Positives (FP),detection_error,5,md_2019_stages,yolo11,,,,,,
Trip 067 Day 2 01-12-05 Image 1_11,results\optA_20251207_233941\experiments\experiment_md_2019_stages\visualizations\pred_detection_yolo11\Trip 067 Day 2 01-12-05 Image 1_11.png,8.0,10.0,8.0,2.0,0.0,0.776,False positives (FP),3,Not recommended,False Positives (FP),detection_error,5,md_2019_stages,yolo11,,,,,,
Trip 073 Day 2 01-12-05 Image 1_10,results\optA_20251207_233941\experiments\experiment_md_2019_stages\visualizations\pred_detection_yolo11\Trip 073 Day 2 01-12-05 Image 1_10.png,14.0,10.0,10.0,0.0,4.0,0.702,Missing detections (FN),7,Good for paper,False Negatives (FN),detection_error,5,md_2019_stages,yolo11,,,,,,
Trip 073 Day 2 01-12-05 Image 1_10,results\optA_20251207_233941\experiments\experiment_md_2019_stages\visualizations\pred_detection_yolo11\Trip 073 Day 2 01-12-05 Image 1_10.png,14.0,10.0,10.0,0.0,4.0,0.702,Missing detections (FN),7,Good for paper,False Negatives (FN),detection_error,5,md_2019_stages,yolo11,,,,,,
Trip 067 Day 2 01-12-05 Image 1_3,results\optA_20251207_233941\experiments\experiment_md_2019_stages\visualizations\pred_detection_yolo11\Trip 067 Day 2 01-12-05 Image 1_3.png,10.0,6.0,6.0,0.0,4.0,0.878,Missing detections (FN),7,Good for paper,False Negatives (FN),detection_error,5,md_2019_stages,yolo11,,,,,,
Trip 067 Day 2 01-12-05 Image 1_3,results\optA_20251207_233941\experiments\experiment_md_2019_stages\visualizations\pred_detection_yolo11\Trip 067 Day 2 01-12-05 Image 1_3.png,10.0,6.0,6.0,0.0,4.0,0.878,Missing detections (FN),7,Good for paper,False Negatives (FN),detection_error,5,md_2019_stages,yolo11,,,,,,
Trip 029 Day 1 22-11-05 Image 9 add_1,results\optA_20251207_233941\experiments\experiment_md_2019_stages\visualizations\pred_detection_yolo11\Trip 029 Day 1 22-11-05 Image 9 add_1.png,7.0,5.0,5.0,0.0,2.0,0.8,Missing detections (FN),7,Good for paper,False Negatives (FN),detection_error,5,md_2019_stages,yolo11,,,,,,
Trip 073 Day 2 01-12-05 Image 1_8,results\optA_20251207_233941\experiments\experiment_md_2019_stages\visualizations\pred_detection_yolo11\Trip 073 Day 2 01-12-05 Image 1_8.png,18.0,17.0,14.0,3.0,4.0,0.735,Mixed (FP + FN),5,Challenging case,Mixed (FP + FN),detection_error,5,md_2019_stages,yolo11,7.0,,,,,
Trip 073 Day 2 01-12-05 Image 1_8,results\optA_20251207_233941\experiments\experiment_md_2019_stages\visualizations\pred_detection_yolo11\Trip 073 Day 2 01-12-05 Image 1_8.png,18.0,17.0,14.0,3.0,4.0,0.735,Mixed (FP + FN),5,Challenging case,Mixed (FP + FN),detection_error,5,md_2019_stages,yolo11,7.0,,,,,
Trip 043 Day 2 24-10-05 Image 1_4,results\optA_20251207_233941\experiments\experiment_md_2019_stages\visualizations\pred_detection_yolo11\Trip 043 Day 2 24-10-05 Image 1_4.png,3.0,8.0,2.0,6.0,1.0,0.586,Mixed (FP + FN),5,Challenging case,Mixed (FP + FN),detection_error,5,md_2019_stages,yolo11,7.0,,,,,
Trip 043 Day 2 24-10-05 Image 1_4,results\optA_20251207_233941\experiments\experiment_md_2019_stages\visualizations\pred_detection_yolo11\Trip 043 Day 2 24-10-05 Image 1_4.png,3.0,8.0,2.0,6.0,1.0,0.586,Mixed (FP + FN),5,Challenging case,Mixed (FP + FN),detection_error,5,md_2019_stages,yolo11,7.0,,,,,
Trip 067 Day 2 01-12-05 Image 1_15,results\optA_20251207_233941\experiments\experiment_md_2019_stages\visualizations\pred_detection_yolo11\Trip 067 Day 2 01-12-05 Image 1_15.png,8.0,7.0,4.0,3.0,4.0,0.711,Mixed (FP + FN),5,Challenging case,Mixed (FP + FN),detection_error,5,md_2019_stages,yolo11,7.0,,,,,
Trip 802 Day 2 01-12-05 Image 5_14,results\optA_20251207_233941\experiments\experiment_md_2019_stages\visualizations\pred_detection_yolo11\Trip 802 Day 2 01-12-05 Image 5_14.png,2.0,2.0,2.0,0.0,0.0,0.916,Perfect,10,Best for paper,Perfect Detection,detection_error,5,md_2019_stages,yolo11,,,,,,
Trip 802 Day 2 01-12-05 Image 5_14,results\optA_20251207_233941\experiments\experiment_md_2019_stages\visualizations\pred_detection_yolo11\Trip 802 Day 2 01-12-05 Image 5_14.png,2.0,2.0,2.0,0.0,0.0,0.916,Perfect,10,Best for paper,Perfect Detection,detection_error,5,md_2019_stages,yolo11,,,,,,
Trip 802 Day 2 01-12-05 Image 5_3,results\optA_20251207_233941\experiments\experiment_md_2019_stages\visualizations\pred_detection_yolo11\Trip 802 Day 2 01-12-05 Image 5_3.png,1.0,1.0,1.0,0.0,0.0,0.913,Perfect,10,Best for paper,Perfect Detection,detection_error,5,md_2019_stages,yolo11,,,,,,
Trip 802 Day 2 01-12-05 Image 5_3,results\optA_20251207_233941\experiments\experiment_md_2019_stages\visualizations\pred_detection_yolo11\Trip 802 Day 2 01-12-05 Image 5_3.png,1.0,1.0,1.0,0.0,0.0,0.913,Perfect,10,Best for paper,Perfect Detection,detection_error,5,md_2019_stages,yolo11,,,,,,
Trip 053 Day 2 19-11-05 Image 2_16,results\optA_20251207_233941\experiments\experiment_md_2019_stages\visualizations\pred_detection_yolo11\Trip 053 Day 2 19-11-05 Image 2_16.png,4.0,4.0,4.0,0.0,0.0,0.913,Perfect,10,Best for paper,Perfect Detection,detection_error,5,md_2019_stages,yolo11,,,,,,
Trip 065 Day 2 01-12-05 Image 7_13,results\optA_20251207_233941\experiments\experiment_md_2019_stages\visualizations\pred_detection_yolo12\Trip 065 Day 2 01-12-05 Image 7_13.png,8.0,12.0,8.0,4.0,0.0,0.703,False positives (FP),3,Not recommended,False Positives (FP),detection_error,5,md_2019_stages,yolo12,,,,,,
Trip 065 Day 2 01-12-05 Image 7_13,results\optA_20251207_233941\experiments\experiment_md_2019_stages\visualizations\pred_detection_yolo12\Trip 065 Day 2 01-12-05 Image 7_13.png,8.0,12.0,8.0,4.0,0.0,0.703,False positives (FP),3,Not recommended,False Positives (FP),detection_error,5,md_2019_stages,yolo12,,,,,,
Trip 043 Day 2 24-10-05 Image 1_4,results\optA_20251207_233941\experiments\experiment_md_2019_stages\visualizations\pred_detection_yolo12\Trip 043 Day 2 24-10-05 Image 1_4.png,3.0,7.0,3.0,4.0,0.0,0.632,False positives (FP),3,Not recommended,False Positives (FP),detection_error,5,md_2019_stages,yolo12,,,,,,
Trip 043 Day 2 24-10-05 Image 1_4,results\optA_20251207_233941\experiments\experiment_md_2019_stages\visualizations\pred_detection_yolo12\Trip 043 Day 2 24-10-05 Image 1_4.png,3.0,7.0,3.0,4.0,0.0,0.632,False positives (FP),3,Not recommended,False Positives (FP),detection_error,5,md_2019_stages,yolo12,,,,,,
Trip 067 Day 2 01-12-05 Image 1_11,results\optA_20251207_233941\experiments\experiment_md_2019_stages\visualizations\pred_detection_yolo12\Trip 067 Day 2 01-12-05 Image 1_11.png,8.0,11.0,8.0,3.0,0.0,0.757,False positives (FP),3,Not recommended,False Positives (FP),detection_error,5,md_2019_stages,yolo12,,,,,,
Trip 804 Day 1 02-12-05 Image 3_4,results\optA_20251207_233941\experiments\experiment_md_2019_stages\visualizations\pred_detection_yolo12\Trip 804 Day 1 02-12-05 Image 3_4.png,5.0,1.0,1.0,0.0,4.0,0.81,Missing detections (FN),7,Good for paper,False Negatives (FN),detection_error,5,md_2019_stages,yolo12,,,,,,
Trip 804 Day 1 02-12-05 Image 3_4,results\optA_20251207_233941\experiments\experiment_md_2019_stages\visualizations\pred_detection_yolo12\Trip 804 Day 1 02-12-05 Image 3_4.png,5.0,1.0,1.0,0.0,4.0,0.81,Missing detections (FN),7,Good for paper,False Negatives (FN),detection_error,5,md_2019_stages,yolo12,,,,,,
Trip 073 Day 2 01-12-05 Image 1_10,results\optA_20251207_233941\experiments\experiment_md_2019_stages\visualizations\pred_detection_yolo12\Trip 073 Day 2 01-12-05 Image 1_10.png,14.0,11.0,11.0,0.0,3.0,0.706,Missing detections (FN),7,Good for paper,False Negatives (FN),detection_error,5,md_2019_stages,yolo12,,,,,,
Trip 073 Day 2 01-12-05 Image 1_10,results\optA_20251207_233941\experiments\experiment_md_2019_stages\visualizations\pred_detection_yolo12\Trip 073 Day 2 01-12-05 Image 1_10.png,14.0,11.0,11.0,0.0,3.0,0.706,Missing detections (FN),7,Good for paper,False Negatives (FN),detection_error,5,md_2019_stages,yolo12,,,,,,
Trip 029 Day 1 22-11-05 Image 9 add_1,results\optA_20251207_233941\experiments\experiment_md_2019_stages\visualizations\pred_detection_yolo12\Trip 029 Day 1 22-11-05 Image 9 add_1.png,7.0,5.0,5.0,0.0,2.0,0.835,Missing detections (FN),7,Good for paper,False Negatives (FN),detection_error,5,md_2019_stages,yolo12,,,,,,
Trip 073 Day 2 01-12-05 Image 1_8,results\optA_20251207_233941\experiments\experiment_md_2019_stages\visualizations\pred_detection_yolo12\Trip 073 Day 2 01-12-05 Image 1_8.png,18.0,17.0,14.0,3.0,4.0,0.71,Mixed (FP + FN),5,Challenging case,Mixed (FP + FN),detection_error,5,md_2019_stages,yolo12,7.0,,,,,
Trip 073 Day 2 01-12-05 Image 1_8,results\optA_20251207_233941\experiments\experiment_md_2019_stages\visualizations\pred_detection_yolo12\Trip 073 Day 2 01-12-05 Image 1_8.png,18.0,17.0,14.0,3.0,4.0,0.71,Mixed (FP + FN),5,Challenging case,Mixed (FP + FN),detection_error,5,md_2019_stages,yolo12,7.0,,,,,
Trip 073 Day 2 01-12-05 Image 1_16,results\optA_20251207_233941\experiments\experiment_md_2019_stages\visualizations\pred_detection_yolo12\Trip 073 Day 2 01-12-05 Image 1_16.png,8.0,8.0,5.0,3.0,3.0,0.51,Mixed (FP + FN),5,Challenging case,Mixed (FP + FN),detection_error,5,md_2019_stages,yolo12,6.0,,,,,
Trip 073 Day 2 01-12-05 Image 1_6,results\optA_20251207_233941\experiments\experiment_md_2019_stages\visualizations\pred_detection_yolo12\Trip 073 Day 2 01-12-05 Image 1_6.png,10.0,10.0,7.0,3.0,3.0,0.789,Mixed (FP + FN),5,Challenging case,Mixed (FP + FN),detection_error,5,md_2019_stages,yolo12,6.0,,,,,
Trip 073 Day 2 01-12-05 Image 1_16,results\optA_20251207_233941\experiments\experiment_md_2019_stages\visualizations\pred_detection_yolo12\Trip 073 Day 2 01-12-05 Image 1_16.png,8.0,8.0,5.0,3.0,3.0,0.51,Mixed (FP + FN),5,Challenging case,Mixed (FP + FN),detection_error,5,md_2019_stages,yolo12,6.0,,,,,
Trip 802 Day 2 01-12-05 Image 5_3,results\optA_20251207_233941\experiments\experiment_md_2019_stages\visualizations\pred_detection_yolo12\Trip 802 Day 2 01-12-05 Image 5_3.png,1.0,1.0,1.0,0.0,0.0,0.925,Perfect,10,Best for paper,Perfect Detection,detection_error,5,md_2019_stages,yolo12,,,,,,
Trip 802 Day 2 01-12-05 Image 5_3,results\optA_20251207_233941\experiments\experiment_md_2019_stages\visualizations\pred_detection_yolo12\Trip 802 Day 2 01-12-05 Image 5_3.png,1.0,1.0,1.0,0.0,0.0,0.925,Perfect,10,Best for paper,Perfect Detection,detection_error,5,md_2019_stages,yolo12,,,,,,
Trip 053 Day 2 19-11-05 Image 2_6,results\optA_20251207_233941\experiments\experiment_md_2019_stages\visualizations\pred_detection_yolo12\Trip 053 Day 2 19-11-05 Image 2_6.png,2.0,2.0,2.0,0.0,0.0,0.919,Perfect,10,Best for paper,Perfect Detection,detection_error,5,md_2019_stages,yolo12,,,,,,
Trip 053 Day 2 19-11-05 Image 2_6,results\optA_20251207_233941\experiments\experiment_md_2019_stages\visualizations\pred_detection_yolo12\Trip 053 Day 2 19-11-05 Image 2_6.png,2.0,2.0,2.0,0.0,0.0,0.919,Perfect,10,Best for paper,Perfect Detection,detection_error,5,md_2019_stages,yolo12,,,,,,
Trip 802 Day 2 01-12-05 Image 5_14,results\optA_20251207_233941\experiments\experiment_md_2019_stages\visualizations\pred_detection_yolo12\Trip 802 Day 2 01-12-05 Image 5_14.png,2.0,2.0,2.0,0.0,0.0,0.917,Perfect,10,Best for paper,Perfect Detection,detection_error,5,md_2019_stages,yolo12,,,,,,
1307210661-0001-R,results\optA_20251207_233941\experiments\experiment_mp_idb_species\visualizations\pred_detection_yolo10\1307210661-0001-R.png,31.0,39.0,31.0,8.0,0.0,0.772,False positives (FP),3,Not recommended,False Positives (FP),detection_error,5,mp_idb_species,yolo10,,,,,,
1307210661-0001-R,results\optA_20251207_233941\experiments\experiment_mp_idb_species\visualizations\pred_detection_yolo10\1307210661-0001-R.png,31.0,39.0,31.0,8.0,0.0,0.772,False positives (FP),3,Not recommended,False Positives (FP),detection_error,5,mp_idb_species,yolo10,,,,,,
1307210661-0002-R,results\optA_20251207_233941\experiments\experiment_mp_idb_species\visualizations\pred_detection_yolo10\1307210661-0002-R.png,25.0,32.0,25.0,7.0,0.0,0.75,False positives (FP),3,Not recommended,False Positives (FP),detection_error,5,mp_idb_species,yolo10,,,,,,
1307210661-0002-R,results\optA_20251207_233941\experiments\experiment_mp_idb_species\visualizations\pred_detection_yolo10\1307210661-0002-R.png,25.0,32.0,25.0,7.0,0.0,0.75,False positives (FP),3,Not recommended,False Positives (FP),detection_error,5,mp_idb_species,yolo10,,,,,,
1704282807-0010-R,results\optA_20251207_233941\experiments\experiment_mp_idb_species\visualizations\pred_detection_yolo10\1704282807-0010-R.png,14.0,18.0,14.0,4.0,0.0,0.74,False positives (FP),3,Not recommended,False Positives (FP),detection_error,5,mp_idb_species,yolo10,,,,,,
1312132815-0015-S,results\optA_20251207_233941\experiments\experiment_mp_idb_species\visualizations\pred_detection_yolo10\1312132815-0015-S.png,2.0,1.0,1.0,0.0,1.0,0.947,Missing detections (FN),7,Good for paper,False Negatives (FN),detection_error,5,mp_idb_species,yolo10,,,,,,
1312132815-0015-S,results\optA_20251207_233941\experiments\experiment_mp_idb_species\visualizations\pred_detection_yolo10\1312132815-0015-S.png,2.0,1.0,1.0,0.0,1.0,0.947,Missing detections (FN),7,Good for paper,False Negatives (FN),detection_error,5,mp_idb_species,yolo10,,,,,,
1709041080-0020-R,results\optA_20251207_233941\experiments\experiment_mp_idb_species\visualizations\pred_detection_yolo10\1709041080-0020-R.png,2.0,1.0,1.0,0.0,1.0,0.686,Missing detections (FN),4,Not recommended,False Negatives (FN),detection_error,5,mp_idb_species,yolo10,,,,,,
1709041080-0020-R,results\optA_20251207_233941\experiments\experiment_mp_idb_species\visualizations\pred_detection_yolo10\1709041080-0020-R.png,2.0,1.0,1.0,0.0,1.0,0.686,Missing detections (FN),4,Not recommended,False Negatives (FN),detection_error,5,mp_idb_species,yolo10,,,,,,
1703121298-0009-R,results\optA_20251207_233941\experiments\experiment_mp_idb_species\visualizations\pred_detection_yolo10\1703121298-0009-R.png,1.0,0.0,0.0,0.0,1.0,0.0,Missing detections (FN),4,Not recommended,False Negatives (FN),detection_error,5,mp_idb_species,yolo10,,,,,,
1701151546-0015-R_T,results\optA_20251207_233941\experiments\experiment_mp_idb_species\visualizations\pred_detection_yolo10\1701151546-0015-R_T.png,37.0,37.0,25.0,12.0,12.0,0.697,Mixed (FP + FN),5,Challenging case,Mixed (FP + FN),detection_error,5,mp_idb_species,yolo10,24.0,,,,,
1701151546-0015-R_T,results\optA_20251207_233941\experiments\experiment_mp_idb_species\visualizations\pred_detection_yolo10\1701151546-0015-R_T.png,37.0,37.0,25.0,12.0,12.0,0.697,Mixed (FP + FN),5,Challenging case,Mixed (FP + FN),detection_error,5,mp_idb_species,yolo10,24.0,,,,,
1307210661-0010-R,results\optA_20251207_233941\experiments\experiment_mp_idb_species\visualizations\pred_detection_yolo10\1307210661-0010-R.png,42.0,52.0,38.0,14.0,4.0,0.728,Mixed (FP + FN),5,Challenging case,Mixed (FP + FN),detection_error,5,mp_idb_species,yolo10,18.0,,,,,
1307210661-0010-R,results\optA_20251207_233941\experiments\experiment_mp_idb_species\visualizations\pred_detection_yolo10\1307210661-0010-R.png,42.0,52.0,38.0,14.0,4.0,0.728,Mixed (FP + FN),5,Challenging case,Mixed (FP + FN),detection_error,5,mp_idb_species,yolo10,18.0,,,,,
1704282807-0019-R_G,results\optA_20251207_233941\experiments\experiment_mp_idb_species\visualizations\pred_detection_yolo10\1704282807-0019-R_G.png,41.0,36.0,31.0,5.0,10.0,0.737,Mixed (FP + FN),5,Challenging case,Mixed (FP + FN),detection_error,5,mp_idb_species,yolo10,15.0,,,,,
1707180816-0005-T,results\optA_20251207_233941\experiments\experiment_mp_idb_species\visualizations\pred_detection_yolo10\1707180816-0005-T.png,1.0,1.0,1.0,0.0,0.0,0.953,Perfect,10,Best for paper,Perfect Detection,detection_error,5,mp_idb_species,yolo10,,,,,,
1707180816-0005-T,results\optA_20251207_233941\experiments\experiment_mp_idb_species\visualizations\pred_detection_yolo10\1707180816-0005-T.png,1.0,1.0,1.0,0.0,0.0,0.953,Perfect,10,Best for paper,Perfect Detection,detection_error,5,mp_idb_species,yolo10,,,,,,
1401063467-0013-T,results\optA_20251207_233941\experiments\experiment_mp_idb_species\visualizations\pred_detection_yolo10\1401063467-0013-T.png,1.0,1.0,1.0,0.0,0.0,0.939,Perfect,10,Best for paper,Perfect Detection,detection_error,5,mp_idb_species,yolo10,,,,,,
1401063467-0013-T,results\optA_20251207_233941\experiments\experiment_mp_idb_species\visualizations\pred_detection_yolo10\1401063467-0013-T.png,1.0,1.0,1.0,0.0,0.0,0.939,Perfect,10,Best for paper,Perfect Detection,detection_error,5,mp_idb_species,yolo10,,,,,,
1707180816-0015-T,results\optA_20251207_233941\experiments\experiment_mp_idb_species\visualizations\pred_detection_yolo10\1707180816-0015-T.png,1.0,1.0,1.0,0.0,0.0,0.936,Perfect,10,Best for paper,Perfect Detection,detection_error,5,mp_idb_species,yolo10,,,,,,
1704282807-0020-R_T_S,results\optA_20251207_233941\experiments\experiment_mp_idb_species\visualizations\pred_detection_yolo11\1704282807-0020-R_T_S.png,14.0,19.0,14.0,5.0,0.0,0.78,False positives (FP),3,Not recommended,False Positives (FP),detection_error,5,mp_idb_species,yolo11,,,,,,
1704282807-0020-R_T_S,results\optA_20251207_233941\experiments\experiment_mp_idb_species\visualizations\pred_detection_yolo11\1704282807-0020-R_T_S.png,14.0,19.0,14.0,5.0,0.0,0.78,False positives (FP),3,Not recommended,False Positives (FP),detection_error,5,mp_idb_species,yolo11,,,,,,
1307210661-0001-R,results\optA_20251207_233941\experiments\experiment_mp_idb_species\visualizations\pred_detection_yolo11\1307210661-0001-R.png,31.0,36.0,31.0,5.0,0.0,0.749,False positives (FP),3,Not recommended,False Positives (FP),detection_error,5,mp_idb_species,yolo11,,,,,,
1307210661-0001-R,results\optA_20251207_233941\experiments\experiment_mp_idb_species\visualizations\pred_detection_yolo11\1307210661-0001-R.png,31.0,36.0,31.0,5.0,0.0,0.749,False positives (FP),3,Not recommended,False Positives (FP),detection_error,5,mp_idb_species,yolo11,,,,,,
1704282807-0007-R,results\optA_20251207_233941\experiments\experiment_mp_idb_species\visualizations\pred_detection_yolo11\1704282807-0007-R.png,16.0,20.0,16.0,4.0,0.0,0.802,False positives (FP),3,Not recommended,False Positives (FP),detection_error,5,mp_idb_species,yolo11,,,,,,
1709041080-0020-R,results\optA_20251207_233941\experiments\experiment_mp_idb_species\visualizations\pred_detection_yolo11\1709041080-0020-R.png,2.0,0.0,0.0,0.0,2.0,0.0,Missing detections (FN),4,Not recommended,False Negatives (FN),detection_error,5,mp_idb_species,yolo11,,,,,,
1709041080-0020-R,results\optA_20251207_233941\experiments\experiment_mp_idb_species\visualizations\pred_detection_yolo11\1709041080-0020-R.png,2.0,0.0,0.0,0.0,2.0,0.0,Missing detections (FN),4,Not recommended,False Negatives (FN),detection_error,5,mp_idb_species,yolo11,,,,,,
1312132815-0015-S,results\optA_20251207_233941\experiments\experiment_mp_idb_species\visualizations\pred_detection_yolo11\1312132815-0015-S.png,2.0,1.0,1.0,0.0,1.0,0.891,Missing detections (FN),7,Good for paper,False Negatives (FN),detection_error,5,mp_idb_species,yolo11,,,,,,
1312132815-0015-S,results\optA_20251207_233941\experiments\experiment_mp_idb_species\visualizations\pred_detection_yolo11\1312132815-0015-S.png,2.0,1.0,1.0,0.0,1.0,0.891,Missing detections (FN),7,Good for paper,False Negatives (FN),detection_error,5,mp_idb_species,yolo11,,,,,,
1709041080-0023-R,results\optA_20251207_233941\experiments\experiment_mp_idb_species\visualizations\pred_detection_yolo11\1709041080-0023-R.png,2.0,1.0,1.0,0.0,1.0,0.756,Missing detections (FN),7,Good for paper,False Negatives (FN),detection_error,5,mp_idb_species,yolo11,,,,,,
1701151546-0015-R_T,results\optA_20251207_233941\experiments\experiment_mp_idb_species\visualizations\pred_detection_yolo11\1701151546-0015-R_T.png,37.0,39.0,28.0,11.0,9.0,0.688,Mixed (FP + FN),5,Challenging case,Mixed (FP + FN),detection_error,5,mp_idb_species,yolo11,20.0,,,,,
1701151546-0015-R_T,results\optA_20251207_233941\experiments\experiment_mp_idb_species\visualizations\pred_detection_yolo11\1701151546-0015-R_T.png,37.0,39.0,28.0,11.0,9.0,0.688,Mixed (FP + FN),5,Challenging case,Mixed (FP + FN),detection_error,5,mp_idb_species,yolo11,20.0,,,,,
1307210661-0010-R,results\optA_20251207_233941\experiments\experiment_mp_idb_species\visualizations\pred_detection_yolo11\1307210661-0010-R.png,42.0,47.0,36.0,11.0,6.0,0.684,Mixed (FP + FN),5,Challenging case,Mixed (FP + FN),detection_error,5,mp_idb_species,yolo11,17.0,,,,,
1307210661-0010-R,results\optA_20251207_233941\experiments\experiment_mp_idb_species\visualizations\pred_detection_yolo11\1307210661-0010-R.png,42.0,47.0,36.0,11.0,6.0,0.684,Mixed (FP + FN),5,Challenging case,Mixed (FP + FN),detection_error,5,mp_idb_species,yolo11,17.0,,,,,
1307210661-0002-R,results\optA_20251207_233941\experiments\experiment_mp_idb_species\visualizations\pred_detection_yolo11\1307210661-0002-R.png,25.0,34.0,24.0,10.0,1.0,0.721,Mixed (FP + FN),5,Challenging case,Mixed (FP + FN),detection_error,5,mp_idb_species,yolo11,11.0,,,,,
1401080976-0002-T,results\optA_20251207_233941\experiments\experiment_mp_idb_species\visualizations\pred_detection_yolo11\1401080976-0002-T.png,1.0,1.0,1.0,0.0,0.0,0.882,Perfect,10,Best for paper,Perfect Detection,detection_error,5,mp_idb_species,yolo11,,,,,,
1401080976-0002-T,results\optA_20251207_233941\experiments\experiment_mp_idb_species\visualizations\pred_detection_yolo11\1401080976-0002-T.png,1.0,1.0,1.0,0.0,0.0,0.882,Perfect,10,Best for paper,Perfect Detection,detection_error,5,mp_idb_species,yolo11,,,,,,
1707180816-0015-T,results\optA_20251207_233941\experiments\experiment_mp_idb_species\visualizations\pred_detection_yolo11\1707180816-0015-T.png,1.0,1.0,1.0,0.0,0.0,0.881,Perfect,10,Best for paper,Perfect Detection,detection_error,5,mp_idb_species,yolo11,,,,,,
1707180816-0015-T,results\optA_20251207_233941\experiments\experiment_mp_idb_species\visualizations\pred_detection_yolo11\1707180816-0015-T.png,1.0,1.0,1.0,0.0,0.0,0.881,Perfect,10,Best for paper,Perfect Detection,detection_error,5,mp_idb_species,yolo11,,,,,,
1703121298-0008-G,results\optA_20251207_233941\experiments\experiment_mp_idb_species\visualizations\pred_detection_yolo11\1703121298-0008-G.png,1.0,1.0,1.0,0.0,0.0,0.87,Perfect,10,Best for paper,Perfect Detection,detection_error,5,mp_idb_species,yolo11,,,,,,
1307210661-0002-R,results\optA_20251207_233941\experiments\experiment_mp_idb_species\visualizations\pred_detection_yolo12\1307210661-0002-R.png,25.0,33.0,25.0,8.0,0.0,0.738,False positives (FP),3,Not recommended,False Positives (FP),detection_error,5,mp_idb_species,yolo12,,,,,,
1307210661-0002-R,results\optA_20251207_233941\experiments\experiment_mp_idb_species\visualizations\pred_detection_yolo12\1307210661-0002-R.png,25.0,33.0,25.0,8.0,0.0,0.738,False positives (FP),3,Not recommended,False Positives (FP),detection_error,5,mp_idb_species,yolo12,,,,,,
1307210661-0001-R,results\optA_20251207_233941\experiments\experiment_mp_idb_species\visualizations\pred_detection_yolo12\1307210661-0001-R.png,31.0,35.0,31.0,4.0,0.0,0.762,False positives (FP),3,Not recommended,False Positives (FP),detection_error,5,mp_idb_species,yolo12,,,,,,
1307210661-0001-R,results\optA_20251207_233941\experiments\experiment_mp_idb_species\visualizations\pred_detection_yolo12\1307210661-0001-R.png,31.0,35.0,31.0,4.0,0.0,0.762,False positives (FP),3,Not recommended,False Positives (FP),detection_error,5,mp_idb_species,yolo12,,,,,,
1704282807-0020-R_T_S,results\optA_20251207_233941\experiments\experiment_mp_idb_species\visualizations\pred_detection_yolo12\1704282807-0020-R_T_S.png,14.0,17.0,14.0,3.0,0.0,0.836,False positives (FP),3,Not recommended,False Positives (FP),detection_error,5,mp_idb_species,yolo12,,,,,,
1312132815-0015-S,results\optA_20251207_233941\experiments\experiment_mp_idb_species\visualizations\pred_detection_yolo12\1312132815-0015-S.png,2.0,1.0,1.0,0.0,1.0,0.889,Missing detections (FN),7,Good for paper,False Negatives (FN),detection_error,5,mp_idb_species,yolo12,,,,,,
1312132815-0015-S,results\optA_20251207_233941\experiments\experiment_mp_idb_species\visualizations\pred_detection_yolo12\1312132815-0015-S.png,2.0,1.0,1.0,0.0,1.0,0.889,Missing detections (FN),7,Good for paper,False Negatives (FN),detection_error,5,mp_idb_species,yolo12,,,,,,
1709041080-0020-R,results\optA_20251207_233941\experiments\experiment_mp_idb_species\visualizations\pred_detection_yolo12\1709041080-0020-R.png,2.0,1.0,1.0,0.0,1.0,0.77,Missing detections (FN),7,Good for paper,False Negatives (FN),detection_error,5,mp_idb_species,yolo12,,,,,,
1709041080-0020-R,results\optA_20251207_233941\experiments\experiment_mp_idb_species\visualizations\pred_detection_yolo12\1709041080-0020-R.png,2.0,1.0,1.0,0.0,1.0,0.77,Missing detections (FN),7,Good for paper,False Negatives (FN),detection_error,5,mp_idb_species,yolo12,,,,,,
1709041080-0014-R,results\optA_20251207_233941\experiments\experiment_mp_idb_species\visualizations\pred_detection_yolo12\1709041080-0014-R.png,1.0,0.0,0.0,0.0,1.0,0.0,Missing detections (FN),4,Not recommended,False Negatives (FN),detection_error,5,mp_idb_species,yolo12,,,,,,
1701151546-0015-R_T,results\optA_20251207_233941\experiments\experiment_mp_idb_species\visualizations\pred_detection_yolo12\1701151546-0015-R_T.png,37.0,37.0,27.0,10.0,10.0,0.697,Mixed (FP + FN),5,Challenging case,Mixed (FP + FN),detection_error,5,mp_idb_species,yolo12,20.0,,,,,
1701151546-0015-R_T,results\optA_20251207_233941\experiments\experiment_mp_idb_species\visualizations\pred_detection_yolo12\1701151546-0015-R_T.png,37.0,37.0,27.0,10.0,10.0,0.697,Mixed (FP + FN),5,Challenging case,Mixed (FP + FN),detection_error,5,mp_idb_species,yolo12,20.0,,,,,
1307210661-0010-R,results\optA_20251207_233941\experiments\experiment_mp_idb_species\visualizations\pred_detection_yolo12\1307210661-0010-R.png,42.0,46.0,35.0,11.0,7.0,0.691,Mixed (FP + FN),5,Challenging case,Mixed (FP + FN),detection_error,5,mp_idb_species,yolo12,18.0,,,,,
1307210661-0010-R,results\optA_20251207_233941\experiments\experiment_mp_idb_species\visualizations\pred_detection_yolo12\1307210661-0010-R.png,42.0,46.0,35.0,11.0,7.0,0.691,Mixed (FP + FN),5,Challenging case,Mixed (FP + FN),detection_error,5,mp_idb_species,yolo12,18.0,,,,,
1704282807-0019-R_G,results\optA_20251207_233941\experiments\experiment_mp_idb_species\visualizations\pred_detection_yolo12\1704282807-0019-R_G.png,41.0,41.0,37.0,4.0,4.0,0.764,Mixed (FP + FN),5,Challenging case,Mixed (FP + FN),detection_error,5,mp_idb_species,yolo12,8.0,,,,,
1401080976-0002-T,results\optA_20251207_233941\experiments\experiment_mp_idb_species\visualizations\pred_detection_yolo12\1401080976-0002-T.png,1.0,1.0,1.0,0.0,0.0,0.897,Perfect,10,Best for paper,Perfect Detection,detection_error,5,mp_idb_species,yolo12,,,,,,
1401080976-0002-T,results\optA_20251207_233941\experiments\experiment_mp_idb_species\visualizations\pred_detection_yolo12\1401080976-0002-T.png,1.0,1.0,1.0,0.0,0.0,0.897,Perfect,10,Best for paper,Perfect Detection,detection_error,5,mp_idb_species,yolo12,,,,,,
1401063467-0013-T,results\optA_20251207_233941\experiments\experiment_mp_idb_species\visualizations\pred_detection_yolo12\1401063467-0013-T.png,1.0,1.0,1.0,0.0,0.0,0.892,Perfect,10,Best for paper,Perfect Detection,detection_error,5,mp_idb_species,yolo12,,,,,,
1401063467-0013-T,results\optA_20251207_233941\experiments\experiment_mp_idb_species\visualizations\pred_detection_yolo12\1401063467-0013-T.png,1.0,1.0,1.0,0.0,0.0,0.892,Perfect,10,Best for paper,Perfect Detection,detection_error,5,mp_idb_species,yolo12,,,,,,
1707180816-0005-T,results\optA_20251207_233941\experiments\experiment_mp_idb_species\visualizations\pred_detection_yolo12\1707180816-0005-T.png,1.0,1.0,1.0,0.0,0.0,0.887,Perfect,10,Best for paper,Perfect Detection,detection_error,5,mp_idb_species,yolo12,,,,,,
1701151546-0003-R,results\optA_20251207_233941\experiments\experiment_mp_idb_stages\visualizations\pred_detection_yolo10\1701151546-0003-R.png,15.0,19.0,15.0,4.0,0.0,0.753,False positives (FP),3,Not recommended,False Positives (FP),detection_error,5,mp_idb_stages,yolo10,,,,,,
1701151546-0003-R,results\optA_20251207_233941\experiments\experiment_mp_idb_stages\visualizations\pred_detection_yolo10\1701151546-0003-R.png,15.0,19.0,15.0,4.0,0.0,0.753,False positives (FP),3,Not recommended,False Positives (FP),detection_error,5,mp_idb_stages,yolo10,,,,,,
1405022890-0005-R,results\optA_20251207_233941\experiments\experiment_mp_idb_stages\visualizations\pred_detection_yolo10\1405022890-0005-R.png,17.0,21.0,17.0,4.0,0.0,0.699,False positives (FP),3,Not recommended,False Positives (FP),detection_error,5,mp_idb_stages,yolo10,,,,,,
1405022890-0005-R,results\optA_20251207_233941\experiments\experiment_mp_idb_stages\visualizations\pred_detection_yolo10\1405022890-0005-R.png,17.0,21.0,17.0,4.0,0.0,0.699,False positives (FP),3,Not recommended,False Positives (FP),detection_error,5,mp_idb_stages,yolo10,,,,,,
1704282807-0010-R,results\optA_20251207_233941\experiments\experiment_mp_idb_stages\visualizations\pred_detection_yolo10\1704282807-0010-R.png,14.0,18.0,14.0,4.0,0.0,0.679,False positives (FP),3,Not recommended,False Positives (FP),detection_error,5,mp_idb_stages,yolo10,,,,,,
1709041080-0025-R_T,results\optA_20251207_233941\experiments\experiment_mp_idb_stages\visualizations\pred_detection_yolo10\1709041080-0025-R_T.png,4.0,2.0,2.0,0.0,2.0,0.689,Missing detections (FN),4,Not recommended,False Negatives (FN),detection_error,5,mp_idb_stages,yolo10,,,,,,
1709041080-0025-R_T,results\optA_20251207_233941\experiments\experiment_mp_idb_stages\visualizations\pred_detection_yolo10\1709041080-0025-R_T.png,4.0,2.0,2.0,0.0,2.0,0.689,Missing detections (FN),4,Not recommended,False Negatives (FN),detection_error,5,mp_idb_stages,yolo10,,,,,,
1312132815-0015-S,results\optA_20251207_233941\experiments\experiment_mp_idb_stages\visualizations\pred_detection_yolo10\1312132815-0015-S.png,2.0,1.0,1.0,0.0,1.0,0.931,Missing detections (FN),7,Good for paper,False Negatives (FN),detection_error,5,mp_idb_stages,yolo10,,,,,,
1312132815-0015-S,results\optA_20251207_233941\experiments\experiment_mp_idb_stages\visualizations\pred_detection_yolo10\1312132815-0015-S.png,2.0,1.0,1.0,0.0,1.0,0.931,Missing detections (FN),7,Good for paper,False Negatives (FN),detection_error,5,mp_idb_stages,yolo10,,,,,,
1709041080-0024-R,results\optA_20251207_233941\experiments\experiment_mp_idb_stages\visualizations\pred_detection_yolo10\1709041080-0024-R.png,2.0,1.0,1.0,0.0,1.0,0.538,Missing detections (FN),4,Not recommended,False Negatives (FN),detection_error,5,mp_idb_stages,yolo10,,,,,,
1405022890-0003-R,results\optA_20251207_233941\experiments\experiment_mp_idb_stages\visualizations\pred_detection_yolo10\1405022890-0003-R.png,24.0,29.0,21.0,8.0,3.0,0.775,Mixed (FP + FN),5,Challenging case,Mixed (FP + FN),detection_error,5,mp_idb_stages,yolo10,11.0,,,,,
1405022890-0003-R,results\optA_20251207_233941\experiments\experiment_mp_idb_stages\visualizations\pred_detection_yolo10\1405022890-0003-R.png,24.0,29.0,21.0,8.0,3.0,0.775,Mixed (FP + FN),5,Challenging case,Mixed (FP + FN),detection_error,5,mp_idb_stages,yolo10,11.0,,,,,
1704282807-0016-R,results\optA_20251207_233941\experiments\experiment_mp_idb_stages\visualizations\pred_detection_yolo10\1704282807-0016-R.png,29.0,28.0,23.0,5.0,6.0,0.777,Mixed (FP + FN),5,Challenging case,Mixed (FP + FN),detection_error,5,mp_idb_stages,yolo10,11.0,,,,,
1704282807-0016-R,results\optA_20251207_233941\experiments\experiment_mp_idb_stages\visualizations\pred_detection_yolo10\1704282807-0016-R.png,29.0,28.0,23.0,5.0,6.0,0.777,Mixed (FP + FN),5,Challenging case,Mixed (FP + FN),detection_error,5,mp_idb_stages,yolo10,11.0,,,,,
1701151546-0007-R,results\optA_20251207_233941\experiments\experiment_mp_idb_stages\visualizations\pred_detection_yolo10\1701151546-0007-R.png,27.0,30.0,25.0,5.0,2.0,0.733,Mixed (FP + FN),5,Challenging case,Mixed (FP + FN),detection_error,5,mp_idb_stages,yolo10,7.0,,,,,
1707180816-0015-T,results\optA_20251207_233941\experiments\experiment_mp_idb_stages\visualizations\pred_detection_yolo10\1707180816-0015-T.png,1.0,1.0,1.0,0.0,0.0,0.944,Perfect,10,Best for paper,Perfect Detection,detection_error,5,mp_idb_stages,yolo10,,,,,,
1707180816-0015-T,results\optA_20251207_233941\experiments\experiment_mp_idb_stages\visualizations\pred_detection_yolo10\1707180816-0015-T.png,1.0,1.0,1.0,0.0,0.0,0.944,Perfect,10,Best for paper,Perfect Detection,detection_error,5,mp_idb_stages,yolo10,,,,,,
1305121398-0014-S,results\optA_20251207_233941\experiments\experiment_mp_idb_stages\visualizations\pred_detection_yolo10\1305121398-0014-S.png,1.0,1.0,1.0,0.0,0.0,0.938,Perfect,10,Best for paper,Perfect Detection,detection_error,5,mp_idb_stages,yolo10,,,,,,
1305121398-0014-S,results\optA_20251207_233941\experiments\experiment_mp_idb_stages\visualizations\pred_detection_yolo10\1305121398-0014-S.png,1.0,1.0,1.0,0.0,0.0,0.938,Perfect,10,Best for paper,Perfect Detection,detection_error,5,mp_idb_stages,yolo10,,,,,,
1312132815-0017-T,results\optA_20251207_233941\experiments\experiment_mp_idb_stages\visualizations\pred_detection_yolo10\1312132815-0017-T.png,1.0,1.0,1.0,0.0,0.0,0.932,Perfect,10,Best for paper,Perfect Detection,detection_error,5,mp_idb_stages,yolo10,,,,,,
1704282807-0010-R,results\optA_20251207_233941\experiments\experiment_mp_idb_stages\visualizations\pred_detection_yolo11\1704282807-0010-R.png,14.0,18.0,14.0,4.0,0.0,0.737,False positives (FP),3,Not recommended,False Positives (FP),detection_error,5,mp_idb_stages,yolo11,,,,,,
1704282807-0010-R,results\optA_20251207_233941\experiments\experiment_mp_idb_stages\visualizations\pred_detection_yolo11\1704282807-0010-R.png,14.0,18.0,14.0,4.0,0.0,0.737,False positives (FP),3,Not recommended,False Positives (FP),detection_error,5,mp_idb_stages,yolo11,,,,,,
1704282807-0002-R,results\optA_20251207_233941\experiments\experiment_mp_idb_stages\visualizations\pred_detection_yolo11\1704282807-0002-R.png,19.0,22.0,19.0,3.0,0.0,0.809,False positives (FP),3,Not recommended,False Positives (FP),detection_error,5,mp_idb_stages,yolo11,,,,,,
1704282807-0002-R,results\optA_20251207_233941\experiments\experiment_mp_idb_stages\visualizations\pred_detection_yolo11\1704282807-0002-R.png,19.0,22.0,19.0,3.0,0.0,0.809,False positives (FP),3,Not recommended,False Positives (FP),detection_error,5,mp_idb_stages,yolo11,,,,,,
1603223711-0005-G,results\optA_20251207_233941\experiments\experiment_mp_idb_stages\visualizations\pred_detection_yolo11\1603223711-0005-G.png,1.0,4.0,1.0,3.0,0.0,0.629,False positives (FP),3,Not recommended,False Positives (FP),detection_error,5,mp_idb_stages,yolo11,,,,,,
1405022890-0005-R,results\optA_20251207_233941\experiments\experiment_mp_idb_stages\visualizations\pred_detection_yolo11\1405022890-0005-R.png,17.0,16.0,16.0,0.0,1.0,0.704,Missing detections (FN),7,Good for paper,False Negatives (FN),detection_error,5,mp_idb_stages,yolo11,,,,,,
1405022890-0005-R,results\optA_20251207_233941\experiments\experiment_mp_idb_stages\visualizations\pred_detection_yolo11\1405022890-0005-R.png,17.0,16.0,16.0,0.0,1.0,0.704,Missing detections (FN),7,Good for paper,False Negatives (FN),detection_error,5,mp_idb_stages,yolo11,,,,,,
1701151546-0009-R,results\optA_20251207_233941\experiments\experiment_mp_idb_stages\visualizations\pred_detection_yolo11\1701151546-0009-R.png,24.0,23.0,23.0,0.0,1.0,0.792,Missing detections (FN),7,Good for paper,False Negatives (FN),detection_error,5,mp_idb_stages,yolo11,,,,,,
1701151546-0009-R,results\optA_20251207_233941\experiments\experiment_mp_idb_stages\visualizations\pred_detection_yolo11\1701151546-0009-R.png,24.0,23.0,23.0,0.0,1.0,0.792,Missing detections (FN),7,Good for paper,False Negatives (FN),detection_error,5,mp_idb_stages,yolo11,,,,,,
1312132815-0015-S,results\optA_20251207_233941\experiments\experiment_mp_idb_stages\visualizations\pred_detection_yolo11\1312132815-0015-S.png,2.0,1.0,1.0,0.0,1.0,0.887,Missing detections (FN),7,Good for paper,False Negatives (FN),detection_error,5,mp_idb_stages,yolo11,,,,,,
1704282807-0016-R,results\optA_20251207_233941\experiments\experiment_mp_idb_stages\visualizations\pred_detection_yolo11\1704282807-0016-R.png,29.0,30.0,24.0,6.0,5.0,0.768,Mixed (FP + FN),5,Challenging case,Mixed (FP + FN),detection_error,5,mp_idb_stages,yolo11,11.0,,,,,
1704282807-0016-R,results\optA_20251207_233941\experiments\experiment_mp_idb_stages\visualizations\pred_detection_yolo11\1704282807-0016-R.png,29.0,30.0,24.0,6.0,5.0,0.768,Mixed (FP + FN),5,Challenging case,Mixed (FP + FN),detection_error,5,mp_idb_stages,yolo11,11.0,,,,,
1701151546-0007-R,results\optA_20251207_233941\experiments\experiment_mp_idb_stages\visualizations\pred_detection_yolo11\1701151546-0007-R.png,27.0,28.0,23.0,5.0,4.0,0.72,Mixed (FP + FN),5,Challenging case,Mixed (FP + FN),detection_error,5,mp_idb_stages,yolo11,9.0,,,,,
1701151546-0007-R,results\optA_20251207_233941\experiments\experiment_mp_idb_stages\visualizations\pred_detection_yolo11\1701151546-0007-R.png,27.0,28.0,23.0,5.0,4.0,0.72,Mixed (FP + FN),5,Challenging case,Mixed (FP + FN),detection_error,5,mp_idb_stages,yolo11,9.0,,,,,
1405022890-0003-R,results\optA_20251207_233941\experiments\experiment_mp_idb_stages\visualizations\pred_detection_yolo11\1405022890-0003-R.png,24.0,26.0,21.0,5.0,3.0,0.68,Mixed (FP + FN),5,Challenging case,Mixed (FP + FN),detection_error,5,mp_idb_stages,yolo11,8.0,,,,,
1707180816-0015-T,results\optA_20251207_233941\experiments\experiment_mp_idb_stages\visualizations\pred_detection_yolo11\1707180816-0015-T.png,1.0,1.0,1.0,0.0,0.0,0.896,Perfect,10,Best for paper,Perfect Detection,detection_error,5,mp_idb_stages,yolo11,,,,,,
1707180816-0015-T,results\optA_20251207_233941\experiments\experiment_mp_idb_stages\visualizations\pred_detection_yolo11\1707180816-0015-T.png,1.0,1.0,1.0,0.0,0.0,0.896,Perfect,10,Best for paper,Perfect Detection,detection_error,5,mp_idb_stages,yolo11,,,,,,
1312132815-0017-T,results\optA_20251207_233941\experiments\experiment_mp_idb_stages\visualizations\pred_detection_yolo11\1312132815-0017-T.png,1.0,1.0,1.0,0.0,0.0,0.893,Perfect,10,Best for paper,Perfect Detection,detection_error,5,mp_idb_stages,yolo11,,,,,,
1312132815-0017-T,results\optA_20251207_233941\experiments\experiment_mp_idb_stages\visualizations\pred_detection_yolo11\1312132815-0017-T.png,1.0,1.0,1.0,0.0,0.0,0.893,Perfect,10,Best for paper,Perfect Detection,detection_error,5,mp_idb_stages,yolo11,,,,,,
1703121298-0010-G,results\optA_20251207_233941\experiments\experiment_mp_idb_stages\visualizations\pred_detection_yolo11\1703121298-0010-G.png,2.0,2.0,2.0,0.0,0.0,0.885,Perfect,10,Best for paper,Perfect Detection,detection_error,5,mp_idb_stages,yolo11,,,,,,
1704282807-0002-R,results\optA_20251207_233941\experiments\experiment_mp_idb_stages\visualizations\pred_detection_yolo12\1704282807-0002-R.png,19.0,23.0,19.0,4.0,0.0,0.755,False positives (FP),3,Not recommended,False Positives (FP),detection_error,5,mp_idb_stages,yolo12,,,,,,
1704282807-0002-R,results\optA_20251207_233941\experiments\experiment_mp_idb_stages\visualizations\pred_detection_yolo12\1704282807-0002-R.png,19.0,23.0,19.0,4.0,0.0,0.755,False positives (FP),3,Not recommended,False Positives (FP),detection_error,5,mp_idb_stages,yolo12,,,,,,
1701151546-0003-R,results\optA_20251207_233941\experiments\experiment_mp_idb_stages\visualizations\pred_detection_yolo12\1701151546-0003-R.png,15.0,18.0,15.0,3.0,0.0,0.758,False positives (FP),3,Not recommended,False Positives (FP),detection_error,5,mp_idb_stages,yolo12,,,,,,
1701151546-0003-R,results\optA_20251207_233941\experiments\experiment_mp_idb_stages\visualizations\pred_detection_yolo12\1701151546-0003-R.png,15.0,18.0,15.0,3.0,0.0,0.758,False positives (FP),3,Not recommended,False Positives (FP),detection_error,5,mp_idb_stages,yolo12,,,,,,
1405022890-0005-R,results\optA_20251207_233941\experiments\experiment_mp_idb_stages\visualizations\pred_detection_yolo12\1405022890-0005-R.png,17.0,20.0,17.0,3.0,0.0,0.648,False positives (FP),3,Not recommended,False Positives (FP),detection_error,5,mp_idb_stages,yolo12,,,,,,
1709041080-0024-R,results\optA_20251207_233941\experiments\experiment_mp_idb_stages\visualizations\pred_detection_yolo12\1709041080-0024-R.png,2.0,0.0,0.0,0.0,2.0,0.0,Missing detections (FN),4,Not recommended,False Negatives (FN),detection_error,5,mp_idb_stages,yolo12,,,,,,
1709041080-0024-R,results\optA_20251207_233941\experiments\experiment_mp_idb_stages\visualizations\pred_detection_yolo12\1709041080-0024-R.png,2.0,0.0,0.0,0.0,2.0,0.0,Missing detections (FN),4,Not recommended,False Negatives (FN),detection_error,5,mp_idb_stages,yolo12,,,,,,
1312132815-0015-S,results\optA_20251207_233941\experiments\experiment_mp_idb_stages\visualizations\pred_detection_yolo12\1312132815-0015-S.png,2.0,1.0,1.0,0.0,1.0,0.873,Missing detections (FN),7,Good for paper,False Negatives (FN),detection_error,5,mp_idb_stages,yolo12,,,,,,
1312132815-0015-S,results\optA_20251207_233941\experiments\experiment_mp_idb_stages\visualizations\pred_detection_yolo12\1312132815-0015-S.png,2.0,1.0,1.0,0.0,1.0,0.873,Missing detections (FN),7,Good for paper,False Negatives (FN),detection_error,5,mp_idb_stages,yolo12,,,,,,
1312132815-0009-G,results\optA_20251207_233941\experiments\experiment_mp_idb_stages\visualizations\pred_detection_yolo12\1312132815-0009-G.png,1.0,0.0,0.0,0.0,1.0,0.0,Missing detections (FN),4,Not recommended,False Negatives (FN),detection_error,5,mp_idb_stages,yolo12,,,,,,
1704282807-0016-R,results\optA_20251207_233941\experiments\experiment_mp_idb_stages\visualizations\pred_detection_yolo12\1704282807-0016-R.png,29.0,30.0,24.0,6.0,5.0,0.714,Mixed (FP + FN),5,Challenging case,Mixed (FP + FN),detection_error,5,mp_idb_stages,yolo12,11.0,,,,,
1704282807-0016-R,results\optA_20251207_233941\experiments\experiment_mp_idb_stages\visualizations\pred_detection_yolo12\1704282807-0016-R.png,29.0,30.0,24.0,6.0,5.0,0.714,Mixed (FP + FN),5,Challenging case,Mixed (FP + FN),detection_error,5,mp_idb_stages,yolo12,11.0,,,,,
1405022890-0003-R,results\optA_20251207_233941\experiments\experiment_mp_idb_stages\visualizations\pred_detection_yolo12\1405022890-0003-R.png,24.0,28.0,22.0,6.0,2.0,0.703,Mixed (FP + FN),5,Challenging case,Mixed (FP + FN),detection_error,5,mp_idb_stages,yolo12,8.0,,,,,
1405022890-0003-R,results\optA_20251207_233941\experiments\experiment_mp_idb_stages\visualizations\pred_detection_yolo12\1405022890-0003-R.png,24.0,28.0,22.0,6.0,2.0,0.703,Mixed (FP + FN),5,Challenging case,Mixed (FP + FN),detection_error,5,mp_idb_stages,yolo12,8.0,,,,,
1701151546-0007-R,results\optA_20251207_233941\experiments\experiment_mp_idb_stages\visualizations\pred_detection_yolo12\1701151546-0007-R.png,27.0,31.0,26.0,5.0,1.0,0.693,Mixed (FP + FN),5,Challenging case,Mixed (FP + FN),detection_error,5,mp_idb_stages,yolo12,6.0,,,,,
1707180816-0006-T,results\optA_20251207_233941\experiments\experiment_mp_idb_stages\visualizations\pred_detection_yolo12\1707180816-0006-T.png,1.0,1.0,1.0,0.0,0.0,0.857,Perfect,10,Best for paper,Perfect Detection,detection_error,5,mp_idb_stages,yolo12,,,,,,
1707180816-0006-T,results\optA_20251207_233941\experiments\experiment_mp_idb_stages\visualizations\pred_detection_yolo12\1707180816-0006-T.png,1.0,1.0,1.0,0.0,0.0,0.857,Perfect,10,Best for paper,Perfect Detection,detection_error,5,mp_idb_stages,yolo12,,,,,,
1707180816-0015-T,results\optA_20251207_233941\experiments\experiment_mp_idb_stages\visualizations\pred_detection_yolo12\1707180816-0015-T.png,1.0,1.0,1.0,0.0,0.0,0.857,Perfect,10,Best for paper,Perfect Detection,detection_error,5,mp_idb_stages,yolo12,,,,,,
1707180816-0015-T,results\optA_20251207_233941\experiments\experiment_mp_idb_stages\visualizations\pred_detection_yolo12\1707180816-0015-T.png,1.0,1.0,1.0,0.0,0.0,0.857,Perfect,10,Best for paper,Perfect Detection,detection_error,5,mp_idb_stages,yolo12,,,,,,
1312132815-0017-T,results\optA_20251207_233941\experiments\experiment_mp_idb_stages\visualizations\pred_detection_yolo12\1312132815-0017-T.png,1.0,1.0,1.0,0.0,0.0,0.856,Perfect,10,Best for paper,Perfect Detection,detection_error,5,mp_idb_stages,yolo12,,,,,,
PA171742,results\optA_20251207_233941\experiments\experiment_iml_lifecycle\visualizations\pred_classification_densenet121_focal\PA171742.png,,,,,,0.722,All wrong,3,Not recommended,All Wrong,classification_error,5,iml_lifecycle,densenet121_focal,,3.0,0.0,3.0,0.0,0.75
PA171742,results\optA_20251207_233941\experiments\experiment_iml_lifecycle\visualizations\pred_classification_densenet121_focal\PA171742.png,,,,,,0.722,All wrong,3,Not recommended,All Wrong,classification_error,5,iml_lifecycle,densenet121_focal,,3.0,0.0,3.0,0.0,0.75
PA171990,results\optA_20251207_233941\experiments\experiment_iml_lifecycle\visualizations\pred_classification_densenet121_focal\PA171990.png,,,,,,0.491,All wrong,3,Not recommended,All Wrong,classification_error,5,iml_lifecycle,densenet121_focal,,3.0,0.0,3.0,0.0,0.75
PA171990,results\optA_20251207_233941\experiments\experiment_iml_lifecycle\visualizations\pred_classification_densenet121_focal\PA171990.png,,,,,,0.491,All wrong,3,Not recommended,All Wrong,classification_error,5,iml_lifecycle,densenet121_focal,,3.0,0.0,3.0,0.0,0.75
PA171770,results\optA_20251207_233941\experiments\experiment_iml_lifecycle\visualizations\pred_classification_densenet121_focal\PA171770.png,,,,,,0.749,All wrong,3,Not recommended,All Wrong,classification_error,5,iml_lifecycle,densenet121_focal,,2.0,0.0,2.0,0.0,0.75
PA171902,results\optA_20251207_233941\experiments\experiment_iml_lifecycle\visualizations\pred_classification_densenet121_focal\PA171902.png,,,,,,0.947,All wrong,5,Challenging case,High Confidence Errors (>0.75),classification_error,5,iml_lifecycle,densenet121_focal,,1.0,0.0,1.0,0.0,0.75
PA171902,results\optA_20251207_233941\experiments\experiment_iml_lifecycle\visualizations\pred_classification_densenet121_focal\PA171902.png,,,,,,0.947,All wrong,5,Challenging case,High Confidence Errors (>0.75),classification_error,5,iml_lifecycle,densenet121_focal,,1.0,0.0,1.0,0.0,0.75
PA171854,results\optA_20251207_233941\experiments\experiment_iml_lifecycle\visualizations\pred_classification_densenet121_focal\PA171854.png,,,,,,0.936,All wrong,5,Challenging case,High Confidence Errors (>0.75),classification_error,5,iml_lifecycle,densenet121_focal,,1.0,0.0,1.0,0.0,0.75
PA171854,results\optA_20251207_233941\experiments\experiment_iml_lifecycle\visualizations\pred_classification_densenet121_focal\PA171854.png,,,,,,0.936,All wrong,5,Challenging case,High Confidence Errors (>0.75),classification_error,5,iml_lifecycle,densenet121_focal,,1.0,0.0,1.0,0.0,0.75
PA171876,results\optA_20251207_233941\experiments\experiment_iml_lifecycle\visualizations\pred_classification_densenet121_focal\PA171876.png,,,,,,0.934,All wrong,5,Challenging case,High Confidence Errors (>0.75),classification_error,5,iml_lifecycle,densenet121_focal,,1.0,0.0,1.0,0.0,0.75
PA171878,results\optA_20251207_233941\experiments\experiment_iml_lifecycle\visualizations\pred_classification_densenet121_focal\PA171878.png,,,,,,0.782,"Mixed (some correct, some wrong)",6,Challenging case,Mixed Results,classification_error,5,iml_lifecycle,densenet121_focal,,3.0,1.0,2.0,0.333,0.75
PA171878,results\optA_20251207_233941\experiments\experiment_iml_lifecycle\visualizations\pred_classification_densenet121_focal\PA171878.png,,,,,,0.782,"Mixed (some correct, some wrong)",6,Challenging case,Mixed Results,classification_error,5,iml_lifecycle,densenet121_focal,,3.0,1.0,2.0,0.333,0.75
PA171751,results\optA_20251207_233941\experiments\experiment_iml_lifecycle\visualizations\pred_classification_densenet121_focal\PA171751.png,,,,,,0.706,"Mixed (some correct, some wrong)",6,Challenging case,Mixed Results,classification_error,5,iml_lifecycle,densenet121_focal,,3.0,1.0,2.0,0.333,0.75
PA171751,results\optA_20251207_233941\experiments\experiment_iml_lifecycle\visualizations\pred_classification_densenet121_focal\PA171751.png,,,,,,0.706,"Mixed (some correct, some wrong)",6,Challenging case,Mixed Results,classification_error,5,iml_lifecycle,densenet121_focal,,3.0,1.0,2.0,0.333,0.75
PA171698,results\optA_20251207_233941\experiments\experiment_iml_lifecycle\visualizations\pred_classification_densenet121_focal\PA171698.png,,,,,,0.653,"Mixed (some correct, some wrong)",4,Not recommended,Mixed Results,classification_error,5,iml_lifecycle,densenet121_focal,,3.0,1.0,2.0,0.333,0.75
PA171900,results\optA_20251207_233941\experiments\experiment_iml_lifecycle\visualizations\pred_classification_densenet121_focal\PA171900.png,,,,,,0.402,All correct,8,Good for paper,Low Confidence Correct (<0.6),classification_error,5,iml_lifecycle,densenet121_focal,,1.0,1.0,0.0,1.0,0.75
PA171900,results\optA_20251207_233941\experiments\experiment_iml_lifecycle\visualizations\pred_classification_densenet121_focal\PA171900.png,,,,,,0.402,All correct,8,Good for paper,Low Confidence Correct (<0.6),classification_error,5,iml_lifecycle,densenet121_focal,,1.0,1.0,0.0,1.0,0.75
PA171826,results\optA_20251207_233941\experiments\experiment_iml_lifecycle\visualizations\pred_classification_densenet121_focal\PA171826.png,,,,,,0.972,All correct,10,Best for paper,Perfect Classification,classification_error,5,iml_lifecycle,densenet121_focal,,1.0,1.0,0.0,1.0,0.75
PA171826,results\optA_20251207_233941\experiments\experiment_iml_lifecycle\visualizations\pred_classification_densenet121_focal\PA171826.png,,,,,,0.972,All correct,10,Best for paper,Perfect Classification,classification_error,5,iml_lifecycle,densenet121_focal,,1.0,1.0,0.0,1.0,0.75
PA171886,results\optA_20251207_233941\experiments\experiment_iml_lifecycle\visualizations\pred_classification_densenet121_focal\PA171886.png,,,,,,0.972,All correct,10,Best for paper,Perfect Classification,classification_error,5,iml_lifecycle,densenet121_focal,,1.0,1.0,0.0,1.0,0.75
PA171886,results\optA_20251207_233941\experiments\experiment_iml_lifecycle\visualizations\pred_classification_densenet121_focal\PA171886.png,,,,,,0.972,All correct,10,Best for paper,Perfect Classification,classification_error,5,iml_lifecycle,densenet121_focal,,1.0,1.0,0.0,1.0,0.75
PA171949,results\optA_20251207_233941\experiments\experiment_iml_lifecycle\visualizations\pred_classification_densenet121_focal\PA171949.png,,,,,,0.966,All correct,10,Best for paper,Perfect Classification,classification_error,5,iml_lifecycle,densenet121_focal,,1.0,1.0,0.0,1.0,0.75
PA171990,results\optA_20251207_233941\experiments\experiment_iml_lifecycle\visualizations\pred_classification_efficientnet_b0_focal\PA171990.png,,,,,,0.442,All wrong,3,Not recommended,All Wrong,classification_error,5,iml_lifecycle,efficientnet_b0_focal,,3.0,0.0,3.0,0.0,0.75
PA171990,results\optA_20251207_233941\experiments\experiment_iml_lifecycle\visualizations\pred_classification_efficientnet_b0_focal\PA171990.png,,,,,,0.442,All wrong,3,Not recommended,All Wrong,classification_error,5,iml_lifecycle,efficientnet_b0_focal,,3.0,0.0,3.0,0.0,0.75
PA171742,results\optA_20251207_233941\experiments\experiment_iml_lifecycle\visualizations\pred_classification_efficientnet_b0_focal\PA171742.png,,,,,,0.339,All wrong,3,Not recommended,All Wrong,classification_error,5,iml_lifecycle,efficientnet_b0_focal,,3.0,0.0,3.0,0.0,0.75
PA171742,results\optA_20251207_233941\experiments\experiment_iml_lifecycle\visualizations\pred_classification_efficientnet_b0_focal\PA171742.png,,,,,,0.339,All wrong,3,Not recommended,All Wrong,classification_error,5,iml_lifecycle,efficientnet_b0_focal,,3.0,0.0,3.0,0.0,0.75
PA171699,results\optA_20251207_233941\experiments\experiment_iml_lifecycle\visualizations\pred_classification_efficientnet_b0_focal\PA171699.png,,,,,,0.599,All wrong,3,Not recommended,All Wrong,classification_error,5,iml_lifecycle,efficientnet_b0_focal,,2.0,0.0,2.0,0.0,0.75
PA171876,results\optA_20251207_233941\experiments\experiment_iml_lifecycle\visualizations\pred_classification_efficientnet_b0_focal\PA171876.png,,,,,,0.955,All wrong,5,Challenging case,High Confidence Errors (>0.75),classification_error,5,iml_lifecycle,efficientnet_b0_focal,,1.0,0.0,1.0,0.0,0.75
PA171876,results\optA_20251207_233941\experiments\experiment_iml_lifecycle\visualizations\pred_classification_efficientnet_b0_focal\PA171876.png,,,,,,0.955,All wrong,5,Challenging case,High Confidence Errors (>0.75),classification_error,5,iml_lifecycle,efficientnet_b0_focal,,1.0,0.0,1.0,0.0,0.75
PA171898,results\optA_20251207_233941\experiments\experiment_iml_lifecycle\visualizations\pred_classification_efficientnet_b0_focal\PA171898.png,,,,,,0.836,All wrong,5,Challenging case,High Confidence Errors (>0.75),classification_error,5,iml_lifecycle,efficientnet_b0_focal,,1.0,0.0,1.0,0.0,0.75
PA171898,results\optA_20251207_233941\experiments\experiment_iml_lifecycle\visualizations\pred_classification_efficientnet_b0_focal\PA171898.png,,,,,,0.836,All wrong,5,Challenging case,High Confidence Errors (>0.75),classification_error,5,iml_lifecycle,efficientnet_b0_focal,,1.0,0.0,1.0,0.0,0.75
PA171878,results\optA_20251207_233941\experiments\experiment_iml_lifecycle\visualizations\pred_classification_efficientnet_b0_focal\PA171878.png,,,,,,0.459,"Mixed (some correct, some wrong)",4,Not recommended,Mixed Results,classification_error,5,iml_lifecycle,efficientnet_b0_focal,,3.0,1.0,2.0,0.333,0.75
PA171878,results\optA_20251207_233941\experiments\experiment_iml_lifecycle\visualizations\pred_classification_efficientnet_b0_focal\PA171878.png,,,,,,0.459,"Mixed (some correct, some wrong)",4,Not recommended,Mixed Results,classification_error,5,iml_lifecycle,efficientnet_b0_focal,,3.0,1.0,2.0,0.333,0.75
PA171912,results\optA_20251207_233941\experiments\experiment_iml_lifecycle\visualizations\pred_classification_efficientnet_b0_focal\PA171912.png,,,,,,0.415,"Mixed (some correct, some wrong)",4,Not recommended,Mixed Results,classification_error,5,iml_lifecycle,efficientnet_b0_focal,,3.0,1.0,2.0,0.333,0.75
PA171912,results\optA_20251207_233941\experiments\experiment_iml_lifecycle\visualizations\pred_classification_efficientnet_b0_focal\PA171912.png,,,,,,0.415,"Mixed (some correct, some wrong)",4,Not recommended,Mixed Results,classification_error,5,iml_lifecycle,efficientnet_b0_focal,,3.0,1.0,2.0,0.333,0.75
PA171751,results\optA_20251207_233941\experiments\experiment_iml_lifecycle\visualizations\pred_classification_efficientnet_b0_focal\PA171751.png,,,,,,0.361,"Mixed (some correct, some wrong)",4,Not recommended,Mixed Results,classification_error,5,iml_lifecycle,efficientnet_b0_focal,,3.0,1.0,2.0,0.333,0.75
PA171739,results\optA_20251207_233941\experiments\experiment_iml_lifecycle\visualizations\pred_classification_efficientnet_b0_focal\PA171739.png,,,,,,0.328,All correct,8,Good for paper,Low Confidence Correct (<0.6),classification_error,5,iml_lifecycle,efficientnet_b0_focal,,1.0,1.0,0.0,1.0,0.75
PA171739,results\optA_20251207_233941\experiments\experiment_iml_lifecycle\visualizations\pred_classification_efficientnet_b0_focal\PA171739.png,,,,,,0.328,All correct,8,Good for paper,Low Confidence Correct (<0.6),classification_error,5,iml_lifecycle,efficientnet_b0_focal,,1.0,1.0,0.0,1.0,0.75
PA171697,results\optA_20251207_233941\experiments\experiment_iml_lifecycle\visualizations\pred_classification_efficientnet_b0_focal\PA171697.png,,,,,,0.363,All correct,8,Good for paper,Low Confidence Correct (<0.6),classification_error,5,iml_lifecycle,efficientnet_b0_focal,,3.0,3.0,0.0,1.0,0.75
PA171697,results\optA_20251207_233941\experiments\experiment_iml_lifecycle\visualizations\pred_classification_efficientnet_b0_focal\PA171697.png,,,,,,0.363,All correct,8,Good for paper,Low Confidence Correct (<0.6),classification_error,5,iml_lifecycle,efficientnet_b0_focal,,3.0,3.0,0.0,1.0,0.75
PA171949,results\optA_20251207_233941\experiments\experiment_iml_lifecycle\visualizations\pred_classification_efficientnet_b0_focal\PA171949.png,,,,,,0.373,All correct,8,Good for paper,Low Confidence Correct (<0.6),classification_error,5,iml_lifecycle,efficientnet_b0_focal,,1.0,1.0,0.0,1.0,0.75
PA171786,results\optA_20251207_233941\experiments\experiment_iml_lifecycle\visualizations\pred_classification_efficientnet_b0_focal\PA171786.png,,,,,,0.836,All correct,9,Best for paper,Perfect Classification,classification_error,5,iml_lifecycle,efficientnet_b0_focal,,1.0,1.0,0.0,1.0,0.75
PA171786,results\optA_20251207_233941\experiments\experiment_iml_lifecycle\visualizations\pred_classification_efficientnet_b0_focal\PA171786.png,,,,,,0.836,All correct,9,Best for paper,Perfect Classification,classification_error,5,iml_lifecycle,efficientnet_b0_focal,,1.0,1.0,0.0,1.0,0.75
PA172021,results\optA_20251207_233941\experiments\experiment_iml_lifecycle\visualizations\pred_classification_efficientnet_b0_focal\PA172021.png,,,,,,0.834,All correct,9,Best for paper,Perfect Classification,classification_error,5,iml_lifecycle,efficientnet_b0_focal,,2.0,2.0,0.0,1.0,0.75
PA172021,results\optA_20251207_233941\experiments\experiment_iml_lifecycle\visualizations\pred_classification_efficientnet_b0_focal\PA172021.png,,,,,,0.834,All correct,9,Best for paper,Perfect Classification,classification_error,5,iml_lifecycle,efficientnet_b0_focal,,2.0,2.0,0.0,1.0,0.75
PA171972,results\optA_20251207_233941\experiments\experiment_iml_lifecycle\visualizations\pred_classification_efficientnet_b0_focal\PA171972.png,,,,,,0.765,All correct,9,Best for paper,Perfect Classification,classification_error,5,iml_lifecycle,efficientnet_b0_focal,,1.0,1.0,0.0,1.0,0.75
PA171751,results\optA_20251207_233941\experiments\experiment_iml_lifecycle\visualizations\pred_classification_efficientnet_b1_focal\PA171751.png,,,,,,0.524,All wrong,3,Not recommended,All Wrong,classification_error,5,iml_lifecycle,efficientnet_b1_focal,,3.0,0.0,3.0,0.0,0.75
PA171751,results\optA_20251207_233941\experiments\experiment_iml_lifecycle\visualizations\pred_classification_efficientnet_b1_focal\PA171751.png,,,,,,0.524,All wrong,3,Not recommended,All Wrong,classification_error,5,iml_lifecycle,efficientnet_b1_focal,,3.0,0.0,3.0,0.0,0.75
PA171742,results\optA_20251207_233941\experiments\experiment_iml_lifecycle\visualizations\pred_classification_efficientnet_b1_focal\PA171742.png,,,,,,0.471,All wrong,3,Not recommended,All Wrong,classification_error,5,iml_lifecycle,efficientnet_b1_focal,,3.0,0.0,3.0,0.0,0.75
PA171742,results\optA_20251207_233941\experiments\experiment_iml_lifecycle\visualizations\pred_classification_efficientnet_b1_focal\PA171742.png,,,,,,0.471,All wrong,3,Not recommended,All Wrong,classification_error,5,iml_lifecycle,efficientnet_b1_focal,,3.0,0.0,3.0,0.0,0.75
PA171899,results\optA_20251207_233941\experiments\experiment_iml_lifecycle\visualizations\pred_classification_efficientnet_b1_focal\PA171899.png,,,,,,0.548,All wrong,3,Not recommended,All Wrong,classification_error,5,iml_lifecycle,efficientnet_b1_focal,,2.0,0.0,2.0,0.0,0.75
PA171836,results\optA_20251207_233941\experiments\experiment_iml_lifecycle\visualizations\pred_classification_efficientnet_b1_focal\PA171836.png,,,,,,0.938,All wrong,5,Challenging case,High Confidence Errors (>0.75),classification_error,5,iml_lifecycle,efficientnet_b1_focal,,1.0,0.0,1.0,0.0,0.75
PA171836,results\optA_20251207_233941\experiments\experiment_iml_lifecycle\visualizations\pred_classification_efficientnet_b1_focal\PA171836.png,,,,,,0.938,All wrong,5,Challenging case,High Confidence Errors (>0.75),classification_error,5,iml_lifecycle,efficientnet_b1_focal,,1.0,0.0,1.0,0.0,0.75
PA171822,results\optA_20251207_233941\experiments\experiment_iml_lifecycle\visualizations\pred_classification_efficientnet_b1_focal\PA171822.png,,,,,,0.924,All wrong,5,Challenging case,High Confidence Errors (>0.75),classification_error,5,iml_lifecycle,efficientnet_b1_focal,,1.0,0.0,1.0,0.0,0.75
PA171822,results\optA_20251207_233941\experiments\experiment_iml_lifecycle\visualizations\pred_classification_efficientnet_b1_focal\PA171822.png,,,,,,0.924,All wrong,5,Challenging case,High Confidence Errors (>0.75),classification_error,5,iml_lifecycle,efficientnet_b1_focal,,1.0,0.0,1.0,0.0,0.75
PA171854,results\optA_20251207_233941\experiments\experiment_iml_lifecycle\visualizations\pred_classification_efficientnet_b1_focal\PA171854.png,,,,,,0.813,All wrong,5,Challenging case,High Confidence Errors (>0.75),classification_error,5,iml_lifecycle,efficientnet_b1_focal,,1.0,0.0,1.0,0.0,0.75
PA171959,results\optA_20251207_233941\experiments\experiment_iml_lifecycle\visualizations\pred_classification_efficientnet_b1_focal\PA171959.png,,,,,,0.608,"Mixed (some correct, some wrong)",4,Not recommended,Mixed Results,classification_error,5,iml_lifecycle,efficientnet_b1_focal,,5.0,3.0,2.0,0.6,0.75
PA171959,results\optA_20251207_233941\experiments\experiment_iml_lifecycle\visualizations\pred_classification_efficientnet_b1_focal\PA171959.png,,,,,,0.608,"Mixed (some correct, some wrong)",4,Not recommended,Mixed Results,classification_error,5,iml_lifecycle,efficientnet_b1_focal,,5.0,3.0,2.0,0.6,0.75
PA171878,results\optA_20251207_233941\experiments\experiment_iml_lifecycle\visualizations\pred_classification_efficientnet_b1_focal\PA171878.png,,,,,,0.562,"Mixed (some correct, some wrong)",4,Not recommended,Mixed Results,classification_error,5,iml_lifecycle,efficientnet_b1_focal,,3.0,1.0,2.0,0.333,0.75
PA171878,results\optA_20251207_233941\experiments\experiment_iml_lifecycle\visualizations\pred_classification_efficientnet_b1_focal\PA171878.png,,,,,,0.562,"Mixed (some correct, some wrong)",4,Not recommended,Mixed Results,classification_error,5,iml_lifecycle,efficientnet_b1_focal,,3.0,1.0,2.0,0.333,0.75
PA171801,results\optA_20251207_233941\experiments\experiment_iml_lifecycle\visualizations\pred_classification_efficientnet_b1_focal\PA171801.png,,,,,,0.516,"Mixed (some correct, some wrong)",4,Not recommended,Mixed Results,classification_error,5,iml_lifecycle,efficientnet_b1_focal,,3.0,1.0,2.0,0.333,0.75
PA171900,results\optA_20251207_233941\experiments\experiment_iml_lifecycle\visualizations\pred_classification_efficientnet_b1_focal\PA171900.png,,,,,,0.44,All correct,8,Good for paper,Low Confidence Correct (<0.6),classification_error,5,iml_lifecycle,efficientnet_b1_focal,,1.0,1.0,0.0,1.0,0.75
PA171900,results\optA_20251207_233941\experiments\experiment_iml_lifecycle\visualizations\pred_classification_efficientnet_b1_focal\PA171900.png,,,,,,0.44,All correct,8,Good for paper,Low Confidence Correct (<0.6),classification_error,5,iml_lifecycle,efficientnet_b1_focal,,1.0,1.0,0.0,1.0,0.75
PA171962,results\optA_20251207_233941\experiments\experiment_iml_lifecycle\visualizations\pred_classification_efficientnet_b1_focal\PA171962.png,,,,,,0.484,All correct,8,Good for paper,Low Confidence Correct (<0.6),classification_error,5,iml_lifecycle,efficientnet_b1_focal,,1.0,1.0,0.0,1.0,0.75
PA171962,results\optA_20251207_233941\experiments\experiment_iml_lifecycle\visualizations\pred_classification_efficientnet_b1_focal\PA171962.png,,,,,,0.484,All correct,8,Good for paper,Low Confidence Correct (<0.6),classification_error,5,iml_lifecycle,efficientnet_b1_focal,,1.0,1.0,0.0,1.0,0.75
PA171987,results\optA_20251207_233941\experiments\experiment_iml_lifecycle\visualizations\pred_classification_efficientnet_b1_focal\PA171987.png,,,,,,0.501,All correct,8,Good for paper,Low Confidence Correct (<0.6),classification_error,5,iml_lifecycle,efficientnet_b1_focal,,1.0,1.0,0.0,1.0,0.75
PA171824,results\optA_20251207_233941\experiments\experiment_iml_lifecycle\visualizations\pred_classification_efficientnet_b1_focal\PA171824.png,,,,,,1.0,All correct,10,Best for paper,Perfect Classification,classification_error,5,iml_lifecycle,efficientnet_b1_focal,,1.0,1.0,0.0,1.0,0.75
PA171824,results\optA_20251207_233941\experiments\experiment_iml_lifecycle\visualizations\pred_classification_efficientnet_b1_focal\PA171824.png,,,,,,1.0,All correct,10,Best for paper,Perfect Classification,classification_error,5,iml_lifecycle,efficientnet_b1_focal,,1.0,1.0,0.0,1.0,0.75
PA171972,results\optA_20251207_233941\experiments\experiment_iml_lifecycle\visualizations\pred_classification_efficientnet_b1_focal\PA171972.png,,,,,,0.879,All correct,10,Best for paper,Perfect Classification,classification_error,5,iml_lifecycle,efficientnet_b1_focal,,1.0,1.0,0.0,1.0,0.75
PA171972,results\optA_20251207_233941\experiments\experiment_iml_lifecycle\visualizations\pred_classification_efficientnet_b1_focal\PA171972.png,,,,,,0.879,All correct,10,Best for paper,Perfect Classification,classification_error,5,iml_lifecycle,efficientnet_b1_focal,,1.0,1.0,0.0,1.0,0.75
PA171996,results\optA_20251207_233941\experiments\experiment_iml_lifecycle\visualizations\pred_classification_efficientnet_b1_focal\PA171996.png,,,,,,0.808,All correct,9,Best for paper,Perfect Classification,classification_error,5,iml_lifecycle,efficientnet_b1_focal,,1.0,1.0,0.0,1.0,0.75
PA171990,results\optA_20251207_233941\experiments\experiment_iml_lifecycle\visualizations\pred_classification_efficientnet_b2_focal\PA171990.png,,,,,,0.8,All wrong,5,Challenging case,All Wrong,classification_error,5,iml_lifecycle,efficientnet_b2_focal,,3.0,0.0,3.0,0.0,0.75
PA171990,results\optA_20251207_233941\experiments\experiment_iml_lifecycle\visualizations\pred_classification_efficientnet_b2_focal\PA171990.png,,,,,,0.8,All wrong,5,Challenging case,All Wrong,classification_error,5,iml_lifecycle,efficientnet_b2_focal,,3.0,0.0,3.0,0.0,0.75
PA171742,results\optA_20251207_233941\experiments\experiment_iml_lifecycle\visualizations\pred_classification_efficientnet_b2_focal\PA171742.png,,,,,,0.732,All wrong,3,Not recommended,All Wrong,classification_error,5,iml_lifecycle,efficientnet_b2_focal,,3.0,0.0,3.0,0.0,0.75
PA171742,results\optA_20251207_233941\experiments\experiment_iml_lifecycle\visualizations\pred_classification_efficientnet_b2_focal\PA171742.png,,,,,,0.732,All wrong,3,Not recommended,All Wrong,classification_error,5,iml_lifecycle,efficientnet_b2_focal,,3.0,0.0,3.0,0.0,0.75
PA171751,results\optA_20251207_233941\experiments\experiment_iml_lifecycle\visualizations\pred_classification_efficientnet_b2_focal\PA171751.png,,,,,,0.666,All wrong,3,Not recommended,All Wrong,classification_error,5,iml_lifecycle,efficientnet_b2_focal,,3.0,0.0,3.0,0.0,0.75
PA171854,results\optA_20251207_233941\experiments\experiment_iml_lifecycle\visualizations\pred_classification_efficientnet_b2_focal\PA171854.png,,,,,,0.97,All wrong,5,Challenging case,High Confidence Errors (>0.75),classification_error,5,iml_lifecycle,efficientnet_b2_focal,,1.0,0.0,1.0,0.0,0.75
PA171854,results\optA_20251207_233941\experiments\experiment_iml_lifecycle\visualizations\pred_classification_efficientnet_b2_focal\PA171854.png,,,,,,0.97,All wrong,5,Challenging case,High Confidence Errors (>0.75),classification_error,5,iml_lifecycle,efficientnet_b2_focal,,1.0,0.0,1.0,0.0,0.75
PA171836,results\optA_20251207_233941\experiments\experiment_iml_lifecycle\visualizations\pred_classification_efficientnet_b2_focal\PA171836.png,,,,,,0.945,All wrong,5,Challenging case,High Confidence Errors (>0.75),classification_error,5,iml_lifecycle,efficientnet_b2_focal,,1.0,0.0,1.0,0.0,0.75
PA171836,results\optA_20251207_233941\experiments\experiment_iml_lifecycle\visualizations\pred_classification_efficientnet_b2_focal\PA171836.png,,,,,,0.945,All wrong,5,Challenging case,High Confidence Errors (>0.75),classification_error,5,iml_lifecycle,efficientnet_b2_focal,,1.0,0.0,1.0,0.0,0.75
PA171927,results\optA_20251207_233941\experiments\experiment_iml_lifecycle\visualizations\pred_classification_efficientnet_b2_focal\PA171927.png,,,,,,0.936,All wrong,5,Challenging case,High Confidence Errors (>0.75),classification_error,5,iml_lifecycle,efficientnet_b2_focal,,1.0,0.0,1.0,0.0,0.75
PA171878,results\optA_20251207_233941\experiments\experiment_iml_lifecycle\visualizations\pred_classification_efficientnet_b2_focal\PA171878.png,,,,,,0.779,"Mixed (some correct, some wrong)",6,Challenging case,Mixed Results,classification_error,5,iml_lifecycle,efficientnet_b2_focal,,3.0,1.0,2.0,0.333,0.75
PA171878,results\optA_20251207_233941\experiments\experiment_iml_lifecycle\visualizations\pred_classification_efficientnet_b2_focal\PA171878.png,,,,,,0.779,"Mixed (some correct, some wrong)",6,Challenging case,Mixed Results,classification_error,5,iml_lifecycle,efficientnet_b2_focal,,3.0,1.0,2.0,0.333,0.75
PA171698,results\optA_20251207_233941\experiments\experiment_iml_lifecycle\visualizations\pred_classification_efficientnet_b2_focal\PA171698.png,,,,,,0.709,"Mixed (some correct, some wrong)",6,Challenging case,Mixed Results,classification_error,5,iml_lifecycle,efficientnet_b2_focal,,3.0,1.0,2.0,0.333,0.75
PA171698,results\optA_20251207_233941\experiments\experiment_iml_lifecycle\visualizations\pred_classification_efficientnet_b2_focal\PA171698.png,,,,,,0.709,"Mixed (some correct, some wrong)",6,Challenging case,Mixed Results,classification_error,5,iml_lifecycle,efficientnet_b2_focal,,3.0,1.0,2.0,0.333,0.75
PA171959,results\optA_20251207_233941\experiments\experiment_iml_lifecycle\visualizations\pred_classification_efficientnet_b2_focal\PA171959.png,,,,,,0.905,"Mixed (some correct, some wrong)",6,Challenging case,Mixed Results,classification_error,5,iml_lifecycle,efficientnet_b2_focal,,5.0,4.0,1.0,0.8,0.75
PA171949,results\optA_20251207_233941\experiments\experiment_iml_lifecycle\visualizations\pred_classification_efficientnet_b2_focal\PA171949.png,,,,,,0.994,All correct,10,Best for paper,Perfect Classification,classification_error,5,iml_lifecycle,efficientnet_b2_focal,,1.0,1.0,0.0,1.0,0.75
PA171949,results\optA_20251207_233941\experiments\experiment_iml_lifecycle\visualizations\pred_classification_efficientnet_b2_focal\PA171949.png,,,,,,0.994,All correct,10,Best for paper,Perfect Classification,classification_error,5,iml_lifecycle,efficientnet_b2_focal,,1.0,1.0,0.0,1.0,0.75
PA171826,results\optA_20251207_233941\experiments\experiment_iml_lifecycle\visualizations\pred_classification_efficientnet_b2_focal\PA171826.png,,,,,,0.99,All correct,10,Best for paper,Perfect Classification,classification_error,5,iml_lifecycle,efficientnet_b2_focal,,1.0,1.0,0.0,1.0,0.75
PA171826,results\optA_20251207_233941\experiments\experiment_iml_lifecycle\visualizations\pred_classification_efficientnet_b2_focal\PA171826.png,,,,,,0.99,All correct,10,Best for paper,Perfect Classification,classification_error,5,iml_lifecycle,efficientnet_b2_focal,,1.0,1.0,0.0,1.0,0.75
PA171972,results\optA_20251207_233941\experiments\experiment_iml_lifecycle\visualizations\pred_classification_efficientnet_b2_focal\PA171972.png,,,,,,0.98,All correct,10,Best for paper,Perfect Classification,classification_error,5,iml_lifecycle,efficientnet_b2_focal,,1.0,1.0,0.0,1.0,0.75
PA171742,results\optA_20251207_233941\experiments\experiment_iml_lifecycle\visualizations\pred_classification_resnet101_focal\PA171742.png,,,,,,0.337,All wrong,3,Not recommended,All Wrong,classification_error,5,iml_lifecycle,resnet101_focal,,3.0,0.0,3.0,0.0,0.75
PA171742,results\optA_20251207_233941\experiments\experiment_iml_lifecycle\visualizations\pred_classification_resnet101_focal\PA171742.png,,,,,,0.337,All wrong,3,Not recommended,All Wrong,classification_error,5,iml_lifecycle,resnet101_focal,,3.0,0.0,3.0,0.0,0.75
PA171909,results\optA_20251207_233941\experiments\experiment_iml_lifecycle\visualizations\pred_classification_resnet101_focal\PA171909.png,,,,,,0.62,All wrong,3,Not recommended,All Wrong,classification_error,5,iml_lifecycle,resnet101_focal,,2.0,0.0,2.0,0.0,0.75
PA171909,results\optA_20251207_233941\experiments\experiment_iml_lifecycle\visualizations\pred_classification_resnet101_focal\PA171909.png,,,,,,0.62,All wrong,3,Not recommended,All Wrong,classification_error,5,iml_lifecycle,resnet101_focal,,2.0,0.0,2.0,0.0,0.75
PA172004,results\optA_20251207_233941\experiments\experiment_iml_lifecycle\visualizations\pred_classification_resnet101_focal\PA172004.png,,,,,,0.588,All wrong,3,Not recommended,All Wrong,classification_error,5,iml_lifecycle,resnet101_focal,,2.0,0.0,2.0,0.0,0.75
PA171854,results\optA_20251207_233941\experiments\experiment_iml_lifecycle\visualizations\pred_classification_resnet101_focal\PA171854.png,,,,,,0.918,All wrong,5,Challenging case,High Confidence Errors (>0.75),classification_error,5,iml_lifecycle,resnet101_focal,,1.0,0.0,1.0,0.0,0.75
PA171854,results\optA_20251207_233941\experiments\experiment_iml_lifecycle\visualizations\pred_classification_resnet101_focal\PA171854.png,,,,,,0.918,All wrong,5,Challenging case,High Confidence Errors (>0.75),classification_error,5,iml_lifecycle,resnet101_focal,,1.0,0.0,1.0,0.0,0.75
PA171878,results\optA_20251207_233941\experiments\experiment_iml_lifecycle\visualizations\pred_classification_resnet101_focal\PA171878.png,,,,,,0.851,"Mixed (some correct, some wrong)",6,Challenging case,High Confidence Errors (>0.75),classification_error,5,iml_lifecycle,resnet101_focal,,3.0,1.0,2.0,0.333,0.75
PA171878,results\optA_20251207_233941\experiments\experiment_iml_lifecycle\visualizations\pred_classification_resnet101_focal\PA171878.png,,,,,,0.851,"Mixed (some correct, some wrong)",6,Challenging case,High Confidence Errors (>0.75),classification_error,5,iml_lifecycle,resnet101_focal,,3.0,1.0,2.0,0.333,0.75
PA171878,results\optA_20251207_233941\experiments\experiment_iml_lifecycle\visualizations\pred_classification_resnet101_focal\PA171878.png,,,,,,0.851,"Mixed (some correct, some wrong)",6,Challenging case,Mixed Results,classification_error,5,iml_lifecycle,resnet101_focal,,3.0,1.0,2.0,0.333,0.75
PA171878,results\optA_20251207_233941\experiments\experiment_iml_lifecycle\visualizations\pred_classification_resnet101_focal\PA171878.png,,,,,,0.851,"Mixed (some correct, some wrong)",6,Challenging case,Mixed Results,classification_error,5,iml_lifecycle,resnet101_focal,,3.0,1.0,2.0,0.333,0.75
PA171990,results\optA_20251207_233941\experiments\experiment_iml_lifecycle\visualizations\pred_classification_resnet101_focal\PA171990.png,,,,,,0.502,"Mixed (some correct, some wrong)",4,Not recommended,Mixed Results,classification_error,5,iml_lifecycle,resnet101_focal,,3.0,1.0,2.0,0.333,0.75
PA171990,results\optA_20251207_233941\experiments\experiment_iml_lifecycle\visualizations\pred_classification_resnet101_focal\PA171990.png,,,,,,0.502,"Mixed (some correct, some wrong)",4,Not recommended,Mixed Results,classification_error,5,iml_lifecycle,resnet101_focal,,3.0,1.0,2.0,0.333,0.75
PA171698,results\optA_20251207_233941\experiments\experiment_iml_lifecycle\visualizations\pred_classification_resnet101_focal\PA171698.png,,,,,,0.461,"Mixed (some correct, some wrong)",4,Not recommended,Mixed Results,classification_error,5,iml_lifecycle,resnet101_focal,,3.0,1.0,2.0,0.333,0.75
PA171693,results\optA_20251207_233941\experiments\experiment_iml_lifecycle\visualizations\pred_classification_resnet101_focal\PA171693.png,,,,,,0.305,All correct,8,Good for paper,Low Confidence Correct (<0.6),classification_error,5,iml_lifecycle,resnet101_focal,,2.0,2.0,0.0,1.0,0.75
PA171693,results\optA_20251207_233941\experiments\experiment_iml_lifecycle\visualizations\pred_classification_resnet101_focal\PA171693.png,,,,,,0.305,All correct,8,Good for paper,Low Confidence Correct (<0.6),classification_error,5,iml_lifecycle,resnet101_focal,,2.0,2.0,0.0,1.0,0.75
PA171777,results\optA_20251207_233941\experiments\experiment_iml_lifecycle\visualizations\pred_classification_resnet101_focal\PA171777.png,,,,,,0.344,All correct,8,Good for paper,Low Confidence Correct (<0.6),classification_error,5,iml_lifecycle,resnet101_focal,,1.0,1.0,0.0,1.0,0.75
PA171777,results\optA_20251207_233941\experiments\experiment_iml_lifecycle\visualizations\pred_classification_resnet101_focal\PA171777.png,,,,,,0.344,All correct,8,Good for paper,Low Confidence Correct (<0.6),classification_error,5,iml_lifecycle,resnet101_focal,,1.0,1.0,0.0,1.0,0.75
PA171697,results\optA_20251207_233941\experiments\experiment_iml_lifecycle\visualizations\pred_classification_resnet101_focal\PA171697.png,,,,,,0.394,All correct,8,Good for paper,Low Confidence Correct (<0.6),classification_error,5,iml_lifecycle,resnet101_focal,,3.0,3.0,0.0,1.0,0.75
PA171824,results\optA_20251207_233941\experiments\experiment_iml_lifecycle\visualizations\pred_classification_resnet101_focal\PA171824.png,,,,,,0.975,All correct,10,Best for paper,Perfect Classification,classification_error,5,iml_lifecycle,resnet101_focal,,1.0,1.0,0.0,1.0,0.75
PA171824,results\optA_20251207_233941\experiments\experiment_iml_lifecycle\visualizations\pred_classification_resnet101_focal\PA171824.png,,,,,,0.975,All correct,10,Best for paper,Perfect Classification,classification_error,5,iml_lifecycle,resnet101_focal,,1.0,1.0,0.0,1.0,0.75
PA171964,results\optA_20251207_233941\experiments\experiment_iml_lifecycle\visualizations\pred_classification_resnet101_focal\PA171964.png,,,,,,0.938,All correct,10,Best for paper,Perfect Classification,classification_error,5,iml_lifecycle,resnet101_focal,,2.0,2.0,0.0,1.0,0.75
PA171964,results\optA_20251207_233941\experiments\experiment_iml_lifecycle\visualizations\pred_classification_resnet101_focal\PA171964.png,,,,,,0.938,All correct,10,Best for paper,Perfect Classification,classification_error,5,iml_lifecycle,resnet101_focal,,2.0,2.0,0.0,1.0,0.75
PA171923,results\optA_20251207_233941\experiments\experiment_iml_lifecycle\visualizations\pred_classification_resnet101_focal\PA171923.png,,,,,,0.934,All correct,10,Best for paper,Perfect Classification,classification_error,5,iml_lifecycle,resnet101_focal,,1.0,1.0,0.0,1.0,0.75
PA171742,results\optA_20251207_233941\experiments\experiment_iml_lifecycle\visualizations\pred_classification_resnet50_focal\PA171742.png,,,,,,0.62,All wrong,3,Not recommended,All Wrong,classification_error,5,iml_lifecycle,resnet50_focal,,3.0,0.0,3.0,0.0,0.75
PA171742,results\optA_20251207_233941\experiments\experiment_iml_lifecycle\visualizations\pred_classification_resnet50_focal\PA171742.png,,,,,,0.62,All wrong,3,Not recommended,All Wrong,classification_error,5,iml_lifecycle,resnet50_focal,,3.0,0.0,3.0,0.0,0.75
PA171909,results\optA_20251207_233941\experiments\experiment_iml_lifecycle\visualizations\pred_classification_resnet50_focal\PA171909.png,,,,,,0.764,All wrong,5,Challenging case,All Wrong,classification_error,5,iml_lifecycle,resnet50_focal,,2.0,0.0,2.0,0.0,0.75
PA171909,results\optA_20251207_233941\experiments\experiment_iml_lifecycle\visualizations\pred_classification_resnet50_focal\PA171909.png,,,,,,0.764,All wrong,5,Challenging case,All Wrong,classification_error,5,iml_lifecycle,resnet50_focal,,2.0,0.0,2.0,0.0,0.75
PA172004,results\optA_20251207_233941\experiments\experiment_iml_lifecycle\visualizations\pred_classification_resnet50_focal\PA172004.png,,,,,,0.706,All wrong,3,Not recommended,All Wrong,classification_error,5,iml_lifecycle,resnet50_focal,,2.0,0.0,2.0,0.0,0.75
PA171802,results\optA_20251207_233941\experiments\experiment_iml_lifecycle\visualizations\pred_classification_resnet50_focal\PA171802.png,,,,,,0.928,"Mixed (some correct, some wrong)",6,Challenging case,High Confidence Errors (>0.75),classification_error,5,iml_lifecycle,resnet50_focal,,3.0,2.0,1.0,0.667,0.75
PA171802,results\optA_20251207_233941\experiments\experiment_iml_lifecycle\visualizations\pred_classification_resnet50_focal\PA171802.png,,,,,,0.928,"Mixed (some correct, some wrong)",6,Challenging case,High Confidence Errors (>0.75),classification_error,5,iml_lifecycle,resnet50_focal,,3.0,2.0,1.0,0.667,0.75
PA171854,results\optA_20251207_233941\experiments\experiment_iml_lifecycle\visualizations\pred_classification_resnet50_focal\PA171854.png,,,,,,0.925,All wrong,5,Challenging case,High Confidence Errors (>0.75),classification_error,5,iml_lifecycle,resnet50_focal,,1.0,0.0,1.0,0.0,0.75
PA171854,results\optA_20251207_233941\experiments\experiment_iml_lifecycle\visualizations\pred_classification_resnet50_focal\PA171854.png,,,,,,0.925,All wrong,5,Challenging case,High Confidence Errors (>0.75),classification_error,5,iml_lifecycle,resnet50_focal,,1.0,0.0,1.0,0.0,0.75
PA171934,results\optA_20251207_233941\experiments\experiment_iml_lifecycle\visualizations\pred_classification_resnet50_focal\PA171934.png,,,,,,0.904,All wrong,5,Challenging case,High Confidence Errors (>0.75),classification_error,5,iml_lifecycle,resnet50_focal,,1.0,0.0,1.0,0.0,0.75
PA171878,results\optA_20251207_233941\experiments\experiment_iml_lifecycle\visualizations\pred_classification_resnet50_focal\PA171878.png,,,,,,0.863,"Mixed (some correct, some wrong)",6,Challenging case,Mixed Results,classification_error,5,iml_lifecycle,resnet50_focal,,3.0,1.0,2.0,0.333,0.75
PA171878,results\optA_20251207_233941\experiments\experiment_iml_lifecycle\visualizations\pred_classification_resnet50_focal\PA171878.png,,,,,,0.863,"Mixed (some correct, some wrong)",6,Challenging case,Mixed Results,classification_error,5,iml_lifecycle,resnet50_focal,,3.0,1.0,2.0,0.333,0.75
PA171751,results\optA_20251207_233941\experiments\experiment_iml_lifecycle\visualizations\pred_classification_resnet50_focal\PA171751.png,,,,,,0.78,"Mixed (some correct, some wrong)",6,Challenging case,Mixed Results,classification_error,5,iml_lifecycle,resnet50_focal,,3.0,1.0,2.0,0.333,0.75
PA171751,results\optA_20251207_233941\experiments\experiment_iml_lifecycle\visualizations\pred_classification_resnet50_focal\PA171751.png,,,,,,0.78,"Mixed (some correct, some wrong)",6,Challenging case,Mixed Results,classification_error,5,iml_lifecycle,resnet50_focal,,3.0,1.0,2.0,0.333,0.75
PA171698,results\optA_20251207_233941\experiments\experiment_iml_lifecycle\visualizations\pred_classification_resnet50_focal\PA171698.png,,,,,,0.669,"Mixed (some correct, some wrong)",4,Not recommended,Mixed Results,classification_error,5,iml_lifecycle,resnet50_focal,,3.0,1.0,2.0,0.333,0.75
PA171942,results\optA_20251207_233941\experiments\experiment_iml_lifecycle\visualizations\pred_classification_resnet50_focal\PA171942.png,,,,,,0.309,All correct,8,Good for paper,Low Confidence Correct (<0.6),classification_error,5,iml_lifecycle,resnet50_focal,,1.0,1.0,0.0,1.0,0.75
PA171942,results\optA_20251207_233941\experiments\experiment_iml_lifecycle\visualizations\pred_classification_resnet50_focal\PA171942.png,,,,,,0.309,All correct,8,Good for paper,Low Confidence Correct (<0.6),classification_error,5,iml_lifecycle,resnet50_focal,,1.0,1.0,0.0,1.0,0.75
PA171987,results\optA_20251207_233941\experiments\experiment_iml_lifecycle\visualizations\pred_classification_resnet50_focal\PA171987.png,,,,,,0.511,All correct,8,Good for paper,Low Confidence Correct (<0.6),classification_error,5,iml_lifecycle,resnet50_focal,,1.0,1.0,0.0,1.0,0.75
PA171987,results\optA_20251207_233941\experiments\experiment_iml_lifecycle\visualizations\pred_classification_resnet50_focal\PA171987.png,,,,,,0.511,All correct,8,Good for paper,Low Confidence Correct (<0.6),classification_error,5,iml_lifecycle,resnet50_focal,,1.0,1.0,0.0,1.0,0.75
PA171927,results\optA_20251207_233941\experiments\experiment_iml_lifecycle\visualizations\pred_classification_resnet50_focal\PA171927.png,,,,,,0.584,All correct,8,Good for paper,Low Confidence Correct (<0.6),classification_error,5,iml_lifecycle,resnet50_focal,,1.0,1.0,0.0,1.0,0.75
PA171824,results\optA_20251207_233941\experiments\experiment_iml_lifecycle\visualizations\pred_classification_resnet50_focal\PA171824.png,,,,,,1.0,All correct,10,Best for paper,Perfect Classification,classification_error,5,iml_lifecycle,resnet50_focal,,1.0,1.0,0.0,1.0,0.75
PA171824,results\optA_20251207_233941\experiments\experiment_iml_lifecycle\visualizations\pred_classification_resnet50_focal\PA171824.png,,,,,,1.0,All correct,10,Best for paper,Perfect Classification,classification_error,5,iml_lifecycle,resnet50_focal,,1.0,1.0,0.0,1.0,0.75
PA171996,results\optA_20251207_233941\experiments\experiment_iml_lifecycle\visualizations\pred_classification_resnet50_focal\PA171996.png,,,,,,0.996,All correct,10,Best for paper,Perfect Classification,classification_error,5,iml_lifecycle,resnet50_focal,,1.0,1.0,0.0,1.0,0.75
PA171996,results\optA_20251207_233941\experiments\experiment_iml_lifecycle\visualizations\pred_classification_resnet50_focal\PA171996.png,,,,,,0.996,All correct,10,Best for paper,Perfect Classification,classification_error,5,iml_lifecycle,resnet50_focal,,1.0,1.0,0.0,1.0,0.75
PA171826,results\optA_20251207_233941\experiments\experiment_iml_lifecycle\visualizations\pred_classification_resnet50_focal\PA171826.png,,,,,,0.961,All correct,10,Best for paper,Perfect Classification,classification_error,5,iml_lifecycle,resnet50_focal,,1.0,1.0,0.0,1.0,0.75
Trip 802 Day 2 01-12-05 Image 5_2,results\optA_20251207_233941\experiments\experiment_md_2019_stages\visualizations\pred_classification_densenet121_focal\Trip 802 Day 2 01-12-05 Image 5_2.png,,,,,,0.997,All wrong,5,Challenging case,All Wrong,classification_error,5,md_2019_stages,densenet121_focal,,4.0,0.0,4.0,0.0,0.75
Trip 802 Day 2 01-12-05 Image 5_2,results\optA_20251207_233941\experiments\experiment_md_2019_stages\visualizations\pred_classification_densenet121_focal\Trip 802 Day 2 01-12-05 Image 5_2.png,,,,,,0.997,All wrong,5,Challenging case,All Wrong,classification_error,5,md_2019_stages,densenet121_focal,,4.0,0.0,4.0,0.0,0.75
Trip 802 Day 2 01-12-05 Image 5_4,results\optA_20251207_233941\experiments\experiment_md_2019_stages\visualizations\pred_classification_densenet121_focal\Trip 802 Day 2 01-12-05 Image 5_4.png,,,,,,0.999,All wrong,5,Challenging case,All Wrong,classification_error,5,md_2019_stages,densenet121_focal,,3.0,0.0,3.0,0.0,0.75
Trip 802 Day 2 01-12-05 Image 5_4,results\optA_20251207_233941\experiments\experiment_md_2019_stages\visualizations\pred_classification_densenet121_focal\Trip 802 Day 2 01-12-05 Image 5_4.png,,,,,,0.999,All wrong,5,Challenging case,All Wrong,classification_error,5,md_2019_stages,densenet121_focal,,3.0,0.0,3.0,0.0,0.75
Trip 029 Day 1 22-11-05 Image 9 add_15,results\optA_20251207_233941\experiments\experiment_md_2019_stages\visualizations\pred_classification_densenet121_focal\Trip 029 Day 1 22-11-05 Image 9 add_15.png,,,,,,0.996,All wrong,5,Challenging case,All Wrong,classification_error,5,md_2019_stages,densenet121_focal,,2.0,0.0,2.0,0.0,0.75
Trip 029 Day 1 22-11-05 Image 9 add_9,results\optA_20251207_233941\experiments\experiment_md_2019_stages\visualizations\pred_classification_densenet121_focal\Trip 029 Day 1 22-11-05 Image 9 add_9.png,,,,,,1.0,"Mixed (some correct, some wrong)",6,Challenging case,High Confidence Errors (>0.75),classification_error,5,md_2019_stages,densenet121_focal,,2.0,1.0,1.0,0.5,0.75
Trip 029 Day 1 22-11-05 Image 9 add_9,results\optA_20251207_233941\experiments\experiment_md_2019_stages\visualizations\pred_classification_densenet121_focal\Trip 029 Day 1 22-11-05 Image 9 add_9.png,,,,,,1.0,"Mixed (some correct, some wrong)",6,Challenging case,High Confidence Errors (>0.75),classification_error,5,md_2019_stages,densenet121_focal,,2.0,1.0,1.0,0.5,0.75
Trip 053 Day 2 19-11-05 Image 3_1,results\optA_20251207_233941\experiments\experiment_md_2019_stages\visualizations\pred_classification_densenet121_focal\Trip 053 Day 2 19-11-05 Image 3_1.png,,,,,,1.0,"Mixed (some correct, some wrong)",6,Challenging case,High Confidence Errors (>0.75),classification_error,5,md_2019_stages,densenet121_focal,,4.0,2.0,2.0,0.5,0.75
Trip 053 Day 2 19-11-05 Image 3_1,results\optA_20251207_233941\experiments\experiment_md_2019_stages\visualizations\pred_classification_densenet121_focal\Trip 053 Day 2 19-11-05 Image 3_1.png,,,,,,1.0,"Mixed (some correct, some wrong)",6,Challenging case,High Confidence Errors (>0.75),classification_error,5,md_2019_stages,densenet121_focal,,4.0,2.0,2.0,0.5,0.75
Trip 065 Day 2 01-12-05 Image 7_1,results\optA_20251207_233941\experiments\experiment_md_2019_stages\visualizations\pred_classification_densenet121_focal\Trip 065 Day 2 01-12-05 Image 7_1.png,,,,,,1.0,"Mixed (some correct, some wrong)",6,Challenging case,High Confidence Errors (>0.75),classification_error,5,md_2019_stages,densenet121_focal,,7.0,5.0,2.0,0.714,0.75
Trip 067 Day 2 01-12-05 Image 1_5,results\optA_20251207_233941\experiments\experiment_md_2019_stages\visualizations\pred_classification_densenet121_focal\Trip 067 Day 2 01-12-05 Image 1_5.png,,,,,,1.0,"Mixed (some correct, some wrong)",6,Challenging case,Mixed Results,classification_error,5,md_2019_stages,densenet121_focal,,10.0,3.0,7.0,0.3,0.75
Trip 067 Day 2 01-12-05 Image 1_5,results\optA_20251207_233941\experiments\experiment_md_2019_stages\visualizations\pred_classification_densenet121_focal\Trip 067 Day 2 01-12-05 Image 1_5.png,,,,,,1.0,"Mixed (some correct, some wrong)",6,Challenging case,Mixed Results,classification_error,5,md_2019_stages,densenet121_focal,,10.0,3.0,7.0,0.3,0.75
Trip 064 Day 2 25-11-05 Image 5_11,results\optA_20251207_233941\experiments\experiment_md_2019_stages\visualizations\pred_classification_densenet121_focal\Trip 064 Day 2 25-11-05 Image 5_11.png,,,,,,0.993,"Mixed (some correct, some wrong)",6,Challenging case,Mixed Results,classification_error,5,md_2019_stages,densenet121_focal,,8.0,2.0,6.0,0.25,0.75
Trip 064 Day 2 25-11-05 Image 5_11,results\optA_20251207_233941\experiments\experiment_md_2019_stages\visualizations\pred_classification_densenet121_focal\Trip 064 Day 2 25-11-05 Image 5_11.png,,,,,,0.993,"Mixed (some correct, some wrong)",6,Challenging case,Mixed Results,classification_error,5,md_2019_stages,densenet121_focal,,8.0,2.0,6.0,0.25,0.75
Trip 064 Day 2 25-11-05 Image 5_5,results\optA_20251207_233941\experiments\experiment_md_2019_stages\visualizations\pred_classification_densenet121_focal\Trip 064 Day 2 25-11-05 Image 5_5.png,,,,,,0.998,"Mixed (some correct, some wrong)",6,Challenging case,Mixed Results,classification_error,5,md_2019_stages,densenet121_focal,,8.0,3.0,5.0,0.375,0.75
Trip 017 Day 1 19-10-05 Image 15 add_11,results\optA_20251207_233941\experiments\experiment_md_2019_stages\visualizations\pred_classification_densenet121_focal\Trip 017 Day 1 19-10-05 Image 15 add_11.png,,,,,,1.0,All correct,10,Best for paper,Perfect Classification,classification_error,5,md_2019_stages,densenet121_focal,,1.0,1.0,0.0,1.0,0.75
Trip 017 Day 1 19-10-05 Image 15 add_11,results\optA_20251207_233941\experiments\experiment_md_2019_stages\visualizations\pred_classification_densenet121_focal\Trip 017 Day 1 19-10-05 Image 15 add_11.png,,,,,,1.0,All correct,10,Best for paper,Perfect Classification,classification_error,5,md_2019_stages,densenet121_focal,,1.0,1.0,0.0,1.0,0.75
Trip 017 Day 1 19-10-05 Image 15 add_2,results\optA_20251207_233941\experiments\experiment_md_2019_stages\visualizations\pred_classification_densenet121_focal\Trip 017 Day 1 19-10-05 Image 15 add_2.png,,,,,,1.0,All correct,10,Best for paper,Perfect Classification,classification_error,5,md_2019_stages,densenet121_focal,,4.0,4.0,0.0,1.0,0.75
Trip 017 Day 1 19-10-05 Image 15 add_2,results\optA_20251207_233941\experiments\experiment_md_2019_stages\visualizations\pred_classification_densenet121_focal\Trip 017 Day 1 19-10-05 Image 15 add_2.png,,,,,,1.0,All correct,10,Best for paper,Perfect Classification,classification_error,5,md_2019_stages,densenet121_focal,,4.0,4.0,0.0,1.0,0.75
Trip 017 Day 1 19-10-05 Image 15 add_3,results\optA_20251207_233941\experiments\experiment_md_2019_stages\visualizations\pred_classification_densenet121_focal\Trip 017 Day 1 19-10-05 Image 15 add_3.png,,,,,,1.0,All correct,10,Best for paper,Perfect Classification,classification_error,5,md_2019_stages,densenet121_focal,,1.0,1.0,0.0,1.0,0.75
Trip 073 Day 2 01-12-05 Image 1_16,results\optA_20251207_233941\experiments\experiment_md_2019_stages\visualizations\pred_classification_efficientnet_b0_focal\Trip 073 Day 2 01-12-05 Image 1_16.png,,,,,,0.494,All wrong,3,Not recommended,All Wrong,classification_error,5,md_2019_stages,efficientnet_b0_focal,,8.0,0.0,8.0,0.0,0.75
Trip 073 Day 2 01-12-05 Image 1_16,results\optA_20251207_233941\experiments\experiment_md_2019_stages\visualizations\pred_classification_efficientnet_b0_focal\Trip 073 Day 2 01-12-05 Image 1_16.png,,,,,,0.494,All wrong,3,Not recommended,All Wrong,classification_error,5,md_2019_stages,efficientnet_b0_focal,,8.0,0.0,8.0,0.0,0.75
Trip 802 Day 2 01-12-05 Image 5_2,results\optA_20251207_233941\experiments\experiment_md_2019_stages\visualizations\pred_classification_efficientnet_b0_focal\Trip 802 Day 2 01-12-05 Image 5_2.png,,,,,,0.739,All wrong,3,Not recommended,All Wrong,classification_error,5,md_2019_stages,efficientnet_b0_focal,,4.0,0.0,4.0,0.0,0.75
Trip 802 Day 2 01-12-05 Image 5_2,results\optA_20251207_233941\experiments\experiment_md_2019_stages\visualizations\pred_classification_efficientnet_b0_focal\Trip 802 Day 2 01-12-05 Image 5_2.png,,,,,,0.739,All wrong,3,Not recommended,All Wrong,classification_error,5,md_2019_stages,efficientnet_b0_focal,,4.0,0.0,4.0,0.0,0.75
Trip 029 Day 1 22-11-05 Image 9 add_7,results\optA_20251207_233941\experiments\experiment_md_2019_stages\visualizations\pred_classification_efficientnet_b0_focal\Trip 029 Day 1 22-11-05 Image 9 add_7.png,,,,,,0.726,All wrong,3,Not recommended,All Wrong,classification_error,5,md_2019_stages,efficientnet_b0_focal,,4.0,0.0,4.0,0.0,0.75
Trip 065 Day 2 01-12-05 Image 7_1,results\optA_20251207_233941\experiments\experiment_md_2019_stages\visualizations\pred_classification_efficientnet_b0_focal\Trip 065 Day 2 01-12-05 Image 7_1.png,,,,,,0.962,"Mixed (some correct, some wrong)",6,Challenging case,High Confidence Errors (>0.75),classification_error,5,md_2019_stages,efficientnet_b0_focal,,7.0,5.0,2.0,0.714,0.75
Trip 065 Day 2 01-12-05 Image 7_1,results\optA_20251207_233941\experiments\experiment_md_2019_stages\visualizations\pred_classification_efficientnet_b0_focal\Trip 065 Day 2 01-12-05 Image 7_1.png,,,,,,0.962,"Mixed (some correct, some wrong)",6,Challenging case,High Confidence Errors (>0.75),classification_error,5,md_2019_stages,efficientnet_b0_focal,,7.0,5.0,2.0,0.714,0.75
Trip 053 Day 2 19-11-05 Image 3_16,results\optA_20251207_233941\experiments\experiment_md_2019_stages\visualizations\pred_classification_efficientnet_b0_focal\Trip 053 Day 2 19-11-05 Image 3_16.png,,,,,,0.957,All wrong,5,Challenging case,High Confidence Errors (>0.75),classification_error,5,md_2019_stages,efficientnet_b0_focal,,1.0,0.0,1.0,0.0,0.75
Trip 053 Day 2 19-11-05 Image 3_16,results\optA_20251207_233941\experiments\experiment_md_2019_stages\visualizations\pred_classification_efficientnet_b0_focal\Trip 053 Day 2 19-11-05 Image 3_16.png,,,,,,0.957,All wrong,5,Challenging case,High Confidence Errors (>0.75),classification_error,5,md_2019_stages,efficientnet_b0_focal,,1.0,0.0,1.0,0.0,0.75
Trip 053 Day 2 19-11-05 Image 3_1,results\optA_20251207_233941\experiments\experiment_md_2019_stages\visualizations\pred_classification_efficientnet_b0_focal\Trip 053 Day 2 19-11-05 Image 3_1.png,,,,,,0.957,"Mixed (some correct, some wrong)",6,Challenging case,High Confidence Errors (>0.75),classification_error,5,md_2019_stages,efficientnet_b0_focal,,4.0,2.0,2.0,0.5,0.75
Trip 073 Day 2 01-12-05 Image 1_8,results\optA_20251207_233941\experiments\experiment_md_2019_stages\visualizations\pred_classification_efficientnet_b0_focal\Trip 073 Day 2 01-12-05 Image 1_8.png,,,,,,0.639,"Mixed (some correct, some wrong)",4,Not recommended,Mixed Results,classification_error,5,md_2019_stages,efficientnet_b0_focal,,18.0,3.0,15.0,0.167,0.75
Trip 073 Day 2 01-12-05 Image 1_8,results\optA_20251207_233941\experiments\experiment_md_2019_stages\visualizations\pred_classification_efficientnet_b0_focal\Trip 073 Day 2 01-12-05 Image 1_8.png,,,,,,0.639,"Mixed (some correct, some wrong)",4,Not recommended,Mixed Results,classification_error,5,md_2019_stages,efficientnet_b0_focal,,18.0,3.0,15.0,0.167,0.75
Trip 073 Day 2 01-12-05 Image 1_10,results\optA_20251207_233941\experiments\experiment_md_2019_stages\visualizations\pred_classification_efficientnet_b0_focal\Trip 073 Day 2 01-12-05 Image 1_10.png,,,,,,0.674,"Mixed (some correct, some wrong)",4,Not recommended,Mixed Results,classification_error,5,md_2019_stages,efficientnet_b0_focal,,14.0,4.0,10.0,0.286,0.75
Trip 073 Day 2 01-12-05 Image 1_10,results\optA_20251207_233941\experiments\experiment_md_2019_stages\visualizations\pred_classification_efficientnet_b0_focal\Trip 073 Day 2 01-12-05 Image 1_10.png,,,,,,0.674,"Mixed (some correct, some wrong)",4,Not recommended,Mixed Results,classification_error,5,md_2019_stages,efficientnet_b0_focal,,14.0,4.0,10.0,0.286,0.75
Trip 073 Day 2 01-12-05 Image 1_1,results\optA_20251207_233941\experiments\experiment_md_2019_stages\visualizations\pred_classification_efficientnet_b0_focal\Trip 073 Day 2 01-12-05 Image 1_1.png,,,,,,0.628,"Mixed (some correct, some wrong)",4,Not recommended,Mixed Results,classification_error,5,md_2019_stages,efficientnet_b0_focal,,12.0,3.0,9.0,0.25,0.75
Trip 053 Day 2 19-11-05 Image 2_4,results\optA_20251207_233941\experiments\experiment_md_2019_stages\visualizations\pred_classification_efficientnet_b0_focal\Trip 053 Day 2 19-11-05 Image 2_4.png,,,,,,0.411,All correct,8,Good for paper,Low Confidence Correct (<0.6),classification_error,5,md_2019_stages,efficientnet_b0_focal,,2.0,2.0,0.0,1.0,0.75
Trip 053 Day 2 19-11-05 Image 2_4,results\optA_20251207_233941\experiments\experiment_md_2019_stages\visualizations\pred_classification_efficientnet_b0_focal\Trip 053 Day 2 19-11-05 Image 2_4.png,,,,,,0.411,All correct,8,Good for paper,Low Confidence Correct (<0.6),classification_error,5,md_2019_stages,efficientnet_b0_focal,,2.0,2.0,0.0,1.0,0.75
Trip 038 Day 1 01-12-05 Image 26 add_8,results\optA_20251207_233941\experiments\experiment_md_2019_stages\visualizations\pred_classification_efficientnet_b0_focal\Trip 038 Day 1 01-12-05 Image 26 add_8.png,,,,,,0.431,All correct,8,Good for paper,Low Confidence Correct (<0.6),classification_error,5,md_2019_stages,efficientnet_b0_focal,,1.0,1.0,0.0,1.0,0.75
Trip 038 Day 1 01-12-05 Image 26 add_8,results\optA_20251207_233941\experiments\experiment_md_2019_stages\visualizations\pred_classification_efficientnet_b0_focal\Trip 038 Day 1 01-12-05 Image 26 add_8.png,,,,,,0.431,All correct,8,Good for paper,Low Confidence Correct (<0.6),classification_error,5,md_2019_stages,efficientnet_b0_focal,,1.0,1.0,0.0,1.0,0.75
Trip 043 Day 2 24-10-05 Image 1_10,results\optA_20251207_233941\experiments\experiment_md_2019_stages\visualizations\pred_classification_efficientnet_b0_focal\Trip 043 Day 2 24-10-05 Image 1_10.png,,,,,,0.439,All correct,8,Good for paper,Low Confidence Correct (<0.6),classification_error,5,md_2019_stages,efficientnet_b0_focal,,1.0,1.0,0.0,1.0,0.75
Trip 053 Day 2 19-11-05 Image 3_11,results\optA_20251207_233941\experiments\experiment_md_2019_stages\visualizations\pred_classification_efficientnet_b0_focal\Trip 053 Day 2 19-11-05 Image 3_11.png,,,,,,0.997,All correct,10,Best for paper,Perfect Classification,classification_error,5,md_2019_stages,efficientnet_b0_focal,,1.0,1.0,0.0,1.0,0.75
Trip 053 Day 2 19-11-05 Image 3_11,results\optA_20251207_233941\experiments\experiment_md_2019_stages\visualizations\pred_classification_efficientnet_b0_focal\Trip 053 Day 2 19-11-05 Image 3_11.png,,,,,,0.997,All correct,10,Best for paper,Perfect Classification,classification_error,5,md_2019_stages,efficientnet_b0_focal,,1.0,1.0,0.0,1.0,0.75
Trip 065 Day 2 01-12-05 Image 7_5,results\optA_20251207_233941\experiments\experiment_md_2019_stages\visualizations\pred_classification_efficientnet_b0_focal\Trip 065 Day 2 01-12-05 Image 7_5.png,,,,,,0.984,All correct,10,Best for paper,Perfect Classification,classification_error,5,md_2019_stages,efficientnet_b0_focal,,1.0,1.0,0.0,1.0,0.75
Trip 065 Day 2 01-12-05 Image 7_5,results\optA_20251207_233941\experiments\experiment_md_2019_stages\visualizations\pred_classification_efficientnet_b0_focal\Trip 065 Day 2 01-12-05 Image 7_5.png,,,,,,0.984,All correct,10,Best for paper,Perfect Classification,classification_error,5,md_2019_stages,efficientnet_b0_focal,,1.0,1.0,0.0,1.0,0.75
Trip 053 Day 2 19-11-05 Image 2_3,results\optA_20251207_233941\experiments\experiment_md_2019_stages\visualizations\pred_classification_efficientnet_b0_focal\Trip 053 Day 2 19-11-05 Image 2_3.png,,,,,,0.983,All correct,10,Best for paper,Perfect Classification,classification_error,5,md_2019_stages,efficientnet_b0_focal,,1.0,1.0,0.0,1.0,0.75
Trip 073 Day 2 01-12-05 Image 1_1,results\optA_20251207_233941\experiments\experiment_md_2019_stages\visualizations\pred_classification_efficientnet_b1_focal\Trip 073 Day 2 01-12-05 Image 1_1.png,,,,,,0.77,All wrong,5,Challenging case,All Wrong,classification_error,5,md_2019_stages,efficientnet_b1_focal,,12.0,0.0,12.0,0.0,0.75
Trip 073 Day 2 01-12-05 Image 1_1,results\optA_20251207_233941\experiments\experiment_md_2019_stages\visualizations\pred_classification_efficientnet_b1_focal\Trip 073 Day 2 01-12-05 Image 1_1.png,,,,,,0.77,All wrong,5,Challenging case,All Wrong,classification_error,5,md_2019_stages,efficientnet_b1_focal,,12.0,0.0,12.0,0.0,0.75
Trip 073 Day 2 01-12-05 Image 1_16,results\optA_20251207_233941\experiments\experiment_md_2019_stages\visualizations\pred_classification_efficientnet_b1_focal\Trip 073 Day 2 01-12-05 Image 1_16.png,,,,,,0.864,All wrong,5,Challenging case,All Wrong,classification_error,5,md_2019_stages,efficientnet_b1_focal,,8.0,0.0,8.0,0.0,0.75
Trip 073 Day 2 01-12-05 Image 1_16,results\optA_20251207_233941\experiments\experiment_md_2019_stages\visualizations\pred_classification_efficientnet_b1_focal\Trip 073 Day 2 01-12-05 Image 1_16.png,,,,,,0.864,All wrong,5,Challenging case,All Wrong,classification_error,5,md_2019_stages,efficientnet_b1_focal,,8.0,0.0,8.0,0.0,0.75
Trip 043 Day 2 24-10-05 Image 1_3,results\optA_20251207_233941\experiments\experiment_md_2019_stages\visualizations\pred_classification_efficientnet_b1_focal\Trip 043 Day 2 24-10-05 Image 1_3.png,,,,,,0.88,All wrong,5,Challenging case,All Wrong,classification_error,5,md_2019_stages,efficientnet_b1_focal,,5.0,0.0,5.0,0.0,0.75
Trip 053 Day 2 19-11-05 Image 3_1,results\optA_20251207_233941\experiments\experiment_md_2019_stages\visualizations\pred_classification_efficientnet_b1_focal\Trip 053 Day 2 19-11-05 Image 3_1.png,,,,,,0.998,"Mixed (some correct, some wrong)",6,Challenging case,High Confidence Errors (>0.75),classification_error,5,md_2019_stages,efficientnet_b1_focal,,4.0,2.0,2.0,0.5,0.75
Trip 053 Day 2 19-11-05 Image 3_1,results\optA_20251207_233941\experiments\experiment_md_2019_stages\visualizations\pred_classification_efficientnet_b1_focal\Trip 053 Day 2 19-11-05 Image 3_1.png,,,,,,0.998,"Mixed (some correct, some wrong)",6,Challenging case,High Confidence Errors (>0.75),classification_error,5,md_2019_stages,efficientnet_b1_focal,,4.0,2.0,2.0,0.5,0.75
Trip 064 Day 2 25-11-05 Image 5_2,results\optA_20251207_233941\experiments\experiment_md_2019_stages\visualizations\pred_classification_efficientnet_b1_focal\Trip 064 Day 2 25-11-05 Image 5_2.png,,,,,,0.996,"Mixed (some correct, some wrong)",6,Challenging case,High Confidence Errors (>0.75),classification_error,5,md_2019_stages,efficientnet_b1_focal,,2.0,1.0,1.0,0.5,0.75
Trip 064 Day 2 25-11-05 Image 5_2,results\optA_20251207_233941\experiments\experiment_md_2019_stages\visualizations\pred_classification_efficientnet_b1_focal\Trip 064 Day 2 25-11-05 Image 5_2.png,,,,,,0.996,"Mixed (some correct, some wrong)",6,Challenging case,High Confidence Errors (>0.75),classification_error,5,md_2019_stages,efficientnet_b1_focal,,2.0,1.0,1.0,0.5,0.75
Trip 804 Day 1 02-12-05 Image 3_11,results\optA_20251207_233941\experiments\experiment_md_2019_stages\visualizations\pred_classification_efficientnet_b1_focal\Trip 804 Day 1 02-12-05 Image 3_11.png,,,,,,0.993,"Mixed (some correct, some wrong)",6,Challenging case,High Confidence Errors (>0.75),classification_error,5,md_2019_stages,efficientnet_b1_focal,,3.0,2.0,1.0,0.667,0.75
Trip 073 Day 2 01-12-05 Image 1_8,results\optA_20251207_233941\experiments\experiment_md_2019_stages\visualizations\pred_classification_efficientnet_b1_focal\Trip 073 Day 2 01-12-05 Image 1_8.png,,,,,,0.864,"Mixed (some correct, some wrong)",6,Challenging case,Mixed Results,classification_error,5,md_2019_stages,efficientnet_b1_focal,,18.0,6.0,12.0,0.333,0.75
Trip 073 Day 2 01-12-05 Image 1_8,results\optA_20251207_233941\experiments\experiment_md_2019_stages\visualizations\pred_classification_efficientnet_b1_focal\Trip 073 Day 2 01-12-05 Image 1_8.png,,,,,,0.864,"Mixed (some correct, some wrong)",6,Challenging case,Mixed Results,classification_error,5,md_2019_stages,efficientnet_b1_focal,,18.0,6.0,12.0,0.333,0.75
Trip 073 Day 2 01-12-05 Image 1_10,results\optA_20251207_233941\experiments\experiment_md_2019_stages\visualizations\pred_classification_efficientnet_b1_focal\Trip 073 Day 2 01-12-05 Image 1_10.png,,,,,,0.853,"Mixed (some correct, some wrong)",6,Challenging case,Mixed Results,classification_error,5,md_2019_stages,efficientnet_b1_focal,,14.0,4.0,10.0,0.286,0.75
Trip 073 Day 2 01-12-05 Image 1_10,results\optA_20251207_233941\experiments\experiment_md_2019_stages\visualizations\pred_classification_efficientnet_b1_focal\Trip 073 Day 2 01-12-05 Image 1_10.png,,,,,,0.853,"Mixed (some correct, some wrong)",6,Challenging case,Mixed Results,classification_error,5,md_2019_stages,efficientnet_b1_focal,,14.0,4.0,10.0,0.286,0.75
Trip 073 Day 2 01-12-05 Image 1_13,results\optA_20251207_233941\experiments\experiment_md_2019_stages\visualizations\pred_classification_efficientnet_b1_focal\Trip 073 Day 2 01-12-05 Image 1_13.png,,,,,,0.799,"Mixed (some correct, some wrong)",6,Challenging case,Mixed Results,classification_error,5,md_2019_stages,efficientnet_b1_focal,,10.0,2.0,8.0,0.2,0.75
Trip 804 Day 1 02-12-05 Image 3_14,results\optA_20251207_233941\experiments\experiment_md_2019_stages\visualizations\pred_classification_efficientnet_b1_focal\Trip 804 Day 1 02-12-05 Image 3_14.png,,,,,,1.0,All correct,10,Best for paper,Perfect Classification,classification_error,5,md_2019_stages,efficientnet_b1_focal,,2.0,2.0,0.0,1.0,0.75
Trip 804 Day 1 02-12-05 Image 3_14,results\optA_20251207_233941\experiments\experiment_md_2019_stages\visualizations\pred_classification_efficientnet_b1_focal\Trip 804 Day 1 02-12-05 Image 3_14.png,,,,,,1.0,All correct,10,Best for paper,Perfect Classification,classification_error,5,md_2019_stages,efficientnet_b1_focal,,2.0,2.0,0.0,1.0,0.75
Trip 065 Day 2 01-12-05 Image 7_5,results\optA_20251207_233941\experiments\experiment_md_2019_stages\visualizations\pred_classification_efficientnet_b1_focal\Trip 065 Day 2 01-12-05 Image 7_5.png,,,,,,0.999,All correct,10,Best for paper,Perfect Classification,classification_error,5,md_2019_stages,efficientnet_b1_focal,,1.0,1.0,0.0,1.0,0.75
Trip 065 Day 2 01-12-05 Image 7_5,results\optA_20251207_233941\experiments\experiment_md_2019_stages\visualizations\pred_classification_efficientnet_b1_focal\Trip 065 Day 2 01-12-05 Image 7_5.png,,,,,,0.999,All correct,10,Best for paper,Perfect Classification,classification_error,5,md_2019_stages,efficientnet_b1_focal,,1.0,1.0,0.0,1.0,0.75
Trip 017 Day 1 19-10-05 Image 15 add_11,results\optA_20251207_233941\experiments\experiment_md_2019_stages\visualizations\pred_classification_efficientnet_b1_focal\Trip 017 Day 1 19-10-05 Image 15 add_11.png,,,,,,0.999,All correct,10,Best for paper,Perfect Classification,classification_error,5,md_2019_stages,efficientnet_b1_focal,,1.0,1.0,0.0,1.0,0.75
Trip 073 Day 2 01-12-05 Image 1_16,results\optA_20251207_233941\experiments\experiment_md_2019_stages\visualizations\pred_classification_efficientnet_b2_focal\Trip 073 Day 2 01-12-05 Image 1_16.png,,,,,,0.986,All wrong,5,Challenging case,All Wrong,classification_error,5,md_2019_stages,efficientnet_b2_focal,,8.0,0.0,8.0,0.0,0.75
Trip 073 Day 2 01-12-05 Image 1_16,results\optA_20251207_233941\experiments\experiment_md_2019_stages\visualizations\pred_classification_efficientnet_b2_focal\Trip 073 Day 2 01-12-05 Image 1_16.png,,,,,,0.986,All wrong,5,Challenging case,All Wrong,classification_error,5,md_2019_stages,efficientnet_b2_focal,,8.0,0.0,8.0,0.0,0.75
Trip 029 Day 1 22-11-05 Image 9 add_1,results\optA_20251207_233941\experiments\experiment_md_2019_stages\visualizations\pred_classification_efficientnet_b2_focal\Trip 029 Day 1 22-11-05 Image 9 add_1.png,,,,,,0.979,All wrong,5,Challenging case,All Wrong,classification_error,5,md_2019_stages,efficientnet_b2_focal,,7.0,0.0,7.0,0.0,0.75
Trip 029 Day 1 22-11-05 Image 9 add_1,results\optA_20251207_233941\experiments\experiment_md_2019_stages\visualizations\pred_classification_efficientnet_b2_focal\Trip 029 Day 1 22-11-05 Image 9 add_1.png,,,,,,0.979,All wrong,5,Challenging case,All Wrong,classification_error,5,md_2019_stages,efficientnet_b2_focal,,7.0,0.0,7.0,0.0,0.75
Trip 043 Day 2 24-10-05 Image 1_3,results\optA_20251207_233941\experiments\experiment_md_2019_stages\visualizations\pred_classification_efficientnet_b2_focal\Trip 043 Day 2 24-10-05 Image 1_3.png,,,,,,0.974,All wrong,5,Challenging case,All Wrong,classification_error,5,md_2019_stages,efficientnet_b2_focal,,5.0,0.0,5.0,0.0,0.75
Trip 029 Day 1 22-11-05 Image 9 add_13,results\optA_20251207_233941\experiments\experiment_md_2019_stages\visualizations\pred_classification_efficientnet_b2_focal\Trip 029 Day 1 22-11-05 Image 9 add_13.png,,,,,,1.0,All wrong,5,Challenging case,High Confidence Errors (>0.75),classification_error,5,md_2019_stages,efficientnet_b2_focal,,2.0,0.0,2.0,0.0,0.75
Trip 029 Day 1 22-11-05 Image 9 add_13,results\optA_20251207_233941\experiments\experiment_md_2019_stages\visualizations\pred_classification_efficientnet_b2_focal\Trip 029 Day 1 22-11-05 Image 9 add_13.png,,,,,,1.0,All wrong,5,Challenging case,High Confidence Errors (>0.75),classification_error,5,md_2019_stages,efficientnet_b2_focal,,2.0,0.0,2.0,0.0,0.75
Trip 029 Day 1 22-11-05 Image 9 add_8,results\optA_20251207_233941\experiments\experiment_md_2019_stages\visualizations\pred_classification_efficientnet_b2_focal\Trip 029 Day 1 22-11-05 Image 9 add_8.png,,,,,,1.0,All wrong,5,Challenging case,High Confidence Errors (>0.75),classification_error,5,md_2019_stages,efficientnet_b2_focal,,1.0,0.0,1.0,0.0,0.75
Trip 804 Day 1 02-12-05 Image 3_13,results\optA_20251207_233941\experiments\experiment_md_2019_stages\visualizations\pred_classification_efficientnet_b2_focal\Trip 804 Day 1 02-12-05 Image 3_13.png,,,,,,1.0,"Mixed (some correct, some wrong)",6,Challenging case,High Confidence Errors (>0.75),classification_error,5,md_2019_stages,efficientnet_b2_focal,,2.0,1.0,1.0,0.5,0.75
Trip 029 Day 1 22-11-05 Image 9 add_8,results\optA_20251207_233941\experiments\experiment_md_2019_stages\visualizations\pred_classification_efficientnet_b2_focal\Trip 029 Day 1 22-11-05 Image 9 add_8.png,,,,,,1.0,All wrong,5,Challenging case,High Confidence Errors (>0.75),classification_error,5,md_2019_stages,efficientnet_b2_focal,,1.0,0.0,1.0,0.0,0.75
Trip 073 Day 2 01-12-05 Image 1_8,results\optA_20251207_233941\experiments\experiment_md_2019_stages\visualizations\pred_classification_efficientnet_b2_focal\Trip 073 Day 2 01-12-05 Image 1_8.png,,,,,,0.991,"Mixed (some correct, some wrong)",6,Challenging case,Mixed Results,classification_error,5,md_2019_stages,efficientnet_b2_focal,,18.0,3.0,15.0,0.167,0.75
Trip 073 Day 2 01-12-05 Image 1_8,results\optA_20251207_233941\experiments\experiment_md_2019_stages\visualizations\pred_classification_efficientnet_b2_focal\Trip 073 Day 2 01-12-05 Image 1_8.png,,,,,,0.991,"Mixed (some correct, some wrong)",6,Challenging case,Mixed Results,classification_error,5,md_2019_stages,efficientnet_b2_focal,,18.0,3.0,15.0,0.167,0.75
Trip 073 Day 2 01-12-05 Image 1_10,results\optA_20251207_233941\experiments\experiment_md_2019_stages\visualizations\pred_classification_efficientnet_b2_focal\Trip 073 Day 2 01-12-05 Image 1_10.png,,,,,,0.992,"Mixed (some correct, some wrong)",6,Challenging case,Mixed Results,classification_error,5,md_2019_stages,efficientnet_b2_focal,,14.0,2.0,12.0,0.143,0.75
Trip 073 Day 2 01-12-05 Image 1_10,results\optA_20251207_233941\experiments\experiment_md_2019_stages\visualizations\pred_classification_efficientnet_b2_focal\Trip 073 Day 2 01-12-05 Image 1_10.png,,,,,,0.992,"Mixed (some correct, some wrong)",6,Challenging case,Mixed Results,classification_error,5,md_2019_stages,efficientnet_b2_focal,,14.0,2.0,12.0,0.143,0.75
Trip 073 Day 2 01-12-05 Image 1_1,results\optA_20251207_233941\experiments\experiment_md_2019_stages\visualizations\pred_classification_efficientnet_b2_focal\Trip 073 Day 2 01-12-05 Image 1_1.png,,,,,,0.995,"Mixed (some correct, some wrong)",6,Challenging case,Mixed Results,classification_error,5,md_2019_stages,efficientnet_b2_focal,,12.0,1.0,11.0,0.083,0.75
Trip 029 Day 1 22-11-05 Image 9 add_10,results\optA_20251207_233941\experiments\experiment_md_2019_stages\visualizations\pred_classification_efficientnet_b2_focal\Trip 029 Day 1 22-11-05 Image 9 add_10.png,,,,,,1.0,All correct,10,Best for paper,Perfect Classification,classification_error,5,md_2019_stages,efficientnet_b2_focal,,1.0,1.0,0.0,1.0,0.75
Trip 029 Day 1 22-11-05 Image 9 add_10,results\optA_20251207_233941\experiments\experiment_md_2019_stages\visualizations\pred_classification_efficientnet_b2_focal\Trip 029 Day 1 22-11-05 Image 9 add_10.png,,,,,,1.0,All correct,10,Best for paper,Perfect Classification,classification_error,5,md_2019_stages,efficientnet_b2_focal,,1.0,1.0,0.0,1.0,0.75
Trip 053 Day 2 19-11-05 Image 2_11,results\optA_20251207_233941\experiments\experiment_md_2019_stages\visualizations\pred_classification_efficientnet_b2_focal\Trip 053 Day 2 19-11-05 Image 2_11.png,,,,,,1.0,All correct,10,Best for paper,Perfect Classification,classification_error,5,md_2019_stages,efficientnet_b2_focal,,2.0,2.0,0.0,1.0,0.75
Trip 053 Day 2 19-11-05 Image 2_11,results\optA_20251207_233941\experiments\experiment_md_2019_stages\visualizations\pred_classification_efficientnet_b2_focal\Trip 053 Day 2 19-11-05 Image 2_11.png,,,,,,1.0,All correct,10,Best for paper,Perfect Classification,classification_error,5,md_2019_stages,efficientnet_b2_focal,,2.0,2.0,0.0,1.0,0.75
Trip 053 Day 2 19-11-05 Image 2_16,results\optA_20251207_233941\experiments\experiment_md_2019_stages\visualizations\pred_classification_efficientnet_b2_focal\Trip 053 Day 2 19-11-05 Image 2_16.png,,,,,,1.0,All correct,10,Best for paper,Perfect Classification,classification_error,5,md_2019_stages,efficientnet_b2_focal,,4.0,4.0,0.0,1.0,0.75
Trip 804 Day 1 02-12-05 Image 3_4,results\optA_20251207_233941\experiments\experiment_md_2019_stages\visualizations\pred_classification_resnet101_focal\Trip 804 Day 1 02-12-05 Image 3_4.png,,,,,,0.752,All wrong,5,Challenging case,All Wrong,classification_error,5,md_2019_stages,resnet101_focal,,5.0,0.0,5.0,0.0,0.75
Trip 804 Day 1 02-12-05 Image 3_4,results\optA_20251207_233941\experiments\experiment_md_2019_stages\visualizations\pred_classification_resnet101_focal\Trip 804 Day 1 02-12-05 Image 3_4.png,,,,,,0.752,All wrong,5,Challenging case,All Wrong,classification_error,5,md_2019_stages,resnet101_focal,,5.0,0.0,5.0,0.0,0.75
Trip 802 Day 2 01-12-05 Image 5_2,results\optA_20251207_233941\experiments\experiment_md_2019_stages\visualizations\pred_classification_resnet101_focal\Trip 802 Day 2 01-12-05 Image 5_2.png,,,,,,0.907,All wrong,5,Challenging case,All Wrong,classification_error,5,md_2019_stages,resnet101_focal,,4.0,0.0,4.0,0.0,0.75
Trip 802 Day 2 01-12-05 Image 5_2,results\optA_20251207_233941\experiments\experiment_md_2019_stages\visualizations\pred_classification_resnet101_focal\Trip 802 Day 2 01-12-05 Image 5_2.png,,,,,,0.907,All wrong,5,Challenging case,All Wrong,classification_error,5,md_2019_stages,resnet101_focal,,4.0,0.0,4.0,0.0,0.75
Trip 029 Day 1 22-11-05 Image 9 add_7,results\optA_20251207_233941\experiments\experiment_md_2019_stages\visualizations\pred_classification_resnet101_focal\Trip 029 Day 1 22-11-05 Image 9 add_7.png,,,,,,0.861,All wrong,5,Challenging case,All Wrong,classification_error,5,md_2019_stages,resnet101_focal,,4.0,0.0,4.0,0.0,0.75
Trip 067 Day 2 01-12-05 Image 1_16,results\optA_20251207_233941\experiments\experiment_md_2019_stages\visualizations\pred_classification_resnet101_focal\Trip 067 Day 2 01-12-05 Image 1_16.png,,,,,,0.992,"Mixed (some correct, some wrong)",6,Challenging case,High Confidence Errors (>0.75),classification_error,5,md_2019_stages,resnet101_focal,,3.0,2.0,1.0,0.667,0.75
Trip 067 Day 2 01-12-05 Image 1_16,results\optA_20251207_233941\experiments\experiment_md_2019_stages\visualizations\pred_classification_resnet101_focal\Trip 067 Day 2 01-12-05 Image 1_16.png,,,,,,0.992,"Mixed (some correct, some wrong)",6,Challenging case,High Confidence Errors (>0.75),classification_error,5,md_2019_stages,resnet101_focal,,3.0,2.0,1.0,0.667,0.75
Trip 064 Day 2 25-11-05 Image 7_16,results\optA_20251207_233941\experiments\experiment_md_2019_stages\visualizations\pred_classification_resnet101_focal\Trip 064 Day 2 25-11-05 Image 7_16.png,,,,,,0.99,"Mixed (some correct, some wrong)",6,Challenging case,High Confidence Errors (>0.75),classification_error,5,md_2019_stages,resnet101_focal,,3.0,2.0,1.0,0.667,0.75
Trip 064 Day 2 25-11-05 Image 7_16,results\optA_20251207_233941\experiments\experiment_md_2019_stages\visualizations\pred_classification_resnet101_focal\Trip 064 Day 2 25-11-05 Image 7_16.png,,,,,,0.99,"Mixed (some correct, some wrong)",6,Challenging case,High Confidence Errors (>0.75),classification_error,5,md_2019_stages,resnet101_focal,,3.0,2.0,1.0,0.667,0.75
Trip 802 Day 2 01-12-05 Image 5_9,results\optA_20251207_233941\experiments\experiment_md_2019_stages\visualizations\pred_classification_resnet101_focal\Trip 802 Day 2 01-12-05 Image 5_9.png,,,,,,0.99,"Mixed (some correct, some wrong)",6,Challenging case,High Confidence Errors (>0.75),classification_error,5,md_2019_stages,resnet101_focal,,3.0,1.0,2.0,0.333,0.75
Trip 073 Day 2 01-12-05 Image 1_1,results\optA_20251207_233941\experiments\experiment_md_2019_stages\visualizations\pred_classification_resnet101_focal\Trip 073 Day 2 01-12-05 Image 1_1.png,,,,,,0.76,"Mixed (some correct, some wrong)",6,Challenging case,Mixed Results,classification_error,5,md_2019_stages,resnet101_focal,,12.0,4.0,8.0,0.333,0.75
Trip 073 Day 2 01-12-05 Image 1_1,results\optA_20251207_233941\experiments\experiment_md_2019_stages\visualizations\pred_classification_resnet101_focal\Trip 073 Day 2 01-12-05 Image 1_1.png,,,,,,0.76,"Mixed (some correct, some wrong)",6,Challenging case,Mixed Results,classification_error,5,md_2019_stages,resnet101_focal,,12.0,4.0,8.0,0.333,0.75
Trip 067 Day 2 01-12-05 Image 1_5,results\optA_20251207_233941\experiments\experiment_md_2019_stages\visualizations\pred_classification_resnet101_focal\Trip 067 Day 2 01-12-05 Image 1_5.png,,,,,,0.88,"Mixed (some correct, some wrong)",6,Challenging case,Mixed Results,classification_error,5,md_2019_stages,resnet101_focal,,10.0,3.0,7.0,0.3,0.75
Trip 067 Day 2 01-12-05 Image 1_5,results\optA_20251207_233941\experiments\experiment_md_2019_stages\visualizations\pred_classification_resnet101_focal\Trip 067 Day 2 01-12-05 Image 1_5.png,,,,,,0.88,"Mixed (some correct, some wrong)",6,Challenging case,Mixed Results,classification_error,5,md_2019_stages,resnet101_focal,,10.0,3.0,7.0,0.3,0.75
Trip 073 Day 2 01-12-05 Image 1_8,results\optA_20251207_233941\experiments\experiment_md_2019_stages\visualizations\pred_classification_resnet101_focal\Trip 073 Day 2 01-12-05 Image 1_8.png,,,,,,0.786,"Mixed (some correct, some wrong)",6,Challenging case,Mixed Results,classification_error,5,md_2019_stages,resnet101_focal,,18.0,11.0,7.0,0.611,0.75
Trip 053 Day 2 19-11-05 Image 3_2,results\optA_20251207_233941\experiments\experiment_md_2019_stages\visualizations\pred_classification_resnet101_focal\Trip 053 Day 2 19-11-05 Image 3_2.png,,,,,,0.363,All correct,8,Good for paper,Low Confidence Correct (<0.6),classification_error,5,md_2019_stages,resnet101_focal,,1.0,1.0,0.0,1.0,0.75
Trip 053 Day 2 19-11-05 Image 3_2,results\optA_20251207_233941\experiments\experiment_md_2019_stages\visualizations\pred_classification_resnet101_focal\Trip 053 Day 2 19-11-05 Image 3_2.png,,,,,,0.363,All correct,8,Good for paper,Low Confidence Correct (<0.6),classification_error,5,md_2019_stages,resnet101_focal,,1.0,1.0,0.0,1.0,0.75
Trip 038 Day 1 01-12-05 Image 26 add_8,results\optA_20251207_233941\experiments\experiment_md_2019_stages\visualizations\pred_classification_resnet101_focal\Trip 038 Day 1 01-12-05 Image 26 add_8.png,,,,,,0.507,All correct,8,Good for paper,Low Confidence Correct (<0.6),classification_error,5,md_2019_stages,resnet101_focal,,1.0,1.0,0.0,1.0,0.75
Trip 038 Day 1 01-12-05 Image 26 add_8,results\optA_20251207_233941\experiments\experiment_md_2019_stages\visualizations\pred_classification_resnet101_focal\Trip 038 Day 1 01-12-05 Image 26 add_8.png,,,,,,0.507,All correct,8,Good for paper,Low Confidence Correct (<0.6),classification_error,5,md_2019_stages,resnet101_focal,,1.0,1.0,0.0,1.0,0.75
Trip 043 Day 2 24-10-05 Image 1_13,results\optA_20251207_233941\experiments\experiment_md_2019_stages\visualizations\pred_classification_resnet101_focal\Trip 043 Day 2 24-10-05 Image 1_13.png,,,,,,0.565,All correct,8,Good for paper,Low Confidence Correct (<0.6),classification_error,5,md_2019_stages,resnet101_focal,,2.0,2.0,0.0,1.0,0.75
Trip 053 Day 2 19-11-05 Image 3_11,results\optA_20251207_233941\experiments\experiment_md_2019_stages\visualizations\pred_classification_resnet101_focal\Trip 053 Day 2 19-11-05 Image 3_11.png,,,,,,1.0,All correct,10,Best for paper,Perfect Classification,classification_error,5,md_2019_stages,resnet101_focal,,1.0,1.0,0.0,1.0,0.75
Trip 053 Day 2 19-11-05 Image 3_11,results\optA_20251207_233941\experiments\experiment_md_2019_stages\visualizations\pred_classification_resnet101_focal\Trip 053 Day 2 19-11-05 Image 3_11.png,,,,,,1.0,All correct,10,Best for paper,Perfect Classification,classification_error,5,md_2019_stages,resnet101_focal,,1.0,1.0,0.0,1.0,0.75
Trip 053 Day 2 19-11-05 Image 2_3,results\optA_20251207_233941\experiments\experiment_md_2019_stages\visualizations\pred_classification_resnet101_focal\Trip 053 Day 2 19-11-05 Image 2_3.png,,,,,,0.999,All correct,10,Best for paper,Perfect Classification,classification_error,5,md_2019_stages,resnet101_focal,,1.0,1.0,0.0,1.0,0.75
Trip 053 Day 2 19-11-05 Image 2_3,results\optA_20251207_233941\experiments\experiment_md_2019_stages\visualizations\pred_classification_resnet101_focal\Trip 053 Day 2 19-11-05 Image 2_3.png,,,,,,0.999,All correct,10,Best for paper,Perfect Classification,classification_error,5,md_2019_stages,resnet101_focal,,1.0,1.0,0.0,1.0,0.75
Trip 017 Day 1 19-10-05 Image 15 add_6,results\optA_20251207_233941\experiments\experiment_md_2019_stages\visualizations\pred_classification_resnet101_focal\Trip 017 Day 1 19-10-05 Image 15 add_6.png,,,,,,0.998,All correct,10,Best for paper,Perfect Classification,classification_error,5,md_2019_stages,resnet101_focal,,2.0,2.0,0.0,1.0,0.75
Trip 073 Day 2 01-12-05 Image 1_16,results\optA_20251207_233941\experiments\experiment_md_2019_stages\visualizations\pred_classification_resnet50_focal\Trip 073 Day 2 01-12-05 Image 1_16.png,,,,,,0.596,All wrong,3,Not recommended,All Wrong,classification_error,5,md_2019_stages,resnet50_focal,,8.0,0.0,8.0,0.0,0.75
Trip 073 Day 2 01-12-05 Image 1_16,results\optA_20251207_233941\experiments\experiment_md_2019_stages\visualizations\pred_classification_resnet50_focal\Trip 073 Day 2 01-12-05 Image 1_16.png,,,,,,0.596,All wrong,3,Not recommended,All Wrong,classification_error,5,md_2019_stages,resnet50_focal,,8.0,0.0,8.0,0.0,0.75
Trip 029 Day 1 22-11-05 Image 9 add_1,results\optA_20251207_233941\experiments\experiment_md_2019_stages\visualizations\pred_classification_resnet50_focal\Trip 029 Day 1 22-11-05 Image 9 add_1.png,,,,,,0.64,All wrong,3,Not recommended,All Wrong,classification_error,5,md_2019_stages,resnet50_focal,,7.0,0.0,7.0,0.0,0.75
Trip 029 Day 1 22-11-05 Image 9 add_1,results\optA_20251207_233941\experiments\experiment_md_2019_stages\visualizations\pred_classification_resnet50_focal\Trip 029 Day 1 22-11-05 Image 9 add_1.png,,,,,,0.64,All wrong,3,Not recommended,All Wrong,classification_error,5,md_2019_stages,resnet50_focal,,7.0,0.0,7.0,0.0,0.75
Trip 804 Day 1 02-12-05 Image 3_4,results\optA_20251207_233941\experiments\experiment_md_2019_stages\visualizations\pred_classification_resnet50_focal\Trip 804 Day 1 02-12-05 Image 3_4.png,,,,,,0.797,All wrong,5,Challenging case,All Wrong,classification_error,5,md_2019_stages,resnet50_focal,,5.0,0.0,5.0,0.0,0.75
Trip 802 Day 2 01-12-05 Image 5_7,results\optA_20251207_233941\experiments\experiment_md_2019_stages\visualizations\pred_classification_resnet50_focal\Trip 802 Day 2 01-12-05 Image 5_7.png,,,,,,0.998,All wrong,5,Challenging case,High Confidence Errors (>0.75),classification_error,5,md_2019_stages,resnet50_focal,,1.0,0.0,1.0,0.0,0.75
Trip 802 Day 2 01-12-05 Image 5_7,results\optA_20251207_233941\experiments\experiment_md_2019_stages\visualizations\pred_classification_resnet50_focal\Trip 802 Day 2 01-12-05 Image 5_7.png,,,,,,0.998,All wrong,5,Challenging case,High Confidence Errors (>0.75),classification_error,5,md_2019_stages,resnet50_focal,,1.0,0.0,1.0,0.0,0.75
Trip 067 Day 2 01-12-05 Image 1_8,results\optA_20251207_233941\experiments\experiment_md_2019_stages\visualizations\pred_classification_resnet50_focal\Trip 067 Day 2 01-12-05 Image 1_8.png,,,,,,0.997,"Mixed (some correct, some wrong)",6,Challenging case,High Confidence Errors (>0.75),classification_error,5,md_2019_stages,resnet50_focal,,6.0,5.0,1.0,0.833,0.75
Trip 067 Day 2 01-12-05 Image 1_8,results\optA_20251207_233941\experiments\experiment_md_2019_stages\visualizations\pred_classification_resnet50_focal\Trip 067 Day 2 01-12-05 Image 1_8.png,,,,,,0.997,"Mixed (some correct, some wrong)",6,Challenging case,High Confidence Errors (>0.75),classification_error,5,md_2019_stages,resnet50_focal,,6.0,5.0,1.0,0.833,0.75
Trip 017 Day 1 19-10-05 Image 15 add_4,results\optA_20251207_233941\experiments\experiment_md_2019_stages\visualizations\pred_classification_resnet50_focal\Trip 017 Day 1 19-10-05 Image 15 add_4.png,,,,,,0.99,"Mixed (some correct, some wrong)",6,Challenging case,High Confidence Errors (>0.75),classification_error,5,md_2019_stages,resnet50_focal,,2.0,1.0,1.0,0.5,0.75
Trip 073 Day 2 01-12-05 Image 1_8,results\optA_20251207_233941\experiments\experiment_md_2019_stages\visualizations\pred_classification_resnet50_focal\Trip 073 Day 2 01-12-05 Image 1_8.png,,,,,,0.824,"Mixed (some correct, some wrong)",6,Challenging case,Mixed Results,classification_error,5,md_2019_stages,resnet50_focal,,18.0,3.0,15.0,0.167,0.75
Trip 073 Day 2 01-12-05 Image 1_8,results\optA_20251207_233941\experiments\experiment_md_2019_stages\visualizations\pred_classification_resnet50_focal\Trip 073 Day 2 01-12-05 Image 1_8.png,,,,,,0.824,"Mixed (some correct, some wrong)",6,Challenging case,Mixed Results,classification_error,5,md_2019_stages,resnet50_focal,,18.0,3.0,15.0,0.167,0.75
Trip 073 Day 2 01-12-05 Image 1_10,results\optA_20251207_233941\experiments\experiment_md_2019_stages\visualizations\pred_classification_resnet50_focal\Trip 073 Day 2 01-12-05 Image 1_10.png,,,,,,0.867,"Mixed (some correct, some wrong)",6,Challenging case,Mixed Results,classification_error,5,md_2019_stages,resnet50_focal,,14.0,2.0,12.0,0.143,0.75
Trip 073 Day 2 01-12-05 Image 1_10,results\optA_20251207_233941\experiments\experiment_md_2019_stages\visualizations\pred_classification_resnet50_focal\Trip 073 Day 2 01-12-05 Image 1_10.png,,,,,,0.867,"Mixed (some correct, some wrong)",6,Challenging case,Mixed Results,classification_error,5,md_2019_stages,resnet50_focal,,14.0,2.0,12.0,0.143,0.75
Trip 073 Day 2 01-12-05 Image 1_1,results\optA_20251207_233941\experiments\experiment_md_2019_stages\visualizations\pred_classification_resnet50_focal\Trip 073 Day 2 01-12-05 Image 1_1.png,,,,,,0.887,"Mixed (some correct, some wrong)",6,Challenging case,Mixed Results,classification_error,5,md_2019_stages,resnet50_focal,,12.0,1.0,11.0,0.083,0.75
Trip 053 Day 2 19-11-05 Image 3_16,results\optA_20251207_233941\experiments\experiment_md_2019_stages\visualizations\pred_classification_resnet50_focal\Trip 053 Day 2 19-11-05 Image 3_16.png,,,,,,0.426,All correct,8,Good for paper,Low Confidence Correct (<0.6),classification_error,5,md_2019_stages,resnet50_focal,,1.0,1.0,0.0,1.0,0.75
Trip 053 Day 2 19-11-05 Image 3_16,results\optA_20251207_233941\experiments\experiment_md_2019_stages\visualizations\pred_classification_resnet50_focal\Trip 053 Day 2 19-11-05 Image 3_16.png,,,,,,0.426,All correct,8,Good for paper,Low Confidence Correct (<0.6),classification_error,5,md_2019_stages,resnet50_focal,,1.0,1.0,0.0,1.0,0.75
Trip 053 Day 2 19-11-05 Image 3_11,results\optA_20251207_233941\experiments\experiment_md_2019_stages\visualizations\pred_classification_resnet50_focal\Trip 053 Day 2 19-11-05 Image 3_11.png,,,,,,1.0,All correct,10,Best for paper,Perfect Classification,classification_error,5,md_2019_stages,resnet50_focal,,1.0,1.0,0.0,1.0,0.75
Trip 053 Day 2 19-11-05 Image 3_11,results\optA_20251207_233941\experiments\experiment_md_2019_stages\visualizations\pred_classification_resnet50_focal\Trip 053 Day 2 19-11-05 Image 3_11.png,,,,,,1.0,All correct,10,Best for paper,Perfect Classification,classification_error,5,md_2019_stages,resnet50_focal,,1.0,1.0,0.0,1.0,0.75
Trip 067 Day 2 01-12-05 Image 1_13,results\optA_20251207_233941\experiments\experiment_md_2019_stages\visualizations\pred_classification_resnet50_focal\Trip 067 Day 2 01-12-05 Image 1_13.png,,,,,,0.998,All correct,10,Best for paper,Perfect Classification,classification_error,5,md_2019_stages,resnet50_focal,,1.0,1.0,0.0,1.0,0.75
Trip 067 Day 2 01-12-05 Image 1_13,results\optA_20251207_233941\experiments\experiment_md_2019_stages\visualizations\pred_classification_resnet50_focal\Trip 067 Day 2 01-12-05 Image 1_13.png,,,,,,0.998,All correct,10,Best for paper,Perfect Classification,classification_error,5,md_2019_stages,resnet50_focal,,1.0,1.0,0.0,1.0,0.75
Trip 053 Day 2 19-11-05 Image 2_3,results\optA_20251207_233941\experiments\experiment_md_2019_stages\visualizations\pred_classification_resnet50_focal\Trip 053 Day 2 19-11-05 Image 2_3.png,,,,,,0.997,All correct,10,Best for paper,Perfect Classification,classification_error,5,md_2019_stages,resnet50_focal,,1.0,1.0,0.0,1.0,0.75
1703121298-0007-R,results\optA_20251207_233941\experiments\experiment_mp_idb_species\visualizations\pred_classification_densenet121_focal\1703121298-0007-R.png,,,,,,1.0,All wrong,5,Challenging case,All Wrong,classification_error,5,mp_idb_species,densenet121_focal,,1.0,0.0,1.0,0.0,0.75
1703121298-0007-R,results\optA_20251207_233941\experiments\experiment_mp_idb_species\visualizations\pred_classification_densenet121_focal\1703121298-0007-R.png,,,,,,1.0,All wrong,5,Challenging case,All Wrong,classification_error,5,mp_idb_species,densenet121_focal,,1.0,0.0,1.0,0.0,0.75
1709041080-0014-R,results\optA_20251207_233941\experiments\experiment_mp_idb_species\visualizations\pred_classification_densenet121_focal\1709041080-0014-R.png,,,,,,0.931,All wrong,5,Challenging case,All Wrong,classification_error,5,mp_idb_species,densenet121_focal,,1.0,0.0,1.0,0.0,0.75
1709041080-0014-R,results\optA_20251207_233941\experiments\experiment_mp_idb_species\visualizations\pred_classification_densenet121_focal\1709041080-0014-R.png,,,,,,0.931,All wrong,5,Challenging case,All Wrong,classification_error,5,mp_idb_species,densenet121_focal,,1.0,0.0,1.0,0.0,0.75
1708161076-0001-R,results\optA_20251207_233941\experiments\experiment_mp_idb_species\visualizations\pred_classification_densenet121_focal\1708161076-0001-R.png,,,,,,0.683,All wrong,3,Not recommended,All Wrong,classification_error,5,mp_idb_species,densenet121_focal,,1.0,0.0,1.0,0.0,0.75
1703121298-0007-R,results\optA_20251207_233941\experiments\experiment_mp_idb_species\visualizations\pred_classification_densenet121_focal\1703121298-0007-R.png,,,,,,1.0,All wrong,5,Challenging case,High Confidence Errors (>0.75),classification_error,5,mp_idb_species,densenet121_focal,,1.0,0.0,1.0,0.0,0.75
1703121298-0007-R,results\optA_20251207_233941\experiments\experiment_mp_idb_species\visualizations\pred_classification_densenet121_focal\1703121298-0007-R.png,,,,,,1.0,All wrong,5,Challenging case,High Confidence Errors (>0.75),classification_error,5,mp_idb_species,densenet121_focal,,1.0,0.0,1.0,0.0,0.75
1603223711-0002-T_G,results\optA_20251207_233941\experiments\experiment_mp_idb_species\visualizations\pred_classification_densenet121_focal\1603223711-0002-T_G.png,,,,,,0.962,"Mixed (some correct, some wrong)",6,Challenging case,High Confidence Errors (>0.75),classification_error,5,mp_idb_species,densenet121_focal,,2.0,1.0,1.0,0.5,0.75
1603223711-0002-T_G,results\optA_20251207_233941\experiments\experiment_mp_idb_species\visualizations\pred_classification_densenet121_focal\1603223711-0002-T_G.png,,,,,,0.962,"Mixed (some correct, some wrong)",6,Challenging case,High Confidence Errors (>0.75),classification_error,5,mp_idb_species,densenet121_focal,,2.0,1.0,1.0,0.5,0.75
1704282807-0010-R,results\optA_20251207_233941\experiments\experiment_mp_idb_species\visualizations\pred_classification_densenet121_focal\1704282807-0010-R.png,,,,,,0.939,"Mixed (some correct, some wrong)",6,Challenging case,High Confidence Errors (>0.75),classification_error,5,mp_idb_species,densenet121_focal,,14.0,13.0,1.0,0.929,0.75
1307210661-0010-R,results\optA_20251207_233941\experiments\experiment_mp_idb_species\visualizations\pred_classification_densenet121_focal\1307210661-0010-R.png,,,,,,0.627,"Mixed (some correct, some wrong)",4,Not recommended,Mixed Results,classification_error,5,mp_idb_species,densenet121_focal,,42.0,11.0,31.0,0.262,0.75
1307210661-0010-R,results\optA_20251207_233941\experiments\experiment_mp_idb_species\visualizations\pred_classification_densenet121_focal\1307210661-0010-R.png,,,,,,0.627,"Mixed (some correct, some wrong)",4,Not recommended,Mixed Results,classification_error,5,mp_idb_species,densenet121_focal,,42.0,11.0,31.0,0.262,0.75
1307210661-0001-R,results\optA_20251207_233941\experiments\experiment_mp_idb_species\visualizations\pred_classification_densenet121_focal\1307210661-0001-R.png,,,,,,0.735,"Mixed (some correct, some wrong)",6,Challenging case,Mixed Results,classification_error,5,mp_idb_species,densenet121_focal,,31.0,11.0,20.0,0.355,0.75
1307210661-0001-R,results\optA_20251207_233941\experiments\experiment_mp_idb_species\visualizations\pred_classification_densenet121_focal\1307210661-0001-R.png,,,,,,0.735,"Mixed (some correct, some wrong)",6,Challenging case,Mixed Results,classification_error,5,mp_idb_species,densenet121_focal,,31.0,11.0,20.0,0.355,0.75
1701151546-0007-R,results\optA_20251207_233941\experiments\experiment_mp_idb_species\visualizations\pred_classification_densenet121_focal\1701151546-0007-R.png,,,,,,0.769,"Mixed (some correct, some wrong)",6,Challenging case,Mixed Results,classification_error,5,mp_idb_species,densenet121_focal,,27.0,14.0,13.0,0.519,0.75
1603223711-0006-G,results\optA_20251207_233941\experiments\experiment_mp_idb_species\visualizations\pred_classification_densenet121_focal\1603223711-0006-G.png,,,,,,0.566,All correct,8,Good for paper,Low Confidence Correct (<0.6),classification_error,5,mp_idb_species,densenet121_focal,,1.0,1.0,0.0,1.0,0.75
1603223711-0006-G,results\optA_20251207_233941\experiments\experiment_mp_idb_species\visualizations\pred_classification_densenet121_focal\1603223711-0006-G.png,,,,,,0.566,All correct,8,Good for paper,Low Confidence Correct (<0.6),classification_error,5,mp_idb_species,densenet121_focal,,1.0,1.0,0.0,1.0,0.75
1312132815-0015-S,results\optA_20251207_233941\experiments\experiment_mp_idb_species\visualizations\pred_classification_densenet121_focal\1312132815-0015-S.png,,,,,,1.0,All correct,10,Best for paper,Perfect Classification,classification_error,5,mp_idb_species,densenet121_focal,,2.0,2.0,0.0,1.0,0.75
1312132815-0015-S,results\optA_20251207_233941\experiments\experiment_mp_idb_species\visualizations\pred_classification_densenet121_focal\1312132815-0015-S.png,,,,,,1.0,All correct,10,Best for paper,Perfect Classification,classification_error,5,mp_idb_species,densenet121_focal,,2.0,2.0,0.0,1.0,0.75
1312132815-0013-S,results\optA_20251207_233941\experiments\experiment_mp_idb_species\visualizations\pred_classification_densenet121_focal\1312132815-0013-S.png,,,,,,1.0,All correct,10,Best for paper,Perfect Classification,classification_error,5,mp_idb_species,densenet121_focal,,1.0,1.0,0.0,1.0,0.75
1312132815-0013-S,results\optA_20251207_233941\experiments\experiment_mp_idb_species\visualizations\pred_classification_densenet121_focal\1312132815-0013-S.png,,,,,,1.0,All correct,10,Best for paper,Perfect Classification,classification_error,5,mp_idb_species,densenet121_focal,,1.0,1.0,0.0,1.0,0.75
1401063467-0013-T,results\optA_20251207_233941\experiments\experiment_mp_idb_species\visualizations\pred_classification_densenet121_focal\1401063467-0013-T.png,,,,,,1.0,All correct,10,Best for paper,Perfect Classification,classification_error,5,mp_idb_species,densenet121_focal,,1.0,1.0,0.0,1.0,0.75
1409171742-0007-R,results\optA_20251207_233941\experiments\experiment_mp_idb_species\visualizations\pred_classification_efficientnet_b0_focal\1409171742-0007-R.png,,,,,,0.837,All wrong,5,Challenging case,All Wrong,classification_error,5,mp_idb_species,efficientnet_b0_focal,,4.0,0.0,4.0,0.0,0.75
1409171742-0007-R,results\optA_20251207_233941\experiments\experiment_mp_idb_species\visualizations\pred_classification_efficientnet_b0_focal\1409171742-0007-R.png,,,,,,0.837,All wrong,5,Challenging case,All Wrong,classification_error,5,mp_idb_species,efficientnet_b0_focal,,4.0,0.0,4.0,0.0,0.75
1603223711-0002-T_G,results\optA_20251207_233941\experiments\experiment_mp_idb_species\visualizations\pred_classification_efficientnet_b0_focal\1603223711-0002-T_G.png,,,,,,0.914,All wrong,5,Challenging case,All Wrong,classification_error,5,mp_idb_species,efficientnet_b0_focal,,2.0,0.0,2.0,0.0,0.75
1603223711-0002-T_G,results\optA_20251207_233941\experiments\experiment_mp_idb_species\visualizations\pred_classification_efficientnet_b0_focal\1603223711-0002-T_G.png,,,,,,0.914,All wrong,5,Challenging case,All Wrong,classification_error,5,mp_idb_species,efficientnet_b0_focal,,2.0,0.0,2.0,0.0,0.75
1708161076-0001-R,results\optA_20251207_233941\experiments\experiment_mp_idb_species\visualizations\pred_classification_efficientnet_b0_focal\1708161076-0001-R.png,,,,,,1.0,All wrong,5,Challenging case,All Wrong,classification_error,5,mp_idb_species,efficientnet_b0_focal,,1.0,0.0,1.0,0.0,0.75
1708161076-0007-R,results\optA_20251207_233941\experiments\experiment_mp_idb_species\visualizations\pred_classification_efficientnet_b0_focal\1708161076-0007-R.png,,,,,,1.0,All wrong,5,Challenging case,High Confidence Errors (>0.75),classification_error,5,mp_idb_species,efficientnet_b0_focal,,1.0,0.0,1.0,0.0,0.75
1708161076-0007-R,results\optA_20251207_233941\experiments\experiment_mp_idb_species\visualizations\pred_classification_efficientnet_b0_focal\1708161076-0007-R.png,,,,,,1.0,All wrong,5,Challenging case,High Confidence Errors (>0.75),classification_error,5,mp_idb_species,efficientnet_b0_focal,,1.0,0.0,1.0,0.0,0.75
1708161076-0001-R,results\optA_20251207_233941\experiments\experiment_mp_idb_species\visualizations\pred_classification_efficientnet_b0_focal\1708161076-0001-R.png,,,,,,1.0,All wrong,5,Challenging case,High Confidence Errors (>0.75),classification_error,5,mp_idb_species,efficientnet_b0_focal,,1.0,0.0,1.0,0.0,0.75
1708161076-0001-R,results\optA_20251207_233941\experiments\experiment_mp_idb_species\visualizations\pred_classification_efficientnet_b0_focal\1708161076-0001-R.png,,,,,,1.0,All wrong,5,Challenging case,High Confidence Errors (>0.75),classification_error,5,mp_idb_species,efficientnet_b0_focal,,1.0,0.0,1.0,0.0,0.75
1603223711-0006-G,results\optA_20251207_233941\experiments\experiment_mp_idb_species\visualizations\pred_classification_efficientnet_b0_focal\1603223711-0006-G.png,,,,,,0.997,All wrong,5,Challenging case,High Confidence Errors (>0.75),classification_error,5,mp_idb_species,efficientnet_b0_focal,,1.0,0.0,1.0,0.0,0.75
1701151546-0015-R_T,results\optA_20251207_233941\experiments\experiment_mp_idb_species\visualizations\pred_classification_efficientnet_b0_focal\1701151546-0015-R_T.png,,,,,,0.767,"Mixed (some correct, some wrong)",6,Challenging case,Mixed Results,classification_error,5,mp_idb_species,efficientnet_b0_focal,,37.0,9.0,28.0,0.243,0.75
1701151546-0015-R_T,results\optA_20251207_233941\experiments\experiment_mp_idb_species\visualizations\pred_classification_efficientnet_b0_focal\1701151546-0015-R_T.png,,,,,,0.767,"Mixed (some correct, some wrong)",6,Challenging case,Mixed Results,classification_error,5,mp_idb_species,efficientnet_b0_focal,,37.0,9.0,28.0,0.243,0.75
1701151546-0007-R,results\optA_20251207_233941\experiments\experiment_mp_idb_species\visualizations\pred_classification_efficientnet_b0_focal\1701151546-0007-R.png,,,,,,0.778,"Mixed (some correct, some wrong)",6,Challenging case,Mixed Results,classification_error,5,mp_idb_species,efficientnet_b0_focal,,27.0,7.0,20.0,0.259,0.75
1701151546-0007-R,results\optA_20251207_233941\experiments\experiment_mp_idb_species\visualizations\pred_classification_efficientnet_b0_focal\1701151546-0007-R.png,,,,,,0.778,"Mixed (some correct, some wrong)",6,Challenging case,Mixed Results,classification_error,5,mp_idb_species,efficientnet_b0_focal,,27.0,7.0,20.0,0.259,0.75
1704282807-0019-R_G,results\optA_20251207_233941\experiments\experiment_mp_idb_species\visualizations\pred_classification_efficientnet_b0_focal\1704282807-0019-R_G.png,,,,,,0.704,"Mixed (some correct, some wrong)",6,Challenging case,Mixed Results,classification_error,5,mp_idb_species,efficientnet_b0_focal,,41.0,25.0,16.0,0.61,0.75
1703121298-0008-G,results\optA_20251207_233941\experiments\experiment_mp_idb_species\visualizations\pred_classification_efficientnet_b0_focal\1703121298-0008-G.png,,,,,,0.598,All correct,8,Good for paper,Low Confidence Correct (<0.6),classification_error,5,mp_idb_species,efficientnet_b0_focal,,1.0,1.0,0.0,1.0,0.75
1703121298-0008-G,results\optA_20251207_233941\experiments\experiment_mp_idb_species\visualizations\pred_classification_efficientnet_b0_focal\1703121298-0008-G.png,,,,,,0.598,All correct,8,Good for paper,Low Confidence Correct (<0.6),classification_error,5,mp_idb_species,efficientnet_b0_focal,,1.0,1.0,0.0,1.0,0.75
1312132815-0013-S,results\optA_20251207_233941\experiments\experiment_mp_idb_species\visualizations\pred_classification_efficientnet_b0_focal\1312132815-0013-S.png,,,,,,1.0,All correct,10,Best for paper,Perfect Classification,classification_error,5,mp_idb_species,efficientnet_b0_focal,,1.0,1.0,0.0,1.0,0.75
1312132815-0013-S,results\optA_20251207_233941\experiments\experiment_mp_idb_species\visualizations\pred_classification_efficientnet_b0_focal\1312132815-0013-S.png,,,,,,1.0,All correct,10,Best for paper,Perfect Classification,classification_error,5,mp_idb_species,efficientnet_b0_focal,,1.0,1.0,0.0,1.0,0.75
1707180816-0005-T,results\optA_20251207_233941\experiments\experiment_mp_idb_species\visualizations\pred_classification_efficientnet_b0_focal\1707180816-0005-T.png,,,,,,1.0,All correct,10,Best for paper,Perfect Classification,classification_error,5,mp_idb_species,efficientnet_b0_focal,,1.0,1.0,0.0,1.0,0.75
1707180816-0005-T,results\optA_20251207_233941\experiments\experiment_mp_idb_species\visualizations\pred_classification_efficientnet_b0_focal\1707180816-0005-T.png,,,,,,1.0,All correct,10,Best for paper,Perfect Classification,classification_error,5,mp_idb_species,efficientnet_b0_focal,,1.0,1.0,0.0,1.0,0.75
1401080976-0002-T,results\optA_20251207_233941\experiments\experiment_mp_idb_species\visualizations\pred_classification_efficientnet_b0_focal\1401080976-0002-T.png,,,,,,1.0,All correct,10,Best for paper,Perfect Classification,classification_error,5,mp_idb_species,efficientnet_b0_focal,,1.0,1.0,0.0,1.0,0.75
1701151546-0015-R_T,results\optA_20251207_233941\experiments\experiment_mp_idb_species\visualizations\pred_classification_efficientnet_b1_focal\1701151546-0015-R_T.png,,,,,,0.882,All wrong,5,Challenging case,All Wrong,classification_error,5,mp_idb_species,efficientnet_b1_focal,,37.0,0.0,37.0,0.0,0.75
1701151546-0015-R_T,results\optA_20251207_233941\experiments\experiment_mp_idb_species\visualizations\pred_classification_efficientnet_b1_focal\1701151546-0015-R_T.png,,,,,,0.882,All wrong,5,Challenging case,All Wrong,classification_error,5,mp_idb_species,efficientnet_b1_focal,,37.0,0.0,37.0,0.0,0.75
1408290968-0003-R,results\optA_20251207_233941\experiments\experiment_mp_idb_species\visualizations\pred_classification_efficientnet_b1_focal\1408290968-0003-R.png,,,,,,0.921,All wrong,5,Challenging case,All Wrong,classification_error,5,mp_idb_species,efficientnet_b1_focal,,1.0,0.0,1.0,0.0,0.75
1408290968-0003-R,results\optA_20251207_233941\experiments\experiment_mp_idb_species\visualizations\pred_classification_efficientnet_b1_focal\1408290968-0003-R.png,,,,,,0.921,All wrong,5,Challenging case,All Wrong,classification_error,5,mp_idb_species,efficientnet_b1_focal,,1.0,0.0,1.0,0.0,0.75
1703121298-0009-R,results\optA_20251207_233941\experiments\experiment_mp_idb_species\visualizations\pred_classification_efficientnet_b1_focal\1703121298-0009-R.png,,,,,,0.76,All wrong,5,Challenging case,All Wrong,classification_error,5,mp_idb_species,efficientnet_b1_focal,,1.0,0.0,1.0,0.0,0.75
1709041080-0020-R,results\optA_20251207_233941\experiments\experiment_mp_idb_species\visualizations\pred_classification_efficientnet_b1_focal\1709041080-0020-R.png,,,,,,0.984,"Mixed (some correct, some wrong)",6,Challenging case,High Confidence Errors (>0.75),classification_error,5,mp_idb_species,efficientnet_b1_focal,,2.0,1.0,1.0,0.5,0.75
1709041080-0020-R,results\optA_20251207_233941\experiments\experiment_mp_idb_species\visualizations\pred_classification_efficientnet_b1_focal\1709041080-0020-R.png,,,,,,0.984,"Mixed (some correct, some wrong)",6,Challenging case,High Confidence Errors (>0.75),classification_error,5,mp_idb_species,efficientnet_b1_focal,,2.0,1.0,1.0,0.5,0.75
1408290968-0003-R,results\optA_20251207_233941\experiments\experiment_mp_idb_species\visualizations\pred_classification_efficientnet_b1_focal\1408290968-0003-R.png,,,,,,0.921,All wrong,5,Challenging case,High Confidence Errors (>0.75),classification_error,5,mp_idb_species,efficientnet_b1_focal,,1.0,0.0,1.0,0.0,0.75
1408290968-0003-R,results\optA_20251207_233941\experiments\experiment_mp_idb_species\visualizations\pred_classification_efficientnet_b1_focal\1408290968-0003-R.png,,,,,,0.921,All wrong,5,Challenging case,High Confidence Errors (>0.75),classification_error,5,mp_idb_species,efficientnet_b1_focal,,1.0,0.0,1.0,0.0,0.75
1603223711-0002-T_G,results\optA_20251207_233941\experiments\experiment_mp_idb_species\visualizations\pred_classification_efficientnet_b1_focal\1603223711-0002-T_G.png,,,,,,0.917,"Mixed (some correct, some wrong)",6,Challenging case,High Confidence Errors (>0.75),classification_error,5,mp_idb_species,efficientnet_b1_focal,,2.0,1.0,1.0,0.5,0.75
1701151546-0007-R,results\optA_20251207_233941\experiments\experiment_mp_idb_species\visualizations\pred_classification_efficientnet_b1_focal\1701151546-0007-R.png,,,,,,0.842,"Mixed (some correct, some wrong)",6,Challenging case,Mixed Results,classification_error,5,mp_idb_species,efficientnet_b1_focal,,27.0,4.0,23.0,0.148,0.75
1701151546-0007-R,results\optA_20251207_233941\experiments\experiment_mp_idb_species\visualizations\pred_classification_efficientnet_b1_focal\1701151546-0007-R.png,,,,,,0.842,"Mixed (some correct, some wrong)",6,Challenging case,Mixed Results,classification_error,5,mp_idb_species,efficientnet_b1_focal,,27.0,4.0,23.0,0.148,0.75
1704282807-0019-R_G,results\optA_20251207_233941\experiments\experiment_mp_idb_species\visualizations\pred_classification_efficientnet_b1_focal\1704282807-0019-R_G.png,,,,,,0.843,"Mixed (some correct, some wrong)",6,Challenging case,Mixed Results,classification_error,5,mp_idb_species,efficientnet_b1_focal,,41.0,23.0,18.0,0.561,0.75
1704282807-0019-R_G,results\optA_20251207_233941\experiments\experiment_mp_idb_species\visualizations\pred_classification_efficientnet_b1_focal\1704282807-0019-R_G.png,,,,,,0.843,"Mixed (some correct, some wrong)",6,Challenging case,Mixed Results,classification_error,5,mp_idb_species,efficientnet_b1_focal,,41.0,23.0,18.0,0.561,0.75
1704282807-0015-R,results\optA_20251207_233941\experiments\experiment_mp_idb_species\visualizations\pred_classification_efficientnet_b1_focal\1704282807-0015-R.png,,,,,,0.812,"Mixed (some correct, some wrong)",6,Challenging case,Mixed Results,classification_error,5,mp_idb_species,efficientnet_b1_focal,,21.0,11.0,10.0,0.524,0.75
1708161076-0007-R,results\optA_20251207_233941\experiments\experiment_mp_idb_species\visualizations\pred_classification_efficientnet_b1_focal\1708161076-0007-R.png,,,,,,0.556,All correct,8,Good for paper,Low Confidence Correct (<0.6),classification_error,5,mp_idb_species,efficientnet_b1_focal,,1.0,1.0,0.0,1.0,0.75
1708161076-0007-R,results\optA_20251207_233941\experiments\experiment_mp_idb_species\visualizations\pred_classification_efficientnet_b1_focal\1708161076-0007-R.png,,,,,,0.556,All correct,8,Good for paper,Low Confidence Correct (<0.6),classification_error,5,mp_idb_species,efficientnet_b1_focal,,1.0,1.0,0.0,1.0,0.75
1401063467-0013-T,results\optA_20251207_233941\experiments\experiment_mp_idb_species\visualizations\pred_classification_efficientnet_b1_focal\1401063467-0013-T.png,,,,,,1.0,All correct,10,Best for paper,Perfect Classification,classification_error,5,mp_idb_species,efficientnet_b1_focal,,1.0,1.0,0.0,1.0,0.75
1401063467-0013-T,results\optA_20251207_233941\experiments\experiment_mp_idb_species\visualizations\pred_classification_efficientnet_b1_focal\1401063467-0013-T.png,,,,,,1.0,All correct,10,Best for paper,Perfect Classification,classification_error,5,mp_idb_species,efficientnet_b1_focal,,1.0,1.0,0.0,1.0,0.75
1312132815-0015-S,results\optA_20251207_233941\experiments\experiment_mp_idb_species\visualizations\pred_classification_efficientnet_b1_focal\1312132815-0015-S.png,,,,,,1.0,All correct,10,Best for paper,Perfect Classification,classification_error,5,mp_idb_species,efficientnet_b1_focal,,2.0,2.0,0.0,1.0,0.75
1312132815-0015-S,results\optA_20251207_233941\experiments\experiment_mp_idb_species\visualizations\pred_classification_efficientnet_b1_focal\1312132815-0015-S.png,,,,,,1.0,All correct,10,Best for paper,Perfect Classification,classification_error,5,mp_idb_species,efficientnet_b1_focal,,2.0,2.0,0.0,1.0,0.75
1401080976-0004-T,results\optA_20251207_233941\experiments\experiment_mp_idb_species\visualizations\pred_classification_efficientnet_b1_focal\1401080976-0004-T.png,,,,,,1.0,All correct,10,Best for paper,Perfect Classification,classification_error,5,mp_idb_species,efficientnet_b1_focal,,1.0,1.0,0.0,1.0,0.75
1401080976-0004-T,results\optA_20251207_233941\experiments\experiment_mp_idb_species\visualizations\pred_classification_efficientnet_b2_focal\1401080976-0004-T.png,,,,,,0.985,All wrong,5,Challenging case,All Wrong,classification_error,5,mp_idb_species,efficientnet_b2_focal,,1.0,0.0,1.0,0.0,0.75
1401080976-0004-T,results\optA_20251207_233941\experiments\experiment_mp_idb_species\visualizations\pred_classification_efficientnet_b2_focal\1401080976-0004-T.png,,,,,,0.985,All wrong,5,Challenging case,All Wrong,classification_error,5,mp_idb_species,efficientnet_b2_focal,,1.0,0.0,1.0,0.0,0.75
1703121298-0009-R,results\optA_20251207_233941\experiments\experiment_mp_idb_species\visualizations\pred_classification_efficientnet_b2_focal\1703121298-0009-R.png,,,,,,0.983,All wrong,5,Challenging case,All Wrong,classification_error,5,mp_idb_species,efficientnet_b2_focal,,1.0,0.0,1.0,0.0,0.75
1703121298-0009-R,results\optA_20251207_233941\experiments\experiment_mp_idb_species\visualizations\pred_classification_efficientnet_b2_focal\1703121298-0009-R.png,,,,,,0.983,All wrong,5,Challenging case,All Wrong,classification_error,5,mp_idb_species,efficientnet_b2_focal,,1.0,0.0,1.0,0.0,0.75
1703121298-0007-R,results\optA_20251207_233941\experiments\experiment_mp_idb_species\visualizations\pred_classification_efficientnet_b2_focal\1703121298-0007-R.png,,,,,,0.982,All wrong,5,Challenging case,All Wrong,classification_error,5,mp_idb_species,efficientnet_b2_focal,,1.0,0.0,1.0,0.0,0.75
1312132815-0015-S,results\optA_20251207_233941\experiments\experiment_mp_idb_species\visualizations\pred_classification_efficientnet_b2_focal\1312132815-0015-S.png,,,,,,0.997,"Mixed (some correct, some wrong)",6,Challenging case,High Confidence Errors (>0.75),classification_error,5,mp_idb_species,efficientnet_b2_focal,,2.0,1.0,1.0,0.5,0.75
1312132815-0015-S,results\optA_20251207_233941\experiments\experiment_mp_idb_species\visualizations\pred_classification_efficientnet_b2_focal\1312132815-0015-S.png,,,,,,0.997,"Mixed (some correct, some wrong)",6,Challenging case,High Confidence Errors (>0.75),classification_error,5,mp_idb_species,efficientnet_b2_focal,,2.0,1.0,1.0,0.5,0.75
1401080976-0004-T,results\optA_20251207_233941\experiments\experiment_mp_idb_species\visualizations\pred_classification_efficientnet_b2_focal\1401080976-0004-T.png,,,,,,0.985,All wrong,5,Challenging case,High Confidence Errors (>0.75),classification_error,5,mp_idb_species,efficientnet_b2_focal,,1.0,0.0,1.0,0.0,0.75
1401080976-0004-T,results\optA_20251207_233941\experiments\experiment_mp_idb_species\visualizations\pred_classification_efficientnet_b2_focal\1401080976-0004-T.png,,,,,,0.985,All wrong,5,Challenging case,High Confidence Errors (>0.75),classification_error,5,mp_idb_species,efficientnet_b2_focal,,1.0,0.0,1.0,0.0,0.75
1703121298-0009-R,results\optA_20251207_233941\experiments\experiment_mp_idb_species\visualizations\pred_classification_efficientnet_b2_focal\1703121298-0009-R.png,,,,,,0.983,All wrong,5,Challenging case,High Confidence Errors (>0.75),classification_error,5,mp_idb_species,efficientnet_b2_focal,,1.0,0.0,1.0,0.0,0.75
1307210661-0010-R,results\optA_20251207_233941\experiments\experiment_mp_idb_species\visualizations\pred_classification_efficientnet_b2_focal\1307210661-0010-R.png,,,,,,0.581,"Mixed (some correct, some wrong)",4,Not recommended,Mixed Results,classification_error,5,mp_idb_species,efficientnet_b2_focal,,42.0,14.0,28.0,0.333,0.75
1307210661-0010-R,results\optA_20251207_233941\experiments\experiment_mp_idb_species\visualizations\pred_classification_efficientnet_b2_focal\1307210661-0010-R.png,,,,,,0.581,"Mixed (some correct, some wrong)",4,Not recommended,Mixed Results,classification_error,5,mp_idb_species,efficientnet_b2_focal,,42.0,14.0,28.0,0.333,0.75
1701151546-0015-R_T,results\optA_20251207_233941\experiments\experiment_mp_idb_species\visualizations\pred_classification_efficientnet_b2_focal\1701151546-0015-R_T.png,,,,,,0.949,"Mixed (some correct, some wrong)",6,Challenging case,Mixed Results,classification_error,5,mp_idb_species,efficientnet_b2_focal,,37.0,10.0,27.0,0.27,0.75
1701151546-0015-R_T,results\optA_20251207_233941\experiments\experiment_mp_idb_species\visualizations\pred_classification_efficientnet_b2_focal\1701151546-0015-R_T.png,,,,,,0.949,"Mixed (some correct, some wrong)",6,Challenging case,Mixed Results,classification_error,5,mp_idb_species,efficientnet_b2_focal,,37.0,10.0,27.0,0.27,0.75
1701151546-0007-R,results\optA_20251207_233941\experiments\experiment_mp_idb_species\visualizations\pred_classification_efficientnet_b2_focal\1701151546-0007-R.png,,,,,,0.945,"Mixed (some correct, some wrong)",6,Challenging case,Mixed Results,classification_error,5,mp_idb_species,efficientnet_b2_focal,,27.0,5.0,22.0,0.185,0.75
1709041080-0014-R,results\optA_20251207_233941\experiments\experiment_mp_idb_species\visualizations\pred_classification_efficientnet_b2_focal\1709041080-0014-R.png,,,,,,0.592,All correct,8,Good for paper,Low Confidence Correct (<0.6),classification_error,5,mp_idb_species,efficientnet_b2_focal,,1.0,1.0,0.0,1.0,0.75
1709041080-0014-R,results\optA_20251207_233941\experiments\experiment_mp_idb_species\visualizations\pred_classification_efficientnet_b2_focal\1709041080-0014-R.png,,,,,,0.592,All correct,8,Good for paper,Low Confidence Correct (<0.6),classification_error,5,mp_idb_species,efficientnet_b2_focal,,1.0,1.0,0.0,1.0,0.75
1401080976-0002-T,results\optA_20251207_233941\experiments\experiment_mp_idb_species\visualizations\pred_classification_efficientnet_b2_focal\1401080976-0002-T.png,,,,,,1.0,All correct,10,Best for paper,Perfect Classification,classification_error,5,mp_idb_species,efficientnet_b2_focal,,1.0,1.0,0.0,1.0,0.75
1401080976-0002-T,results\optA_20251207_233941\experiments\experiment_mp_idb_species\visualizations\pred_classification_efficientnet_b2_focal\1401080976-0002-T.png,,,,,,1.0,All correct,10,Best for paper,Perfect Classification,classification_error,5,mp_idb_species,efficientnet_b2_focal,,1.0,1.0,0.0,1.0,0.75
1409191647-0009-R,results\optA_20251207_233941\experiments\experiment_mp_idb_species\visualizations\pred_classification_efficientnet_b2_focal\1409191647-0009-R.png,,,,,,1.0,All correct,10,Best for paper,Perfect Classification,classification_error,5,mp_idb_species,efficientnet_b2_focal,,7.0,7.0,0.0,1.0,0.75
1409191647-0009-R,results\optA_20251207_233941\experiments\experiment_mp_idb_species\visualizations\pred_classification_efficientnet_b2_focal\1409191647-0009-R.png,,,,,,1.0,All correct,10,Best for paper,Perfect Classification,classification_error,5,mp_idb_species,efficientnet_b2_focal,,7.0,7.0,0.0,1.0,0.75
1409191647-0003-R,results\optA_20251207_233941\experiments\experiment_mp_idb_species\visualizations\pred_classification_efficientnet_b2_focal\1409191647-0003-R.png,,,,,,1.0,All correct,10,Best for paper,Perfect Classification,classification_error,5,mp_idb_species,efficientnet_b2_focal,,4.0,4.0,0.0,1.0,0.75
1603223711-0002-T_G,results\optA_20251207_233941\experiments\experiment_mp_idb_species\visualizations\pred_classification_resnet101_focal\1603223711-0002-T_G.png,,,,,,0.723,All wrong,3,Not recommended,All Wrong,classification_error,5,mp_idb_species,resnet101_focal,,2.0,0.0,2.0,0.0,0.75
1603223711-0002-T_G,results\optA_20251207_233941\experiments\experiment_mp_idb_species\visualizations\pred_classification_resnet101_focal\1603223711-0002-T_G.png,,,,,,0.723,All wrong,3,Not recommended,All Wrong,classification_error,5,mp_idb_species,resnet101_focal,,2.0,0.0,2.0,0.0,0.75
1305121398-0003-R,results\optA_20251207_233941\experiments\experiment_mp_idb_species\visualizations\pred_classification_resnet101_focal\1305121398-0003-R.png,,,,,,0.999,All wrong,5,Challenging case,All Wrong,classification_error,5,mp_idb_species,resnet101_focal,,1.0,0.0,1.0,0.0,0.75
1305121398-0003-R,results\optA_20251207_233941\experiments\experiment_mp_idb_species\visualizations\pred_classification_resnet101_focal\1305121398-0003-R.png,,,,,,0.999,All wrong,5,Challenging case,All Wrong,classification_error,5,mp_idb_species,resnet101_focal,,1.0,0.0,1.0,0.0,0.75
1703121298-0007-R,results\optA_20251207_233941\experiments\experiment_mp_idb_species\visualizations\pred_classification_resnet101_focal\1703121298-0007-R.png,,,,,,0.998,All wrong,5,Challenging case,All Wrong,classification_error,5,mp_idb_species,resnet101_focal,,1.0,0.0,1.0,0.0,0.75
1305121398-0003-R,results\optA_20251207_233941\experiments\experiment_mp_idb_species\visualizations\pred_classification_resnet101_focal\1305121398-0003-R.png,,,,,,0.999,All wrong,5,Challenging case,High Confidence Errors (>0.75),classification_error,5,mp_idb_species,resnet101_focal,,1.0,0.0,1.0,0.0,0.75
1305121398-0003-R,results\optA_20251207_233941\experiments\experiment_mp_idb_species\visualizations\pred_classification_resnet101_focal\1305121398-0003-R.png,,,,,,0.999,All wrong,5,Challenging case,High Confidence Errors (>0.75),classification_error,5,mp_idb_species,resnet101_focal,,1.0,0.0,1.0,0.0,0.75
1703121298-0007-R,results\optA_20251207_233941\experiments\experiment_mp_idb_species\visualizations\pred_classification_resnet101_focal\1703121298-0007-R.png,,,,,,0.998,All wrong,5,Challenging case,High Confidence Errors (>0.75),classification_error,5,mp_idb_species,resnet101_focal,,1.0,0.0,1.0,0.0,0.75
1703121298-0007-R,results\optA_20251207_233941\experiments\experiment_mp_idb_species\visualizations\pred_classification_resnet101_focal\1703121298-0007-R.png,,,,,,0.998,All wrong,5,Challenging case,High Confidence Errors (>0.75),classification_error,5,mp_idb_species,resnet101_focal,,1.0,0.0,1.0,0.0,0.75
1703121298-0009-R,results\optA_20251207_233941\experiments\experiment_mp_idb_species\visualizations\pred_classification_resnet101_focal\1703121298-0009-R.png,,,,,,0.989,All wrong,5,Challenging case,High Confidence Errors (>0.75),classification_error,5,mp_idb_species,resnet101_focal,,1.0,0.0,1.0,0.0,0.75
1307210661-0010-R,results\optA_20251207_233941\experiments\experiment_mp_idb_species\visualizations\pred_classification_resnet101_focal\1307210661-0010-R.png,,,,,,0.694,"Mixed (some correct, some wrong)",4,Not recommended,Mixed Results,classification_error,5,mp_idb_species,resnet101_focal,,42.0,10.0,32.0,0.238,0.75
1307210661-0010-R,results\optA_20251207_233941\experiments\experiment_mp_idb_species\visualizations\pred_classification_resnet101_focal\1307210661-0010-R.png,,,,,,0.694,"Mixed (some correct, some wrong)",4,Not recommended,Mixed Results,classification_error,5,mp_idb_species,resnet101_focal,,42.0,10.0,32.0,0.238,0.75
1701151546-0015-R_T,results\optA_20251207_233941\experiments\experiment_mp_idb_species\visualizations\pred_classification_resnet101_focal\1701151546-0015-R_T.png,,,,,,0.706,"Mixed (some correct, some wrong)",6,Challenging case,Mixed Results,classification_error,5,mp_idb_species,resnet101_focal,,37.0,12.0,25.0,0.324,0.75
1701151546-0015-R_T,results\optA_20251207_233941\experiments\experiment_mp_idb_species\visualizations\pred_classification_resnet101_focal\1701151546-0015-R_T.png,,,,,,0.706,"Mixed (some correct, some wrong)",6,Challenging case,Mixed Results,classification_error,5,mp_idb_species,resnet101_focal,,37.0,12.0,25.0,0.324,0.75
1307210661-0001-R,results\optA_20251207_233941\experiments\experiment_mp_idb_species\visualizations\pred_classification_resnet101_focal\1307210661-0001-R.png,,,,,,0.64,"Mixed (some correct, some wrong)",4,Not recommended,Mixed Results,classification_error,5,mp_idb_species,resnet101_focal,,31.0,7.0,24.0,0.226,0.75
1409191647-0001-R,results\optA_20251207_233941\experiments\experiment_mp_idb_species\visualizations\pred_classification_resnet101_focal\1409191647-0001-R.png,,,,,,0.569,All correct,8,Good for paper,Low Confidence Correct (<0.6),classification_error,5,mp_idb_species,resnet101_focal,,1.0,1.0,0.0,1.0,0.75
1409191647-0001-R,results\optA_20251207_233941\experiments\experiment_mp_idb_species\visualizations\pred_classification_resnet101_focal\1409191647-0001-R.png,,,,,,0.569,All correct,8,Good for paper,Low Confidence Correct (<0.6),classification_error,5,mp_idb_species,resnet101_focal,,1.0,1.0,0.0,1.0,0.75
1312132815-0001-G,results\optA_20251207_233941\experiments\experiment_mp_idb_species\visualizations\pred_classification_resnet101_focal\1312132815-0001-G.png,,,,,,0.584,All correct,8,Good for paper,Low Confidence Correct (<0.6),classification_error,5,mp_idb_species,resnet101_focal,,1.0,1.0,0.0,1.0,0.75
1312132815-0001-G,results\optA_20251207_233941\experiments\experiment_mp_idb_species\visualizations\pred_classification_resnet101_focal\1312132815-0001-G.png,,,,,,0.584,All correct,8,Good for paper,Low Confidence Correct (<0.6),classification_error,5,mp_idb_species,resnet101_focal,,1.0,1.0,0.0,1.0,0.75
1707180816-0007-T,results\optA_20251207_233941\experiments\experiment_mp_idb_species\visualizations\pred_classification_resnet101_focal\1707180816-0007-T.png,,,,,,1.0,All correct,10,Best for paper,Perfect Classification,classification_error,5,mp_idb_species,resnet101_focal,,1.0,1.0,0.0,1.0,0.75
1707180816-0007-T,results\optA_20251207_233941\experiments\experiment_mp_idb_species\visualizations\pred_classification_resnet101_focal\1707180816-0007-T.png,,,,,,1.0,All correct,10,Best for paper,Perfect Classification,classification_error,5,mp_idb_species,resnet101_focal,,1.0,1.0,0.0,1.0,0.75
1401080976-0004-T,results\optA_20251207_233941\experiments\experiment_mp_idb_species\visualizations\pred_classification_resnet101_focal\1401080976-0004-T.png,,,,,,1.0,All correct,10,Best for paper,Perfect Classification,classification_error,5,mp_idb_species,resnet101_focal,,1.0,1.0,0.0,1.0,0.75
1401080976-0004-T,results\optA_20251207_233941\experiments\experiment_mp_idb_species\visualizations\pred_classification_resnet101_focal\1401080976-0004-T.png,,,,,,1.0,All correct,10,Best for paper,Perfect Classification,classification_error,5,mp_idb_species,resnet101_focal,,1.0,1.0,0.0,1.0,0.75
1707180816-0005-T,results\optA_20251207_233941\experiments\experiment_mp_idb_species\visualizations\pred_classification_resnet101_focal\1707180816-0005-T.png,,,,,,0.999,All correct,10,Best for paper,Perfect Classification,classification_error,5,mp_idb_species,resnet101_focal,,1.0,1.0,0.0,1.0,0.75
1603223711-0006-G,results\optA_20251207_233941\experiments\experiment_mp_idb_species\visualizations\pred_classification_resnet50_focal\1603223711-0006-G.png,,,,,,0.994,All wrong,5,Challenging case,All Wrong,classification_error,5,mp_idb_species,resnet50_focal,,1.0,0.0,1.0,0.0,0.75
1603223711-0006-G,results\optA_20251207_233941\experiments\experiment_mp_idb_species\visualizations\pred_classification_resnet50_focal\1603223711-0006-G.png,,,,,,0.994,All wrong,5,Challenging case,All Wrong,classification_error,5,mp_idb_species,resnet50_focal,,1.0,0.0,1.0,0.0,0.75
1305121398-0003-R,results\optA_20251207_233941\experiments\experiment_mp_idb_species\visualizations\pred_classification_resnet50_focal\1305121398-0003-R.png,,,,,,0.913,All wrong,5,Challenging case,All Wrong,classification_error,5,mp_idb_species,resnet50_focal,,1.0,0.0,1.0,0.0,0.75
1305121398-0003-R,results\optA_20251207_233941\experiments\experiment_mp_idb_species\visualizations\pred_classification_resnet50_focal\1305121398-0003-R.png,,,,,,0.913,All wrong,5,Challenging case,All Wrong,classification_error,5,mp_idb_species,resnet50_focal,,1.0,0.0,1.0,0.0,0.75
1703121298-0007-R,results\optA_20251207_233941\experiments\experiment_mp_idb_species\visualizations\pred_classification_resnet50_focal\1703121298-0007-R.png,,,,,,0.891,All wrong,5,Challenging case,All Wrong,classification_error,5,mp_idb_species,resnet50_focal,,1.0,0.0,1.0,0.0,0.75
1603223711-0006-G,results\optA_20251207_233941\experiments\experiment_mp_idb_species\visualizations\pred_classification_resnet50_focal\1603223711-0006-G.png,,,,,,0.994,All wrong,5,Challenging case,High Confidence Errors (>0.75),classification_error,5,mp_idb_species,resnet50_focal,,1.0,0.0,1.0,0.0,0.75
1603223711-0006-G,results\optA_20251207_233941\experiments\experiment_mp_idb_species\visualizations\pred_classification_resnet50_focal\1603223711-0006-G.png,,,,,,0.994,All wrong,5,Challenging case,High Confidence Errors (>0.75),classification_error,5,mp_idb_species,resnet50_focal,,1.0,0.0,1.0,0.0,0.75
1305121398-0003-R,results\optA_20251207_233941\experiments\experiment_mp_idb_species\visualizations\pred_classification_resnet50_focal\1305121398-0003-R.png,,,,,,0.913,All wrong,5,Challenging case,High Confidence Errors (>0.75),classification_error,5,mp_idb_species,resnet50_focal,,1.0,0.0,1.0,0.0,0.75
1305121398-0003-R,results\optA_20251207_233941\experiments\experiment_mp_idb_species\visualizations\pred_classification_resnet50_focal\1305121398-0003-R.png,,,,,,0.913,All wrong,5,Challenging case,High Confidence Errors (>0.75),classification_error,5,mp_idb_species,resnet50_focal,,1.0,0.0,1.0,0.0,0.75
1704282807-0004-R_T,results\optA_20251207_233941\experiments\experiment_mp_idb_species\visualizations\pred_classification_resnet50_focal\1704282807-0004-R_T.png,,,,,,0.902,"Mixed (some correct, some wrong)",6,Challenging case,High Confidence Errors (>0.75),classification_error,5,mp_idb_species,resnet50_focal,,11.0,10.0,1.0,0.909,0.75
1307210661-0001-R,results\optA_20251207_233941\experiments\experiment_mp_idb_species\visualizations\pred_classification_resnet50_focal\1307210661-0001-R.png,,,,,,0.728,"Mixed (some correct, some wrong)",6,Challenging case,Mixed Results,classification_error,5,mp_idb_species,resnet50_focal,,31.0,16.0,15.0,0.516,0.75
1307210661-0001-R,results\optA_20251207_233941\experiments\experiment_mp_idb_species\visualizations\pred_classification_resnet50_focal\1307210661-0001-R.png,,,,,,0.728,"Mixed (some correct, some wrong)",6,Challenging case,Mixed Results,classification_error,5,mp_idb_species,resnet50_focal,,31.0,16.0,15.0,0.516,0.75
1701151546-0015-R_T,results\optA_20251207_233941\experiments\experiment_mp_idb_species\visualizations\pred_classification_resnet50_focal\1701151546-0015-R_T.png,,,,,,0.738,"Mixed (some correct, some wrong)",6,Challenging case,Mixed Results,classification_error,5,mp_idb_species,resnet50_focal,,37.0,24.0,13.0,0.649,0.75
1701151546-0015-R_T,results\optA_20251207_233941\experiments\experiment_mp_idb_species\visualizations\pred_classification_resnet50_focal\1701151546-0015-R_T.png,,,,,,0.738,"Mixed (some correct, some wrong)",6,Challenging case,Mixed Results,classification_error,5,mp_idb_species,resnet50_focal,,37.0,24.0,13.0,0.649,0.75
1307210661-0010-R,results\optA_20251207_233941\experiments\experiment_mp_idb_species\visualizations\pred_classification_resnet50_focal\1307210661-0010-R.png,,,,,,0.644,"Mixed (some correct, some wrong)",4,Not recommended,Mixed Results,classification_error,5,mp_idb_species,resnet50_focal,,42.0,37.0,5.0,0.881,0.75
1708161076-0007-R,results\optA_20251207_233941\experiments\experiment_mp_idb_species\visualizations\pred_classification_resnet50_focal\1708161076-0007-R.png,,,,,,0.579,All correct,8,Good for paper,Low Confidence Correct (<0.6),classification_error,5,mp_idb_species,resnet50_focal,,1.0,1.0,0.0,1.0,0.75
1708161076-0007-R,results\optA_20251207_233941\experiments\experiment_mp_idb_species\visualizations\pred_classification_resnet50_focal\1708161076-0007-R.png,,,,,,0.579,All correct,8,Good for paper,Low Confidence Correct (<0.6),classification_error,5,mp_idb_species,resnet50_focal,,1.0,1.0,0.0,1.0,0.75
1401063467-0013-T,results\optA_20251207_233941\experiments\experiment_mp_idb_species\visualizations\pred_classification_resnet50_focal\1401063467-0013-T.png,,,,,,1.0,All correct,10,Best for paper,Perfect Classification,classification_error,5,mp_idb_species,resnet50_focal,,1.0,1.0,0.0,1.0,0.75
1401063467-0013-T,results\optA_20251207_233941\experiments\experiment_mp_idb_species\visualizations\pred_classification_resnet50_focal\1401063467-0013-T.png,,,,,,1.0,All correct,10,Best for paper,Perfect Classification,classification_error,5,mp_idb_species,resnet50_focal,,1.0,1.0,0.0,1.0,0.75
1312132815-0013-S,results\optA_20251207_233941\experiments\experiment_mp_idb_species\visualizations\pred_classification_resnet50_focal\1312132815-0013-S.png,,,,,,1.0,All correct,10,Best for paper,Perfect Classification,classification_error,5,mp_idb_species,resnet50_focal,,1.0,1.0,0.0,1.0,0.75
1312132815-0013-S,results\optA_20251207_233941\experiments\experiment_mp_idb_species\visualizations\pred_classification_resnet50_focal\1312132815-0013-S.png,,,,,,1.0,All correct,10,Best for paper,Perfect Classification,classification_error,5,mp_idb_species,resnet50_focal,,1.0,1.0,0.0,1.0,0.75
1401080976-0002-T,results\optA_20251207_233941\experiments\experiment_mp_idb_species\visualizations\pred_classification_resnet50_focal\1401080976-0002-T.png,,,,,,1.0,All correct,10,Best for paper,Perfect Classification,classification_error,5,mp_idb_species,resnet50_focal,,1.0,1.0,0.0,1.0,0.75
1704282807-0012-R_T,results\optA_20251207_233941\experiments\experiment_mp_idb_stages\visualizations\pred_classification_densenet121_focal\1704282807-0012-R_T.png,,,,,,0.721,All wrong,3,Not recommended,All Wrong,classification_error,5,mp_idb_stages,densenet121_focal,,27.0,0.0,27.0,0.0,0.75
1704282807-0012-R_T,results\optA_20251207_233941\experiments\experiment_mp_idb_stages\visualizations\pred_classification_densenet121_focal\1704282807-0012-R_T.png,,,,,,0.721,All wrong,3,Not recommended,All Wrong,classification_error,5,mp_idb_stages,densenet121_focal,,27.0,0.0,27.0,0.0,0.75
1701151546-0007-R,results\optA_20251207_233941\experiments\experiment_mp_idb_stages\visualizations\pred_classification_densenet121_focal\1701151546-0007-R.png,,,,,,0.467,All wrong,3,Not recommended,All Wrong,classification_error,5,mp_idb_stages,densenet121_focal,,27.0,0.0,27.0,0.0,0.75
1701151546-0007-R,results\optA_20251207_233941\experiments\experiment_mp_idb_stages\visualizations\pred_classification_densenet121_focal\1701151546-0007-R.png,,,,,,0.467,All wrong,3,Not recommended,All Wrong,classification_error,5,mp_idb_stages,densenet121_focal,,27.0,0.0,27.0,0.0,0.75
1405022890-0003-R,results\optA_20251207_233941\experiments\experiment_mp_idb_stages\visualizations\pred_classification_densenet121_focal\1405022890-0003-R.png,,,,,,0.769,All wrong,5,Challenging case,All Wrong,classification_error,5,mp_idb_stages,densenet121_focal,,24.0,0.0,24.0,0.0,0.75
1401063467-0010-T,results\optA_20251207_233941\experiments\experiment_mp_idb_stages\visualizations\pred_classification_densenet121_focal\1401063467-0010-T.png,,,,,,0.994,All wrong,5,Challenging case,High Confidence Errors (>0.75),classification_error,5,mp_idb_stages,densenet121_focal,,1.0,0.0,1.0,0.0,0.75
1401063467-0010-T,results\optA_20251207_233941\experiments\experiment_mp_idb_stages\visualizations\pred_classification_densenet121_focal\1401063467-0010-T.png,,,,,,0.994,All wrong,5,Challenging case,High Confidence Errors (>0.75),classification_error,5,mp_idb_stages,densenet121_focal,,1.0,0.0,1.0,0.0,0.75
1603223711-0005-G,results\optA_20251207_233941\experiments\experiment_mp_idb_stages\visualizations\pred_classification_densenet121_focal\1603223711-0005-G.png,,,,,,0.993,All wrong,5,Challenging case,High Confidence Errors (>0.75),classification_error,5,mp_idb_stages,densenet121_focal,,1.0,0.0,1.0,0.0,0.75
1603223711-0005-G,results\optA_20251207_233941\experiments\experiment_mp_idb_stages\visualizations\pred_classification_densenet121_focal\1603223711-0005-G.png,,,,,,0.993,All wrong,5,Challenging case,High Confidence Errors (>0.75),classification_error,5,mp_idb_stages,densenet121_focal,,1.0,0.0,1.0,0.0,0.75
1708161076-0007-R,results\optA_20251207_233941\experiments\experiment_mp_idb_stages\visualizations\pred_classification_densenet121_focal\1708161076-0007-R.png,,,,,,0.991,All wrong,5,Challenging case,High Confidence Errors (>0.75),classification_error,5,mp_idb_stages,densenet121_focal,,1.0,0.0,1.0,0.0,0.75
1704282807-0019-R_G,results\optA_20251207_233941\experiments\experiment_mp_idb_stages\visualizations\pred_classification_densenet121_focal\1704282807-0019-R_G.png,,,,,,0.827,"Mixed (some correct, some wrong)",6,Challenging case,Mixed Results,classification_error,5,mp_idb_stages,densenet121_focal,,41.0,1.0,40.0,0.024,0.75
1704282807-0019-R_G,results\optA_20251207_233941\experiments\experiment_mp_idb_stages\visualizations\pred_classification_densenet121_focal\1704282807-0019-R_G.png,,,,,,0.827,"Mixed (some correct, some wrong)",6,Challenging case,Mixed Results,classification_error,5,mp_idb_stages,densenet121_focal,,41.0,1.0,40.0,0.024,0.75
1307210661-0007-R,results\optA_20251207_233941\experiments\experiment_mp_idb_stages\visualizations\pred_classification_densenet121_focal\1307210661-0007-R.png,,,,,,0.813,"Mixed (some correct, some wrong)",6,Challenging case,Mixed Results,classification_error,5,mp_idb_stages,densenet121_focal,,31.0,2.0,29.0,0.065,0.75
1307210661-0007-R,results\optA_20251207_233941\experiments\experiment_mp_idb_stages\visualizations\pred_classification_densenet121_focal\1307210661-0007-R.png,,,,,,0.813,"Mixed (some correct, some wrong)",6,Challenging case,Mixed Results,classification_error,5,mp_idb_stages,densenet121_focal,,31.0,2.0,29.0,0.065,0.75
1405022890-0005-R,results\optA_20251207_233941\experiments\experiment_mp_idb_stages\visualizations\pred_classification_densenet121_focal\1405022890-0005-R.png,,,,,,0.72,"Mixed (some correct, some wrong)",6,Challenging case,Mixed Results,classification_error,5,mp_idb_stages,densenet121_focal,,17.0,1.0,16.0,0.059,0.75
1707180816-0009-T,results\optA_20251207_233941\experiments\experiment_mp_idb_stages\visualizations\pred_classification_densenet121_focal\1707180816-0009-T.png,,,,,,0.542,All correct,8,Good for paper,Low Confidence Correct (<0.6),classification_error,5,mp_idb_stages,densenet121_focal,,1.0,1.0,0.0,1.0,0.75
1707180816-0009-T,results\optA_20251207_233941\experiments\experiment_mp_idb_stages\visualizations\pred_classification_densenet121_focal\1707180816-0009-T.png,,,,,,0.542,All correct,8,Good for paper,Low Confidence Correct (<0.6),classification_error,5,mp_idb_stages,densenet121_focal,,1.0,1.0,0.0,1.0,0.75
1703121298-0010-G,results\optA_20251207_233941\experiments\experiment_mp_idb_stages\visualizations\pred_classification_densenet121_focal\1703121298-0010-G.png,,,,,,0.59,All correct,8,Good for paper,Low Confidence Correct (<0.6),classification_error,5,mp_idb_stages,densenet121_focal,,2.0,2.0,0.0,1.0,0.75
1703121298-0010-G,results\optA_20251207_233941\experiments\experiment_mp_idb_stages\visualizations\pred_classification_densenet121_focal\1703121298-0010-G.png,,,,,,0.59,All correct,8,Good for paper,Low Confidence Correct (<0.6),classification_error,5,mp_idb_stages,densenet121_focal,,2.0,2.0,0.0,1.0,0.75
1305121398-0012-S,results\optA_20251207_233941\experiments\experiment_mp_idb_stages\visualizations\pred_classification_densenet121_focal\1305121398-0012-S.png,,,,,,1.0,All correct,10,Best for paper,Perfect Classification,classification_error,5,mp_idb_stages,densenet121_focal,,1.0,1.0,0.0,1.0,0.75
1305121398-0012-S,results\optA_20251207_233941\experiments\experiment_mp_idb_stages\visualizations\pred_classification_densenet121_focal\1305121398-0012-S.png,,,,,,1.0,All correct,10,Best for paper,Perfect Classification,classification_error,5,mp_idb_stages,densenet121_focal,,1.0,1.0,0.0,1.0,0.75
1305121398-0014-S,results\optA_20251207_233941\experiments\experiment_mp_idb_stages\visualizations\pred_classification_densenet121_focal\1305121398-0014-S.png,,,,,,1.0,All correct,10,Best for paper,Perfect Classification,classification_error,5,mp_idb_stages,densenet121_focal,,1.0,1.0,0.0,1.0,0.75
1305121398-0014-S,results\optA_20251207_233941\experiments\experiment_mp_idb_stages\visualizations\pred_classification_densenet121_focal\1305121398-0014-S.png,,,,,,1.0,All correct,10,Best for paper,Perfect Classification,classification_error,5,mp_idb_stages,densenet121_focal,,1.0,1.0,0.0,1.0,0.75
1305121398-0020-S,results\optA_20251207_233941\experiments\experiment_mp_idb_stages\visualizations\pred_classification_densenet121_focal\1305121398-0020-S.png,,,,,,1.0,All correct,10,Best for paper,Perfect Classification,classification_error,5,mp_idb_stages,densenet121_focal,,1.0,1.0,0.0,1.0,0.75
1307210661-0007-R,results\optA_20251207_233941\experiments\experiment_mp_idb_stages\visualizations\pred_classification_efficientnet_b0_focal\1307210661-0007-R.png,,,,,,0.494,All wrong,3,Not recommended,All Wrong,classification_error,5,mp_idb_stages,efficientnet_b0_focal,,31.0,0.0,31.0,0.0,0.75
1307210661-0007-R,results\optA_20251207_233941\experiments\experiment_mp_idb_stages\visualizations\pred_classification_efficientnet_b0_focal\1307210661-0007-R.png,,,,,,0.494,All wrong,3,Not recommended,All Wrong,classification_error,5,mp_idb_stages,efficientnet_b0_focal,,31.0,0.0,31.0,0.0,0.75
1704282807-0016-R,results\optA_20251207_233941\experiments\experiment_mp_idb_stages\visualizations\pred_classification_efficientnet_b0_focal\1704282807-0016-R.png,,,,,,0.53,All wrong,3,Not recommended,All Wrong,classification_error,5,mp_idb_stages,efficientnet_b0_focal,,29.0,0.0,29.0,0.0,0.75
1704282807-0016-R,results\optA_20251207_233941\experiments\experiment_mp_idb_stages\visualizations\pred_classification_efficientnet_b0_focal\1704282807-0016-R.png,,,,,,0.53,All wrong,3,Not recommended,All Wrong,classification_error,5,mp_idb_stages,efficientnet_b0_focal,,29.0,0.0,29.0,0.0,0.75
1701151546-0007-R,results\optA_20251207_233941\experiments\experiment_mp_idb_stages\visualizations\pred_classification_efficientnet_b0_focal\1701151546-0007-R.png,,,,,,0.557,All wrong,3,Not recommended,All Wrong,classification_error,5,mp_idb_stages,efficientnet_b0_focal,,27.0,0.0,27.0,0.0,0.75
1707180816-0006-T,results\optA_20251207_233941\experiments\experiment_mp_idb_stages\visualizations\pred_classification_efficientnet_b0_focal\1707180816-0006-T.png,,,,,,0.843,All wrong,5,Challenging case,High Confidence Errors (>0.75),classification_error,5,mp_idb_stages,efficientnet_b0_focal,,1.0,0.0,1.0,0.0,0.75
1707180816-0006-T,results\optA_20251207_233941\experiments\experiment_mp_idb_stages\visualizations\pred_classification_efficientnet_b0_focal\1707180816-0006-T.png,,,,,,0.843,All wrong,5,Challenging case,High Confidence Errors (>0.75),classification_error,5,mp_idb_stages,efficientnet_b0_focal,,1.0,0.0,1.0,0.0,0.75
1704282807-0019-R_G,results\optA_20251207_233941\experiments\experiment_mp_idb_stages\visualizations\pred_classification_efficientnet_b0_focal\1704282807-0019-R_G.png,,,,,,0.503,"Mixed (some correct, some wrong)",4,Not recommended,Mixed Results,classification_error,5,mp_idb_stages,efficientnet_b0_focal,,41.0,1.0,40.0,0.024,0.75
1704282807-0019-R_G,results\optA_20251207_233941\experiments\experiment_mp_idb_stages\visualizations\pred_classification_efficientnet_b0_focal\1704282807-0019-R_G.png,,,,,,0.503,"Mixed (some correct, some wrong)",4,Not recommended,Mixed Results,classification_error,5,mp_idb_stages,efficientnet_b0_focal,,41.0,1.0,40.0,0.024,0.75
1704282807-0012-R_T,results\optA_20251207_233941\experiments\experiment_mp_idb_stages\visualizations\pred_classification_efficientnet_b0_focal\1704282807-0012-R_T.png,,,,,,0.477,"Mixed (some correct, some wrong)",4,Not recommended,Mixed Results,classification_error,5,mp_idb_stages,efficientnet_b0_focal,,27.0,2.0,25.0,0.074,0.75
1704282807-0012-R_T,results\optA_20251207_233941\experiments\experiment_mp_idb_stages\visualizations\pred_classification_efficientnet_b0_focal\1704282807-0012-R_T.png,,,,,,0.477,"Mixed (some correct, some wrong)",4,Not recommended,Mixed Results,classification_error,5,mp_idb_stages,efficientnet_b0_focal,,27.0,2.0,25.0,0.074,0.75
1709041080-0025-R_T,results\optA_20251207_233941\experiments\experiment_mp_idb_stages\visualizations\pred_classification_efficientnet_b0_focal\1709041080-0025-R_T.png,,,,,,0.501,"Mixed (some correct, some wrong)",4,Not recommended,Mixed Results,classification_error,5,mp_idb_stages,efficientnet_b0_focal,,4.0,1.0,3.0,0.25,0.75
1707180816-0015-T,results\optA_20251207_233941\experiments\experiment_mp_idb_stages\visualizations\pred_classification_efficientnet_b0_focal\1707180816-0015-T.png,,,,,,0.524,All correct,8,Good for paper,Low Confidence Correct (<0.6),classification_error,5,mp_idb_stages,efficientnet_b0_focal,,1.0,1.0,0.0,1.0,0.75
1707180816-0015-T,results\optA_20251207_233941\experiments\experiment_mp_idb_stages\visualizations\pred_classification_efficientnet_b0_focal\1707180816-0015-T.png,,,,,,0.524,All correct,8,Good for paper,Low Confidence Correct (<0.6),classification_error,5,mp_idb_stages,efficientnet_b0_focal,,1.0,1.0,0.0,1.0,0.75
1305121398-0012-S,results\optA_20251207_233941\experiments\experiment_mp_idb_stages\visualizations\pred_classification_efficientnet_b0_focal\1305121398-0012-S.png,,,,,,1.0,All correct,10,Best for paper,Perfect Classification,classification_error,5,mp_idb_stages,efficientnet_b0_focal,,1.0,1.0,0.0,1.0,0.75
1305121398-0012-S,results\optA_20251207_233941\experiments\experiment_mp_idb_stages\visualizations\pred_classification_efficientnet_b0_focal\1305121398-0012-S.png,,,,,,1.0,All correct,10,Best for paper,Perfect Classification,classification_error,5,mp_idb_stages,efficientnet_b0_focal,,1.0,1.0,0.0,1.0,0.75
1703121298-0010-G,results\optA_20251207_233941\experiments\experiment_mp_idb_stages\visualizations\pred_classification_efficientnet_b0_focal\1703121298-0010-G.png,,,,,,0.99,All correct,10,Best for paper,Perfect Classification,classification_error,5,mp_idb_stages,efficientnet_b0_focal,,2.0,2.0,0.0,1.0,0.75
1703121298-0010-G,results\optA_20251207_233941\experiments\experiment_mp_idb_stages\visualizations\pred_classification_efficientnet_b0_focal\1703121298-0010-G.png,,,,,,0.99,All correct,10,Best for paper,Perfect Classification,classification_error,5,mp_idb_stages,efficientnet_b0_focal,,2.0,2.0,0.0,1.0,0.75
1709041080-0031-S,results\optA_20251207_233941\experiments\experiment_mp_idb_stages\visualizations\pred_classification_efficientnet_b0_focal\1709041080-0031-S.png,,,,,,0.971,All correct,10,Best for paper,Perfect Classification,classification_error,5,mp_idb_stages,efficientnet_b0_focal,,1.0,1.0,0.0,1.0,0.75
1704282807-0002-R,results\optA_20251207_233941\experiments\experiment_mp_idb_stages\visualizations\pred_classification_efficientnet_b1_focal\1704282807-0002-R.png,,,,,,0.705,All wrong,3,Not recommended,All Wrong,classification_error,5,mp_idb_stages,efficientnet_b1_focal,,19.0,0.0,19.0,0.0,0.75
1704282807-0002-R,results\optA_20251207_233941\experiments\experiment_mp_idb_stages\visualizations\pred_classification_efficientnet_b1_focal\1704282807-0002-R.png,,,,,,0.705,All wrong,3,Not recommended,All Wrong,classification_error,5,mp_idb_stages,efficientnet_b1_focal,,19.0,0.0,19.0,0.0,0.75
1704282807-0006-R,results\optA_20251207_233941\experiments\experiment_mp_idb_stages\visualizations\pred_classification_efficientnet_b1_focal\1704282807-0006-R.png,,,,,,0.748,All wrong,3,Not recommended,All Wrong,classification_error,5,mp_idb_stages,efficientnet_b1_focal,,16.0,0.0,16.0,0.0,0.75
1704282807-0006-R,results\optA_20251207_233941\experiments\experiment_mp_idb_stages\visualizations\pred_classification_efficientnet_b1_focal\1704282807-0006-R.png,,,,,,0.748,All wrong,3,Not recommended,All Wrong,classification_error,5,mp_idb_stages,efficientnet_b1_focal,,16.0,0.0,16.0,0.0,0.75
1704282807-0010-R,results\optA_20251207_233941\experiments\experiment_mp_idb_stages\visualizations\pred_classification_efficientnet_b1_focal\1704282807-0010-R.png,,,,,,0.754,All wrong,5,Challenging case,All Wrong,classification_error,5,mp_idb_stages,efficientnet_b1_focal,,14.0,0.0,14.0,0.0,0.75
1709041080-0024-R,results\optA_20251207_233941\experiments\experiment_mp_idb_stages\visualizations\pred_classification_efficientnet_b1_focal\1709041080-0024-R.png,,,,,,0.966,"Mixed (some correct, some wrong)",6,Challenging case,High Confidence Errors (>0.75),classification_error,5,mp_idb_stages,efficientnet_b1_focal,,2.0,1.0,1.0,0.5,0.75
1709041080-0024-R,results\optA_20251207_233941\experiments\experiment_mp_idb_stages\visualizations\pred_classification_efficientnet_b1_focal\1709041080-0024-R.png,,,,,,0.966,"Mixed (some correct, some wrong)",6,Challenging case,High Confidence Errors (>0.75),classification_error,5,mp_idb_stages,efficientnet_b1_focal,,2.0,1.0,1.0,0.5,0.75
1701151546-0003-R,results\optA_20251207_233941\experiments\experiment_mp_idb_stages\visualizations\pred_classification_efficientnet_b1_focal\1701151546-0003-R.png,,,,,,0.883,"Mixed (some correct, some wrong)",6,Challenging case,High Confidence Errors (>0.75),classification_error,5,mp_idb_stages,efficientnet_b1_focal,,15.0,1.0,14.0,0.067,0.75
1701151546-0003-R,results\optA_20251207_233941\experiments\experiment_mp_idb_stages\visualizations\pred_classification_efficientnet_b1_focal\1701151546-0003-R.png,,,,,,0.883,"Mixed (some correct, some wrong)",6,Challenging case,High Confidence Errors (>0.75),classification_error,5,mp_idb_stages,efficientnet_b1_focal,,15.0,1.0,14.0,0.067,0.75
1701151546-0009-R,results\optA_20251207_233941\experiments\experiment_mp_idb_stages\visualizations\pred_classification_efficientnet_b1_focal\1701151546-0009-R.png,,,,,,0.839,"Mixed (some correct, some wrong)",6,Challenging case,High Confidence Errors (>0.75),classification_error,5,mp_idb_stages,efficientnet_b1_focal,,24.0,2.0,22.0,0.083,0.75
1704282807-0019-R_G,results\optA_20251207_233941\experiments\experiment_mp_idb_stages\visualizations\pred_classification_efficientnet_b1_focal\1704282807-0019-R_G.png,,,,,,0.685,"Mixed (some correct, some wrong)",4,Not recommended,Mixed Results,classification_error,5,mp_idb_stages,efficientnet_b1_focal,,41.0,4.0,37.0,0.098,0.75
1704282807-0019-R_G,results\optA_20251207_233941\experiments\experiment_mp_idb_stages\visualizations\pred_classification_efficientnet_b1_focal\1704282807-0019-R_G.png,,,,,,0.685,"Mixed (some correct, some wrong)",4,Not recommended,Mixed Results,classification_error,5,mp_idb_stages,efficientnet_b1_focal,,41.0,4.0,37.0,0.098,0.75
1307210661-0007-R,results\optA_20251207_233941\experiments\experiment_mp_idb_stages\visualizations\pred_classification_efficientnet_b1_focal\1307210661-0007-R.png,,,,,,0.756,"Mixed (some correct, some wrong)",6,Challenging case,Mixed Results,classification_error,5,mp_idb_stages,efficientnet_b1_focal,,31.0,1.0,30.0,0.032,0.75
1307210661-0007-R,results\optA_20251207_233941\experiments\experiment_mp_idb_stages\visualizations\pred_classification_efficientnet_b1_focal\1307210661-0007-R.png,,,,,,0.756,"Mixed (some correct, some wrong)",6,Challenging case,Mixed Results,classification_error,5,mp_idb_stages,efficientnet_b1_focal,,31.0,1.0,30.0,0.032,0.75
1701151546-0007-R,results\optA_20251207_233941\experiments\experiment_mp_idb_stages\visualizations\pred_classification_efficientnet_b1_focal\1701151546-0007-R.png,,,,,,0.819,"Mixed (some correct, some wrong)",6,Challenging case,Mixed Results,classification_error,5,mp_idb_stages,efficientnet_b1_focal,,27.0,1.0,26.0,0.037,0.75
1709041080-0031-S,results\optA_20251207_233941\experiments\experiment_mp_idb_stages\visualizations\pred_classification_efficientnet_b1_focal\1709041080-0031-S.png,,,,,,0.552,All correct,8,Good for paper,Low Confidence Correct (<0.6),classification_error,5,mp_idb_stages,efficientnet_b1_focal,,1.0,1.0,0.0,1.0,0.75
1709041080-0031-S,results\optA_20251207_233941\experiments\experiment_mp_idb_stages\visualizations\pred_classification_efficientnet_b1_focal\1709041080-0031-S.png,,,,,,0.552,All correct,8,Good for paper,Low Confidence Correct (<0.6),classification_error,5,mp_idb_stages,efficientnet_b1_focal,,1.0,1.0,0.0,1.0,0.75
1305121398-0012-S,results\optA_20251207_233941\experiments\experiment_mp_idb_stages\visualizations\pred_classification_efficientnet_b1_focal\1305121398-0012-S.png,,,,,,0.994,All correct,10,Best for paper,Perfect Classification,classification_error,5,mp_idb_stages,efficientnet_b1_focal,,1.0,1.0,0.0,1.0,0.75
1305121398-0012-S,results\optA_20251207_233941\experiments\experiment_mp_idb_stages\visualizations\pred_classification_efficientnet_b1_focal\1305121398-0012-S.png,,,,,,0.994,All correct,10,Best for paper,Perfect Classification,classification_error,5,mp_idb_stages,efficientnet_b1_focal,,1.0,1.0,0.0,1.0,0.75
1703121298-0010-G,results\optA_20251207_233941\experiments\experiment_mp_idb_stages\visualizations\pred_classification_efficientnet_b1_focal\1703121298-0010-G.png,,,,,,0.978,All correct,10,Best for paper,Perfect Classification,classification_error,5,mp_idb_stages,efficientnet_b1_focal,,2.0,2.0,0.0,1.0,0.75
1703121298-0010-G,results\optA_20251207_233941\experiments\experiment_mp_idb_stages\visualizations\pred_classification_efficientnet_b1_focal\1703121298-0010-G.png,,,,,,0.978,All correct,10,Best for paper,Perfect Classification,classification_error,5,mp_idb_stages,efficientnet_b1_focal,,2.0,2.0,0.0,1.0,0.75
1305121398-0014-S,results\optA_20251207_233941\experiments\experiment_mp_idb_stages\visualizations\pred_classification_efficientnet_b1_focal\1305121398-0014-S.png,,,,,,0.955,All correct,10,Best for paper,Perfect Classification,classification_error,5,mp_idb_stages,efficientnet_b1_focal,,1.0,1.0,0.0,1.0,0.75
1307210661-0007-R,results\optA_20251207_233941\experiments\experiment_mp_idb_stages\visualizations\pred_classification_efficientnet_b2_focal\1307210661-0007-R.png,,,,,,0.954,All wrong,5,Challenging case,All Wrong,classification_error,5,mp_idb_stages,efficientnet_b2_focal,,31.0,0.0,31.0,0.0,0.75
1307210661-0007-R,results\optA_20251207_233941\experiments\experiment_mp_idb_stages\visualizations\pred_classification_efficientnet_b2_focal\1307210661-0007-R.png,,,,,,0.954,All wrong,5,Challenging case,All Wrong,classification_error,5,mp_idb_stages,efficientnet_b2_focal,,31.0,0.0,31.0,0.0,0.75
1704282807-0016-R,results\optA_20251207_233941\experiments\experiment_mp_idb_stages\visualizations\pred_classification_efficientnet_b2_focal\1704282807-0016-R.png,,,,,,0.965,All wrong,5,Challenging case,All Wrong,classification_error,5,mp_idb_stages,efficientnet_b2_focal,,29.0,0.0,29.0,0.0,0.75
1704282807-0016-R,results\optA_20251207_233941\experiments\experiment_mp_idb_stages\visualizations\pred_classification_efficientnet_b2_focal\1704282807-0016-R.png,,,,,,0.965,All wrong,5,Challenging case,All Wrong,classification_error,5,mp_idb_stages,efficientnet_b2_focal,,29.0,0.0,29.0,0.0,0.75
1701151546-0007-R,results\optA_20251207_233941\experiments\experiment_mp_idb_stages\visualizations\pred_classification_efficientnet_b2_focal\1701151546-0007-R.png,,,,,,0.945,All wrong,5,Challenging case,All Wrong,classification_error,5,mp_idb_stages,efficientnet_b2_focal,,27.0,0.0,27.0,0.0,0.75
1709041080-0036-S_R,results\optA_20251207_233941\experiments\experiment_mp_idb_stages\visualizations\pred_classification_efficientnet_b2_focal\1709041080-0036-S_R.png,,,,,,1.0,"Mixed (some correct, some wrong)",6,Challenging case,High Confidence Errors (>0.75),classification_error,5,mp_idb_stages,efficientnet_b2_focal,,2.0,1.0,1.0,0.5,0.75
1709041080-0036-S_R,results\optA_20251207_233941\experiments\experiment_mp_idb_stages\visualizations\pred_classification_efficientnet_b2_focal\1709041080-0036-S_R.png,,,,,,1.0,"Mixed (some correct, some wrong)",6,Challenging case,High Confidence Errors (>0.75),classification_error,5,mp_idb_stages,efficientnet_b2_focal,,2.0,1.0,1.0,0.5,0.75
1312132815-0017-T,results\optA_20251207_233941\experiments\experiment_mp_idb_stages\visualizations\pred_classification_efficientnet_b2_focal\1312132815-0017-T.png,,,,,,1.0,All wrong,5,Challenging case,High Confidence Errors (>0.75),classification_error,5,mp_idb_stages,efficientnet_b2_focal,,1.0,0.0,1.0,0.0,0.75
1312132815-0017-T,results\optA_20251207_233941\experiments\experiment_mp_idb_stages\visualizations\pred_classification_efficientnet_b2_focal\1312132815-0017-T.png,,,,,,1.0,All wrong,5,Challenging case,High Confidence Errors (>0.75),classification_error,5,mp_idb_stages,efficientnet_b2_focal,,1.0,0.0,1.0,0.0,0.75
1708161076-0007-R,results\optA_20251207_233941\experiments\experiment_mp_idb_stages\visualizations\pred_classification_efficientnet_b2_focal\1708161076-0007-R.png,,,,,,1.0,All wrong,5,Challenging case,High Confidence Errors (>0.75),classification_error,5,mp_idb_stages,efficientnet_b2_focal,,1.0,0.0,1.0,0.0,0.75
1704282807-0019-R_G,results\optA_20251207_233941\experiments\experiment_mp_idb_stages\visualizations\pred_classification_efficientnet_b2_focal\1704282807-0019-R_G.png,,,,,,0.91,"Mixed (some correct, some wrong)",6,Challenging case,Mixed Results,classification_error,5,mp_idb_stages,efficientnet_b2_focal,,41.0,1.0,40.0,0.024,0.75
1704282807-0019-R_G,results\optA_20251207_233941\experiments\experiment_mp_idb_stages\visualizations\pred_classification_efficientnet_b2_focal\1704282807-0019-R_G.png,,,,,,0.91,"Mixed (some correct, some wrong)",6,Challenging case,Mixed Results,classification_error,5,mp_idb_stages,efficientnet_b2_focal,,41.0,1.0,40.0,0.024,0.75
1709041080-0036-S_R,results\optA_20251207_233941\experiments\experiment_mp_idb_stages\visualizations\pred_classification_efficientnet_b2_focal\1709041080-0036-S_R.png,,,,,,1.0,"Mixed (some correct, some wrong)",6,Challenging case,Mixed Results,classification_error,5,mp_idb_stages,efficientnet_b2_focal,,2.0,1.0,1.0,0.5,0.75
1709041080-0036-S_R,results\optA_20251207_233941\experiments\experiment_mp_idb_stages\visualizations\pred_classification_efficientnet_b2_focal\1709041080-0036-S_R.png,,,,,,1.0,"Mixed (some correct, some wrong)",6,Challenging case,Mixed Results,classification_error,5,mp_idb_stages,efficientnet_b2_focal,,2.0,1.0,1.0,0.5,0.75
1709041080-0029-T,results\optA_20251207_233941\experiments\experiment_mp_idb_stages\visualizations\pred_classification_efficientnet_b2_focal\1709041080-0029-T.png,,,,,,0.427,All correct,8,Good for paper,Low Confidence Correct (<0.6),classification_error,5,mp_idb_stages,efficientnet_b2_focal,,1.0,1.0,0.0,1.0,0.75
1709041080-0029-T,results\optA_20251207_233941\experiments\experiment_mp_idb_stages\visualizations\pred_classification_efficientnet_b2_focal\1709041080-0029-T.png,,,,,,0.427,All correct,8,Good for paper,Low Confidence Correct (<0.6),classification_error,5,mp_idb_stages,efficientnet_b2_focal,,1.0,1.0,0.0,1.0,0.75
1312132815-0015-S,results\optA_20251207_233941\experiments\experiment_mp_idb_stages\visualizations\pred_classification_efficientnet_b2_focal\1312132815-0015-S.png,,,,,,1.0,All correct,10,Best for paper,Perfect Classification,classification_error,5,mp_idb_stages,efficientnet_b2_focal,,2.0,2.0,0.0,1.0,0.75
1312132815-0015-S,results\optA_20251207_233941\experiments\experiment_mp_idb_stages\visualizations\pred_classification_efficientnet_b2_focal\1312132815-0015-S.png,,,,,,1.0,All correct,10,Best for paper,Perfect Classification,classification_error,5,mp_idb_stages,efficientnet_b2_focal,,2.0,2.0,0.0,1.0,0.75
1709041080-0031-S,results\optA_20251207_233941\experiments\experiment_mp_idb_stages\visualizations\pred_classification_efficientnet_b2_focal\1709041080-0031-S.png,,,,,,1.0,All correct,10,Best for paper,Perfect Classification,classification_error,5,mp_idb_stages,efficientnet_b2_focal,,1.0,1.0,0.0,1.0,0.75
1709041080-0031-S,results\optA_20251207_233941\experiments\experiment_mp_idb_stages\visualizations\pred_classification_efficientnet_b2_focal\1709041080-0031-S.png,,,,,,1.0,All correct,10,Best for paper,Perfect Classification,classification_error,5,mp_idb_stages,efficientnet_b2_focal,,1.0,1.0,0.0,1.0,0.75
1305121398-0020-S,results\optA_20251207_233941\experiments\experiment_mp_idb_stages\visualizations\pred_classification_efficientnet_b2_focal\1305121398-0020-S.png,,,,,,0.999,All correct,10,Best for paper,Perfect Classification,classification_error,5,mp_idb_stages,efficientnet_b2_focal,,1.0,1.0,0.0,1.0,0.75
1704282807-0016-R,results\optA_20251207_233941\experiments\experiment_mp_idb_stages\visualizations\pred_classification_resnet101_focal\1704282807-0016-R.png,,,,,,0.74,All wrong,3,Not recommended,All Wrong,classification_error,5,mp_idb_stages,resnet101_focal,,29.0,0.0,29.0,0.0,0.75
1704282807-0016-R,results\optA_20251207_233941\experiments\experiment_mp_idb_stages\visualizations\pred_classification_resnet101_focal\1704282807-0016-R.png,,,,,,0.74,All wrong,3,Not recommended,All Wrong,classification_error,5,mp_idb_stages,resnet101_focal,,29.0,0.0,29.0,0.0,0.75
1701151546-0007-R,results\optA_20251207_233941\experiments\experiment_mp_idb_stages\visualizations\pred_classification_resnet101_focal\1701151546-0007-R.png,,,,,,0.836,All wrong,5,Challenging case,All Wrong,classification_error,5,mp_idb_stages,resnet101_focal,,27.0,0.0,27.0,0.0,0.75
1701151546-0007-R,results\optA_20251207_233941\experiments\experiment_mp_idb_stages\visualizations\pred_classification_resnet101_focal\1701151546-0007-R.png,,,,,,0.836,All wrong,5,Challenging case,All Wrong,classification_error,5,mp_idb_stages,resnet101_focal,,27.0,0.0,27.0,0.0,0.75
1701151546-0009-R,results\optA_20251207_233941\experiments\experiment_mp_idb_stages\visualizations\pred_classification_resnet101_focal\1701151546-0009-R.png,,,,,,0.926,All wrong,5,Challenging case,All Wrong,classification_error,5,mp_idb_stages,resnet101_focal,,24.0,0.0,24.0,0.0,0.75
1707180816-0015-T,results\optA_20251207_233941\experiments\experiment_mp_idb_stages\visualizations\pred_classification_resnet101_focal\1707180816-0015-T.png,,,,,,0.962,All wrong,5,Challenging case,High Confidence Errors (>0.75),classification_error,5,mp_idb_stages,resnet101_focal,,1.0,0.0,1.0,0.0,0.75
1707180816-0015-T,results\optA_20251207_233941\experiments\experiment_mp_idb_stages\visualizations\pred_classification_resnet101_focal\1707180816-0015-T.png,,,,,,0.962,All wrong,5,Challenging case,High Confidence Errors (>0.75),classification_error,5,mp_idb_stages,resnet101_focal,,1.0,0.0,1.0,0.0,0.75
1709041080-0029-T,results\optA_20251207_233941\experiments\experiment_mp_idb_stages\visualizations\pred_classification_resnet101_focal\1709041080-0029-T.png,,,,,,0.961,All wrong,5,Challenging case,High Confidence Errors (>0.75),classification_error,5,mp_idb_stages,resnet101_focal,,1.0,0.0,1.0,0.0,0.75
1709041080-0029-T,results\optA_20251207_233941\experiments\experiment_mp_idb_stages\visualizations\pred_classification_resnet101_focal\1709041080-0029-T.png,,,,,,0.961,All wrong,5,Challenging case,High Confidence Errors (>0.75),classification_error,5,mp_idb_stages,resnet101_focal,,1.0,0.0,1.0,0.0,0.75
1701151546-0009-R,results\optA_20251207_233941\experiments\experiment_mp_idb_stages\visualizations\pred_classification_resnet101_focal\1701151546-0009-R.png,,,,,,0.926,All wrong,5,Challenging case,High Confidence Errors (>0.75),classification_error,5,mp_idb_stages,resnet101_focal,,24.0,0.0,24.0,0.0,0.75
1704282807-0019-R_G,results\optA_20251207_233941\experiments\experiment_mp_idb_stages\visualizations\pred_classification_resnet101_focal\1704282807-0019-R_G.png,,,,,,0.811,"Mixed (some correct, some wrong)",6,Challenging case,Mixed Results,classification_error,5,mp_idb_stages,resnet101_focal,,41.0,1.0,40.0,0.024,0.75
1704282807-0019-R_G,results\optA_20251207_233941\experiments\experiment_mp_idb_stages\visualizations\pred_classification_resnet101_focal\1704282807-0019-R_G.png,,,,,,0.811,"Mixed (some correct, some wrong)",6,Challenging case,Mixed Results,classification_error,5,mp_idb_stages,resnet101_focal,,41.0,1.0,40.0,0.024,0.75
1704282807-0012-R_T,results\optA_20251207_233941\experiments\experiment_mp_idb_stages\visualizations\pred_classification_resnet101_focal\1704282807-0012-R_T.png,,,,,,0.799,"Mixed (some correct, some wrong)",6,Challenging case,Mixed Results,classification_error,5,mp_idb_stages,resnet101_focal,,27.0,1.0,26.0,0.037,0.75
1704282807-0012-R_T,results\optA_20251207_233941\experiments\experiment_mp_idb_stages\visualizations\pred_classification_resnet101_focal\1704282807-0012-R_T.png,,,,,,0.799,"Mixed (some correct, some wrong)",6,Challenging case,Mixed Results,classification_error,5,mp_idb_stages,resnet101_focal,,27.0,1.0,26.0,0.037,0.75
1405022890-0003-R,results\optA_20251207_233941\experiments\experiment_mp_idb_stages\visualizations\pred_classification_resnet101_focal\1405022890-0003-R.png,,,,,,0.817,"Mixed (some correct, some wrong)",6,Challenging case,Mixed Results,classification_error,5,mp_idb_stages,resnet101_focal,,24.0,14.0,10.0,0.583,0.75
1408290968-0002-R,results\optA_20251207_233941\experiments\experiment_mp_idb_stages\visualizations\pred_classification_resnet101_focal\1408290968-0002-R.png,,,,,,0.559,All correct,8,Good for paper,Low Confidence Correct (<0.6),classification_error,5,mp_idb_stages,resnet101_focal,,1.0,1.0,0.0,1.0,0.75
1408290968-0002-R,results\optA_20251207_233941\experiments\experiment_mp_idb_stages\visualizations\pred_classification_resnet101_focal\1408290968-0002-R.png,,,,,,0.559,All correct,8,Good for paper,Low Confidence Correct (<0.6),classification_error,5,mp_idb_stages,resnet101_focal,,1.0,1.0,0.0,1.0,0.75
1305121398-0012-S,results\optA_20251207_233941\experiments\experiment_mp_idb_stages\visualizations\pred_classification_resnet101_focal\1305121398-0012-S.png,,,,,,0.998,All correct,10,Best for paper,Perfect Classification,classification_error,5,mp_idb_stages,resnet101_focal,,1.0,1.0,0.0,1.0,0.75
1305121398-0012-S,results\optA_20251207_233941\experiments\experiment_mp_idb_stages\visualizations\pred_classification_resnet101_focal\1305121398-0012-S.png,,,,,,0.998,All correct,10,Best for paper,Perfect Classification,classification_error,5,mp_idb_stages,resnet101_focal,,1.0,1.0,0.0,1.0,0.75
1305121398-0014-S,results\optA_20251207_233941\experiments\experiment_mp_idb_stages\visualizations\pred_classification_resnet101_focal\1305121398-0014-S.png,,,,,,0.985,All correct,10,Best for paper,Perfect Classification,classification_error,5,mp_idb_stages,resnet101_focal,,1.0,1.0,0.0,1.0,0.75
1305121398-0014-S,results\optA_20251207_233941\experiments\experiment_mp_idb_stages\visualizations\pred_classification_resnet101_focal\1305121398-0014-S.png,,,,,,0.985,All correct,10,Best for paper,Perfect Classification,classification_error,5,mp_idb_stages,resnet101_focal,,1.0,1.0,0.0,1.0,0.75
1603223711-0005-G,results\optA_20251207_233941\experiments\experiment_mp_idb_stages\visualizations\pred_classification_resnet101_focal\1603223711-0005-G.png,,,,,,0.985,All correct,10,Best for paper,Perfect Classification,classification_error,5,mp_idb_stages,resnet101_focal,,1.0,1.0,0.0,1.0,0.75
1704282807-0016-R,results\optA_20251207_233941\experiments\experiment_mp_idb_stages\visualizations\pred_classification_resnet50_focal\1704282807-0016-R.png,,,,,,0.876,All wrong,5,Challenging case,All Wrong,classification_error,5,mp_idb_stages,resnet50_focal,,29.0,0.0,29.0,0.0,0.75
1704282807-0016-R,results\optA_20251207_233941\experiments\experiment_mp_idb_stages\visualizations\pred_classification_resnet50_focal\1704282807-0016-R.png,,,,,,0.876,All wrong,5,Challenging case,All Wrong,classification_error,5,mp_idb_stages,resnet50_focal,,29.0,0.0,29.0,0.0,0.75
1704282807-0012-R_T,results\optA_20251207_233941\experiments\experiment_mp_idb_stages\visualizations\pred_classification_resnet50_focal\1704282807-0012-R_T.png,,,,,,0.751,All wrong,5,Challenging case,All Wrong,classification_error,5,mp_idb_stages,resnet50_focal,,27.0,0.0,27.0,0.0,0.75
1704282807-0012-R_T,results\optA_20251207_233941\experiments\experiment_mp_idb_stages\visualizations\pred_classification_resnet50_focal\1704282807-0012-R_T.png,,,,,,0.751,All wrong,5,Challenging case,All Wrong,classification_error,5,mp_idb_stages,resnet50_focal,,27.0,0.0,27.0,0.0,0.75
1701151546-0007-R,results\optA_20251207_233941\experiments\experiment_mp_idb_stages\visualizations\pred_classification_resnet50_focal\1701151546-0007-R.png,,,,,,0.685,All wrong,3,Not recommended,All Wrong,classification_error,5,mp_idb_stages,resnet50_focal,,27.0,0.0,27.0,0.0,0.75
1709041080-0029-T,results\optA_20251207_233941\experiments\experiment_mp_idb_stages\visualizations\pred_classification_resnet50_focal\1709041080-0029-T.png,,,,,,0.997,All wrong,5,Challenging case,High Confidence Errors (>0.75),classification_error,5,mp_idb_stages,resnet50_focal,,1.0,0.0,1.0,0.0,0.75
1709041080-0029-T,results\optA_20251207_233941\experiments\experiment_mp_idb_stages\visualizations\pred_classification_resnet50_focal\1709041080-0029-T.png,,,,,,0.997,All wrong,5,Challenging case,High Confidence Errors (>0.75),classification_error,5,mp_idb_stages,resnet50_focal,,1.0,0.0,1.0,0.0,0.75
1603223711-0001-G,results\optA_20251207_233941\experiments\experiment_mp_idb_stages\visualizations\pred_classification_resnet50_focal\1603223711-0001-G.png,,,,,,0.996,All wrong,5,Challenging case,High Confidence Errors (>0.75),classification_error,5,mp_idb_stages,resnet50_focal,,1.0,0.0,1.0,0.0,0.75
1603223711-0001-G,results\optA_20251207_233941\experiments\experiment_mp_idb_stages\visualizations\pred_classification_resnet50_focal\1603223711-0001-G.png,,,,,,0.996,All wrong,5,Challenging case,High Confidence Errors (>0.75),classification_error,5,mp_idb_stages,resnet50_focal,,1.0,0.0,1.0,0.0,0.75
1709041080-0024-R,results\optA_20251207_233941\experiments\experiment_mp_idb_stages\visualizations\pred_classification_resnet50_focal\1709041080-0024-R.png,,,,,,0.996,All wrong,5,Challenging case,High Confidence Errors (>0.75),classification_error,5,mp_idb_stages,resnet50_focal,,2.0,0.0,2.0,0.0,0.75
1704282807-0019-R_G,results\optA_20251207_233941\experiments\experiment_mp_idb_stages\visualizations\pred_classification_resnet50_focal\1704282807-0019-R_G.png,,,,,,0.789,"Mixed (some correct, some wrong)",6,Challenging case,Mixed Results,classification_error,5,mp_idb_stages,resnet50_focal,,41.0,4.0,37.0,0.098,0.75
1704282807-0019-R_G,results\optA_20251207_233941\experiments\experiment_mp_idb_stages\visualizations\pred_classification_resnet50_focal\1704282807-0019-R_G.png,,,,,,0.789,"Mixed (some correct, some wrong)",6,Challenging case,Mixed Results,classification_error,5,mp_idb_stages,resnet50_focal,,41.0,4.0,37.0,0.098,0.75
1307210661-0007-R,results\optA_20251207_233941\experiments\experiment_mp_idb_stages\visualizations\pred_classification_resnet50_focal\1307210661-0007-R.png,,,,,,0.573,"Mixed (some correct, some wrong)",4,Not recommended,Mixed Results,classification_error,5,mp_idb_stages,resnet50_focal,,31.0,11.0,20.0,0.355,0.75
1307210661-0007-R,results\optA_20251207_233941\experiments\experiment_mp_idb_stages\visualizations\pred_classification_resnet50_focal\1307210661-0007-R.png,,,,,,0.573,"Mixed (some correct, some wrong)",4,Not recommended,Mixed Results,classification_error,5,mp_idb_stages,resnet50_focal,,31.0,11.0,20.0,0.355,0.75
1405022890-0003-R,results\optA_20251207_233941\experiments\experiment_mp_idb_stages\visualizations\pred_classification_resnet50_focal\1405022890-0003-R.png,,,,,,0.671,"Mixed (some correct, some wrong)",4,Not recommended,Mixed Results,classification_error,5,mp_idb_stages,resnet50_focal,,24.0,5.0,19.0,0.208,0.75
1305121398-0014-S,results\optA_20251207_233941\experiments\experiment_mp_idb_stages\visualizations\pred_classification_resnet50_focal\1305121398-0014-S.png,,,,,,0.999,All correct,10,Best for paper,Perfect Classification,classification_error,5,mp_idb_stages,resnet50_focal,,1.0,1.0,0.0,1.0,0.75
1305121398-0014-S,results\optA_20251207_233941\experiments\experiment_mp_idb_stages\visualizations\pred_classification_resnet50_focal\1305121398-0014-S.png,,,,,,0.999,All correct,10,Best for paper,Perfect Classification,classification_error,5,mp_idb_stages,resnet50_focal,,1.0,1.0,0.0,1.0,0.75
1305121398-0012-S,results\optA_20251207_233941\experiments\experiment_mp_idb_stages\visualizations\pred_classification_resnet50_focal\1305121398-0012-S.png,,,,,,0.998,All correct,10,Best for paper,Perfect Classification,classification_error,5,mp_idb_stages,resnet50_focal,,1.0,1.0,0.0,1.0,0.75
1305121398-0012-S,results\optA_20251207_233941\experiments\experiment_mp_idb_stages\visualizations\pred_classification_resnet50_focal\1305121398-0012-S.png,,,,,,0.998,All correct,10,Best for paper,Perfect Classification,classification_error,5,mp_idb_stages,resnet50_focal,,1.0,1.0,0.0,1.0,0.75
1709041080-0031-S,results\optA_20251207_233941\experiments\experiment_mp_idb_stages\visualizations\pred_classification_resnet50_focal\1709041080-0031-S.png,,,,,,0.973,All correct,10,Best for paper,Perfect Classification,classification_error,5,mp_idb_stages,resnet50_focal,,1.0,1.0,0.0,1.0,0.75
