{
  "iou_0.3": {
    "iou_threshold": 0.3,
    "map50": 0.040702963586337855,
    "map50_95": 0.02353765114646122,
    "precision": 0.04057511011813596,
    "recall": 0.596244131455399
  },
  "iou_0.5": {
    "iou_threshold": 0.5,
    "map50": 0.04083927749272568,
    "map50_95": 0.023521263202113996,
    "precision": 0.04057511011813596,
    "recall": 0.596244131455399
  },
  "iou_0.7": {
    "iou_threshold": 0.7,
    "map50": 0.04049805106840258,
    "map50_95": 0.0230340500795183,
    "precision": 0.04057511011813596,
    "recall": 0.596244131455399
  }
}