{
  "iou_0.3": {
    "iou_threshold": 0.3,
    "map50": 0.01895669604375962,
    "map50_95": 0.006475119024135598,
    "precision": 0.00215962441314554,
    "recall": 0.647887323943662
  },
  "iou_0.5": {
    "iou_threshold": 0.5,
    "map50": 0.018260463346141124,
    "map50_95": 0.006412914147608561,
    "precision": 0.002378716744913928,
    "recall": 0.7136150234741784
  },
  "iou_0.7": {
    "iou_threshold": 0.7,
    "map50": 0.01606370316294557,
    "map50_95": 0.006156980809110725,
    "precision": 0.002488262910798122,
    "recall": 0.7464788732394366
  }
}