{
  "iou_0.3": {
    "iou_threshold": 0.3,
    "map50": 0.05428960830555389,
    "map50_95": 0.03176608453265155,
    "precision": 0.051028608171460856,
    "recall": 0.2535211267605634
  },
  "iou_0.5": {
    "iou_threshold": 0.5,
    "map50": 0.052928382262673254,
    "map50_95": 0.03069238848440691,
    "precision": 0.051028608171460856,
    "recall": 0.2535211267605634
  },
  "iou_0.7": {
    "iou_threshold": 0.7,
    "map50": 0.05284746866202542,
    "map50_95": 0.030880634797816074,
    "precision": 0.051028608171460856,
    "recall": 0.2535211267605634
  }
}