original_image,crop_filename,split,confidence,bbox_x1,bbox_y1,bbox_x2,bbox_y2,crop_x1,crop_y1,crop_x2,crop_y2,dataset_source
train/images/1405022890-0003-R.jpg,1405022890-0003-R_crop_000.jpg,train,0.02218275,2253,460,2592,1944,2358,1138,2486,1266,mp_idb
train/images/1405022890-0003-R.jpg,1405022890-0003-R_crop_001.jpg,train,0.021628143,2212,0,2592,1376,2338,624,2466,752,mp_idb
train/images/1405022890-0003-R.jpg,1405022890-0003-R_crop_002.jpg,train,0.019910315,2236,63,2592,1805,2350,870,2478,998,mp_idb
train/images/1405022890-0003-R.jpg,1405022890-0003-R_crop_003.jpg,train,0.01880235,2273,845,2592,1944,2368,1330,2496,1458,mp_idb
train/images/1405022890-0003-R.jpg,1405022890-0003-R_crop_004.jpg,train,0.016353639,2025,1229,2591,1944,2244,1522,2372,1650,mp_idb
train/images/1405022890-0003-R.jpg,1405022890-0003-R_crop_005.jpg,train,0.0123868175,0,4,230,339,51,107,179,235,mp_idb
train/images/1405022890-0003-R.jpg,1405022890-0003-R_crop_006.jpg,train,0.01116869,0,22,1305,741,588,317,716,445,mp_idb
train/images/1405022890-0003-R.jpg,1405022890-0003-R_crop_007.jpg,train,0.011157111,0,13,211,498,41,191,169,319,mp_idb
train/images/1405022890-0003-R.jpg,1405022890-0003-R_crop_008.jpg,train,0.0111486595,0,1301,830,1944,351,1558,479,1686,mp_idb
train/images/1405022890-0003-R.jpg,1405022890-0003-R_crop_009.jpg,train,0.0111075835,0,1132,455,1944,163,1474,291,1602,mp_idb
train/images/1405022890-0003-R.jpg,1405022890-0003-R_crop_010.jpg,train,0.010556893,0,18,536,660,204,275,332,403,mp_idb
train/images/1405022890-0003-R.jpg,1405022890-0003-R_crop_011.jpg,train,0.010483798,0,1560,218,1944,45,1688,173,1816,mp_idb
train/images/1405022890-0003-R.jpg,1405022890-0003-R_crop_012.jpg,train,0.0104458155,2071,0,2592,1221,2267,546,2395,674,mp_idb
train/images/1405022890-0003-R.jpg,1405022890-0003-R_crop_013.jpg,train,0.010375057,1611,1221,2585,1944,2034,1518,2162,1646,mp_idb
train/images/1405022890-0003-R.jpg,1405022890-0003-R_crop_014.jpg,train,0.010337315,557,1117,2351,1944,1390,1466,1518,1594,mp_idb
train/images/1405022890-0003-R.jpg,1405022890-0003-R_crop_015.jpg,train,0.010332886,231,1148,1822,1944,962,1482,1090,1610,mp_idb
train/images/1405022890-0003-R.jpg,1405022890-0003-R_crop_016.jpg,train,0.010265477,987,1113,2592,1944,1725,1464,1853,1592,mp_idb
train/images/1405022890-0003-R.jpg,1405022890-0003-R_crop_017.jpg,train,0.010261603,0,1133,1130,1944,501,1474,629,1602,mp_idb
train/images/1405022890-0003-R.jpg,1405022890-0003-R_crop_018.jpg,train,0.010193893,1277,1202,2585,1944,1867,1509,1995,1637,mp_idb
train/images/1405022890-0003-R.jpg,1405022890-0003-R_crop_019.jpg,train,0.010062543,0,0,1213,1072,542,472,670,600,mp_idb
train/images/1701151546-0013-R_T.jpg,1701151546-0013-R_T_crop_000.jpg,train,0.019196233,2229,581,2592,1944,2346,1198,2474,1326,mp_idb
train/images/1701151546-0013-R_T.jpg,1701151546-0013-R_T_crop_001.jpg,train,0.01858189,2170,16,2592,1342,2317,615,2445,743,mp_idb
train/images/1701151546-0013-R_T.jpg,1701151546-0013-R_T_crop_002.jpg,train,0.017568132,2151,59,2592,1769,2307,850,2435,978,mp_idb
train/images/1701151546-0013-R_T.jpg,1701151546-0013-R_T_crop_003.jpg,train,0.013894589,2124,1065,2592,1944,2294,1440,2422,1568,mp_idb
train/images/1701151546-0013-R_T.jpg,1701151546-0013-R_T_crop_004.jpg,train,0.012676194,0,7,219,336,45,107,173,235,mp_idb
train/images/1701151546-0013-R_T.jpg,1701151546-0013-R_T_crop_005.jpg,train,0.012302084,0,1612,442,1944,157,1714,285,1842,mp_idb
train/images/1701151546-0013-R_T.jpg,1701151546-0013-R_T_crop_006.jpg,train,0.012081494,1972,1214,2592,1944,2218,1515,2346,1643,mp_idb
train/images/1701151546-0013-R_T.jpg,1701151546-0013-R_T_crop_007.jpg,train,0.011717866,0,1609,819,1944,345,1712,473,1840,mp_idb
train/images/1701151546-0013-R_T.jpg,1701151546-0013-R_T_crop_008.jpg,train,0.010969641,0,547,1396,1825,634,1122,762,1250,mp_idb
train/images/1701151546-0013-R_T.jpg,1701151546-0013-R_T_crop_009.jpg,train,0.010731102,0,25,209,442,40,169,168,297,mp_idb
train/images/1701151546-0013-R_T.jpg,1701151546-0013-R_T_crop_010.jpg,train,0.010712398,21,1581,1244,1944,568,1698,696,1826,mp_idb
train/images/1701151546-0013-R_T.jpg,1701151546-0013-R_T_crop_011.jpg,train,0.0106737595,0,226,1247,1418,559,758,687,886,mp_idb
train/images/1701151546-0013-R_T.jpg,1701151546-0013-R_T_crop_012.jpg,train,0.010661847,1385,1219,2589,1944,1923,1517,2051,1645,mp_idb
train/images/1701151546-0013-R_T.jpg,1701151546-0013-R_T_crop_013.jpg,train,0.010467554,207,1204,2067,1944,1073,1510,1201,1638,mp_idb
train/images/1701151546-0013-R_T.jpg,1701151546-0013-R_T_crop_014.jpg,train,0.010426404,0,1576,208,1944,40,1696,168,1824,mp_idb
train/images/1701151546-0013-R_T.jpg,1701151546-0013-R_T_crop_015.jpg,train,0.0104243625,2394,0,2585,1464,2425,668,2553,796,mp_idb
train/images/1701151546-0013-R_T.jpg,1701151546-0013-R_T_crop_016.jpg,train,0.010398648,0,5,561,333,216,105,344,233,mp_idb
train/images/1701151546-0013-R_T.jpg,1701151546-0013-R_T_crop_017.jpg,train,0.010185096,284,1130,2515,1944,1335,1473,1463,1601,mp_idb
train/images/1701151546-0013-R_T.jpg,1701151546-0013-R_T_crop_018.jpg,train,0.010165818,825,1161,2592,1944,1644,1488,1772,1616,mp_idb
train/images/1701151546-0013-R_T.jpg,1701151546-0013-R_T_crop_019.jpg,train,0.010137855,0,323,1498,1679,685,937,813,1065,mp_idb
train/images/1701151546-0013-R_T.jpg,1701151546-0013-R_T_crop_020.jpg,train,0.010030622,0,210,1233,1052,552,567,680,695,mp_idb
train/images/1701151546-0013-R_T.jpg,1701151546-0013-R_T_crop_021.jpg,train,0.010018696,1480,23,2581,972,1966,433,2094,561,mp_idb
train/images/1409171742-0008-R.jpg,1409171742-0008-R_crop_000.jpg,train,0.012880349,0,7,224,329,48,104,176,232,mp_idb
train/images/1409171742-0008-R.jpg,1409171742-0008-R_crop_001.jpg,train,0.012138018,0,1507,480,1944,176,1661,304,1789,mp_idb
train/images/1409171742-0008-R.jpg,1409171742-0008-R_crop_002.jpg,train,0.011868764,0,1568,802,1944,337,1692,465,1820,mp_idb
train/images/1409171742-0008-R.jpg,1409171742-0008-R_crop_003.jpg,train,0.011529584,1987,0,2592,662,2225,267,2353,395,mp_idb
train/images/1409171742-0008-R.jpg,1409171742-0008-R_crop_004.jpg,train,0.011259638,1982,1563,2592,1944,2223,1689,2351,1817,mp_idb
train/images/1409171742-0008-R.jpg,1409171742-0008-R_crop_005.jpg,train,0.010820373,0,22,212,448,42,171,170,299,mp_idb
train/images/1409171742-0008-R.jpg,1409171742-0008-R_crop_006.jpg,train,0.0108083645,1987,1397,2592,1944,2225,1606,2353,1734,mp_idb
train/images/1409171742-0008-R.jpg,1409171742-0008-R_crop_007.jpg,train,0.010804268,1731,1547,2592,1944,2097,1681,2225,1809,mp_idb
train/images/1409171742-0008-R.jpg,1409171742-0008-R_crop_008.jpg,train,0.010787865,2063,0,2592,246,2263,59,2391,187,mp_idb
train/images/1409171742-0008-R.jpg,1409171742-0008-R_crop_009.jpg,train,0.01066147,1348,1508,2357,1944,1788,1662,1916,1790,mp_idb
train/images/1409171742-0008-R.jpg,1409171742-0008-R_crop_010.jpg,train,0.010660117,0,1517,921,1944,396,1666,524,1794,mp_idb
train/images/1409171742-0008-R.jpg,1409171742-0008-R_crop_011.jpg,train,0.0106229475,1977,1278,2592,1944,2220,1547,2348,1675,mp_idb
train/images/1409171742-0008-R.jpg,1409171742-0008-R_crop_012.jpg,train,0.01062189,1991,253,2592,1027,2227,576,2355,704,mp_idb
train/images/1409171742-0008-R.jpg,1409171742-0008-R_crop_013.jpg,train,0.010608228,1087,1492,2104,1944,1531,1654,1659,1782,mp_idb
train/images/1409171742-0008-R.jpg,1409171742-0008-R_crop_014.jpg,train,0.010585326,824,1496,1844,1944,1270,1656,1398,1784,mp_idb
train/images/1409171742-0008-R.jpg,1409171742-0008-R_crop_015.jpg,train,0.010572729,1987,509,2592,1279,2225,830,2353,958,mp_idb
train/images/1409171742-0008-R.jpg,1409171742-0008-R_crop_016.jpg,train,0.010554871,564,1503,1577,1944,1006,1659,1134,1787,mp_idb
train/images/1409171742-0008-R.jpg,1409171742-0008-R_crop_017.jpg,train,0.01052852,166,1505,1192,1944,615,1660,743,1788,mp_idb
train/images/1409171742-0008-R.jpg,1409171742-0008-R_crop_018.jpg,train,0.010527572,1981,758,2592,1552,2222,1091,2350,1219,mp_idb
train/images/1409171742-0008-R.jpg,1409171742-0008-R_crop_019.jpg,train,0.010512934,1980,1016,2592,1808,2222,1348,2350,1476,mp_idb
train/images/1409171742-0008-R.jpg,1409171742-0008-R_crop_020.jpg,train,0.010366401,2052,0,2592,485,2258,178,2386,306,mp_idb
train/images/1409171742-0008-R.jpg,1409171742-0008-R_crop_021.jpg,train,0.010265138,0,3,530,337,201,106,329,234,mp_idb
train/images/1409171742-0008-R.jpg,1409171742-0008-R_crop_022.jpg,train,0.010228273,0,1575,207,1944,39,1695,167,1823,mp_idb
train/images/1305121398-0015-S.jpg,1305121398-0015-S_crop_000.jpg,train,0.021163926,2223,0,2592,1375,2343,623,2471,751,mp_idb
train/images/1305121398-0015-S.jpg,1305121398-0015-S_crop_001.jpg,train,0.020618683,2248,588,2592,1944,2356,1202,2484,1330,mp_idb
train/images/1305121398-0015-S.jpg,1305121398-0015-S_crop_002.jpg,train,0.019686062,2227,196,2592,1909,2345,988,2473,1116,mp_idb
train/images/1305121398-0015-S.jpg,1305121398-0015-S_crop_003.jpg,train,0.015475653,2016,1223,2591,1944,2239,1519,2367,1647,mp_idb
train/images/1305121398-0015-S.jpg,1305121398-0015-S_crop_004.jpg,train,0.015179323,2274,973,2592,1944,2369,1394,2497,1522,mp_idb
train/images/1305121398-0015-S.jpg,1305121398-0015-S_crop_005.jpg,train,0.012402993,0,5,238,355,55,116,183,244,mp_idb
train/images/1305121398-0015-S.jpg,1305121398-0015-S_crop_006.jpg,train,0.011261708,2102,0,2592,1221,2283,546,2411,674,mp_idb
train/images/1305121398-0015-S.jpg,1305121398-0015-S_crop_007.jpg,train,0.011152351,0,21,1071,744,471,318,599,446,mp_idb
train/images/1305121398-0015-S.jpg,1305121398-0015-S_crop_008.jpg,train,0.011068407,0,1329,928,1944,400,1572,528,1700,mp_idb
train/images/1305121398-0015-S.jpg,1305121398-0015-S_crop_009.jpg,train,0.011018418,0,1224,476,1944,174,1520,302,1648,mp_idb
train/images/1305121398-0015-S.jpg,1305121398-0015-S_crop_010.jpg,train,0.011014183,0,14,215,536,43,211,171,339,mp_idb
train/images/1305121398-0015-S.jpg,1305121398-0015-S_crop_011.jpg,train,0.010487687,0,17,562,649,217,269,345,397,mp_idb
train/images/1305121398-0015-S.jpg,1305121398-0015-S_crop_012.jpg,train,0.0104775075,0,1553,224,1944,48,1684,176,1812,mp_idb
train/images/1305121398-0015-S.jpg,1305121398-0015-S_crop_013.jpg,train,0.010384859,1591,1203,2585,1944,2024,1509,2152,1637,mp_idb
train/images/1305121398-0015-S.jpg,1305121398-0015-S_crop_014.jpg,train,0.010296117,622,1092,2445,1944,1469,1454,1597,1582,mp_idb
train/images/1305121398-0015-S.jpg,1305121398-0015-S_crop_015.jpg,train,0.010256513,1042,1094,2592,1944,1753,1455,1881,1583,mp_idb
train/images/1305121398-0015-S.jpg,1305121398-0015-S_crop_016.jpg,train,0.010204656,279,1076,2176,1944,1163,1446,1291,1574,mp_idb
train/images/1305121398-0015-S.jpg,1305121398-0015-S_crop_017.jpg,train,0.010202114,1302,1179,2585,1944,1879,1497,2007,1625,mp_idb
train/images/1305121398-0015-S.jpg,1305121398-0015-S_crop_018.jpg,train,0.010155786,116,1055,1696,1944,842,1435,970,1563,mp_idb
train/images/1305121398-0015-S.jpg,1305121398-0015-S_crop_019.jpg,train,0.010090178,0,1069,1187,1944,529,1442,657,1570,mp_idb
train/images/1305121398-0015-S.jpg,1305121398-0015-S_crop_020.jpg,train,0.010075228,0,26,1610,827,741,362,869,490,mp_idb
train/images/1307210661-0003-R.jpg,1307210661-0003-R_crop_000.jpg,train,0.021777311,2246,459,2592,1944,2355,1137,2483,1265,mp_idb
train/images/1307210661-0003-R.jpg,1307210661-0003-R_crop_001.jpg,train,0.02084434,2193,3,2592,1374,2328,624,2456,752,mp_idb
train/images/1307210661-0003-R.jpg,1307210661-0003-R_crop_002.jpg,train,0.020562278,2221,195,2592,1909,2342,988,2470,1116,mp_idb
train/images/1307210661-0003-R.jpg,1307210661-0003-R_crop_003.jpg,train,0.019721443,2272,845,2592,1944,2368,1330,2496,1458,mp_idb
train/images/1307210661-0003-R.jpg,1307210661-0003-R_crop_004.jpg,train,0.016632814,2021,1229,2591,1944,2242,1522,2370,1650,mp_idb
train/images/1307210661-0003-R.jpg,1307210661-0003-R_crop_005.jpg,train,0.012571719,0,5,232,342,52,109,180,237,mp_idb
train/images/1307210661-0003-R.jpg,1307210661-0003-R_crop_006.jpg,train,0.011351376,0,21,1180,756,526,324,654,452,mp_idb
train/images/1307210661-0003-R.jpg,1307210661-0003-R_crop_007.jpg,train,0.011311839,0,14,212,523,42,204,170,332,mp_idb
train/images/1307210661-0003-R.jpg,1307210661-0003-R_crop_008.jpg,train,0.011193912,0,1289,913,1944,392,1552,520,1680,mp_idb
train/images/1307210661-0003-R.jpg,1307210661-0003-R_crop_009.jpg,train,0.011058938,0,1258,468,1944,170,1537,298,1665,mp_idb
train/images/1307210661-0003-R.jpg,1307210661-0003-R_crop_010.jpg,train,0.010728672,0,18,536,683,204,286,332,414,mp_idb
train/images/1307210661-0003-R.jpg,1307210661-0003-R_crop_011.jpg,train,0.010433323,0,1568,221,1944,46,1692,174,1820,mp_idb
train/images/1307210661-0003-R.jpg,1307210661-0003-R_crop_012.jpg,train,0.010418972,2055,0,2592,1213,2259,542,2387,670,mp_idb
train/images/1307210661-0003-R.jpg,1307210661-0003-R_crop_013.jpg,train,0.010380836,0,1053,1166,1944,519,1434,647,1562,mp_idb
train/images/1307210661-0003-R.jpg,1307210661-0003-R_crop_014.jpg,train,0.01035474,172,1081,1901,1944,972,1448,1100,1576,mp_idb
train/images/1307210661-0003-R.jpg,1307210661-0003-R_crop_015.jpg,train,0.010344049,1582,1205,2585,1944,2019,1510,2147,1638,mp_idb
train/images/1307210661-0003-R.jpg,1307210661-0003-R_crop_016.jpg,train,0.010228838,403,1088,2395,1944,1335,1452,1463,1580,mp_idb
train/images/1307210661-0003-R.jpg,1307210661-0003-R_crop_017.jpg,train,0.01017153,1229,1187,2584,1944,1842,1501,1970,1629,mp_idb
train/images/1307210661-0003-R.jpg,1307210661-0003-R_crop_018.jpg,train,0.010148761,977,1101,2592,1944,1720,1458,1848,1586,mp_idb
train/images/1409191647-0008-T.jpg,1409191647-0008-T_crop_000.jpg,train,0.012807118,0,7,224,332,48,105,176,233,mp_idb
train/images/1409191647-0008-T.jpg,1409191647-0008-T_crop_001.jpg,train,0.012056062,0,1514,460,1944,166,1665,294,1793,mp_idb
train/images/1409191647-0008-T.jpg,1409191647-0008-T_crop_002.jpg,train,0.01178486,0,1570,797,1944,334,1693,462,1821,mp_idb
train/images/1409191647-0008-T.jpg,1409191647-0008-T_crop_003.jpg,train,0.011513348,1977,0,2592,661,2220,266,2348,394,mp_idb
train/images/1409191647-0008-T.jpg,1409191647-0008-T_crop_004.jpg,train,0.011243288,1966,1547,2592,1944,2215,1681,2343,1809,mp_idb
train/images/1409191647-0008-T.jpg,1409191647-0008-T_crop_005.jpg,train,0.010903315,943,1494,1969,1944,1392,1655,1520,1783,mp_idb
train/images/1409191647-0008-T.jpg,1409191647-0008-T_crop_006.jpg,train,0.010875709,1725,1532,2592,1944,2094,1674,2222,1802,mp_idb
train/images/1409191647-0008-T.jpg,1409191647-0008-T_crop_007.jpg,train,0.010874001,1203,1494,2219,1944,1647,1655,1775,1783,mp_idb
train/images/1409191647-0008-T.jpg,1409191647-0008-T_crop_008.jpg,train,0.01085626,559,1498,1584,1944,1007,1657,1135,1785,mp_idb
train/images/1409191647-0008-T.jpg,1409191647-0008-T_crop_009.jpg,train,0.010849575,64,1507,1059,1944,497,1661,625,1789,mp_idb
train/images/1409191647-0008-T.jpg,1409191647-0008-T_crop_010.jpg,train,0.010822196,1466,1502,2477,1944,1907,1659,2035,1787,mp_idb
train/images/1409191647-0008-T.jpg,1409191647-0008-T_crop_011.jpg,train,0.010772427,302,1497,1323,1944,748,1656,876,1784,mp_idb
train/images/1409191647-0008-T.jpg,1409191647-0008-T_crop_012.jpg,train,0.010761061,0,23,210,455,41,175,169,303,mp_idb
train/images/1409191647-0008-T.jpg,1409191647-0008-T_crop_013.jpg,train,0.010755499,1976,1386,2592,1944,2220,1601,2348,1729,mp_idb
train/images/1409191647-0008-T.jpg,1409191647-0008-T_crop_014.jpg,train,0.010741003,2058,0,2592,252,2261,62,2389,190,mp_idb
train/images/1409191647-0008-T.jpg,1409191647-0008-T_crop_015.jpg,train,0.01056159,1982,242,2592,1036,2223,575,2351,703,mp_idb
train/images/1409191647-0008-T.jpg,1409191647-0008-T_crop_016.jpg,train,0.010545284,1973,884,2592,1679,2218,1217,2346,1345,mp_idb
train/images/1409191647-0008-T.jpg,1409191647-0008-T_crop_017.jpg,train,0.0105386535,1981,499,2592,1289,2222,830,2350,958,mp_idb
train/images/1409191647-0008-T.jpg,1409191647-0008-T_crop_018.jpg,train,0.010529712,1967,1136,2592,1938,2215,1473,2343,1601,mp_idb
train/images/1409191647-0008-T.jpg,1409191647-0008-T_crop_019.jpg,train,0.010232793,0,1561,208,1944,40,1688,168,1816,mp_idb
train/images/1409191647-0008-T.jpg,1409191647-0008-T_crop_020.jpg,train,0.010226164,2046,0,2592,474,2255,173,2383,301,mp_idb
train/images/1409191647-0008-T.jpg,1409191647-0008-T_crop_021.jpg,train,0.010219327,0,4,566,342,219,109,347,237,mp_idb
train/images/1704282807-0011-R_T.jpg,1704282807-0011-R_T_crop_000.jpg,train,0.012753339,0,5,225,332,48,104,176,232,mp_idb
train/images/1704282807-0011-R_T.jpg,1704282807-0011-R_T_crop_001.jpg,train,0.012445047,0,1599,466,1944,169,1707,297,1835,mp_idb
train/images/1704282807-0011-R_T.jpg,1704282807-0011-R_T_crop_002.jpg,train,0.011847425,0,1604,815,1944,343,1710,471,1838,mp_idb
train/images/1704282807-0011-R_T.jpg,1704282807-0011-R_T_crop_003.jpg,train,0.011572786,1972,0,2592,601,2218,236,2346,364,mp_idb
train/images/1704282807-0011-R_T.jpg,1704282807-0011-R_T_crop_004.jpg,train,0.011198098,1981,1547,2592,1944,2222,1681,2350,1809,mp_idb
train/images/1704282807-0011-R_T.jpg,1704282807-0011-R_T_crop_005.jpg,train,0.010956715,66,1539,1089,1944,513,1677,641,1805,mp_idb
train/images/1704282807-0011-R_T.jpg,1704282807-0011-R_T_crop_006.jpg,train,0.010816929,0,20,210,460,41,176,169,304,mp_idb
train/images/1704282807-0011-R_T.jpg,1704282807-0011-R_T_crop_007.jpg,train,0.010815097,306,1519,1336,1944,757,1667,885,1795,mp_idb
train/images/1704282807-0011-R_T.jpg,1704282807-0011-R_T_crop_008.jpg,train,0.010805704,570,1505,1584,1944,1013,1660,1141,1788,mp_idb
train/images/1704282807-0011-R_T.jpg,1704282807-0011-R_T_crop_009.jpg,train,0.010761218,1737,1523,2592,1944,2100,1669,2228,1797,mp_idb
train/images/1704282807-0011-R_T.jpg,1704282807-0011-R_T_crop_010.jpg,train,0.010751252,2005,1,2592,240,2234,56,2362,184,mp_idb
train/images/1704282807-0011-R_T.jpg,1704282807-0011-R_T_crop_011.jpg,train,0.010737781,0,1571,210,1944,41,1693,169,1821,mp_idb
train/images/1704282807-0011-R_T.jpg,1704282807-0011-R_T_crop_012.jpg,train,0.010716579,831,1501,1838,1944,1270,1658,1398,1786,mp_idb
train/images/1704282807-0011-R_T.jpg,1704282807-0011-R_T_crop_013.jpg,train,0.010697698,1347,1503,2359,1944,1789,1659,1917,1787,mp_idb
train/images/1704282807-0011-R_T.jpg,1704282807-0011-R_T_crop_014.jpg,train,0.010686027,1090,1503,2094,1944,1528,1659,1656,1787,mp_idb
train/images/1704282807-0011-R_T.jpg,1704282807-0011-R_T_crop_015.jpg,train,0.010611526,1975,246,2592,1022,2219,570,2347,698,mp_idb
train/images/1704282807-0011-R_T.jpg,1704282807-0011-R_T_crop_016.jpg,train,0.010587963,1979,89,2592,894,2221,427,2349,555,mp_idb
train/images/1704282807-0011-R_T.jpg,1704282807-0011-R_T_crop_017.jpg,train,0.010570753,1974,493,2592,1283,2219,824,2347,952,mp_idb
train/images/1704282807-0011-R_T.jpg,1704282807-0011-R_T_crop_018.jpg,train,0.010542582,1966,1270,2592,1944,2215,1543,2343,1671,mp_idb
train/images/1704282807-0011-R_T.jpg,1704282807-0011-R_T_crop_019.jpg,train,0.010534881,1968,752,2592,1557,2216,1090,2344,1218,mp_idb
train/images/1704282807-0011-R_T.jpg,1704282807-0011-R_T_crop_020.jpg,train,0.010491645,1970,1010,2592,1821,2217,1351,2345,1479,mp_idb
train/images/1704282807-0011-R_T.jpg,1704282807-0011-R_T_crop_021.jpg,train,0.010148508,0,1,582,337,227,105,355,233,mp_idb
train/images/1704282807-0011-R_T.jpg,1704282807-0011-R_T_crop_022.jpg,train,0.010126687,0,1520,206,1944,39,1668,167,1796,mp_idb
train/images/1405022890-0001-R.jpg,1405022890-0001-R_crop_000.jpg,train,0.021104451,2218,0,2592,1374,2341,623,2469,751,mp_idb
train/images/1405022890-0001-R.jpg,1405022890-0001-R_crop_001.jpg,train,0.021010622,2245,462,2592,1944,2354,1139,2482,1267,mp_idb
train/images/1405022890-0001-R.jpg,1405022890-0001-R_crop_002.jpg,train,0.019055497,2231,61,2592,1802,2347,867,2475,995,mp_idb
train/images/1405022890-0001-R.jpg,1405022890-0001-R_crop_003.jpg,train,0.018678773,2270,847,2592,1944,2367,1331,2495,1459,mp_idb
train/images/1405022890-0001-R.jpg,1405022890-0001-R_crop_004.jpg,train,0.015916934,2020,1229,2591,1944,2241,1522,2369,1650,mp_idb
train/images/1405022890-0001-R.jpg,1405022890-0001-R_crop_005.jpg,train,0.012439873,0,4,236,339,54,107,182,235,mp_idb
train/images/1405022890-0001-R.jpg,1405022890-0001-R_crop_006.jpg,train,0.011350739,0,13,213,517,42,201,170,329,mp_idb
train/images/1405022890-0001-R.jpg,1405022890-0001-R_crop_007.jpg,train,0.011302553,0,20,1208,755,540,323,668,451,mp_idb
train/images/1405022890-0001-R.jpg,1405022890-0001-R_crop_008.jpg,train,0.011185228,0,1312,816,1944,344,1564,472,1692,mp_idb
train/images/1405022890-0001-R.jpg,1405022890-0001-R_crop_009.jpg,train,0.011135115,0,1247,484,1944,178,1531,306,1659,mp_idb
train/images/1405022890-0001-R.jpg,1405022890-0001-R_crop_010.jpg,train,0.010909163,2073,0,2592,1213,2268,542,2396,670,mp_idb
train/images/1405022890-0001-R.jpg,1405022890-0001-R_crop_011.jpg,train,0.01068934,0,18,555,677,213,283,341,411,mp_idb
train/images/1405022890-0001-R.jpg,1405022890-0001-R_crop_012.jpg,train,0.010477967,1587,1236,2586,1944,2022,1526,2150,1654,mp_idb
train/images/1405022890-0001-R.jpg,1405022890-0001-R_crop_013.jpg,train,0.010454523,0,1561,223,1944,47,1688,175,1816,mp_idb
train/images/1405022890-0001-R.jpg,1405022890-0001-R_crop_014.jpg,train,0.010319977,0,3,1220,1079,546,477,674,605,mp_idb
train/images/1405022890-0001-R.jpg,1405022890-0001-R_crop_015.jpg,train,0.010319116,633,1142,2315,1944,1410,1479,1538,1607,mp_idb
train/images/1405022890-0001-R.jpg,1405022890-0001-R_crop_016.jpg,train,0.010237247,367,1146,1741,1944,990,1481,1118,1609,mp_idb
train/images/1405022890-0001-R.jpg,1405022890-0001-R_crop_017.jpg,train,0.010187789,90,1119,1378,1944,670,1467,798,1595,mp_idb
train/images/1405022890-0001-R.jpg,1405022890-0001-R_crop_018.jpg,train,0.01018738,1122,1154,2579,1944,1786,1485,1914,1613,mp_idb
train/images/1405022890-0001-R.jpg,1405022890-0001-R_crop_019.jpg,train,0.010112267,0,1144,1087,1944,479,1480,607,1608,mp_idb
train/images/1405022890-0001-R.jpg,1405022890-0001-R_crop_020.jpg,train,0.010086521,1542,21,2585,1418,1999,655,2127,783,mp_idb
train/images/1405022890-0005-R.jpg,1405022890-0005-R_crop_000.jpg,train,0.020658521,2235,461,2592,1944,2349,1138,2477,1266,mp_idb
train/images/1405022890-0005-R.jpg,1405022890-0005-R_crop_001.jpg,train,0.020503724,2213,11,2592,1368,2338,625,2466,753,mp_idb
train/images/1405022890-0005-R.jpg,1405022890-0005-R_crop_002.jpg,train,0.019672273,2263,717,2592,1944,2363,1266,2491,1394,mp_idb
train/images/1405022890-0005-R.jpg,1405022890-0005-R_crop_003.jpg,train,0.016719239,2283,974,2592,1944,2373,1395,2501,1523,mp_idb
train/images/1405022890-0005-R.jpg,1405022890-0005-R_crop_004.jpg,train,0.016031073,2019,1231,2591,1944,2241,1523,2369,1651,mp_idb
train/images/1405022890-0005-R.jpg,1405022890-0005-R_crop_005.jpg,train,0.012482679,0,5,235,339,53,108,181,236,mp_idb
train/images/1405022890-0005-R.jpg,1405022890-0005-R_crop_006.jpg,train,0.011189464,0,21,1187,745,529,319,657,447,mp_idb
train/images/1405022890-0005-R.jpg,1405022890-0005-R_crop_007.jpg,train,0.011155154,0,1303,866,1944,369,1559,497,1687,mp_idb
train/images/1405022890-0005-R.jpg,1405022890-0005-R_crop_008.jpg,train,0.011107558,0,14,213,510,42,198,170,326,mp_idb
train/images/1405022890-0005-R.jpg,1405022890-0005-R_crop_009.jpg,train,0.011090345,0,1137,450,1944,161,1476,289,1604,mp_idb
train/images/1405022890-0005-R.jpg,1405022890-0005-R_crop_010.jpg,train,0.010530766,0,1557,220,1944,46,1686,174,1814,mp_idb
train/images/1405022890-0005-R.jpg,1405022890-0005-R_crop_011.jpg,train,0.010470489,0,18,533,664,202,277,330,405,mp_idb
train/images/1405022890-0005-R.jpg,1405022890-0005-R_crop_012.jpg,train,0.010406934,1624,1237,2585,1944,2040,1526,2168,1654,mp_idb
train/images/1405022890-0005-R.jpg,1405022890-0005-R_crop_013.jpg,train,0.010364111,555,1152,2012,1944,1219,1484,1347,1612,mp_idb
train/images/1405022890-0005-R.jpg,1405022890-0005-R_crop_014.jpg,train,0.01033135,819,1135,2356,1944,1523,1475,1651,1603,mp_idb
train/images/1405022890-0005-R.jpg,1405022890-0005-R_crop_015.jpg,train,0.010319475,298,1151,1639,1944,904,1483,1032,1611,mp_idb
train/images/1405022890-0005-R.jpg,1405022890-0005-R_crop_016.jpg,train,0.01030595,1121,1155,2580,1944,1786,1485,1914,1613,mp_idb
train/images/1405022890-0005-R.jpg,1405022890-0005-R_crop_017.jpg,train,0.010205085,2059,0,2592,1211,2261,541,2389,669,mp_idb
train/images/1405022890-0005-R.jpg,1405022890-0005-R_crop_018.jpg,train,0.010199364,0,1127,1113,1944,492,1471,620,1599,mp_idb
train/images/1405022890-0005-R.jpg,1405022890-0005-R_crop_019.jpg,train,0.010122444,72,1101,1370,1944,657,1458,785,1586,mp_idb
train/images/1405022890-0005-R.jpg,1405022890-0005-R_crop_020.jpg,train,0.010114701,0,1,1164,1063,518,468,646,596,mp_idb
train/images/1405022890-0005-R.jpg,1405022890-0005-R_crop_021.jpg,train,0.010095622,2396,0,2583,1373,2425,622,2553,750,mp_idb
train/images/1704282807-0008-R.jpg,1704282807-0008-R_crop_000.jpg,train,0.012798632,0,7,222,335,47,107,175,235,mp_idb
train/images/1704282807-0008-R.jpg,1704282807-0008-R_crop_001.jpg,train,0.012177034,0,1570,472,1944,172,1693,300,1821,mp_idb
train/images/1704282807-0008-R.jpg,1704282807-0008-R_crop_002.jpg,train,0.01186268,0,1582,808,1944,340,1699,468,1827,mp_idb
train/images/1704282807-0008-R.jpg,1704282807-0008-R_crop_003.jpg,train,0.011518221,1973,0,2592,613,2218,242,2346,370,mp_idb
train/images/1704282807-0008-R.jpg,1704282807-0008-R_crop_004.jpg,train,0.01123435,1990,1564,2592,1944,2227,1690,2355,1818,mp_idb
train/images/1704282807-0008-R.jpg,1704282807-0008-R_crop_005.jpg,train,0.010870119,1991,1409,2592,1944,2227,1612,2355,1740,mp_idb
train/images/1704282807-0008-R.jpg,1704282807-0008-R_crop_006.jpg,train,0.010857499,67,1515,1071,1944,505,1665,633,1793,mp_idb
train/images/1704282807-0008-R.jpg,1704282807-0008-R_crop_007.jpg,train,0.010788389,0,22,210,446,41,170,169,298,mp_idb
train/images/1704282807-0008-R.jpg,1704282807-0008-R_crop_008.jpg,train,0.0107712075,1732,1556,2592,1944,2098,1686,2226,1814,mp_idb
train/images/1704282807-0008-R.jpg,1704282807-0008-R_crop_009.jpg,train,0.010741941,438,1499,1456,1944,883,1657,1011,1785,mp_idb
train/images/1704282807-0008-R.jpg,1704282807-0008-R_crop_010.jpg,train,0.010728996,956,1498,1967,1944,1397,1657,1525,1785,mp_idb
train/images/1704282807-0008-R.jpg,1704282807-0008-R_crop_011.jpg,train,0.010723395,696,1494,1710,1944,1139,1655,1267,1783,mp_idb
train/images/1704282807-0008-R.jpg,1704282807-0008-R_crop_012.jpg,train,0.010698712,1344,1512,2351,1944,1783,1664,1911,1792,mp_idb
train/images/1704282807-0008-R.jpg,1704282807-0008-R_crop_013.jpg,train,0.010693793,2017,0,2592,252,2240,62,2368,190,mp_idb
train/images/1704282807-0008-R.jpg,1704282807-0008-R_crop_014.jpg,train,0.010645548,1977,1281,2592,1944,2220,1548,2348,1676,mp_idb
train/images/1704282807-0008-R.jpg,1704282807-0008-R_crop_015.jpg,train,0.010607873,1978,248,2592,1030,2221,575,2349,703,mp_idb
train/images/1704282807-0008-R.jpg,1704282807-0008-R_crop_016.jpg,train,0.010582609,1977,498,2592,1284,2220,827,2348,955,mp_idb
train/images/1704282807-0008-R.jpg,1704282807-0008-R_crop_017.jpg,train,0.010562667,1979,87,2592,905,2221,432,2349,560,mp_idb
train/images/1704282807-0008-R.jpg,1704282807-0008-R_crop_018.jpg,train,0.01053949,1973,1008,2592,1818,2218,1349,2346,1477,mp_idb
train/images/1704282807-0008-R.jpg,1704282807-0008-R_crop_019.jpg,train,0.0105362525,1971,752,2592,1565,2217,1094,2345,1222,mp_idb
train/images/1704282807-0008-R.jpg,1704282807-0008-R_crop_020.jpg,train,0.010262948,0,3,544,339,208,107,336,235,mp_idb
train/images/1704282807-0008-R.jpg,1704282807-0008-R_crop_021.jpg,train,0.010238299,0,1558,210,1944,41,1687,169,1815,mp_idb
train/images/1307210661-0007-R.jpg,1307210661-0007-R_crop_000.jpg,train,0.02277638,2240,587,2592,1944,2352,1201,2480,1329,mp_idb
train/images/1307210661-0007-R.jpg,1307210661-0007-R_crop_001.jpg,train,0.022189608,2211,331,2592,1944,2337,1073,2465,1201,mp_idb
train/images/1307210661-0007-R.jpg,1307210661-0007-R_crop_002.jpg,train,0.02063809,2185,15,2592,1366,2324,626,2452,754,mp_idb
train/images/1307210661-0007-R.jpg,1307210661-0007-R_crop_003.jpg,train,0.016941544,2279,974,2592,1944,2371,1395,2499,1523,mp_idb
train/images/1307210661-0007-R.jpg,1307210661-0007-R_crop_004.jpg,train,0.016422668,2018,1231,2591,1944,2240,1523,2368,1651,mp_idb
train/images/1307210661-0007-R.jpg,1307210661-0007-R_crop_005.jpg,train,0.012551845,0,4,232,342,52,109,180,237,mp_idb
train/images/1307210661-0007-R.jpg,1307210661-0007-R_crop_006.jpg,train,0.011118368,0,20,1188,749,530,320,658,448,mp_idb
train/images/1307210661-0007-R.jpg,1307210661-0007-R_crop_007.jpg,train,0.011103086,0,1108,453,1944,162,1462,290,1590,mp_idb
train/images/1307210661-0007-R.jpg,1307210661-0007-R_crop_008.jpg,train,0.011100516,0,1299,900,1944,386,1557,514,1685,mp_idb
train/images/1307210661-0007-R.jpg,1307210661-0007-R_crop_009.jpg,train,0.011081688,0,14,212,502,42,194,170,322,mp_idb
train/images/1307210661-0007-R.jpg,1307210661-0007-R_crop_010.jpg,train,0.010489245,0,18,559,679,215,284,343,412,mp_idb
train/images/1307210661-0007-R.jpg,1307210661-0007-R_crop_011.jpg,train,0.0103929965,0,1553,219,1944,45,1684,173,1812,mp_idb
train/images/1307210661-0007-R.jpg,1307210661-0007-R_crop_012.jpg,train,0.010362556,2396,0,2583,1381,2425,626,2553,754,mp_idb
train/images/1307210661-0007-R.jpg,1307210661-0007-R_crop_013.jpg,train,0.01036147,0,4,1156,1026,514,451,642,579,mp_idb
train/images/1307210661-0007-R.jpg,1307210661-0007-R_crop_014.jpg,train,0.010339832,1602,1231,2585,1944,2029,1523,2157,1651,mp_idb
train/images/1307210661-0007-R.jpg,1307210661-0007-R_crop_015.jpg,train,0.010274719,423,1136,2150,1944,1222,1476,1350,1604,mp_idb
train/images/1307210661-0007-R.jpg,1307210661-0007-R_crop_016.jpg,train,0.0102666635,743,1133,2379,1944,1497,1474,1625,1602,mp_idb
train/images/1307210661-0007-R.jpg,1307210661-0007-R_crop_017.jpg,train,0.010198623,1079,1137,2584,1944,1767,1476,1895,1604,mp_idb
train/images/1307210661-0007-R.jpg,1307210661-0007-R_crop_018.jpg,train,0.0101883225,0,1120,1185,1944,528,1468,656,1596,mp_idb
train/images/1307210661-0007-R.jpg,1307210661-0007-R_crop_019.jpg,train,0.010154976,162,1101,1637,1944,835,1458,963,1586,mp_idb
train/images/1307210661-0007-R.jpg,1307210661-0007-R_crop_020.jpg,train,0.010002284,2048,0,2592,1211,2256,541,2384,669,mp_idb
train/images/1305121398-0013-S.jpg,1305121398-0013-S_crop_000.jpg,train,0.020837275,2224,2,2592,1369,2344,621,2472,749,mp_idb
train/images/1305121398-0013-S.jpg,1305121398-0013-S_crop_001.jpg,train,0.019749116,2237,588,2592,1944,2350,1202,2478,1330,mp_idb
train/images/1305121398-0013-S.jpg,1305121398-0013-S_crop_002.jpg,train,0.018990425,2215,195,2592,1906,2339,986,2467,1114,mp_idb
train/images/1305121398-0013-S.jpg,1305121398-0013-S_crop_003.jpg,train,0.015142691,2017,1223,2591,1944,2240,1519,2368,1647,mp_idb
train/images/1305121398-0013-S.jpg,1305121398-0013-S_crop_004.jpg,train,0.014981647,2270,973,2592,1944,2367,1394,2495,1522,mp_idb
train/images/1305121398-0013-S.jpg,1305121398-0013-S_crop_005.jpg,train,0.012562275,0,5,238,360,55,118,183,246,mp_idb
train/images/1305121398-0013-S.jpg,1305121398-0013-S_crop_006.jpg,train,0.011154039,0,20,1049,767,460,329,588,457,mp_idb
train/images/1305121398-0013-S.jpg,1305121398-0013-S_crop_007.jpg,train,0.0109799085,0,1380,850,1944,361,1598,489,1726,mp_idb
train/images/1305121398-0013-S.jpg,1305121398-0013-S_crop_008.jpg,train,0.010931629,0,15,215,539,43,213,171,341,mp_idb
train/images/1305121398-0013-S.jpg,1305121398-0013-S_crop_009.jpg,train,0.010917589,0,1261,461,1944,166,1538,294,1666,mp_idb
train/images/1305121398-0013-S.jpg,1305121398-0013-S_crop_010.jpg,train,0.010777774,2084,0,2592,1211,2274,541,2402,669,mp_idb
train/images/1305121398-0013-S.jpg,1305121398-0013-S_crop_011.jpg,train,0.010558347,0,17,548,654,210,271,338,399,mp_idb
train/images/1305121398-0013-S.jpg,1305121398-0013-S_crop_012.jpg,train,0.010386717,1617,1223,2586,1944,2037,1519,2165,1647,mp_idb
train/images/1305121398-0013-S.jpg,1305121398-0013-S_crop_013.jpg,train,0.010359672,0,1541,227,1944,49,1678,177,1806,mp_idb
train/images/1305121398-0013-S.jpg,1305121398-0013-S_crop_014.jpg,train,0.010161779,1308,1203,2586,1944,1883,1509,2011,1637,mp_idb
train/images/1305121398-0013-S.jpg,1305121398-0013-S_crop_015.jpg,train,0.010152838,558,1095,2460,1944,1445,1455,1573,1583,mp_idb
train/images/1305121398-0013-S.jpg,1305121398-0013-S_crop_016.jpg,train,0.01015106,1013,1121,2592,1944,1738,1468,1866,1596,mp_idb
train/images/1305121398-0013-S.jpg,1305121398-0013-S_crop_017.jpg,train,0.0100803515,0,25,1686,828,779,362,907,490,mp_idb
train/images/1305121398-0013-S.jpg,1305121398-0013-S_crop_018.jpg,train,0.010076555,196,1075,1946,1944,1007,1445,1135,1573,mp_idb
train/images/1305121398-0013-S.jpg,1305121398-0013-S_crop_019.jpg,train,0.01005282,0,1098,1177,1944,524,1457,652,1585,mp_idb
train/images/1305121398-0011-S.jpg,1305121398-0011-S_crop_000.jpg,train,0.020972205,2221,0,2592,1373,2342,622,2470,750,mp_idb
train/images/1305121398-0011-S.jpg,1305121398-0011-S_crop_001.jpg,train,0.019062407,2231,460,2592,1944,2347,1138,2475,1266,mp_idb
train/images/1305121398-0011-S.jpg,1305121398-0011-S_crop_002.jpg,train,0.017062606,2260,848,2592,1944,2362,1332,2490,1460,mp_idb
train/images/1305121398-0011-S.jpg,1305121398-0011-S_crop_003.jpg,train,0.01512052,2017,1222,2591,1944,2240,1519,2368,1647,mp_idb
train/images/1305121398-0011-S.jpg,1305121398-0011-S_crop_004.jpg,train,0.0126277255,2192,1090,2591,1944,2327,1453,2455,1581,mp_idb
train/images/1305121398-0011-S.jpg,1305121398-0011-S_crop_005.jpg,train,0.012486277,0,5,234,360,53,118,181,246,mp_idb
train/images/1305121398-0011-S.jpg,1305121398-0011-S_crop_006.jpg,train,0.011064931,0,21,1088,752,480,322,608,450,mp_idb
train/images/1305121398-0011-S.jpg,1305121398-0011-S_crop_007.jpg,train,0.011059824,0,1346,906,1944,389,1581,517,1709,mp_idb
train/images/1305121398-0011-S.jpg,1305121398-0011-S_crop_008.jpg,train,0.010926382,0,1243,492,1944,182,1529,310,1657,mp_idb
train/images/1305121398-0011-S.jpg,1305121398-0011-S_crop_009.jpg,train,0.0108958,0,14,213,536,42,211,170,339,mp_idb
train/images/1305121398-0011-S.jpg,1305121398-0011-S_crop_010.jpg,train,0.010764645,2088,0,2592,1212,2276,542,2404,670,mp_idb
train/images/1305121398-0011-S.jpg,1305121398-0011-S_crop_011.jpg,train,0.010441021,0,1549,224,1944,48,1682,176,1810,mp_idb
train/images/1305121398-0011-S.jpg,1305121398-0011-S_crop_012.jpg,train,0.010427132,0,17,543,645,207,267,335,395,mp_idb
train/images/1305121398-0011-S.jpg,1305121398-0011-S_crop_013.jpg,train,0.01034258,1615,1215,2586,1944,2036,1515,2164,1643,mp_idb
train/images/1305121398-0011-S.jpg,1305121398-0011-S_crop_014.jpg,train,0.010254238,499,1080,2258,1944,1314,1448,1442,1576,mp_idb
train/images/1305121398-0011-S.jpg,1305121398-0011-S_crop_015.jpg,train,0.010213237,1156,1117,2551,1944,1789,1466,1917,1594,mp_idb
train/images/1305121398-0011-S.jpg,1305121398-0011-S_crop_016.jpg,train,0.0101164775,169,1083,1781,1944,911,1449,1039,1577,mp_idb
train/images/1305121398-0011-S.jpg,1305121398-0011-S_crop_017.jpg,train,0.010036234,1379,21,2585,1405,1918,649,2046,777,mp_idb
train/images/1305121398-0011-S.jpg,1305121398-0011-S_crop_018.jpg,train,0.010023545,0,1080,1171,1944,521,1448,649,1576,mp_idb
train/images/1305121398-0008-R.jpg,1305121398-0008-R_crop_000.jpg,train,0.020957747,2224,0,2592,1377,2344,624,2472,752,mp_idb
train/images/1305121398-0008-R.jpg,1305121398-0008-R_crop_001.jpg,train,0.020604147,2231,460,2592,1944,2347,1138,2475,1266,mp_idb
train/images/1305121398-0008-R.jpg,1305121398-0008-R_crop_002.jpg,train,0.019455468,2258,716,2592,1944,2361,1266,2489,1394,mp_idb
train/images/1305121398-0008-R.jpg,1305121398-0008-R_crop_003.jpg,train,0.015729534,2283,973,2592,1944,2373,1394,2501,1522,mp_idb
train/images/1305121398-0008-R.jpg,1305121398-0008-R_crop_004.jpg,train,0.015666524,2022,1233,2591,1944,2242,1524,2370,1652,mp_idb
train/images/1305121398-0008-R.jpg,1305121398-0008-R_crop_005.jpg,train,0.012493324,0,4,238,344,55,110,183,238,mp_idb
train/images/1305121398-0008-R.jpg,1305121398-0008-R_crop_006.jpg,train,0.011270552,0,13,214,516,43,200,171,328,mp_idb
train/images/1305121398-0008-R.jpg,1305121398-0008-R_crop_007.jpg,train,0.011204013,0,20,1117,759,494,325,622,453,mp_idb
train/images/1305121398-0008-R.jpg,1305121398-0008-R_crop_008.jpg,train,0.011076672,0,1335,915,1944,393,1575,521,1703,mp_idb
train/images/1305121398-0008-R.jpg,1305121398-0008-R_crop_009.jpg,train,0.011072625,0,1226,467,1944,169,1521,297,1649,mp_idb
train/images/1305121398-0008-R.jpg,1305121398-0008-R_crop_010.jpg,train,0.010693638,2095,0,2592,1219,2279,545,2407,673,mp_idb
train/images/1305121398-0008-R.jpg,1305121398-0008-R_crop_011.jpg,train,0.010689491,0,17,538,655,205,272,333,400,mp_idb
train/images/1305121398-0008-R.jpg,1305121398-0008-R_crop_012.jpg,train,0.010508678,0,1558,222,1944,47,1687,175,1815,mp_idb
train/images/1305121398-0008-R.jpg,1305121398-0008-R_crop_013.jpg,train,0.010393752,1614,1231,2586,1944,2036,1523,2164,1651,mp_idb
train/images/1305121398-0008-R.jpg,1305121398-0008-R_crop_014.jpg,train,0.010258493,471,1090,2298,1944,1320,1453,1448,1581,mp_idb
train/images/1305121398-0008-R.jpg,1305121398-0008-R_crop_015.jpg,train,0.010172283,1379,20,2584,1424,1917,658,2045,786,mp_idb
train/images/1305121398-0008-R.jpg,1305121398-0008-R_crop_016.jpg,train,0.010152834,1038,1122,2592,1944,1751,1469,1879,1597,mp_idb
train/images/1305121398-0008-R.jpg,1305121398-0008-R_crop_017.jpg,train,0.010129929,200,1052,1812,1944,942,1434,1070,1562,mp_idb
train/images/1305121398-0008-R.jpg,1305121398-0008-R_crop_018.jpg,train,0.010085468,1308,1205,2586,1944,1883,1510,2011,1638,mp_idb
train/images/1307210661-0005-R.jpg,1307210661-0005-R_crop_000.jpg,train,0.02133941,2241,461,2592,1944,2352,1138,2480,1266,mp_idb
train/images/1307210661-0005-R.jpg,1307210661-0005-R_crop_001.jpg,train,0.021202622,2212,7,2592,1371,2338,625,2466,753,mp_idb
train/images/1307210661-0005-R.jpg,1307210661-0005-R_crop_002.jpg,train,0.018946288,2268,845,2592,1944,2366,1330,2494,1458,mp_idb
train/images/1307210661-0005-R.jpg,1307210661-0005-R_crop_003.jpg,train,0.016135165,2024,1226,2591,1944,2243,1521,2371,1649,mp_idb
train/images/1307210661-0005-R.jpg,1307210661-0005-R_crop_004.jpg,train,0.012442474,0,4,234,346,53,111,181,239,mp_idb
train/images/1307210661-0005-R.jpg,1307210661-0005-R_crop_005.jpg,train,0.011178016,0,22,1146,745,509,319,637,447,mp_idb
train/images/1307210661-0005-R.jpg,1307210661-0005-R_crop_006.jpg,train,0.011166147,0,14,212,524,42,205,170,333,mp_idb
train/images/1307210661-0005-R.jpg,1307210661-0005-R_crop_007.jpg,train,0.011081652,0,1245,921,1944,396,1530,524,1658,mp_idb
train/images/1307210661-0005-R.jpg,1307210661-0005-R_crop_008.jpg,train,0.010957427,0,1119,488,1944,180,1467,308,1595,mp_idb
train/images/1307210661-0005-R.jpg,1307210661-0005-R_crop_009.jpg,train,0.010494853,2064,0,2592,1214,2264,543,2392,671,mp_idb
train/images/1307210661-0005-R.jpg,1307210661-0005-R_crop_010.jpg,train,0.0104659945,0,18,553,678,212,284,340,412,mp_idb
train/images/1307210661-0005-R.jpg,1307210661-0005-R_crop_011.jpg,train,0.01040997,1623,1214,2585,1944,2040,1515,2168,1643,mp_idb
train/images/1307210661-0005-R.jpg,1307210661-0005-R_crop_012.jpg,train,0.010378784,0,1551,220,1944,46,1683,174,1811,mp_idb
train/images/1307210661-0005-R.jpg,1307210661-0005-R_crop_013.jpg,train,0.01032671,371,1090,2315,1944,1279,1453,1407,1581,mp_idb
train/images/1307210661-0005-R.jpg,1307210661-0005-R_crop_014.jpg,train,0.0103057325,161,1092,1885,1944,959,1454,1087,1582,mp_idb
train/images/1307210661-0005-R.jpg,1307210661-0005-R_crop_015.jpg,train,0.010277557,1054,1115,2592,1944,1759,1465,1887,1593,mp_idb
train/images/1307210661-0005-R.jpg,1307210661-0005-R_crop_016.jpg,train,0.01027554,1333,1201,2584,1944,1894,1508,2022,1636,mp_idb
train/images/1307210661-0005-R.jpg,1307210661-0005-R_crop_017.jpg,train,0.010202672,0,1028,1199,1944,535,1422,663,1550,mp_idb
train/images/1307210661-0005-R.jpg,1307210661-0005-R_crop_018.jpg,train,0.010158681,0,2,1146,1046,509,460,637,588,mp_idb
train/images/1704282807-0014-R.jpg,1704282807-0014-R_crop_000.jpg,train,0.012945888,0,6,224,332,48,105,176,233,mp_idb
train/images/1704282807-0014-R.jpg,1704282807-0014-R_crop_001.jpg,train,0.012415012,0,1594,498,1944,185,1705,313,1833,mp_idb
train/images/1704282807-0014-R.jpg,1704282807-0014-R_crop_002.jpg,train,0.011886554,0,1574,807,1944,339,1695,467,1823,mp_idb
train/images/1704282807-0014-R.jpg,1704282807-0014-R_crop_003.jpg,train,0.011438103,1961,0,2592,685,2212,278,2340,406,mp_idb
train/images/1704282807-0014-R.jpg,1704282807-0014-R_crop_004.jpg,train,0.011285578,1985,1558,2592,1944,2224,1687,2352,1815,mp_idb
train/images/1704282807-0014-R.jpg,1704282807-0014-R_crop_005.jpg,train,0.011205503,0,22,211,457,41,175,169,303,mp_idb
train/images/1704282807-0014-R.jpg,1704282807-0014-R_crop_006.jpg,train,0.010962327,2040,0,2592,256,2252,64,2380,192,mp_idb
train/images/1704282807-0014-R.jpg,1704282807-0014-R_crop_007.jpg,train,0.0109124305,1731,1543,2592,1944,2097,1679,2225,1807,mp_idb
train/images/1704282807-0014-R.jpg,1704282807-0014-R_crop_008.jpg,train,0.010855466,1980,1397,2592,1944,2222,1606,2350,1734,mp_idb
train/images/1704282807-0014-R.jpg,1704282807-0014-R_crop_009.jpg,train,0.010844458,67,1503,1070,1944,504,1659,632,1787,mp_idb
train/images/1704282807-0014-R.jpg,1704282807-0014-R_crop_010.jpg,train,0.01080041,1476,1509,2493,1944,1920,1662,2048,1790,mp_idb
train/images/1704282807-0014-R.jpg,1704282807-0014-R_crop_011.jpg,train,0.010779655,1215,1504,2232,1944,1659,1660,1787,1788,mp_idb
train/images/1704282807-0014-R.jpg,1704282807-0014-R_crop_012.jpg,train,0.010777794,954,1512,1974,1944,1400,1664,1528,1792,mp_idb
train/images/1704282807-0014-R.jpg,1704282807-0014-R_crop_013.jpg,train,0.010760619,696,1523,1707,1944,1137,1669,1265,1797,mp_idb
train/images/1704282807-0014-R.jpg,1704282807-0014-R_crop_014.jpg,train,0.010734737,307,1509,1322,1944,750,1662,878,1790,mp_idb
train/images/1704282807-0014-R.jpg,1704282807-0014-R_crop_015.jpg,train,0.010686597,1970,1274,2592,1944,2217,1545,2345,1673,mp_idb
train/images/1704282807-0014-R.jpg,1704282807-0014-R_crop_016.jpg,train,0.010597227,1973,1020,2592,1812,2218,1352,2346,1480,mp_idb
train/images/1704282807-0014-R.jpg,1704282807-0014-R_crop_017.jpg,train,0.010589327,1969,239,2592,1040,2216,575,2344,703,mp_idb
train/images/1704282807-0014-R.jpg,1704282807-0014-R_crop_018.jpg,train,0.010567746,1974,747,2592,1559,2219,1089,2347,1217,mp_idb
train/images/1704282807-0014-R.jpg,1704282807-0014-R_crop_019.jpg,train,0.010541075,2026,0,2592,515,2245,193,2373,321,mp_idb
train/images/1704282807-0014-R.jpg,1704282807-0014-R_crop_020.jpg,train,0.010530358,1969,498,2592,1300,2216,835,2344,963,mp_idb
train/images/1704282807-0014-R.jpg,1704282807-0014-R_crop_021.jpg,train,0.010505659,0,1573,209,1944,40,1694,168,1822,mp_idb
train/images/1704282807-0014-R.jpg,1704282807-0014-R_crop_022.jpg,train,0.010388657,0,3,573,336,222,105,350,233,mp_idb
train/images/1704282807-0014-R.jpg,1704282807-0014-R_crop_023.jpg,train,0.010106737,0,74,213,577,42,261,170,389,mp_idb
train/images/1701151546-0007-R.jpg,1701151546-0007-R_crop_000.jpg,train,0.018663667,2259,591,2592,1944,2361,1203,2489,1331,mp_idb
train/images/1701151546-0007-R.jpg,1701151546-0007-R_crop_001.jpg,train,0.018484209,2218,325,2592,1944,2341,1070,2469,1198,mp_idb
train/images/1701151546-0007-R.jpg,1701151546-0007-R_crop_002.jpg,train,0.017931597,2178,89,2592,1788,2321,874,2449,1002,mp_idb
train/images/1701151546-0007-R.jpg,1701151546-0007-R_crop_003.jpg,train,0.015564369,2281,972,2592,1944,2372,1394,2500,1522,mp_idb
train/images/1701151546-0007-R.jpg,1701151546-0007-R_crop_004.jpg,train,0.01455311,2016,1205,2592,1944,2240,1510,2368,1638,mp_idb
train/images/1701151546-0007-R.jpg,1701151546-0007-R_crop_005.jpg,train,0.012660527,0,5,235,358,53,117,181,245,mp_idb
train/images/1701151546-0007-R.jpg,1701151546-0007-R_crop_006.jpg,train,0.012160997,2057,28,2592,1336,2260,618,2388,746,mp_idb
train/images/1701151546-0007-R.jpg,1701151546-0007-R_crop_007.jpg,train,0.0115387505,0,22,1278,782,575,338,703,466,mp_idb
train/images/1701151546-0007-R.jpg,1701151546-0007-R_crop_008.jpg,train,0.011361709,0,1501,983,1944,427,1658,555,1786,mp_idb
train/images/1701151546-0007-R.jpg,1701151546-0007-R_crop_009.jpg,train,0.011244746,0,1420,504,1944,188,1618,316,1746,mp_idb
train/images/1701151546-0007-R.jpg,1701151546-0007-R_crop_010.jpg,train,0.011055026,0,17,213,517,42,203,170,331,mp_idb
train/images/1701151546-0007-R.jpg,1701151546-0007-R_crop_011.jpg,train,0.010970623,0,23,530,669,201,282,329,410,mp_idb
train/images/1701151546-0007-R.jpg,1701151546-0007-R_crop_012.jpg,train,0.010905964,0,740,1466,1944,669,1278,797,1406,mp_idb
train/images/1701151546-0007-R.jpg,1701151546-0007-R_crop_013.jpg,train,0.010703423,0,1512,1349,1944,610,1664,738,1792,mp_idb
train/images/1701151546-0007-R.jpg,1701151546-0007-R_crop_014.jpg,train,0.010498043,1477,1199,2588,1944,1968,1507,2096,1635,mp_idb
train/images/1701151546-0007-R.jpg,1701151546-0007-R_crop_015.jpg,train,0.010450489,1919,1,2592,750,2191,311,2319,439,mp_idb
train/images/1701151546-0007-R.jpg,1701151546-0007-R_crop_016.jpg,train,0.010377163,109,1583,1655,1944,818,1699,946,1827,mp_idb
train/images/1701151546-0007-R.jpg,1701151546-0007-R_crop_017.jpg,train,0.010269246,0,1570,213,1944,42,1693,170,1821,mp_idb
train/images/1701151546-0007-R.jpg,1701151546-0007-R_crop_018.jpg,train,0.010244898,2396,99,2583,1604,2425,787,2553,915,mp_idb
train/images/1701151546-0007-R.jpg,1701151546-0007-R_crop_019.jpg,train,0.010191083,382,1581,2067,1944,1160,1698,1288,1826,mp_idb
train/images/1701151546-0007-R.jpg,1701151546-0007-R_crop_020.jpg,train,0.01010521,552,1485,2400,1944,1412,1650,1540,1778,mp_idb
train/images/1701151546-0007-R.jpg,1701151546-0007-R_crop_021.jpg,train,0.010080675,0,957,1658,1944,765,1386,893,1514,mp_idb
train/images/1701151546-0007-R.jpg,1701151546-0007-R_crop_022.jpg,train,0.010076664,648,1256,2584,1944,1552,1536,1680,1664,mp_idb
train/images/1701151546-0007-R.jpg,1701151546-0007-R_crop_023.jpg,train,0.010042143,1140,1198,2589,1944,1800,1507,1928,1635,mp_idb
train/images/1307210661-0002-R.jpg,1307210661-0002-R_crop_000.jpg,train,0.02152396,2215,5,2592,1371,2339,624,2467,752,mp_idb
train/images/1307210661-0002-R.jpg,1307210661-0002-R_crop_001.jpg,train,0.021479934,2227,587,2592,1944,2345,1201,2473,1329,mp_idb
train/images/1307210661-0002-R.jpg,1307210661-0002-R_crop_002.jpg,train,0.021118734,2193,330,2592,1944,2328,1073,2456,1201,mp_idb
train/images/1307210661-0002-R.jpg,1307210661-0002-R_crop_003.jpg,train,0.016870543,2019,1217,2591,1944,2241,1516,2369,1644,mp_idb
train/images/1307210661-0002-R.jpg,1307210661-0002-R_crop_004.jpg,train,0.015751097,2279,973,2592,1944,2371,1394,2499,1522,mp_idb
train/images/1307210661-0002-R.jpg,1307210661-0002-R_crop_005.jpg,train,0.0123941405,0,4,231,350,51,113,179,241,mp_idb
train/images/1307210661-0002-R.jpg,1307210661-0002-R_crop_006.jpg,train,0.011443314,0,13,211,522,41,203,169,331,mp_idb
train/images/1307210661-0002-R.jpg,1307210661-0002-R_crop_007.jpg,train,0.011214414,0,22,1172,743,522,318,650,446,mp_idb
train/images/1307210661-0002-R.jpg,1307210661-0002-R_crop_008.jpg,train,0.011097653,0,1269,894,1944,383,1542,511,1670,mp_idb
train/images/1307210661-0002-R.jpg,1307210661-0002-R_crop_009.jpg,train,0.010930124,0,1186,486,1944,179,1501,307,1629,mp_idb
train/images/1307210661-0002-R.jpg,1307210661-0002-R_crop_010.jpg,train,0.010726906,0,18,553,675,212,282,340,410,mp_idb
train/images/1307210661-0002-R.jpg,1307210661-0002-R_crop_011.jpg,train,0.0104656825,0,1559,220,1944,46,1687,174,1815,mp_idb
train/images/1307210661-0002-R.jpg,1307210661-0002-R_crop_012.jpg,train,0.010422897,1634,1214,2584,1944,2045,1515,2173,1643,mp_idb
train/images/1307210661-0002-R.jpg,1307210661-0002-R_crop_013.jpg,train,0.010376855,404,1088,2301,1944,1288,1452,1416,1580,mp_idb
train/images/1307210661-0002-R.jpg,1307210661-0002-R_crop_014.jpg,train,0.010335559,115,1069,1735,1944,861,1442,989,1570,mp_idb
train/images/1307210661-0002-R.jpg,1307210661-0002-R_crop_015.jpg,train,0.010286879,1282,1200,2584,1944,1869,1508,1997,1636,mp_idb
train/images/1307210661-0002-R.jpg,1307210661-0002-R_crop_016.jpg,train,0.010283646,0,1033,1165,1944,518,1424,646,1552,mp_idb
train/images/1307210661-0002-R.jpg,1307210661-0002-R_crop_017.jpg,train,0.010280895,773,1093,2526,1944,1585,1454,1713,1582,mp_idb
train/images/1307210661-0002-R.jpg,1307210661-0002-R_crop_018.jpg,train,0.010009984,0,1,1157,1069,514,471,642,599,mp_idb
train/images/1408161544-0003-R_S.jpg,1408161544-0003-R_S_crop_000.jpg,train,0.02196722,2249,585,2592,1944,2356,1200,2484,1328,mp_idb
train/images/1408161544-0003-R_S.jpg,1408161544-0003-R_S_crop_001.jpg,train,0.021678405,2219,0,2592,1380,2341,626,2469,754,mp_idb
train/images/1408161544-0003-R_S.jpg,1408161544-0003-R_S_crop_002.jpg,train,0.02073638,2233,193,2592,1910,2348,987,2476,1115,mp_idb
train/images/1408161544-0003-R_S.jpg,1408161544-0003-R_S_crop_003.jpg,train,0.016471667,2026,1216,2591,1944,2244,1516,2372,1644,mp_idb
train/images/1408161544-0003-R_S.jpg,1408161544-0003-R_S_crop_004.jpg,train,0.015605703,2277,972,2592,1944,2370,1394,2498,1522,mp_idb
train/images/1408161544-0003-R_S.jpg,1408161544-0003-R_S_crop_005.jpg,train,0.012476197,0,5,231,346,51,111,179,239,mp_idb
train/images/1408161544-0003-R_S.jpg,1408161544-0003-R_S_crop_006.jpg,train,0.011225153,2088,0,2592,1223,2276,547,2404,675,mp_idb
train/images/1408161544-0003-R_S.jpg,1408161544-0003-R_S_crop_007.jpg,train,0.011117535,0,14,212,509,42,197,170,325,mp_idb
train/images/1408161544-0003-R_S.jpg,1408161544-0003-R_S_crop_008.jpg,train,0.011110156,0,21,1192,741,532,317,660,445,mp_idb
train/images/1408161544-0003-R_S.jpg,1408161544-0003-R_S_crop_009.jpg,train,0.010970603,0,1262,928,1944,400,1539,528,1667,mp_idb
train/images/1408161544-0003-R_S.jpg,1408161544-0003-R_S_crop_010.jpg,train,0.010955422,0,1136,489,1944,180,1476,308,1604,mp_idb
train/images/1408161544-0003-R_S.jpg,1408161544-0003-R_S_crop_011.jpg,train,0.010486924,0,18,524,664,198,277,326,405,mp_idb
train/images/1408161544-0003-R_S.jpg,1408161544-0003-R_S_crop_012.jpg,train,0.010407514,0,1555,222,1944,47,1685,175,1813,mp_idb
train/images/1408161544-0003-R_S.jpg,1408161544-0003-R_S_crop_013.jpg,train,0.010295194,1591,1207,2585,1944,2024,1511,2152,1639,mp_idb
train/images/1408161544-0003-R_S.jpg,1408161544-0003-R_S_crop_014.jpg,train,0.010279182,370,1093,2392,1944,1317,1454,1445,1582,mp_idb
train/images/1408161544-0003-R_S.jpg,1408161544-0003-R_S_crop_015.jpg,train,0.010258024,156,1074,1824,1944,926,1445,1054,1573,mp_idb
train/images/1408161544-0003-R_S.jpg,1408161544-0003-R_S_crop_016.jpg,train,0.010136204,969,1120,2592,1944,1716,1468,1844,1596,mp_idb
train/images/1408161544-0003-R_S.jpg,1408161544-0003-R_S_crop_017.jpg,train,0.010126736,0,1051,1174,1944,523,1433,651,1561,mp_idb
train/images/1408161544-0003-R_S.jpg,1408161544-0003-R_S_crop_018.jpg,train,0.010066743,1249,1201,2585,1944,1853,1508,1981,1636,mp_idb
train/images/1409171742-0010-R.jpg,1409171742-0010-R_crop_000.jpg,train,0.012978288,0,6,227,328,49,103,177,231,mp_idb
train/images/1409171742-0010-R.jpg,1409171742-0010-R_crop_001.jpg,train,0.012093502,0,1552,473,1944,172,1684,300,1812,mp_idb
train/images/1409171742-0010-R.jpg,1409171742-0010-R_crop_002.jpg,train,0.011903682,0,1576,792,1944,332,1696,460,1824,mp_idb
train/images/1409171742-0010-R.jpg,1409171742-0010-R_crop_003.jpg,train,0.011545856,1960,0,2592,683,2212,277,2340,405,mp_idb
train/images/1409171742-0010-R.jpg,1409171742-0010-R_crop_004.jpg,train,0.0112722255,1979,1561,2592,1944,2221,1688,2349,1816,mp_idb
train/images/1409171742-0010-R.jpg,1409171742-0010-R_crop_005.jpg,train,0.011097015,0,21,212,455,42,174,170,302,mp_idb
train/images/1409171742-0010-R.jpg,1409171742-0010-R_crop_006.jpg,train,0.0108439,1724,1557,2592,1944,2094,1686,2222,1814,mp_idb
train/images/1409171742-0010-R.jpg,1409171742-0010-R_crop_007.jpg,train,0.010804848,2031,0,2592,242,2247,57,2375,185,mp_idb
train/images/1409171742-0010-R.jpg,1409171742-0010-R_crop_008.jpg,train,0.010804058,1992,1399,2592,1944,2228,1607,2356,1735,mp_idb
train/images/1409171742-0010-R.jpg,1409171742-0010-R_crop_009.jpg,train,0.010743846,1467,1528,2472,1944,1905,1672,2033,1800,mp_idb
train/images/1409171742-0010-R.jpg,1409171742-0010-R_crop_010.jpg,train,0.010713223,67,1520,1058,1944,498,1668,626,1796,mp_idb
train/images/1409171742-0010-R.jpg,1409171742-0010-R_crop_011.jpg,train,0.010690933,1211,1520,2217,1944,1650,1668,1778,1796,mp_idb
train/images/1409171742-0010-R.jpg,1409171742-0010-R_crop_012.jpg,train,0.010613424,1981,1280,2592,1944,2222,1548,2350,1676,mp_idb
train/images/1409171742-0010-R.jpg,1409171742-0010-R_crop_013.jpg,train,0.010595713,1981,247,2592,1027,2222,573,2350,701,mp_idb
train/images/1409171742-0010-R.jpg,1409171742-0010-R_crop_014.jpg,train,0.010590695,951,1510,1969,1944,1396,1663,1524,1791,mp_idb
train/images/1409171742-0010-R.jpg,1409171742-0010-R_crop_015.jpg,train,0.01056176,1985,502,2592,1290,2224,832,2352,960,mp_idb
train/images/1409171742-0010-R.jpg,1409171742-0010-R_crop_016.jpg,train,0.010531074,1982,756,2592,1553,2223,1090,2351,1218,mp_idb
train/images/1409171742-0010-R.jpg,1409171742-0010-R_crop_017.jpg,train,0.010521558,1985,1015,2592,1799,2224,1343,2352,1471,mp_idb
train/images/1409171742-0010-R.jpg,1409171742-0010-R_crop_018.jpg,train,0.010511777,305,1506,1326,1944,751,1661,879,1789,mp_idb
train/images/1409171742-0010-R.jpg,1409171742-0010-R_crop_019.jpg,train,0.010510404,567,1490,1586,1944,1012,1653,1140,1781,mp_idb
train/images/1409171742-0010-R.jpg,1409171742-0010-R_crop_020.jpg,train,0.010371024,2017,0,2592,498,2240,185,2368,313,mp_idb
train/images/1409171742-0010-R.jpg,1409171742-0010-R_crop_021.jpg,train,0.010345035,0,3,531,333,201,104,329,232,mp_idb
train/images/1409171742-0010-R.jpg,1409171742-0010-R_crop_022.jpg,train,0.010260188,0,1579,208,1944,40,1697,168,1825,mp_idb
train/images/1409171742-0010-R.jpg,1409171742-0010-R_crop_023.jpg,train,0.010075276,0,66,215,586,43,262,171,390,mp_idb
train/images/1409171742-0009-R.jpg,1409171742-0009-R_crop_000.jpg,train,0.012908614,0,6,233,329,52,103,180,231,mp_idb
train/images/1409171742-0009-R.jpg,1409171742-0009-R_crop_001.jpg,train,0.012148611,0,1527,475,1944,173,1671,301,1799,mp_idb
train/images/1409171742-0009-R.jpg,1409171742-0009-R_crop_002.jpg,train,0.011851814,0,1572,800,1944,336,1694,464,1822,mp_idb
train/images/1409171742-0009-R.jpg,1409171742-0009-R_crop_003.jpg,train,0.0116303675,1970,0,2592,662,2217,267,2345,395,mp_idb
train/images/1409171742-0009-R.jpg,1409171742-0009-R_crop_004.jpg,train,0.011282769,0,18,214,458,43,174,171,302,mp_idb
train/images/1409171742-0009-R.jpg,1409171742-0009-R_crop_005.jpg,train,0.011220686,1970,1556,2592,1944,2217,1686,2345,1814,mp_idb
train/images/1409171742-0009-R.jpg,1409171742-0009-R_crop_006.jpg,train,0.01081927,1982,1397,2592,1944,2223,1606,2351,1734,mp_idb
train/images/1409171742-0009-R.jpg,1409171742-0009-R_crop_007.jpg,train,0.01080472,1727,1555,2592,1944,2095,1685,2223,1813,mp_idb
train/images/1409171742-0009-R.jpg,1409171742-0009-R_crop_008.jpg,train,0.010746863,67,1510,1059,1944,499,1663,627,1791,mp_idb
train/images/1409171742-0009-R.jpg,1409171742-0009-R_crop_009.jpg,train,0.01072759,2045,0,2592,246,2254,59,2382,187,mp_idb
train/images/1409171742-0009-R.jpg,1409171742-0009-R_crop_010.jpg,train,0.01070466,1469,1522,2480,1944,1910,1669,2038,1797,mp_idb
train/images/1409171742-0009-R.jpg,1409171742-0009-R_crop_011.jpg,train,0.010695584,1212,1509,2225,1944,1654,1662,1782,1790,mp_idb
train/images/1409171742-0009-R.jpg,1409171742-0009-R_crop_012.jpg,train,0.010680327,956,1501,1974,1944,1401,1658,1529,1786,mp_idb
train/images/1409171742-0009-R.jpg,1409171742-0009-R_crop_013.jpg,train,0.010673381,698,1501,1718,1944,1144,1658,1272,1786,mp_idb
train/images/1409171742-0009-R.jpg,1409171742-0009-R_crop_014.jpg,train,0.010669077,441,1506,1453,1944,883,1661,1011,1789,mp_idb
train/images/1409171742-0009-R.jpg,1409171742-0009-R_crop_015.jpg,train,0.010625328,1973,1273,2592,1944,2218,1544,2346,1672,mp_idb
train/images/1409171742-0009-R.jpg,1409171742-0009-R_crop_016.jpg,train,0.010608098,1974,246,2592,1030,2219,574,2347,702,mp_idb
train/images/1409171742-0009-R.jpg,1409171742-0009-R_crop_017.jpg,train,0.010564286,1974,501,2592,1286,2219,829,2347,957,mp_idb
train/images/1409171742-0009-R.jpg,1409171742-0009-R_crop_018.jpg,train,0.010557286,1977,754,2592,1546,2220,1086,2348,1214,mp_idb
train/images/1409171742-0009-R.jpg,1409171742-0009-R_crop_019.jpg,train,0.010539807,1980,1015,2592,1802,2222,1344,2350,1472,mp_idb
train/images/1409171742-0009-R.jpg,1409171742-0009-R_crop_020.jpg,train,0.010304069,0,60,217,583,44,257,172,385,mp_idb
train/images/1409171742-0009-R.jpg,1409171742-0009-R_crop_021.jpg,train,0.010266586,2031,0,2592,486,2247,179,2375,307,mp_idb
train/images/1409171742-0009-R.jpg,1409171742-0009-R_crop_022.jpg,train,0.010206241,0,1563,207,1944,39,1689,167,1817,mp_idb
train/images/1409171742-0009-R.jpg,1409171742-0009-R_crop_023.jpg,train,0.010176145,0,3,556,333,214,104,342,232,mp_idb
train/images/1701151546-0005-R.jpg,1701151546-0005-R_crop_000.jpg,train,0.020496821,2218,0,2592,1362,2341,617,2469,745,mp_idb
train/images/1701151546-0005-R.jpg,1701151546-0005-R_crop_001.jpg,train,0.019551704,2262,590,2592,1944,2363,1203,2491,1331,mp_idb
train/images/1701151546-0005-R.jpg,1701151546-0005-R_crop_002.jpg,train,0.01870605,2247,193,2592,1897,2355,981,2483,1109,mp_idb
train/images/1701151546-0005-R.jpg,1701151546-0005-R_crop_003.jpg,train,0.015760045,2278,969,2592,1944,2371,1392,2499,1520,mp_idb
train/images/1701151546-0005-R.jpg,1701151546-0005-R_crop_004.jpg,train,0.014866548,2016,1193,2592,1944,2240,1504,2368,1632,mp_idb
train/images/1701151546-0005-R.jpg,1701151546-0005-R_crop_005.jpg,train,0.012609516,0,3,241,354,56,114,184,242,mp_idb
train/images/1701151546-0005-R.jpg,1701151546-0005-R_crop_006.jpg,train,0.012192043,2078,0,2592,1210,2271,541,2399,669,mp_idb
train/images/1701151546-0005-R.jpg,1701151546-0005-R_crop_007.jpg,train,0.01170291,0,23,1273,795,572,345,700,473,mp_idb
train/images/1701151546-0005-R.jpg,1701151546-0005-R_crop_008.jpg,train,0.011511601,0,14,212,531,42,208,170,336,mp_idb
train/images/1701151546-0005-R.jpg,1701151546-0005-R_crop_009.jpg,train,0.011386556,0,20,527,674,199,283,327,411,mp_idb
train/images/1701151546-0005-R.jpg,1701151546-0005-R_crop_010.jpg,train,0.011231834,0,1219,956,1944,414,1517,542,1645,mp_idb
train/images/1701151546-0005-R.jpg,1701151546-0005-R_crop_011.jpg,train,0.0112045305,0,1339,539,1944,205,1577,333,1705,mp_idb
train/images/1701151546-0005-R.jpg,1701151546-0005-R_crop_012.jpg,train,0.010783978,2396,0,2583,1360,2425,616,2553,744,mp_idb
train/images/1701151546-0005-R.jpg,1701151546-0005-R_crop_013.jpg,train,0.010643896,1508,3,2580,1161,1980,518,2108,646,mp_idb
train/images/1701151546-0005-R.jpg,1701151546-0005-R_crop_014.jpg,train,0.010579279,0,1575,217,1944,44,1695,172,1823,mp_idb
train/images/1701151546-0005-R.jpg,1701151546-0005-R_crop_015.jpg,train,0.010539484,1226,5,2592,561,1845,219,1973,347,mp_idb
train/images/1701151546-0005-R.jpg,1701151546-0005-R_crop_016.jpg,train,0.01045705,1114,20,2584,1375,1785,633,1913,761,mp_idb
train/images/1701151546-0005-R.jpg,1701151546-0005-R_crop_017.jpg,train,0.010215513,991,25,2587,801,1725,349,1853,477,mp_idb
train/images/1701151546-0005-R.jpg,1701151546-0005-R_crop_018.jpg,train,0.0102055855,1427,1182,2587,1944,1943,1499,2071,1627,mp_idb
train/images/1701151546-0005-R.jpg,1701151546-0005-R_crop_019.jpg,train,0.010193671,100,1047,2087,1944,1029,1431,1157,1559,mp_idb
train/images/1701151546-0005-R.jpg,1701151546-0005-R_crop_020.jpg,train,0.010191521,365,1088,2502,1944,1369,1452,1497,1580,mp_idb
train/images/1701151546-0005-R.jpg,1701151546-0005-R_crop_021.jpg,train,0.010036452,0,1016,1245,1944,558,1416,686,1544,mp_idb
train/images/1701151546-0005-R.jpg,1701151546-0005-R_crop_022.jpg,train,0.010011392,0,1500,208,1944,40,1658,168,1786,mp_idb
train/images/1701151546-0005-R.jpg,1701151546-0005-R_crop_023.jpg,train,0.010010035,890,1106,2592,1944,1677,1461,1805,1589,mp_idb
train/images/1704282807-0016-R.jpg,1704282807-0016-R_crop_000.jpg,train,0.012691756,0,5,227,333,49,105,177,233,mp_idb
train/images/1704282807-0016-R.jpg,1704282807-0016-R_crop_001.jpg,train,0.012047592,0,1568,455,1944,163,1692,291,1820,mp_idb
train/images/1704282807-0016-R.jpg,1704282807-0016-R_crop_002.jpg,train,0.011752938,0,1587,803,1944,337,1701,465,1829,mp_idb
train/images/1704282807-0016-R.jpg,1704282807-0016-R_crop_003.jpg,train,0.011500655,1946,0,2592,673,2205,272,2333,400,mp_idb
train/images/1704282807-0016-R.jpg,1704282807-0016-R_crop_004.jpg,train,0.011187827,1982,1531,2592,1944,2223,1673,2351,1801,mp_idb
train/images/1704282807-0016-R.jpg,1704282807-0016-R_crop_005.jpg,train,0.010898929,0,20,210,450,41,171,169,299,mp_idb
train/images/1704282807-0016-R.jpg,1704282807-0016-R_crop_006.jpg,train,0.010822318,67,1510,1060,1944,499,1663,627,1791,mp_idb
train/images/1704282807-0016-R.jpg,1704282807-0016-R_crop_007.jpg,train,0.0107972715,702,1489,1717,1944,1145,1652,1273,1780,mp_idb
train/images/1704282807-0016-R.jpg,1704282807-0016-R_crop_008.jpg,train,0.010759015,440,1499,1449,1944,880,1657,1008,1785,mp_idb
train/images/1704282807-0016-R.jpg,1704282807-0016-R_crop_009.jpg,train,0.01073251,1740,1508,2592,1944,2102,1662,2230,1790,mp_idb
train/images/1704282807-0016-R.jpg,1704282807-0016-R_crop_010.jpg,train,0.010721225,963,1483,1977,1944,1406,1649,1534,1777,mp_idb
train/images/1704282807-0016-R.jpg,1704282807-0016-R_crop_011.jpg,train,0.010706711,2017,0,2592,242,2240,57,2368,185,mp_idb
train/images/1704282807-0016-R.jpg,1704282807-0016-R_crop_012.jpg,train,0.010693667,1350,1488,2360,1944,1791,1652,1919,1780,mp_idb
train/images/1704282807-0016-R.jpg,1704282807-0016-R_crop_013.jpg,train,0.010556335,1962,1261,2592,1944,2213,1538,2341,1666,mp_idb
train/images/1704282807-0016-R.jpg,1704282807-0016-R_crop_014.jpg,train,0.010541061,1965,231,2592,1063,2214,583,2342,711,mp_idb
train/images/1704282807-0016-R.jpg,1704282807-0016-R_crop_015.jpg,train,0.010539703,1965,485,2592,1325,2214,841,2342,969,mp_idb
train/images/1704282807-0016-R.jpg,1704282807-0016-R_crop_016.jpg,train,0.010537783,1962,741,2592,1587,2213,1100,2341,1228,mp_idb
train/images/1704282807-0016-R.jpg,1704282807-0016-R_crop_017.jpg,train,0.010518838,1965,998,2592,1841,2214,1355,2342,1483,mp_idb
train/images/1704282807-0016-R.jpg,1704282807-0016-R_crop_018.jpg,train,0.010413659,2004,0,2592,503,2234,187,2362,315,mp_idb
train/images/1704282807-0016-R.jpg,1704282807-0016-R_crop_019.jpg,train,0.010157119,0,1557,208,1944,40,1686,168,1814,mp_idb
train/images/1704282807-0016-R.jpg,1704282807-0016-R_crop_020.jpg,train,0.010049565,0,2,558,336,215,105,343,233,mp_idb
train/images/1307210661-0004-R.jpg,1307210661-0004-R_crop_000.jpg,train,0.022039993,2231,461,2592,1944,2347,1138,2475,1266,mp_idb
train/images/1307210661-0004-R.jpg,1307210661-0004-R_crop_001.jpg,train,0.02149153,2221,0,2592,1374,2342,623,2470,751,mp_idb
train/images/1307210661-0004-R.jpg,1307210661-0004-R_crop_002.jpg,train,0.020679612,2258,715,2592,1944,2361,1265,2489,1393,mp_idb
train/images/1307210661-0004-R.jpg,1307210661-0004-R_crop_003.jpg,train,0.019145926,2237,62,2592,1806,2350,870,2478,998,mp_idb
train/images/1307210661-0004-R.jpg,1307210661-0004-R_crop_004.jpg,train,0.01693281,2025,1224,2591,1944,2244,1520,2372,1648,mp_idb
train/images/1307210661-0004-R.jpg,1307210661-0004-R_crop_005.jpg,train,0.016258758,2287,973,2592,1944,2375,1394,2503,1522,mp_idb
train/images/1307210661-0004-R.jpg,1307210661-0004-R_crop_006.jpg,train,0.012437975,0,4,235,347,53,111,181,239,mp_idb
train/images/1307210661-0004-R.jpg,1307210661-0004-R_crop_007.jpg,train,0.011328629,0,22,1131,754,501,324,629,452,mp_idb
train/images/1307210661-0004-R.jpg,1307210661-0004-R_crop_008.jpg,train,0.011240983,0,14,212,516,42,201,170,329,mp_idb
train/images/1307210661-0004-R.jpg,1307210661-0004-R_crop_009.jpg,train,0.011155622,0,1311,905,1944,388,1563,516,1691,mp_idb
train/images/1307210661-0004-R.jpg,1307210661-0004-R_crop_010.jpg,train,0.0110325655,0,1204,475,1944,173,1510,301,1638,mp_idb
train/images/1307210661-0004-R.jpg,1307210661-0004-R_crop_011.jpg,train,0.010654497,0,18,533,673,202,281,330,409,mp_idb
train/images/1307210661-0004-R.jpg,1307210661-0004-R_crop_012.jpg,train,0.01057231,0,1567,220,1944,46,1691,174,1819,mp_idb
train/images/1307210661-0004-R.jpg,1307210661-0004-R_crop_013.jpg,train,0.010338804,0,1090,1182,1944,527,1453,655,1581,mp_idb
train/images/1307210661-0004-R.jpg,1307210661-0004-R_crop_014.jpg,train,0.010306631,184,1118,1924,1944,990,1467,1118,1595,mp_idb
train/images/1307210661-0004-R.jpg,1307210661-0004-R_crop_015.jpg,train,0.010243123,616,1120,2429,1944,1458,1468,1586,1596,mp_idb
train/images/1307210661-0004-R.jpg,1307210661-0004-R_crop_016.jpg,train,0.010233116,1594,1210,2585,1944,2025,1513,2153,1641,mp_idb
train/images/1307210661-0004-R.jpg,1307210661-0004-R_crop_017.jpg,train,0.010192998,2069,0,2592,1217,2266,544,2394,672,mp_idb
train/images/1307210661-0004-R.jpg,1307210661-0004-R_crop_018.jpg,train,0.0101924585,988,1124,2592,1944,1726,1470,1854,1598,mp_idb
train/images/1409191647-0009-R.jpg,1409191647-0009-R_crop_000.jpg,train,0.012960391,0,6,229,327,50,102,178,230,mp_idb
train/images/1409191647-0009-R.jpg,1409191647-0009-R_crop_001.jpg,train,0.012076918,0,1521,443,1944,157,1668,285,1796,mp_idb
train/images/1409191647-0009-R.jpg,1409191647-0009-R_crop_002.jpg,train,0.011792576,0,1573,792,1944,332,1694,460,1822,mp_idb
train/images/1409191647-0009-R.jpg,1409191647-0009-R_crop_003.jpg,train,0.011461016,1967,0,2592,676,2215,274,2343,402,mp_idb
train/images/1409191647-0009-R.jpg,1409191647-0009-R_crop_004.jpg,train,0.011362566,0,20,213,461,42,176,170,304,mp_idb
train/images/1409191647-0009-R.jpg,1409191647-0009-R_crop_005.jpg,train,0.011249959,1969,1555,2592,1944,2216,1685,2344,1813,mp_idb
train/images/1409191647-0009-R.jpg,1409191647-0009-R_crop_006.jpg,train,0.01092632,948,1489,1969,1944,1394,1652,1522,1780,mp_idb
train/images/1409191647-0009-R.jpg,1409191647-0009-R_crop_007.jpg,train,0.010906077,691,1487,1710,1944,1136,1651,1264,1779,mp_idb
train/images/1409191647-0009-R.jpg,1409191647-0009-R_crop_008.jpg,train,0.010898565,1206,1494,2225,1944,1651,1655,1779,1783,mp_idb
train/images/1409191647-0009-R.jpg,1409191647-0009-R_crop_009.jpg,train,0.010884673,64,1504,1061,1944,498,1660,626,1788,mp_idb
train/images/1409191647-0009-R.jpg,1409191647-0009-R_crop_010.jpg,train,0.010849544,435,1488,1453,1944,880,1652,1008,1780,mp_idb
train/images/1409191647-0009-R.jpg,1409191647-0009-R_crop_011.jpg,train,0.010849303,1727,1536,2592,1944,2095,1676,2223,1804,mp_idb
train/images/1409191647-0009-R.jpg,1409191647-0009-R_crop_012.jpg,train,0.010819331,1468,1500,2480,1944,1910,1658,2038,1786,mp_idb
train/images/1409191647-0009-R.jpg,1409191647-0009-R_crop_013.jpg,train,0.010775878,2053,0,2592,251,2258,61,2386,189,mp_idb
train/images/1409191647-0009-R.jpg,1409191647-0009-R_crop_014.jpg,train,0.010761847,1976,1390,2592,1944,2220,1603,2348,1731,mp_idb
train/images/1409191647-0009-R.jpg,1409191647-0009-R_crop_015.jpg,train,0.010642902,1988,505,2592,1274,2226,825,2354,953,mp_idb
train/images/1409191647-0009-R.jpg,1409191647-0009-R_crop_016.jpg,train,0.010632107,1982,246,2592,1024,2223,571,2351,699,mp_idb
train/images/1409191647-0009-R.jpg,1409191647-0009-R_crop_017.jpg,train,0.010615308,1982,761,2592,1546,2223,1089,2351,1217,mp_idb
train/images/1409191647-0009-R.jpg,1409191647-0009-R_crop_018.jpg,train,0.010532539,1974,1009,2592,1816,2219,1348,2347,1476,mp_idb
train/images/1409191647-0009-R.jpg,1409191647-0009-R_crop_019.jpg,train,0.010272256,0,1562,208,1944,40,1689,168,1817,mp_idb
train/images/1409191647-0009-R.jpg,1409191647-0009-R_crop_020.jpg,train,0.010256794,0,58,216,596,44,263,172,391,mp_idb
train/images/1409191647-0009-R.jpg,1409191647-0009-R_crop_021.jpg,train,0.010227033,2038,0,2592,491,2251,181,2379,309,mp_idb
train/images/1409191647-0009-R.jpg,1409191647-0009-R_crop_022.jpg,train,0.010139874,0,3,526,329,199,102,327,230,mp_idb
train/images/1305121398-0010-S.jpg,1305121398-0010-S_crop_000.jpg,train,0.02069859,2220,0,2592,1370,2342,621,2470,749,mp_idb
train/images/1305121398-0010-S.jpg,1305121398-0010-S_crop_001.jpg,train,0.01961779,2234,588,2592,1944,2349,1202,2477,1330,mp_idb
train/images/1305121398-0010-S.jpg,1305121398-0010-S_crop_002.jpg,train,0.019153303,2213,329,2592,1944,2338,1072,2466,1200,mp_idb
train/images/1305121398-0010-S.jpg,1305121398-0010-S_crop_003.jpg,train,0.015612679,2017,1227,2591,1944,2240,1521,2368,1649,mp_idb
train/images/1305121398-0010-S.jpg,1305121398-0010-S_crop_004.jpg,train,0.015200601,2275,973,2592,1944,2369,1394,2497,1522,mp_idb
train/images/1305121398-0010-S.jpg,1305121398-0010-S_crop_005.jpg,train,0.012431071,0,5,241,347,56,112,184,240,mp_idb
train/images/1305121398-0010-S.jpg,1305121398-0010-S_crop_006.jpg,train,0.011073779,0,14,216,528,44,207,172,335,mp_idb
train/images/1305121398-0010-S.jpg,1305121398-0010-S_crop_007.jpg,train,0.010946219,0,22,1056,727,464,310,592,438,mp_idb
train/images/1305121398-0010-S.jpg,1305121398-0010-S_crop_008.jpg,train,0.010891391,0,1345,879,1944,375,1580,503,1708,mp_idb
train/images/1305121398-0010-S.jpg,1305121398-0010-S_crop_009.jpg,train,0.010822272,0,1235,472,1944,172,1525,300,1653,mp_idb
train/images/1305121398-0010-S.jpg,1305121398-0010-S_crop_010.jpg,train,0.010618407,2085,0,2592,1213,2274,542,2402,670,mp_idb
train/images/1305121398-0010-S.jpg,1305121398-0010-S_crop_011.jpg,train,0.010434175,0,1547,225,1944,48,1681,176,1809,mp_idb
train/images/1305121398-0010-S.jpg,1305121398-0010-S_crop_012.jpg,train,0.01037756,1619,1227,2586,1944,2038,1521,2166,1649,mp_idb
train/images/1305121398-0010-S.jpg,1305121398-0010-S_crop_013.jpg,train,0.010375445,0,17,556,655,214,272,342,400,mp_idb
train/images/1305121398-0010-S.jpg,1305121398-0010-S_crop_014.jpg,train,0.01031576,638,1098,2375,1944,1442,1457,1570,1585,mp_idb
train/images/1305121398-0010-S.jpg,1305121398-0010-S_crop_015.jpg,train,0.01026932,1088,1119,2588,1944,1774,1467,1902,1595,mp_idb
train/images/1305121398-0010-S.jpg,1305121398-0010-S_crop_016.jpg,train,0.010203736,277,1071,2068,1944,1108,1443,1236,1571,mp_idb
train/images/1305121398-0010-S.jpg,1305121398-0010-S_crop_017.jpg,train,0.010054433,1373,21,2584,1404,1914,648,2042,776,mp_idb
train/images/1701151546-0011-R_T.jpg,1701151546-0011-R_T_crop_000.jpg,train,0.019680837,2255,590,2592,1944,2359,1203,2487,1331,mp_idb
train/images/1701151546-0011-R_T.jpg,1701151546-0011-R_T_crop_001.jpg,train,0.018706365,2147,21,2592,1351,2305,622,2433,750,mp_idb
train/images/1701151546-0011-R_T.jpg,1701151546-0011-R_T_crop_002.jpg,train,0.018151004,2242,193,2592,1900,2353,982,2481,1110,mp_idb
train/images/1701151546-0011-R_T.jpg,1701151546-0011-R_T_crop_003.jpg,train,0.015365941,2270,976,2592,1944,2367,1396,2495,1524,mp_idb
train/images/1701151546-0011-R_T.jpg,1701151546-0011-R_T_crop_004.jpg,train,0.014718266,2013,1185,2591,1944,2238,1500,2366,1628,mp_idb
train/images/1701151546-0011-R_T.jpg,1701151546-0011-R_T_crop_005.jpg,train,0.012630092,0,5,233,356,52,116,180,244,mp_idb
train/images/1701151546-0011-R_T.jpg,1701151546-0011-R_T_crop_006.jpg,train,0.011562116,0,24,1267,762,569,329,697,457,mp_idb
train/images/1701151546-0011-R_T.jpg,1701151546-0011-R_T_crop_007.jpg,train,0.011377741,0,1202,947,1944,409,1509,537,1637,mp_idb
train/images/1701151546-0011-R_T.jpg,1701151546-0011-R_T_crop_008.jpg,train,0.011164736,0,16,211,508,41,198,169,326,mp_idb
train/images/1701151546-0011-R_T.jpg,1701151546-0011-R_T_crop_009.jpg,train,0.011126309,0,1276,518,1944,195,1546,323,1674,mp_idb
train/images/1701151546-0011-R_T.jpg,1701151546-0011-R_T_crop_010.jpg,train,0.011027723,0,24,485,654,178,275,306,403,mp_idb
train/images/1701151546-0011-R_T.jpg,1701151546-0011-R_T_crop_011.jpg,train,0.010566075,0,1570,219,1944,45,1693,173,1821,mp_idb
train/images/1701151546-0011-R_T.jpg,1701151546-0011-R_T_crop_012.jpg,train,0.010509838,2395,0,2583,1369,2425,620,2553,748,mp_idb
train/images/1701151546-0011-R_T.jpg,1701151546-0011-R_T_crop_013.jpg,train,0.010344582,1447,1156,2587,1944,1953,1486,2081,1614,mp_idb
train/images/1701151546-0011-R_T.jpg,1701151546-0011-R_T_crop_014.jpg,train,0.010238623,426,1094,2453,1944,1375,1455,1503,1583,mp_idb
train/images/1701151546-0011-R_T.jpg,1701151546-0011-R_T_crop_015.jpg,train,0.010157895,63,1078,1937,1944,936,1447,1064,1575,mp_idb
train/images/1701151546-0011-R_T.jpg,1701151546-0011-R_T_crop_016.jpg,train,0.010120925,0,1031,1407,1944,639,1423,767,1551,mp_idb
train/images/1701151546-0011-R_T.jpg,1701151546-0011-R_T_crop_017.jpg,train,0.010091201,978,1096,2592,1944,1721,1456,1849,1584,mp_idb
train/images/1701151546-0011-R_T.jpg,1701151546-0011-R_T_crop_018.jpg,train,0.010036267,0,826,214,1421,43,1059,171,1187,mp_idb
train/images/1701151546-0011-R_T.jpg,1701151546-0011-R_T_crop_019.jpg,train,0.010015755,0,682,212,1315,42,934,170,1062,mp_idb
train/images/1409191647-0010-R.jpg,1409191647-0010-R_crop_000.jpg,train,0.012913111,0,7,226,327,49,103,177,231,mp_idb
train/images/1409191647-0010-R.jpg,1409191647-0010-R_crop_001.jpg,train,0.012145311,0,1546,425,1944,148,1681,276,1809,mp_idb
train/images/1409191647-0010-R.jpg,1409191647-0010-R_crop_002.jpg,train,0.011820548,0,1583,794,1944,333,1699,461,1827,mp_idb
train/images/1409191647-0010-R.jpg,1409191647-0010-R_crop_003.jpg,train,0.011494753,1968,0,2592,665,2216,268,2344,396,mp_idb
train/images/1409191647-0010-R.jpg,1409191647-0010-R_crop_004.jpg,train,0.01129378,1975,1568,2592,1944,2219,1692,2347,1820,mp_idb
train/images/1409191647-0010-R.jpg,1409191647-0010-R_crop_005.jpg,train,0.010962007,563,1486,1583,1944,1009,1651,1137,1779,mp_idb
train/images/1409191647-0010-R.jpg,1409191647-0010-R_crop_006.jpg,train,0.010937807,64,1509,1062,1944,499,1662,627,1790,mp_idb
train/images/1409191647-0010-R.jpg,1409191647-0010-R_crop_007.jpg,train,0.010935275,0,22,211,451,41,172,169,300,mp_idb
train/images/1409191647-0010-R.jpg,1409191647-0010-R_crop_008.jpg,train,0.010922075,948,1491,1969,1944,1394,1653,1522,1781,mp_idb
train/images/1409191647-0010-R.jpg,1409191647-0010-R_crop_009.jpg,train,0.010894145,1725,1543,2592,1944,2094,1679,2222,1807,mp_idb
train/images/1409191647-0010-R.jpg,1409191647-0010-R_crop_010.jpg,train,0.0108855525,308,1496,1321,1944,750,1656,878,1784,mp_idb
train/images/1409191647-0010-R.jpg,1409191647-0010-R_crop_011.jpg,train,0.010866085,1206,1496,2224,1944,1651,1656,1779,1784,mp_idb
train/images/1409191647-0010-R.jpg,1409191647-0010-R_crop_012.jpg,train,0.010823756,1467,1505,2480,1944,1909,1660,2037,1788,mp_idb
train/images/1409191647-0010-R.jpg,1409191647-0010-R_crop_013.jpg,train,0.01076763,1983,1395,2592,1944,2223,1605,2351,1733,mp_idb
train/images/1409191647-0010-R.jpg,1409191647-0010-R_crop_014.jpg,train,0.010745453,2037,0,2592,246,2250,59,2378,187,mp_idb
train/images/1409191647-0010-R.jpg,1409191647-0010-R_crop_015.jpg,train,0.01058253,1971,1272,2592,1944,2217,1544,2345,1672,mp_idb
train/images/1409191647-0010-R.jpg,1409191647-0010-R_crop_016.jpg,train,0.010578397,1980,246,2592,1026,2222,572,2350,700,mp_idb
train/images/1409191647-0010-R.jpg,1409191647-0010-R_crop_017.jpg,train,0.010564661,1979,882,2592,1668,2221,1211,2349,1339,mp_idb
train/images/1409191647-0010-R.jpg,1409191647-0010-R_crop_018.jpg,train,0.0105273975,1980,630,2592,1414,2222,958,2350,1086,mp_idb
train/images/1409191647-0010-R.jpg,1409191647-0010-R_crop_019.jpg,train,0.01028137,2025,0,2592,483,2244,177,2372,305,mp_idb
train/images/1409191647-0010-R.jpg,1409191647-0010-R_crop_020.jpg,train,0.010239247,0,3,539,331,205,103,333,231,mp_idb
train/images/1409191647-0010-R.jpg,1409191647-0010-R_crop_021.jpg,train,0.010234338,0,1565,209,1944,40,1690,168,1818,mp_idb
train/images/1405022890-0004-R.jpg,1405022890-0004-R_crop_000.jpg,train,0.021974603,2245,459,2592,1944,2354,1137,2482,1265,mp_idb
train/images/1405022890-0004-R.jpg,1405022890-0004-R_crop_001.jpg,train,0.020961076,2201,8,2592,1372,2332,626,2460,754,mp_idb
train/images/1405022890-0004-R.jpg,1405022890-0004-R_crop_002.jpg,train,0.02014937,2223,62,2592,1804,2343,869,2471,997,mp_idb
train/images/1405022890-0004-R.jpg,1405022890-0004-R_crop_003.jpg,train,0.020017492,2269,845,2592,1944,2366,1330,2494,1458,mp_idb
train/images/1405022890-0004-R.jpg,1405022890-0004-R_crop_004.jpg,train,0.016586542,2027,1226,2591,1944,2245,1521,2373,1649,mp_idb
train/images/1405022890-0004-R.jpg,1405022890-0004-R_crop_005.jpg,train,0.012434344,0,5,231,335,51,106,179,234,mp_idb
train/images/1405022890-0004-R.jpg,1405022890-0004-R_crop_006.jpg,train,0.01125526,0,14,211,507,41,196,169,324,mp_idb
train/images/1405022890-0004-R.jpg,1405022890-0004-R_crop_007.jpg,train,0.011169581,0,21,1214,752,543,322,671,450,mp_idb
train/images/1405022890-0004-R.jpg,1405022890-0004-R_crop_008.jpg,train,0.011096062,0,1307,873,1944,372,1561,500,1689,mp_idb
train/images/1405022890-0004-R.jpg,1405022890-0004-R_crop_009.jpg,train,0.011060075,0,1192,448,1944,160,1504,288,1632,mp_idb
train/images/1405022890-0004-R.jpg,1405022890-0004-R_crop_010.jpg,train,0.010554627,0,1565,220,1944,46,1690,174,1818,mp_idb
train/images/1405022890-0004-R.jpg,1405022890-0004-R_crop_011.jpg,train,0.010554537,0,18,534,672,203,281,331,409,mp_idb
train/images/1405022890-0004-R.jpg,1405022890-0004-R_crop_012.jpg,train,0.010390849,198,1110,1859,1944,964,1463,1092,1591,mp_idb
train/images/1405022890-0004-R.jpg,1405022890-0004-R_crop_013.jpg,train,0.010360909,1623,1214,2584,1944,2039,1515,2167,1643,mp_idb
train/images/1405022890-0004-R.jpg,1405022890-0004-R_crop_014.jpg,train,0.010337554,0,1075,1142,1944,507,1445,635,1573,mp_idb
train/images/1405022890-0004-R.jpg,1405022890-0004-R_crop_015.jpg,train,0.010316476,651,1119,2446,1944,1484,1467,1612,1595,mp_idb
train/images/1405022890-0004-R.jpg,1405022890-0004-R_crop_016.jpg,train,0.010297909,1294,1205,2583,1944,1874,1510,2002,1638,mp_idb
train/images/1405022890-0004-R.jpg,1405022890-0004-R_crop_017.jpg,train,0.01028918,1037,1122,2592,1944,1750,1469,1878,1597,mp_idb
train/images/1405022890-0004-R.jpg,1405022890-0004-R_crop_018.jpg,train,0.010081507,0,1,1156,1054,514,463,642,591,mp_idb
train/images/1704282807-0013-R_T.jpg,1704282807-0013-R_T_crop_000.jpg,train,0.012736593,0,6,228,333,50,105,178,233,mp_idb
train/images/1704282807-0013-R_T.jpg,1704282807-0013-R_T_crop_001.jpg,train,0.0120235225,0,1559,458,1944,165,1687,293,1815,mp_idb
train/images/1704282807-0013-R_T.jpg,1704282807-0013-R_T_crop_002.jpg,train,0.011695942,0,1585,817,1944,344,1700,472,1828,mp_idb
train/images/1704282807-0013-R_T.jpg,1704282807-0013-R_T_crop_003.jpg,train,0.011540463,1947,0,2592,655,2205,263,2333,391,mp_idb
train/images/1704282807-0013-R_T.jpg,1704282807-0013-R_T_crop_004.jpg,train,0.0112345405,1977,1558,2592,1944,2220,1687,2348,1815,mp_idb
train/images/1704282807-0013-R_T.jpg,1704282807-0013-R_T_crop_005.jpg,train,0.010901186,0,20,211,460,41,176,169,304,mp_idb
train/images/1704282807-0013-R_T.jpg,1704282807-0013-R_T_crop_006.jpg,train,0.0108641535,1974,1400,2592,1944,2219,1608,2347,1736,mp_idb
train/images/1704282807-0013-R_T.jpg,1704282807-0013-R_T_crop_007.jpg,train,0.010838905,67,1540,1066,1944,502,1678,630,1806,mp_idb
train/images/1704282807-0013-R_T.jpg,1704282807-0013-R_T_crop_008.jpg,train,0.010815163,1732,1539,2592,1944,2098,1677,2226,1805,mp_idb
train/images/1704282807-0013-R_T.jpg,1704282807-0013-R_T_crop_009.jpg,train,0.010758513,438,1541,1456,1944,883,1678,1011,1806,mp_idb
train/images/1704282807-0013-R_T.jpg,1704282807-0013-R_T_crop_010.jpg,train,0.010721387,1220,1519,2216,1944,1654,1667,1782,1795,mp_idb
train/images/1704282807-0013-R_T.jpg,1704282807-0013-R_T_crop_011.jpg,train,0.010720558,694,1522,1712,1944,1139,1669,1267,1797,mp_idb
train/images/1704282807-0013-R_T.jpg,1704282807-0013-R_T_crop_012.jpg,train,0.01070624,1475,1516,2480,1944,1913,1666,2041,1794,mp_idb
train/images/1704282807-0013-R_T.jpg,1704282807-0013-R_T_crop_013.jpg,train,0.010698375,1990,0,2592,240,2227,56,2355,184,mp_idb
train/images/1704282807-0013-R_T.jpg,1704282807-0013-R_T_crop_014.jpg,train,0.01069396,1975,246,2592,1028,2219,573,2347,701,mp_idb
train/images/1704282807-0013-R_T.jpg,1704282807-0013-R_T_crop_015.jpg,train,0.010670079,1974,497,2592,1272,2219,820,2347,948,mp_idb
train/images/1704282807-0013-R_T.jpg,1704282807-0013-R_T_crop_016.jpg,train,0.010651365,959,1513,1961,1944,1396,1664,1524,1792,mp_idb
train/images/1704282807-0013-R_T.jpg,1704282807-0013-R_T_crop_017.jpg,train,0.010646236,1972,759,2592,1547,2218,1089,2346,1217,mp_idb
train/images/1704282807-0013-R_T.jpg,1704282807-0013-R_T_crop_018.jpg,train,0.010609695,1964,1274,2592,1944,2214,1545,2342,1673,mp_idb
train/images/1704282807-0013-R_T.jpg,1704282807-0013-R_T_crop_019.jpg,train,0.010595473,1966,1012,2592,1817,2215,1350,2343,1478,mp_idb
train/images/1704282807-0013-R_T.jpg,1704282807-0013-R_T_crop_020.jpg,train,0.010134357,0,1558,209,1944,40,1687,168,1815,mp_idb
train/images/1704282807-0013-R_T.jpg,1704282807-0013-R_T_crop_021.jpg,train,0.010094908,0,2,563,341,217,107,345,235,mp_idb
train/images/1408161544-0001-S_R.jpg,1408161544-0001-S_R_crop_000.jpg,train,0.012591059,0,5,227,337,49,107,177,235,mp_idb
train/images/1408161544-0001-S_R.jpg,1408161544-0001-S_R_crop_001.jpg,train,0.011993962,0,1535,450,1944,161,1675,289,1803,mp_idb
train/images/1408161544-0001-S_R.jpg,1408161544-0001-S_R_crop_002.jpg,train,0.011633542,0,1588,805,1944,338,1702,466,1830,mp_idb
train/images/1408161544-0001-S_R.jpg,1408161544-0001-S_R_crop_003.jpg,train,0.011425091,1973,4,2592,656,2218,266,2346,394,mp_idb
train/images/1408161544-0001-S_R.jpg,1408161544-0001-S_R_crop_004.jpg,train,0.011243389,1986,1575,2592,1944,2225,1695,2353,1823,mp_idb
train/images/1408161544-0001-S_R.jpg,1408161544-0001-S_R_crop_005.jpg,train,0.011100097,952,1501,1986,1944,1405,1658,1533,1786,mp_idb
train/images/1408161544-0001-S_R.jpg,1408161544-0001-S_R_crop_006.jpg,train,0.011037181,1209,1502,2247,1944,1664,1659,1792,1787,mp_idb
train/images/1408161544-0001-S_R.jpg,1408161544-0001-S_R_crop_007.jpg,train,0.010988674,691,1505,1709,1944,1136,1660,1264,1788,mp_idb
train/images/1408161544-0001-S_R.jpg,1408161544-0001-S_R_crop_008.jpg,train,0.010977377,0,22,1532,705,702,299,830,427,mp_idb
train/images/1408161544-0001-S_R.jpg,1408161544-0001-S_R_crop_009.jpg,train,0.010933259,1731,1572,2592,1944,2097,1694,2225,1822,mp_idb
train/images/1408161544-0001-S_R.jpg,1408161544-0001-S_R_crop_010.jpg,train,0.010925156,62,1533,1067,1944,500,1674,628,1802,mp_idb
train/images/1408161544-0001-S_R.jpg,1408161544-0001-S_R_crop_011.jpg,train,0.010908026,1471,1523,2505,1944,1924,1669,2052,1797,mp_idb
train/images/1408161544-0001-S_R.jpg,1408161544-0001-S_R_crop_012.jpg,train,0.01086812,432,1515,1449,1944,876,1665,1004,1793,mp_idb
train/images/1408161544-0001-S_R.jpg,1408161544-0001-S_R_crop_013.jpg,train,0.010826964,0,18,211,482,41,186,169,314,mp_idb
train/images/1408161544-0001-S_R.jpg,1408161544-0001-S_R_crop_014.jpg,train,0.010810333,2000,1394,2592,1944,2232,1605,2360,1733,mp_idb
train/images/1408161544-0001-S_R.jpg,1408161544-0001-S_R_crop_015.jpg,train,0.010808054,2070,1,2592,270,2267,71,2395,199,mp_idb
train/images/1408161544-0001-S_R.jpg,1408161544-0001-S_R_crop_016.jpg,train,0.010726669,0,101,1568,1486,720,729,848,857,mp_idb
train/images/1408161544-0001-S_R.jpg,1408161544-0001-S_R_crop_017.jpg,train,0.01071442,2006,762,2592,1556,2235,1095,2363,1223,mp_idb
train/images/1408161544-0001-S_R.jpg,1408161544-0001-S_R_crop_018.jpg,train,0.010665917,1992,1025,2592,1814,2228,1355,2356,1483,mp_idb
train/images/1408161544-0001-S_R.jpg,1408161544-0001-S_R_crop_019.jpg,train,0.010652199,1990,255,2592,1055,2227,591,2355,719,mp_idb
train/images/1408161544-0001-S_R.jpg,1408161544-0001-S_R_crop_020.jpg,train,0.010617095,2004,506,2592,1309,2234,843,2362,971,mp_idb
train/images/1408161544-0001-S_R.jpg,1408161544-0001-S_R_crop_021.jpg,train,0.010599753,1987,1278,2592,1944,2225,1547,2353,1675,mp_idb
train/images/1408161544-0001-S_R.jpg,1408161544-0001-S_R_crop_022.jpg,train,0.010539206,0,33,465,654,168,279,296,407,mp_idb
train/images/1408161544-0001-S_R.jpg,1408161544-0001-S_R_crop_023.jpg,train,0.010504851,1977,91,2592,927,2220,445,2348,573,mp_idb
train/images/1408161544-0001-S_R.jpg,1408161544-0001-S_R_crop_024.jpg,train,0.010188092,0,36,1623,966,747,437,875,565,mp_idb
train/images/1408161544-0001-S_R.jpg,1408161544-0001-S_R_crop_025.jpg,train,0.010155574,0,544,1233,1676,552,1046,680,1174,mp_idb
train/images/1408161544-0001-S_R.jpg,1408161544-0001-S_R_crop_026.jpg,train,0.010145619,0,1567,207,1944,39,1691,167,1819,mp_idb
train/images/1408161544-0001-S_R.jpg,1408161544-0001-S_R_crop_027.jpg,train,0.0101312585,2057,0,2592,487,2260,179,2388,307,mp_idb
train/images/1603223711-0002-T_G.jpg,1603223711-0002-T_G_crop_000.jpg,train,0.012816315,0,7,228,330,50,104,178,232,mp_idb
train/images/1603223711-0002-T_G.jpg,1603223711-0002-T_G_crop_001.jpg,train,0.01207329,0,1581,443,1944,157,1698,285,1826,mp_idb
train/images/1603223711-0002-T_G.jpg,1603223711-0002-T_G_crop_002.jpg,train,0.011783632,0,1593,794,1944,333,1704,461,1832,mp_idb
train/images/1603223711-0002-T_G.jpg,1603223711-0002-T_G_crop_003.jpg,train,0.01150142,1972,0,2592,694,2218,283,2346,411,mp_idb
train/images/1603223711-0002-T_G.jpg,1603223711-0002-T_G_crop_004.jpg,train,0.0112181045,1988,1566,2592,1944,2226,1691,2354,1819,mp_idb
train/images/1603223711-0002-T_G.jpg,1603223711-0002-T_G_crop_005.jpg,train,0.010878608,2031,0,2592,248,2247,60,2375,188,mp_idb
train/images/1603223711-0002-T_G.jpg,1603223711-0002-T_G_crop_006.jpg,train,0.010872858,0,21,211,448,41,170,169,298,mp_idb
train/images/1603223711-0002-T_G.jpg,1603223711-0002-T_G_crop_007.jpg,train,0.010856659,67,1522,1055,1944,497,1669,625,1797,mp_idb
train/images/1603223711-0002-T_G.jpg,1603223711-0002-T_G_crop_008.jpg,train,0.010838128,1736,1550,2592,1944,2100,1683,2228,1811,mp_idb
train/images/1603223711-0002-T_G.jpg,1603223711-0002-T_G_crop_009.jpg,train,0.010833523,826,1507,1836,1944,1267,1661,1395,1789,mp_idb
train/images/1603223711-0002-T_G.jpg,1603223711-0002-T_G_crop_010.jpg,train,0.01081528,568,1516,1574,1944,1007,1666,1135,1794,mp_idb
train/images/1603223711-0002-T_G.jpg,1603223711-0002-T_G_crop_011.jpg,train,0.010791101,1343,1517,2351,1944,1783,1666,1911,1794,mp_idb
train/images/1603223711-0002-T_G.jpg,1603223711-0002-T_G_crop_012.jpg,train,0.010787635,1083,1513,2085,1944,1520,1664,1648,1792,mp_idb
train/images/1603223711-0002-T_G.jpg,1603223711-0002-T_G_crop_013.jpg,train,0.010784166,1986,1401,2592,1944,2225,1608,2353,1736,mp_idb
train/images/1603223711-0002-T_G.jpg,1603223711-0002-T_G_crop_014.jpg,train,0.010749554,307,1513,1314,1944,746,1664,874,1792,mp_idb
train/images/1603223711-0002-T_G.jpg,1603223711-0002-T_G_crop_015.jpg,train,0.010705468,1989,256,2592,1036,2226,582,2354,710,mp_idb
train/images/1603223711-0002-T_G.jpg,1603223711-0002-T_G_crop_016.jpg,train,0.010608713,1988,506,2592,1282,2226,830,2354,958,mp_idb
train/images/1603223711-0002-T_G.jpg,1603223711-0002-T_G_crop_017.jpg,train,0.010593849,1976,1281,2592,1944,2220,1548,2348,1676,mp_idb
train/images/1603223711-0002-T_G.jpg,1603223711-0002-T_G_crop_018.jpg,train,0.010587558,1982,639,2592,1421,2223,966,2351,1094,mp_idb
train/images/1603223711-0002-T_G.jpg,1603223711-0002-T_G_crop_019.jpg,train,0.010577907,1979,885,2592,1682,2221,1219,2349,1347,mp_idb
train/images/1603223711-0002-T_G.jpg,1603223711-0002-T_G_crop_020.jpg,train,0.010547224,2022,0,2592,511,2243,191,2371,319,mp_idb
train/images/1603223711-0002-T_G.jpg,1603223711-0002-T_G_crop_021.jpg,train,0.010328622,0,3,562,330,217,102,345,230,mp_idb
train/images/1603223711-0002-T_G.jpg,1603223711-0002-T_G_crop_022.jpg,train,0.010321385,0,1564,210,1944,41,1690,169,1818,mp_idb
train/images/1701151546-0003-R.jpg,1701151546-0003-R_crop_000.jpg,train,0.01911518,2253,584,2592,1944,2358,1200,2486,1328,mp_idb
train/images/1701151546-0003-R.jpg,1701151546-0003-R_crop_001.jpg,train,0.018529933,2216,339,2592,1944,2340,1077,2468,1205,mp_idb
train/images/1701151546-0003-R.jpg,1701151546-0003-R_crop_002.jpg,train,0.015441536,2274,968,2592,1944,2369,1392,2497,1520,mp_idb
train/images/1701151546-0003-R.jpg,1701151546-0003-R_crop_003.jpg,train,0.015116609,2088,239,2592,1751,2276,931,2404,1059,mp_idb
train/images/1701151546-0003-R.jpg,1701151546-0003-R_crop_004.jpg,train,0.014757921,2013,1215,2591,1944,2238,1515,2366,1643,mp_idb
train/images/1701151546-0003-R.jpg,1701151546-0003-R_crop_005.jpg,train,0.012904161,2194,1079,2591,1944,2328,1447,2456,1575,mp_idb
train/images/1701151546-0003-R.jpg,1701151546-0003-R_crop_006.jpg,train,0.0126597155,0,6,230,334,51,106,179,234,mp_idb
train/images/1701151546-0003-R.jpg,1701151546-0003-R_crop_007.jpg,train,0.011643239,0,1478,507,1944,189,1647,317,1775,mp_idb
train/images/1701151546-0003-R.jpg,1701151546-0003-R_crop_008.jpg,train,0.011460259,0,1560,1028,1944,450,1688,578,1816,mp_idb
train/images/1701151546-0003-R.jpg,1701151546-0003-R_crop_009.jpg,train,0.011266562,2110,33,2592,1215,2287,560,2415,688,mp_idb
train/images/1701151546-0003-R.jpg,1701151546-0003-R_crop_010.jpg,train,0.011020222,0,21,1435,719,653,306,781,434,mp_idb
train/images/1701151546-0003-R.jpg,1701151546-0003-R_crop_011.jpg,train,0.01090046,2010,2,2592,275,2237,74,2365,202,mp_idb
train/images/1701151546-0003-R.jpg,1701151546-0003-R_crop_012.jpg,train,0.0108296955,0,19,211,480,41,185,169,313,mp_idb
train/images/1701151546-0003-R.jpg,1701151546-0003-R_crop_013.jpg,train,0.010749082,0,802,1449,1944,660,1309,788,1437,mp_idb
train/images/1701151546-0003-R.jpg,1701151546-0003-R_crop_014.jpg,train,0.010607482,0,1446,1546,1944,709,1631,837,1759,mp_idb
train/images/1701151546-0003-R.jpg,1701151546-0003-R_crop_015.jpg,train,0.010561575,0,36,455,649,163,278,291,406,mp_idb
train/images/1701151546-0003-R.jpg,1701151546-0003-R_crop_016.jpg,train,0.010458056,1470,1198,2587,1944,1964,1507,2092,1635,mp_idb
train/images/1701151546-0003-R.jpg,1701151546-0003-R_crop_017.jpg,train,0.010425887,0,1596,211,1944,41,1706,169,1834,mp_idb
train/images/1701151546-0003-R.jpg,1701151546-0003-R_crop_018.jpg,train,0.010385854,0,35,1440,999,656,453,784,581,mp_idb
train/images/1701151546-0003-R.jpg,1701151546-0003-R_crop_019.jpg,train,0.01033433,29,1368,1949,1944,925,1592,1053,1720,mp_idb
train/images/1701151546-0003-R.jpg,1701151546-0003-R_crop_020.jpg,train,0.01021144,2042,0,2592,875,2253,373,2381,501,mp_idb
train/images/1701151546-0003-R.jpg,1701151546-0003-R_crop_021.jpg,train,0.010132502,0,49,216,634,44,277,172,405,mp_idb
train/images/1701151546-0003-R.jpg,1701151546-0003-R_crop_022.jpg,train,0.010105391,375,1350,2406,1944,1326,1583,1454,1711,mp_idb
train/images/1701151546-0003-R.jpg,1701151546-0003-R_crop_023.jpg,train,0.010079063,0,983,1665,1944,768,1399,896,1527,mp_idb
train/images/1701151546-0003-R.jpg,1701151546-0003-R_crop_024.jpg,train,0.010004745,955,1143,2592,1944,1709,1479,1837,1607,mp_idb
train/images/1305121398-0012-S.jpg,1305121398-0012-S_crop_000.jpg,train,0.02118679,2226,0,2592,1377,2345,624,2473,752,mp_idb
train/images/1305121398-0012-S.jpg,1305121398-0012-S_crop_001.jpg,train,0.019561943,2242,461,2592,1944,2353,1138,2481,1266,mp_idb
train/images/1305121398-0012-S.jpg,1305121398-0012-S_crop_002.jpg,train,0.01767758,2260,847,2592,1944,2362,1331,2490,1459,mp_idb
train/images/1305121398-0012-S.jpg,1305121398-0012-S_crop_003.jpg,train,0.015104758,2019,1223,2591,1944,2241,1519,2369,1647,mp_idb
train/images/1305121398-0012-S.jpg,1305121398-0012-S_crop_004.jpg,train,0.012450914,0,5,240,357,56,117,184,245,mp_idb
train/images/1305121398-0012-S.jpg,1305121398-0012-S_crop_005.jpg,train,0.012248468,2212,1094,2591,1944,2337,1455,2465,1583,mp_idb
train/images/1305121398-0012-S.jpg,1305121398-0012-S_crop_006.jpg,train,0.011130506,0,21,1059,753,465,323,593,451,mp_idb
train/images/1305121398-0012-S.jpg,1305121398-0012-S_crop_007.jpg,train,0.010950556,0,1233,466,1944,169,1524,297,1652,mp_idb
train/images/1305121398-0012-S.jpg,1305121398-0012-S_crop_008.jpg,train,0.010928495,0,1367,859,1944,365,1591,493,1719,mp_idb
train/images/1305121398-0012-S.jpg,1305121398-0012-S_crop_009.jpg,train,0.010917219,0,14,215,525,43,205,171,333,mp_idb
train/images/1305121398-0012-S.jpg,1305121398-0012-S_crop_010.jpg,train,0.010742589,2094,0,2592,1217,2279,544,2407,672,mp_idb
train/images/1305121398-0012-S.jpg,1305121398-0012-S_crop_011.jpg,train,0.010373996,0,17,544,643,208,266,336,394,mp_idb
train/images/1305121398-0012-S.jpg,1305121398-0012-S_crop_012.jpg,train,0.010368117,0,1545,226,1944,49,1680,177,1808,mp_idb
train/images/1305121398-0012-S.jpg,1305121398-0012-S_crop_013.jpg,train,0.010335306,1607,1220,2586,1944,2032,1518,2160,1646,mp_idb
train/images/1305121398-0012-S.jpg,1305121398-0012-S_crop_014.jpg,train,0.010262478,665,1096,2381,1944,1459,1456,1587,1584,mp_idb
train/images/1305121398-0012-S.jpg,1305121398-0012-S_crop_015.jpg,train,0.010258024,1098,1115,2579,1944,1774,1465,1902,1593,mp_idb
train/images/1305121398-0012-S.jpg,1305121398-0012-S_crop_016.jpg,train,0.01014671,250,1073,2168,1944,1145,1444,1273,1572,mp_idb
train/images/1305121398-0012-S.jpg,1305121398-0012-S_crop_017.jpg,train,0.010133048,0,26,1622,826,747,362,875,490,mp_idb
train/images/1408161544-0002-R_S.jpg,1408161544-0002-R_S_crop_000.jpg,train,0.020017987,2262,586,2592,1944,2363,1201,2491,1329,mp_idb
train/images/1408161544-0002-R_S.jpg,1408161544-0002-R_S_crop_001.jpg,train,0.018576993,2217,192,2592,1888,2340,976,2468,1104,mp_idb
train/images/1408161544-0002-R_S.jpg,1408161544-0002-R_S_crop_002.jpg,train,0.018188244,2154,12,2592,1492,2309,688,2437,816,mp_idb
train/images/1408161544-0002-R_S.jpg,1408161544-0002-R_S_crop_003.jpg,train,0.016540831,2163,943,2592,1944,2313,1379,2441,1507,mp_idb
train/images/1408161544-0002-R_S.jpg,1408161544-0002-R_S_crop_004.jpg,train,0.013278116,2062,1074,2592,1944,2263,1445,2391,1573,mp_idb
train/images/1408161544-0002-R_S.jpg,1408161544-0002-R_S_crop_005.jpg,train,0.012624925,0,5,230,338,51,107,179,235,mp_idb
train/images/1408161544-0002-R_S.jpg,1408161544-0002-R_S_crop_006.jpg,train,0.011291183,0,21,1389,731,630,312,758,440,mp_idb
train/images/1408161544-0002-R_S.jpg,1408161544-0002-R_S_crop_007.jpg,train,0.011147982,0,1388,1019,1944,445,1602,573,1730,mp_idb
train/images/1408161544-0002-R_S.jpg,1408161544-0002-R_S_crop_008.jpg,train,0.011124892,0,17,211,488,41,188,169,316,mp_idb
train/images/1408161544-0002-R_S.jpg,1408161544-0002-R_S_crop_009.jpg,train,0.010934196,0,1341,499,1944,185,1578,313,1706,mp_idb
train/images/1408161544-0002-R_S.jpg,1408161544-0002-R_S_crop_010.jpg,train,0.010821817,0,28,469,657,170,278,298,406,mp_idb
train/images/1408161544-0002-R_S.jpg,1408161544-0002-R_S_crop_011.jpg,train,0.010674046,0,789,1803,1944,837,1302,965,1430,mp_idb
train/images/1408161544-0002-R_S.jpg,1408161544-0002-R_S_crop_012.jpg,train,0.010645809,0,1229,1547,1944,709,1522,837,1650,mp_idb
train/images/1408161544-0002-R_S.jpg,1408161544-0002-R_S_crop_013.jpg,train,0.010541299,1482,1270,2589,1944,1971,1543,2099,1671,mp_idb
train/images/1408161544-0002-R_S.jpg,1408161544-0002-R_S_crop_014.jpg,train,0.010316189,186,1469,1869,1944,963,1642,1091,1770,mp_idb
train/images/1408161544-0002-R_S.jpg,1408161544-0002-R_S_crop_015.jpg,train,0.010263007,0,1584,217,1944,44,1700,172,1828,mp_idb
train/images/1408161544-0002-R_S.jpg,1408161544-0002-R_S_crop_016.jpg,train,0.010241417,0,920,1377,1944,624,1368,752,1496,mp_idb
train/images/1408161544-0002-R_S.jpg,1408161544-0002-R_S_crop_017.jpg,train,0.010207112,520,1439,2350,1944,1371,1627,1499,1755,mp_idb
train/images/1408161544-0002-R_S.jpg,1408161544-0002-R_S_crop_018.jpg,train,0.010201136,1951,1225,2592,1944,2207,1520,2335,1648,mp_idb
train/images/1408161544-0002-R_S.jpg,1408161544-0002-R_S_crop_019.jpg,train,0.01016781,1060,1497,2555,1944,1743,1656,1871,1784,mp_idb
train/images/1408161544-0002-R_S.jpg,1408161544-0002-R_S_crop_020.jpg,train,0.01015417,2395,0,2584,1473,2425,672,2553,800,mp_idb
train/images/1305121398-0007-R.jpg,1305121398-0007-R_crop_000.jpg,train,0.020753471,2233,0,2592,1375,2348,623,2476,751,mp_idb
train/images/1305121398-0007-R.jpg,1305121398-0007-R_crop_001.jpg,train,0.019858599,2236,587,2592,1944,2350,1201,2478,1329,mp_idb
train/images/1305121398-0007-R.jpg,1305121398-0007-R_crop_002.jpg,train,0.019558305,2210,330,2592,1944,2337,1073,2465,1201,mp_idb
train/images/1305121398-0007-R.jpg,1305121398-0007-R_crop_003.jpg,train,0.015336439,2019,1224,2591,1944,2241,1520,2369,1648,mp_idb
train/images/1305121398-0007-R.jpg,1305121398-0007-R_crop_004.jpg,train,0.015007753,2268,973,2592,1944,2366,1394,2494,1522,mp_idb
train/images/1305121398-0007-R.jpg,1305121398-0007-R_crop_005.jpg,train,0.012407572,0,3,237,366,54,120,182,248,mp_idb
train/images/1305121398-0007-R.jpg,1305121398-0007-R_crop_006.jpg,train,0.011489326,2119,0,2592,1220,2291,546,2419,674,mp_idb
train/images/1305121398-0007-R.jpg,1305121398-0007-R_crop_007.jpg,train,0.0110535,0,12,213,534,42,209,170,337,mp_idb
train/images/1305121398-0007-R.jpg,1305121398-0007-R_crop_008.jpg,train,0.011008633,0,1187,482,1944,177,1501,305,1629,mp_idb
train/images/1305121398-0007-R.jpg,1305121398-0007-R_crop_009.jpg,train,0.01097982,0,21,1057,728,464,310,592,438,mp_idb
train/images/1305121398-0007-R.jpg,1305121398-0007-R_crop_010.jpg,train,0.010973878,0,1332,897,1944,384,1574,512,1702,mp_idb
train/images/1305121398-0007-R.jpg,1305121398-0007-R_crop_011.jpg,train,0.010486107,0,16,539,653,205,270,333,398,mp_idb
train/images/1305121398-0007-R.jpg,1305121398-0007-R_crop_012.jpg,train,0.0104445685,0,1542,223,1944,47,1679,175,1807,mp_idb
train/images/1305121398-0007-R.jpg,1305121398-0007-R_crop_013.jpg,train,0.010290054,1627,1224,2586,1944,2042,1520,2170,1648,mp_idb
train/images/1305121398-0007-R.jpg,1305121398-0007-R_crop_014.jpg,train,0.010239092,795,1098,2376,1944,1521,1457,1649,1585,mp_idb
train/images/1305121398-0007-R.jpg,1305121398-0007-R_crop_015.jpg,train,0.010165492,362,1069,2105,1944,1169,1442,1297,1570,mp_idb
train/images/1305121398-0007-R.jpg,1305121398-0007-R_crop_016.jpg,train,0.0101608,1157,1124,2586,1944,1807,1470,1935,1598,mp_idb
train/images/1305121398-0007-R.jpg,1305121398-0007-R_crop_017.jpg,train,0.010093302,1458,19,2584,1417,1957,654,2085,782,mp_idb
train/images/1409191647-0007-R.jpg,1409191647-0007-R_crop_000.jpg,train,0.0128578935,0,7,228,329,50,104,178,232,mp_idb
train/images/1409191647-0007-R.jpg,1409191647-0007-R_crop_001.jpg,train,0.012132325,0,1543,459,1944,165,1679,293,1807,mp_idb
train/images/1409191647-0007-R.jpg,1409191647-0007-R_crop_002.jpg,train,0.011868394,0,1574,795,1944,333,1695,461,1823,mp_idb
train/images/1409191647-0007-R.jpg,1409191647-0007-R_crop_003.jpg,train,0.011476709,1971,0,2592,684,2217,278,2345,406,mp_idb
train/images/1409191647-0007-R.jpg,1409191647-0007-R_crop_004.jpg,train,0.011238307,1980,1558,2592,1944,2222,1687,2350,1815,mp_idb
train/images/1409191647-0007-R.jpg,1409191647-0007-R_crop_005.jpg,train,0.010894895,64,1510,1059,1944,497,1663,625,1791,mp_idb
train/images/1409191647-0007-R.jpg,1409191647-0007-R_crop_006.jpg,train,0.010849774,0,22,212,460,42,177,170,305,mp_idb
train/images/1409191647-0007-R.jpg,1409191647-0007-R_crop_007.jpg,train,0.010846888,1728,1535,2592,1944,2096,1675,2224,1803,mp_idb
train/images/1409191647-0007-R.jpg,1409191647-0007-R_crop_008.jpg,train,0.010845696,945,1497,1962,1944,1389,1656,1517,1784,mp_idb
train/images/1409191647-0007-R.jpg,1409191647-0007-R_crop_009.jpg,train,0.010837054,687,1498,1713,1944,1136,1657,1264,1785,mp_idb
train/images/1409191647-0007-R.jpg,1409191647-0007-R_crop_010.jpg,train,0.010823598,429,1500,1451,1944,876,1658,1004,1786,mp_idb
train/images/1409191647-0007-R.jpg,1409191647-0007-R_crop_011.jpg,train,0.010822196,1206,1504,2221,1944,1649,1660,1777,1788,mp_idb
train/images/1409191647-0007-R.jpg,1409191647-0007-R_crop_012.jpg,train,0.010793958,2048,0,2592,244,2256,58,2384,186,mp_idb
train/images/1409191647-0007-R.jpg,1409191647-0007-R_crop_013.jpg,train,0.010779497,1981,1392,2592,1944,2222,1604,2350,1732,mp_idb
train/images/1409191647-0007-R.jpg,1409191647-0007-R_crop_014.jpg,train,0.01077815,1471,1504,2481,1944,1912,1660,2040,1788,mp_idb
train/images/1409191647-0007-R.jpg,1409191647-0007-R_crop_015.jpg,train,0.010608218,1981,244,2592,1035,2222,575,2350,703,mp_idb
train/images/1409191647-0007-R.jpg,1409191647-0007-R_crop_016.jpg,train,0.010584666,1967,1264,2592,1944,2215,1540,2343,1668,mp_idb
train/images/1409191647-0007-R.jpg,1409191647-0007-R_crop_017.jpg,train,0.010572529,1979,497,2592,1285,2221,827,2349,955,mp_idb
train/images/1409191647-0007-R.jpg,1409191647-0007-R_crop_018.jpg,train,0.010535139,1976,757,2592,1552,2220,1090,2348,1218,mp_idb
train/images/1409191647-0007-R.jpg,1409191647-0007-R_crop_019.jpg,train,0.010500967,1973,1010,2592,1814,2218,1348,2346,1476,mp_idb
train/images/1409191647-0007-R.jpg,1409191647-0007-R_crop_020.jpg,train,0.010346759,2035,0,2592,483,2249,177,2377,305,mp_idb
train/images/1409191647-0007-R.jpg,1409191647-0007-R_crop_021.jpg,train,0.010314057,0,1564,209,1944,40,1690,168,1818,mp_idb
train/images/1409191647-0007-R.jpg,1409191647-0007-R_crop_022.jpg,train,0.010260188,0,3,548,338,210,106,338,234,mp_idb
train/images/1409171742-0003-R.jpg,1409171742-0003-R_crop_000.jpg,train,0.012928449,0,6,231,330,51,104,179,232,mp_idb
train/images/1409171742-0003-R.jpg,1409171742-0003-R_crop_001.jpg,train,0.012072351,0,1488,479,1944,175,1652,303,1780,mp_idb
train/images/1409171742-0003-R.jpg,1409171742-0003-R_crop_002.jpg,train,0.011804307,0,1563,802,1944,337,1689,465,1817,mp_idb
train/images/1409171742-0003-R.jpg,1409171742-0003-R_crop_003.jpg,train,0.011508892,1984,0,2592,684,2224,278,2352,406,mp_idb
train/images/1409171742-0003-R.jpg,1409171742-0003-R_crop_004.jpg,train,0.011234291,1975,1558,2592,1944,2219,1687,2347,1815,mp_idb
train/images/1409171742-0003-R.jpg,1409171742-0003-R_crop_005.jpg,train,0.011153407,0,19,213,450,42,170,170,298,mp_idb
train/images/1409171742-0003-R.jpg,1409171742-0003-R_crop_006.jpg,train,0.0108537255,2049,0,2592,253,2256,62,2384,190,mp_idb
train/images/1409171742-0003-R.jpg,1409171742-0003-R_crop_007.jpg,train,0.010805235,1728,1548,2592,1944,2096,1682,2224,1810,mp_idb
train/images/1409171742-0003-R.jpg,1409171742-0003-R_crop_008.jpg,train,0.010787503,1984,1395,2592,1944,2224,1605,2352,1733,mp_idb
train/images/1409171742-0003-R.jpg,1409171742-0003-R_crop_009.jpg,train,0.010705281,65,1509,1058,1944,497,1662,625,1790,mp_idb
train/images/1409171742-0003-R.jpg,1409171742-0003-R_crop_010.jpg,train,0.010684681,1340,1515,2346,1944,1779,1665,1907,1793,mp_idb
train/images/1409171742-0003-R.jpg,1409171742-0003-R_crop_011.jpg,train,0.010637957,1083,1510,2091,1944,1523,1663,1651,1791,mp_idb
train/images/1409171742-0003-R.jpg,1409171742-0003-R_crop_012.jpg,train,0.0106219845,1991,250,2592,1034,2227,578,2355,706,mp_idb
train/images/1409171742-0003-R.jpg,1409171742-0003-R_crop_013.jpg,train,0.01061465,1975,1273,2592,1944,2219,1544,2347,1672,mp_idb
train/images/1409171742-0003-R.jpg,1409171742-0003-R_crop_014.jpg,train,0.010589187,566,1491,1586,1944,1012,1653,1140,1781,mp_idb
train/images/1409171742-0003-R.jpg,1409171742-0003-R_crop_015.jpg,train,0.010587303,825,1499,1842,1944,1269,1657,1397,1785,mp_idb
train/images/1409171742-0003-R.jpg,1409171742-0003-R_crop_016.jpg,train,0.010577972,1988,506,2592,1293,2226,835,2354,963,mp_idb
train/images/1409171742-0003-R.jpg,1409171742-0003-R_crop_017.jpg,train,0.010572794,1982,877,2592,1681,2223,1215,2351,1343,mp_idb
train/images/1409171742-0003-R.jpg,1409171742-0003-R_crop_018.jpg,train,0.010544164,303,1499,1323,1944,749,1657,877,1785,mp_idb
train/images/1409171742-0003-R.jpg,1409171742-0003-R_crop_019.jpg,train,0.010465253,2044,0,2592,509,2254,190,2382,318,mp_idb
train/images/1409171742-0003-R.jpg,1409171742-0003-R_crop_020.jpg,train,0.010176884,0,3,541,334,206,104,334,232,mp_idb
train/images/1409171742-0003-R.jpg,1409171742-0003-R_crop_021.jpg,train,0.010148943,0,1567,207,1944,39,1691,167,1819,mp_idb
train/images/1409171742-0003-R.jpg,1409171742-0003-R_crop_022.jpg,train,0.010053256,0,64,216,576,44,256,172,384,mp_idb
train/images/1704282807-0007-R.jpg,1704282807-0007-R_crop_000.jpg,train,0.012768224,0,6,228,334,50,106,178,234,mp_idb
train/images/1704282807-0007-R.jpg,1704282807-0007-R_crop_001.jpg,train,0.012150306,0,1548,468,1944,170,1682,298,1810,mp_idb
train/images/1704282807-0007-R.jpg,1704282807-0007-R_crop_002.jpg,train,0.011865471,0,1569,804,1944,338,1692,466,1820,mp_idb
train/images/1704282807-0007-R.jpg,1704282807-0007-R_crop_003.jpg,train,0.011469441,1964,0,2592,643,2214,257,2342,385,mp_idb
train/images/1704282807-0007-R.jpg,1704282807-0007-R_crop_004.jpg,train,0.011239812,1986,1553,2592,1944,2225,1684,2353,1812,mp_idb
train/images/1704282807-0007-R.jpg,1704282807-0007-R_crop_005.jpg,train,0.010883036,2035,0,2592,245,2249,58,2377,186,mp_idb
train/images/1704282807-0007-R.jpg,1704282807-0007-R_crop_006.jpg,train,0.010869284,0,21,210,450,41,171,169,299,mp_idb
train/images/1704282807-0007-R.jpg,1704282807-0007-R_crop_007.jpg,train,0.010831131,1989,1401,2592,1944,2226,1608,2354,1736,mp_idb
train/images/1704282807-0007-R.jpg,1704282807-0007-R_crop_008.jpg,train,0.010782463,65,1515,1066,1944,501,1665,629,1793,mp_idb
train/images/1704282807-0007-R.jpg,1704282807-0007-R_crop_009.jpg,train,0.010746791,1728,1547,2592,1944,2096,1681,2224,1809,mp_idb
train/images/1704282807-0007-R.jpg,1704282807-0007-R_crop_010.jpg,train,0.010728166,1077,1514,2097,1944,1523,1665,1651,1793,mp_idb
train/images/1704282807-0007-R.jpg,1704282807-0007-R_crop_011.jpg,train,0.010687529,1340,1512,2358,1944,1785,1664,1913,1792,mp_idb
train/images/1704282807-0007-R.jpg,1704282807-0007-R_crop_012.jpg,train,0.010686581,819,1525,1838,1944,1264,1670,1392,1798,mp_idb
train/images/1704282807-0007-R.jpg,1704282807-0007-R_crop_013.jpg,train,0.0106676435,560,1533,1583,1944,1007,1674,1135,1802,mp_idb
train/images/1704282807-0007-R.jpg,1704282807-0007-R_crop_014.jpg,train,0.010633024,301,1529,1323,1944,748,1672,876,1800,mp_idb
train/images/1704282807-0007-R.jpg,1704282807-0007-R_crop_015.jpg,train,0.01062621,1979,1273,2592,1944,2221,1544,2349,1672,mp_idb
train/images/1704282807-0007-R.jpg,1704282807-0007-R_crop_016.jpg,train,0.010578237,1972,251,2592,1014,2218,568,2346,696,mp_idb
train/images/1704282807-0007-R.jpg,1704282807-0007-R_crop_017.jpg,train,0.010559308,1975,92,2592,893,2219,428,2347,556,mp_idb
train/images/1704282807-0007-R.jpg,1704282807-0007-R_crop_018.jpg,train,0.0105511015,1974,888,2592,1671,2219,1215,2347,1343,mp_idb
train/images/1704282807-0007-R.jpg,1704282807-0007-R_crop_019.jpg,train,0.010515781,1969,498,2592,1281,2216,825,2344,953,mp_idb
train/images/1704282807-0007-R.jpg,1704282807-0007-R_crop_020.jpg,train,0.010181655,0,2,572,333,222,103,350,231,mp_idb
train/images/1704282807-0007-R.jpg,1704282807-0007-R_crop_021.jpg,train,0.010114272,0,1560,207,1944,39,1688,167,1816,mp_idb
train/images/1701151546-0001-R_T_S.jpg,1701151546-0001-R_T_S_crop_000.jpg,train,0.0128110675,0,8,215,337,43,108,171,236,mp_idb
train/images/1701151546-0001-R_T_S.jpg,1701151546-0001-R_T_S_crop_001.jpg,train,0.011711423,1959,9,2592,766,2211,323,2339,451,mp_idb
train/images/1701151546-0001-R_T_S.jpg,1701151546-0001-R_T_S_crop_002.jpg,train,0.0114147235,0,1389,569,1944,220,1602,348,1730,mp_idb
train/images/1701151546-0001-R_T_S.jpg,1701151546-0001-R_T_S_crop_003.jpg,train,0.011407471,0,1332,1028,1944,450,1574,578,1702,mp_idb
train/images/1701151546-0001-R_T_S.jpg,1701151546-0001-R_T_S_crop_004.jpg,train,0.01087728,1978,88,2592,998,2221,479,2349,607,mp_idb
train/images/1701151546-0001-R_T_S.jpg,1701151546-0001-R_T_S_crop_005.jpg,train,0.010803945,2110,400,2592,1425,2287,848,2415,976,mp_idb
train/images/1701151546-0001-R_T_S.jpg,1701151546-0001-R_T_S_crop_006.jpg,train,0.010751958,0,601,1320,1724,596,1098,724,1226,mp_idb
train/images/1701151546-0001-R_T_S.jpg,1701151546-0001-R_T_S_crop_007.jpg,train,0.010742402,2015,247,2592,1196,2239,657,2367,785,mp_idb
train/images/1701151546-0001-R_T_S.jpg,1701151546-0001-R_T_S_crop_008.jpg,train,0.010727347,0,29,208,458,40,179,168,307,mp_idb
train/images/1701151546-0001-R_T_S.jpg,1701151546-0001-R_T_S_crop_009.jpg,train,0.010715164,1923,1,2592,280,2193,76,2321,204,mp_idb
train/images/1701151546-0001-R_T_S.jpg,1701151546-0001-R_T_S_crop_010.jpg,train,0.010672268,2146,1143,2592,1944,2305,1479,2433,1607,mp_idb
train/images/1701151546-0001-R_T_S.jpg,1701151546-0001-R_T_S_crop_011.jpg,train,0.010660202,2348,564,2592,1575,2406,1005,2534,1133,mp_idb
train/images/1701151546-0001-R_T_S.jpg,1701151546-0001-R_T_S_crop_012.jpg,train,0.010616028,0,496,1244,1477,558,922,686,1050,mp_idb
train/images/1701151546-0001-R_T_S.jpg,1701151546-0001-R_T_S_crop_013.jpg,train,0.010605315,0,5,558,364,215,120,343,248,mp_idb
train/images/1701151546-0001-R_T_S.jpg,1701151546-0001-R_T_S_crop_014.jpg,train,0.010502328,0,1579,216,1944,44,1697,172,1825,mp_idb
train/images/1701151546-0001-R_T_S.jpg,1701151546-0001-R_T_S_crop_015.jpg,train,0.010482046,0,1104,1588,1944,730,1460,858,1588,mp_idb
train/images/1701151546-0001-R_T_S.jpg,1701151546-0001-R_T_S_crop_016.jpg,train,0.010337383,0,0,1346,415,609,143,737,271,mp_idb
train/images/1701151546-0001-R_T_S.jpg,1701151546-0001-R_T_S_crop_017.jpg,train,0.01031012,1956,0,2592,539,2210,205,2338,333,mp_idb
train/images/1701151546-0001-R_T_S.jpg,1701151546-0001-R_T_S_crop_018.jpg,train,0.0102933375,2412,661,2592,1687,2438,1110,2566,1238,mp_idb
train/images/1701151546-0001-R_T_S.jpg,1701151546-0001-R_T_S_crop_019.jpg,train,0.010287802,1461,1531,2583,1944,1958,1673,2086,1801,mp_idb
train/images/1701151546-0001-R_T_S.jpg,1701151546-0001-R_T_S_crop_020.jpg,train,0.010285883,54,1146,2085,1944,1005,1481,1133,1609,mp_idb
train/images/1701151546-0001-R_T_S.jpg,1701151546-0001-R_T_S_crop_021.jpg,train,0.010196131,0,354,1092,1260,482,743,610,871,mp_idb
train/images/1701151546-0001-R_T_S.jpg,1701151546-0001-R_T_S_crop_022.jpg,train,0.01018776,1320,706,2592,1790,1892,1184,2020,1312,mp_idb
train/images/1701151546-0001-R_T_S.jpg,1701151546-0001-R_T_S_crop_023.jpg,train,0.010121303,1517,640,2592,1506,1990,1009,2118,1137,mp_idb
train/images/1701151546-0001-R_T_S.jpg,1701151546-0001-R_T_S_crop_024.jpg,train,0.01010273,996,1560,2561,1944,1714,1688,1842,1816,mp_idb
train/images/1701151546-0001-R_T_S.jpg,1701151546-0001-R_T_S_crop_025.jpg,train,0.0100648515,255,1422,2442,1944,1284,1619,1412,1747,mp_idb
train/images/1701151546-0001-R_T_S.jpg,1701151546-0001-R_T_S_crop_026.jpg,train,0.010008429,158,1,1607,457,818,165,946,293,mp_idb
train/images/1409191647-0005-R.jpg,1409191647-0005-R_crop_000.jpg,train,0.012927894,0,6,228,330,50,104,178,232,mp_idb
train/images/1409191647-0005-R.jpg,1409191647-0005-R_crop_001.jpg,train,0.012119959,0,1477,460,1944,166,1646,294,1774,mp_idb
train/images/1409191647-0005-R.jpg,1409191647-0005-R_crop_002.jpg,train,0.011766565,0,1566,796,1944,334,1691,462,1819,mp_idb
train/images/1409191647-0005-R.jpg,1409191647-0005-R_crop_003.jpg,train,0.011600538,1989,1,2592,648,2226,260,2354,388,mp_idb
train/images/1409191647-0005-R.jpg,1409191647-0005-R_crop_004.jpg,train,0.0112425145,1976,1560,2592,1944,2220,1688,2348,1816,mp_idb
train/images/1409191647-0005-R.jpg,1409191647-0005-R_crop_005.jpg,train,0.010963418,0,22,212,455,42,174,170,302,mp_idb
train/images/1409191647-0005-R.jpg,1409191647-0005-R_crop_006.jpg,train,0.010867597,64,1510,1062,1944,499,1663,627,1791,mp_idb
train/images/1409191647-0005-R.jpg,1409191647-0005-R_crop_007.jpg,train,0.010866239,946,1500,1966,1944,1392,1658,1520,1786,mp_idb
train/images/1409191647-0005-R.jpg,1409191647-0005-R_crop_008.jpg,train,0.010863569,1726,1533,2592,1944,2095,1674,2223,1802,mp_idb
train/images/1409191647-0005-R.jpg,1409191647-0005-R_crop_009.jpg,train,0.010843451,686,1498,1709,1944,1133,1657,1261,1785,mp_idb
train/images/1409191647-0005-R.jpg,1409191647-0005-R_crop_010.jpg,train,0.010833962,1206,1503,2223,1944,1650,1659,1778,1787,mp_idb
train/images/1409191647-0005-R.jpg,1409191647-0005-R_crop_011.jpg,train,0.010808324,1468,1503,2482,1944,1911,1659,2039,1787,mp_idb
train/images/1409191647-0005-R.jpg,1409191647-0005-R_crop_012.jpg,train,0.010784338,1981,1385,2592,1944,2222,1600,2350,1728,mp_idb
train/images/1409191647-0005-R.jpg,1409191647-0005-R_crop_013.jpg,train,0.0107791,428,1498,1450,1944,875,1657,1003,1785,mp_idb
train/images/1409191647-0005-R.jpg,1409191647-0005-R_crop_014.jpg,train,0.010693501,2057,0,2592,249,2260,60,2388,188,mp_idb
train/images/1409191647-0005-R.jpg,1409191647-0005-R_crop_015.jpg,train,0.010597634,1986,243,2592,1023,2225,569,2353,697,mp_idb
train/images/1409191647-0005-R.jpg,1409191647-0005-R_crop_016.jpg,train,0.010595343,1990,893,2592,1671,2227,1218,2355,1346,mp_idb
train/images/1409191647-0005-R.jpg,1409191647-0005-R_crop_017.jpg,train,0.01057642,1986,627,2592,1399,2225,949,2353,1077,mp_idb
train/images/1409191647-0005-R.jpg,1409191647-0005-R_crop_018.jpg,train,0.010538016,1977,1146,2592,1928,2220,1473,2348,1601,mp_idb
train/images/1409191647-0005-R.jpg,1409191647-0005-R_crop_019.jpg,train,0.010238165,0,3,559,340,215,107,343,235,mp_idb
train/images/1409191647-0005-R.jpg,1409191647-0005-R_crop_020.jpg,train,0.010190987,2048,0,2592,475,2256,173,2384,301,mp_idb
train/images/1409191647-0005-R.jpg,1409191647-0005-R_crop_021.jpg,train,0.010158006,0,1564,207,1944,39,1690,167,1818,mp_idb
train/images/1409191647-0005-R.jpg,1409191647-0005-R_crop_022.jpg,train,0.010106297,0,62,216,595,44,264,172,392,mp_idb
train/images/1409171742-0001-R.jpg,1409171742-0001-R_crop_000.jpg,train,0.012923703,0,7,224,327,48,103,176,231,mp_idb
train/images/1409171742-0001-R.jpg,1409171742-0001-R_crop_001.jpg,train,0.01216126,0,1563,458,1944,165,1689,293,1817,mp_idb
train/images/1409171742-0001-R.jpg,1409171742-0001-R_crop_002.jpg,train,0.011812942,0,1578,796,1944,334,1697,462,1825,mp_idb
train/images/1409171742-0001-R.jpg,1409171742-0001-R_crop_003.jpg,train,0.011511431,1975,0,2592,685,2219,278,2347,406,mp_idb
train/images/1409171742-0001-R.jpg,1409171742-0001-R_crop_004.jpg,train,0.011242,1981,1563,2592,1944,2222,1689,2350,1817,mp_idb
train/images/1409171742-0001-R.jpg,1409171742-0001-R_crop_005.jpg,train,0.011073784,0,22,211,451,41,172,169,300,mp_idb
train/images/1409171742-0001-R.jpg,1409171742-0001-R_crop_006.jpg,train,0.010880105,66,1511,1059,1944,498,1663,626,1791,mp_idb
train/images/1409171742-0001-R.jpg,1409171742-0001-R_crop_007.jpg,train,0.010873709,949,1509,1962,1944,1391,1662,1519,1790,mp_idb
train/images/1409171742-0001-R.jpg,1409171742-0001-R_crop_008.jpg,train,0.010863769,1728,1540,2592,1944,2096,1678,2224,1806,mp_idb
train/images/1409171742-0001-R.jpg,1409171742-0001-R_crop_009.jpg,train,0.0108415885,1207,1507,2220,1944,1649,1661,1777,1789,mp_idb
train/images/1409171742-0001-R.jpg,1409171742-0001-R_crop_010.jpg,train,0.010837432,691,1507,1700,1944,1131,1661,1259,1789,mp_idb
train/images/1409171742-0001-R.jpg,1409171742-0001-R_crop_011.jpg,train,0.010835587,2052,0,2592,247,2258,59,2386,187,mp_idb
train/images/1409171742-0001-R.jpg,1409171742-0001-R_crop_012.jpg,train,0.010815525,1468,1510,2479,1944,1909,1663,2037,1791,mp_idb
train/images/1409171742-0001-R.jpg,1409171742-0001-R_crop_013.jpg,train,0.010805372,431,1500,1450,1944,876,1658,1004,1786,mp_idb
train/images/1409171742-0001-R.jpg,1409171742-0001-R_crop_014.jpg,train,0.010761314,1984,1390,2592,1944,2224,1603,2352,1731,mp_idb
train/images/1409171742-0001-R.jpg,1409171742-0001-R_crop_015.jpg,train,0.010602495,1983,249,2592,1035,2223,578,2351,706,mp_idb
train/images/1409171742-0001-R.jpg,1409171742-0001-R_crop_016.jpg,train,0.010589217,1970,1271,2592,1944,2217,1543,2345,1671,mp_idb
train/images/1409171742-0001-R.jpg,1409171742-0001-R_crop_017.jpg,train,0.010556559,1977,497,2592,1288,2220,828,2348,956,mp_idb
train/images/1409171742-0001-R.jpg,1409171742-0001-R_crop_018.jpg,train,0.010554284,1976,755,2592,1553,2220,1090,2348,1218,mp_idb
train/images/1409171742-0001-R.jpg,1409171742-0001-R_crop_019.jpg,train,0.010551245,1977,1014,2592,1806,2220,1346,2348,1474,mp_idb
train/images/1409171742-0001-R.jpg,1409171742-0001-R_crop_020.jpg,train,0.010402079,2039,0,2592,498,2251,185,2379,313,mp_idb
train/images/1409171742-0001-R.jpg,1409171742-0001-R_crop_021.jpg,train,0.0102256425,0,1568,207,1944,39,1692,167,1820,mp_idb
train/images/1409171742-0001-R.jpg,1409171742-0001-R_crop_022.jpg,train,0.0101771485,0,3,524,327,198,101,326,229,mp_idb
train/images/1305121398-0021-S.jpg,1305121398-0021-S_crop_000.jpg,train,0.02116665,2237,460,2592,1944,2350,1138,2478,1266,mp_idb
train/images/1305121398-0021-S.jpg,1305121398-0021-S_crop_001.jpg,train,0.02065801,2189,16,2592,1365,2326,626,2454,754,mp_idb
train/images/1305121398-0021-S.jpg,1305121398-0021-S_crop_002.jpg,train,0.019945243,2211,194,2592,1909,2337,987,2465,1115,mp_idb
train/images/1305121398-0021-S.jpg,1305121398-0021-S_crop_003.jpg,train,0.018524999,2269,845,2592,1944,2366,1330,2494,1458,mp_idb
train/images/1305121398-0021-S.jpg,1305121398-0021-S_crop_004.jpg,train,0.01560957,2018,1219,2591,1944,2240,1517,2368,1645,mp_idb
train/images/1305121398-0021-S.jpg,1305121398-0021-S_crop_005.jpg,train,0.012554789,0,4,236,344,54,110,182,238,mp_idb
train/images/1305121398-0021-S.jpg,1305121398-0021-S_crop_006.jpg,train,0.0111696385,0,1306,931,1944,401,1561,529,1689,mp_idb
train/images/1305121398-0021-S.jpg,1305121398-0021-S_crop_007.jpg,train,0.011065,0,14,214,512,43,199,171,327,mp_idb
train/images/1305121398-0021-S.jpg,1305121398-0021-S_crop_008.jpg,train,0.011014932,0,20,1183,729,527,310,655,438,mp_idb
train/images/1305121398-0021-S.jpg,1305121398-0021-S_crop_009.jpg,train,0.011011858,0,1199,467,1944,169,1507,297,1635,mp_idb
train/images/1305121398-0021-S.jpg,1305121398-0021-S_crop_010.jpg,train,0.010437593,0,1556,221,1944,46,1686,174,1814,mp_idb
train/images/1305121398-0021-S.jpg,1305121398-0021-S_crop_011.jpg,train,0.010401995,0,17,499,657,185,273,313,401,mp_idb
train/images/1305121398-0021-S.jpg,1305121398-0021-S_crop_012.jpg,train,0.010344093,1600,1214,2586,1944,2029,1515,2157,1643,mp_idb
train/images/1305121398-0021-S.jpg,1305121398-0021-S_crop_013.jpg,train,0.010245773,668,1113,2400,1944,1470,1464,1598,1592,mp_idb
train/images/1305121398-0021-S.jpg,1305121398-0021-S_crop_014.jpg,train,0.010243501,1119,1125,2592,1944,1791,1470,1919,1598,mp_idb
train/images/1305121398-0021-S.jpg,1305121398-0021-S_crop_015.jpg,train,0.010182481,161,1079,1885,1944,959,1447,1087,1575,mp_idb
train/images/1305121398-0021-S.jpg,1305121398-0021-S_crop_016.jpg,train,0.010159453,0,1,1189,1098,530,485,658,613,mp_idb
train/images/1305121398-0021-S.jpg,1305121398-0021-S_crop_017.jpg,train,0.010152244,0,1098,1188,1944,530,1457,658,1585,mp_idb
train/images/1305121398-0018-S.jpg,1305121398-0018-S_crop_000.jpg,train,0.02083393,2235,461,2592,1944,2349,1138,2477,1266,mp_idb
train/images/1305121398-0018-S.jpg,1305121398-0018-S_crop_001.jpg,train,0.02082734,2191,11,2592,1367,2327,625,2455,753,mp_idb
train/images/1305121398-0018-S.jpg,1305121398-0018-S_crop_002.jpg,train,0.0191075,2222,64,2592,1803,2343,869,2471,997,mp_idb
train/images/1305121398-0018-S.jpg,1305121398-0018-S_crop_003.jpg,train,0.01832404,2267,847,2592,1944,2365,1331,2493,1459,mp_idb
train/images/1305121398-0018-S.jpg,1305121398-0018-S_crop_004.jpg,train,0.015588088,2019,1223,2591,1944,2241,1519,2369,1647,mp_idb
train/images/1305121398-0018-S.jpg,1305121398-0018-S_crop_005.jpg,train,0.012457165,0,4,235,332,53,104,181,232,mp_idb
train/images/1305121398-0018-S.jpg,1305121398-0018-S_crop_006.jpg,train,0.011245016,0,21,1192,741,532,317,660,445,mp_idb
train/images/1305121398-0018-S.jpg,1305121398-0018-S_crop_007.jpg,train,0.011235838,0,13,213,506,42,195,170,323,mp_idb
train/images/1305121398-0018-S.jpg,1305121398-0018-S_crop_008.jpg,train,0.011089957,0,1328,907,1944,389,1572,517,1700,mp_idb
train/images/1305121398-0018-S.jpg,1305121398-0018-S_crop_009.jpg,train,0.010975415,0,1214,472,1944,172,1515,300,1643,mp_idb
train/images/1305121398-0018-S.jpg,1305121398-0018-S_crop_010.jpg,train,0.010537749,0,18,525,656,198,273,326,401,mp_idb
train/images/1305121398-0018-S.jpg,1305121398-0018-S_crop_011.jpg,train,0.010436874,0,1550,223,1944,47,1683,175,1811,mp_idb
train/images/1305121398-0018-S.jpg,1305121398-0018-S_crop_012.jpg,train,0.010317722,1617,1238,2586,1944,2037,1527,2165,1655,mp_idb
train/images/1305121398-0018-S.jpg,1305121398-0018-S_crop_013.jpg,train,0.010275752,676,1100,2425,1944,1486,1458,1614,1586,mp_idb
train/images/1305121398-0018-S.jpg,1305121398-0018-S_crop_014.jpg,train,0.0102344975,1086,1122,2592,1944,1775,1469,1903,1597,mp_idb
train/images/1305121398-0018-S.jpg,1305121398-0018-S_crop_015.jpg,train,0.010188707,283,1078,2201,1944,1178,1447,1306,1575,mp_idb
train/images/1305121398-0018-S.jpg,1305121398-0018-S_crop_016.jpg,train,0.01011675,119,1036,1754,1944,872,1426,1000,1554,mp_idb
train/images/1305121398-0018-S.jpg,1305121398-0018-S_crop_017.jpg,train,0.01007025,0,1072,1157,1944,514,1444,642,1572,mp_idb
train/images/1305121398-0018-S.jpg,1305121398-0018-S_crop_018.jpg,train,0.010020257,0,0,1195,1089,533,480,661,608,mp_idb
train/images/1409171742-0005-R.jpg,1409171742-0005-R_crop_000.jpg,train,0.012970166,0,7,224,330,48,104,176,232,mp_idb
train/images/1409171742-0005-R.jpg,1409171742-0005-R_crop_001.jpg,train,0.012198229,0,1542,479,1944,175,1679,303,1807,mp_idb
train/images/1409171742-0005-R.jpg,1409171742-0005-R_crop_002.jpg,train,0.011874189,0,1575,807,1944,339,1695,467,1823,mp_idb
train/images/1409171742-0005-R.jpg,1409171742-0005-R_crop_003.jpg,train,0.0115284,1974,0,2592,672,2219,272,2347,400,mp_idb
train/images/1409171742-0005-R.jpg,1409171742-0005-R_crop_004.jpg,train,0.011251163,1982,1564,2592,1944,2223,1690,2351,1818,mp_idb
train/images/1409171742-0005-R.jpg,1409171742-0005-R_crop_005.jpg,train,0.011105961,0,21,213,449,42,171,170,299,mp_idb
train/images/1409171742-0005-R.jpg,1409171742-0005-R_crop_006.jpg,train,0.010782629,1732,1558,2592,1944,2098,1687,2226,1815,mp_idb
train/images/1409171742-0005-R.jpg,1409171742-0005-R_crop_007.jpg,train,0.010764827,65,1508,1064,1944,500,1662,628,1790,mp_idb
train/images/1409171742-0005-R.jpg,1409171742-0005-R_crop_008.jpg,train,0.010763506,1986,1396,2592,1944,2225,1606,2353,1734,mp_idb
train/images/1409171742-0005-R.jpg,1409171742-0005-R_crop_009.jpg,train,0.010748094,2049,0,2592,249,2256,60,2384,188,mp_idb
train/images/1409171742-0005-R.jpg,1409171742-0005-R_crop_010.jpg,train,0.010652269,1475,1528,2473,1944,1910,1672,2038,1800,mp_idb
train/images/1409171742-0005-R.jpg,1409171742-0005-R_crop_011.jpg,train,0.010629574,1082,1511,2098,1944,1526,1663,1654,1791,mp_idb
train/images/1409171742-0005-R.jpg,1409171742-0005-R_crop_012.jpg,train,0.010620752,304,1507,1323,1944,749,1661,877,1789,mp_idb
train/images/1409171742-0005-R.jpg,1409171742-0005-R_crop_013.jpg,train,0.010610706,565,1517,1579,1944,1008,1666,1136,1794,mp_idb
train/images/1409171742-0005-R.jpg,1409171742-0005-R_crop_014.jpg,train,0.010608833,1976,1271,2592,1944,2220,1543,2348,1671,mp_idb
train/images/1409171742-0005-R.jpg,1409171742-0005-R_crop_015.jpg,train,0.010600529,1984,249,2592,1042,2224,581,2352,709,mp_idb
train/images/1409171742-0005-R.jpg,1409171742-0005-R_crop_016.jpg,train,0.010589817,821,1513,1833,1944,1263,1664,1391,1792,mp_idb
train/images/1409171742-0005-R.jpg,1409171742-0005-R_crop_017.jpg,train,0.010585006,1987,503,2592,1305,2225,840,2353,968,mp_idb
train/images/1409171742-0005-R.jpg,1409171742-0005-R_crop_018.jpg,train,0.010569557,1982,92,2592,919,2223,441,2351,569,mp_idb
train/images/1409171742-0005-R.jpg,1409171742-0005-R_crop_019.jpg,train,0.010548294,1987,754,2592,1560,2225,1093,2353,1221,mp_idb
train/images/1409171742-0005-R.jpg,1409171742-0005-R_crop_020.jpg,train,0.010503617,1984,1014,2592,1802,2224,1344,2352,1472,mp_idb
train/images/1409171742-0005-R.jpg,1409171742-0005-R_crop_021.jpg,train,0.010448932,0,1582,208,1944,40,1699,168,1827,mp_idb
train/images/1409171742-0005-R.jpg,1409171742-0005-R_crop_022.jpg,train,0.010354607,0,3,524,343,198,109,326,237,mp_idb
train/images/1409171742-0005-R.jpg,1409171742-0005-R_crop_023.jpg,train,0.0102511365,2037,0,2592,491,2250,181,2378,309,mp_idb
train/images/1701151546-0009-R.jpg,1701151546-0009-R_crop_000.jpg,train,0.01723449,2237,393,2592,1866,2350,1065,2478,1193,mp_idb
train/images/1701151546-0009-R.jpg,1701151546-0009-R_crop_001.jpg,train,0.015753834,2141,684,2592,1872,2302,1214,2430,1342,mp_idb
train/images/1701151546-0009-R.jpg,1701151546-0009-R_crop_002.jpg,train,0.012942749,0,6,213,333,42,105,170,233,mp_idb
train/images/1701151546-0009-R.jpg,1701151546-0009-R_crop_003.jpg,train,0.011556095,0,24,206,446,39,171,167,299,mp_idb
train/images/1701151546-0009-R.jpg,1701151546-0009-R_crop_004.jpg,train,0.011489602,1961,0,2592,929,2212,400,2340,528,mp_idb
train/images/1701151546-0009-R.jpg,1701151546-0009-R_crop_005.jpg,train,0.011374624,2114,351,2592,1729,2289,976,2417,1104,mp_idb
train/images/1701151546-0009-R.jpg,1701151546-0009-R_crop_006.jpg,train,0.011249455,0,694,1876,1944,874,1255,1002,1383,mp_idb
train/images/1701151546-0009-R.jpg,1701151546-0009-R_crop_007.jpg,train,0.011192761,0,1522,929,1944,400,1669,528,1797,mp_idb
train/images/1701151546-0009-R.jpg,1701151546-0009-R_crop_008.jpg,train,0.011176992,0,1453,483,1944,177,1634,305,1762,mp_idb
train/images/1701151546-0009-R.jpg,1701151546-0009-R_crop_009.jpg,train,0.011036885,1997,1579,2592,1944,2230,1697,2358,1825,mp_idb
train/images/1701151546-0009-R.jpg,1701151546-0009-R_crop_010.jpg,train,0.010966583,1946,0,2592,228,2205,50,2333,178,mp_idb
train/images/1701151546-0009-R.jpg,1701151546-0009-R_crop_011.jpg,train,0.010886425,921,1560,1993,1944,1393,1688,1521,1816,mp_idb
train/images/1701151546-0009-R.jpg,1701151546-0009-R_crop_012.jpg,train,0.010793977,1189,1572,2242,1944,1651,1694,1779,1822,mp_idb
train/images/1701151546-0009-R.jpg,1701151546-0009-R_crop_013.jpg,train,0.010787279,0,777,1375,1944,623,1296,751,1424,mp_idb
train/images/1701151546-0009-R.jpg,1701151546-0009-R_crop_014.jpg,train,0.010779848,645,1576,1750,1944,1133,1696,1261,1824,mp_idb
train/images/1701151546-0009-R.jpg,1701151546-0009-R_crop_015.jpg,train,0.010744444,1948,0,2592,558,2206,215,2334,343,mp_idb
train/images/1701151546-0009-R.jpg,1701151546-0009-R_crop_016.jpg,train,0.010716098,2055,139,2592,1323,2259,667,2387,795,mp_idb
train/images/1701151546-0009-R.jpg,1701151546-0009-R_crop_017.jpg,train,0.01069843,0,557,1335,1607,603,1018,731,1146,mp_idb
train/images/1701151546-0009-R.jpg,1701151546-0009-R_crop_018.jpg,train,0.010696154,7,1559,1250,1944,564,1687,692,1815,mp_idb
train/images/1701151546-0009-R.jpg,1701151546-0009-R_crop_019.jpg,train,0.01068193,1599,1590,2592,1944,2031,1703,2159,1831,mp_idb
train/images/1701151546-0009-R.jpg,1701151546-0009-R_crop_020.jpg,train,0.010606296,327,1595,1546,1944,872,1705,1000,1833,mp_idb
train/images/1701151546-0009-R.jpg,1701151546-0009-R_crop_021.jpg,train,0.010545313,0,92,207,587,39,275,167,403,mp_idb
train/images/1701151546-0009-R.jpg,1701151546-0009-R_crop_022.jpg,train,0.010436401,0,3,585,340,228,107,356,235,mp_idb
train/images/1701151546-0009-R.jpg,1701151546-0009-R_crop_023.jpg,train,0.010267618,2396,380,2585,1753,2426,1002,2554,1130,mp_idb
train/images/1701151546-0009-R.jpg,1701151546-0009-R_crop_024.jpg,train,0.0102464985,0,529,1707,1787,789,1094,917,1222,mp_idb
train/images/1701151546-0009-R.jpg,1701151546-0009-R_crop_025.jpg,train,0.010207691,2023,1222,2592,1944,2243,1519,2371,1647,mp_idb
train/images/1701151546-0009-R.jpg,1701151546-0009-R_crop_026.jpg,train,0.010189712,1425,835,2591,1763,1944,1235,2072,1363,mp_idb
train/images/1701151546-0009-R.jpg,1701151546-0009-R_crop_027.jpg,train,0.0100351395,0,1576,210,1944,41,1696,169,1824,mp_idb
train/images/1701151546-0009-R.jpg,1701151546-0009-R_crop_028.jpg,train,0.010026229,0,49,333,629,102,275,230,403,mp_idb
train/images/1409191647-0001-R.jpg,1409191647-0001-R_crop_000.jpg,train,0.01289393,0,7,230,330,51,104,179,232,mp_idb
train/images/1409191647-0001-R.jpg,1409191647-0001-R_crop_001.jpg,train,0.012037221,0,1513,448,1944,160,1664,288,1792,mp_idb
train/images/1409191647-0001-R.jpg,1409191647-0001-R_crop_002.jpg,train,0.011795583,0,1575,797,1944,334,1695,462,1823,mp_idb
train/images/1409191647-0001-R.jpg,1409191647-0001-R_crop_003.jpg,train,0.011617292,1992,3,2592,635,2228,255,2356,383,mp_idb
train/images/1409191647-0001-R.jpg,1409191647-0001-R_crop_004.jpg,train,0.011237422,1971,1555,2592,1944,2217,1685,2345,1813,mp_idb
train/images/1409191647-0001-R.jpg,1409191647-0001-R_crop_005.jpg,train,0.010927227,0,21,213,458,42,175,170,303,mp_idb
train/images/1409191647-0001-R.jpg,1409191647-0001-R_crop_006.jpg,train,0.010869684,1722,1545,2592,1944,2093,1680,2221,1808,mp_idb
train/images/1409191647-0001-R.jpg,1409191647-0001-R_crop_007.jpg,train,0.0108585125,946,1506,1963,1944,1390,1661,1518,1789,mp_idb
train/images/1409191647-0001-R.jpg,1409191647-0001-R_crop_008.jpg,train,0.010851473,1205,1509,2220,1944,1648,1662,1776,1790,mp_idb
train/images/1409191647-0001-R.jpg,1409191647-0001-R_crop_009.jpg,train,0.010849559,66,1508,1058,1944,498,1662,626,1790,mp_idb
train/images/1409191647-0001-R.jpg,1409191647-0001-R_crop_010.jpg,train,0.010821485,688,1506,1705,1944,1132,1661,1260,1789,mp_idb
train/images/1409191647-0001-R.jpg,1409191647-0001-R_crop_011.jpg,train,0.010799615,1464,1513,2478,1944,1907,1664,2035,1792,mp_idb
train/images/1409191647-0001-R.jpg,1409191647-0001-R_crop_012.jpg,train,0.010788572,1986,1391,2592,1944,2225,1603,2353,1731,mp_idb
train/images/1409191647-0001-R.jpg,1409191647-0001-R_crop_013.jpg,train,0.010774719,431,1506,1446,1944,874,1661,1002,1789,mp_idb
train/images/1409191647-0001-R.jpg,1409191647-0001-R_crop_014.jpg,train,0.010615989,2053,0,2592,245,2258,58,2386,186,mp_idb
train/images/1409191647-0001-R.jpg,1409191647-0001-R_crop_015.jpg,train,0.010611236,1975,1269,2592,1944,2219,1542,2347,1670,mp_idb
train/images/1409191647-0001-R.jpg,1409191647-0001-R_crop_016.jpg,train,0.010589817,1988,249,2592,1014,2226,567,2354,695,mp_idb
train/images/1409191647-0001-R.jpg,1409191647-0001-R_crop_017.jpg,train,0.010577434,1991,87,2592,898,2227,428,2355,556,mp_idb
train/images/1409191647-0001-R.jpg,1409191647-0001-R_crop_018.jpg,train,0.010574769,1983,499,2592,1267,2223,819,2351,947,mp_idb
train/images/1409191647-0001-R.jpg,1409191647-0001-R_crop_019.jpg,train,0.010536565,1979,881,2592,1669,2221,1211,2349,1339,mp_idb
train/images/1409191647-0001-R.jpg,1409191647-0001-R_crop_020.jpg,train,0.010286719,0,3,531,336,201,105,329,233,mp_idb
train/images/1409191647-0001-R.jpg,1409191647-0001-R_crop_021.jpg,train,0.010256605,0,1566,208,1944,40,1691,168,1819,mp_idb
train/images/1409191647-0001-R.jpg,1409191647-0001-R_crop_022.jpg,train,0.010150734,2042,0,2592,471,2253,171,2381,299,mp_idb
train/images/1701151546-0015-R_T.jpg,1701151546-0015-R_T_crop_000.jpg,train,0.012881604,0,6,224,332,48,105,176,233,mp_idb
train/images/1701151546-0015-R_T.jpg,1701151546-0015-R_T_crop_001.jpg,train,0.012269114,0,1569,471,1944,171,1692,299,1820,mp_idb
train/images/1701151546-0015-R_T.jpg,1701151546-0015-R_T_crop_002.jpg,train,0.011837454,0,1581,800,1944,336,1698,464,1826,mp_idb
train/images/1701151546-0015-R_T.jpg,1701151546-0015-R_T_crop_003.jpg,train,0.011240135,1916,0,2592,767,2190,319,2318,447,mp_idb
train/images/1701151546-0015-R_T.jpg,1701151546-0015-R_T_crop_004.jpg,train,0.01120722,1989,1538,2592,1944,2226,1677,2354,1805,mp_idb
train/images/1701151546-0015-R_T.jpg,1701151546-0015-R_T_crop_005.jpg,train,0.0111820055,0,22,209,449,40,171,168,299,mp_idb
train/images/1701151546-0015-R_T.jpg,1701151546-0015-R_T_crop_006.jpg,train,0.010915108,1994,0,2592,240,2229,56,2357,184,mp_idb
train/images/1701151546-0015-R_T.jpg,1701151546-0015-R_T_crop_007.jpg,train,0.010852932,66,1524,1061,1944,499,1670,627,1798,mp_idb
train/images/1701151546-0015-R_T.jpg,1701151546-0015-R_T_crop_008.jpg,train,0.010849743,1348,1494,2360,1944,1790,1655,1918,1783,mp_idb
train/images/1701151546-0015-R_T.jpg,1701151546-0015-R_T_crop_009.jpg,train,0.010848582,1737,1508,2592,1944,2100,1662,2228,1790,mp_idb
train/images/1701151546-0015-R_T.jpg,1701151546-0015-R_T_crop_010.jpg,train,0.010844432,1086,1492,2099,1944,1528,1654,1656,1782,mp_idb
train/images/1701151546-0015-R_T.jpg,1701151546-0015-R_T_crop_011.jpg,train,0.010827678,697,1510,1707,1944,1138,1663,1266,1791,mp_idb
train/images/1701151546-0015-R_T.jpg,1701151546-0015-R_T_crop_012.jpg,train,0.010780158,438,1523,1443,1944,876,1669,1004,1797,mp_idb
train/images/1701151546-0015-R_T.jpg,1701151546-0015-R_T_crop_013.jpg,train,0.010718949,1971,0,2592,562,2217,217,2345,345,mp_idb
train/images/1701151546-0015-R_T.jpg,1701151546-0015-R_T_crop_014.jpg,train,0.010613524,1961,1007,2592,1843,2212,1361,2340,1489,mp_idb
train/images/1701151546-0015-R_T.jpg,1701151546-0015-R_T_crop_015.jpg,train,0.01057884,1956,224,2592,1076,2210,586,2338,714,mp_idb
train/images/1701151546-0015-R_T.jpg,1701151546-0015-R_T_crop_016.jpg,train,0.010558551,1956,612,2592,1458,2210,971,2338,1099,mp_idb
train/images/1701151546-0015-R_T.jpg,1701151546-0015-R_T_crop_017.jpg,train,0.010547687,1958,1258,2592,1944,2211,1537,2339,1665,mp_idb
train/images/1701151546-0015-R_T.jpg,1701151546-0015-R_T_crop_018.jpg,train,0.01044146,0,3,657,326,264,100,392,228,mp_idb
train/images/1701151546-0015-R_T.jpg,1701151546-0015-R_T_crop_019.jpg,train,0.01037145,0,1561,208,1944,40,1688,168,1816,mp_idb
train/images/1701151546-0015-R_T.jpg,1701151546-0015-R_T_crop_020.jpg,train,0.010107528,0,74,211,578,41,262,169,390,mp_idb
train/images/1408290968-0001-R.jpg,1408290968-0001-R_crop_000.jpg,train,0.012958396,0,6,229,328,50,103,178,231,mp_idb
train/images/1408290968-0001-R.jpg,1408290968-0001-R_crop_001.jpg,train,0.01221255,0,1601,467,1944,169,1708,297,1836,mp_idb
train/images/1408290968-0001-R.jpg,1408290968-0001-R_crop_002.jpg,train,0.01194565,0,1585,792,1944,332,1700,460,1828,mp_idb
train/images/1408290968-0001-R.jpg,1408290968-0001-R_crop_003.jpg,train,0.0115978215,1971,0,2592,685,2217,278,2345,406,mp_idb
train/images/1408290968-0001-R.jpg,1408290968-0001-R_crop_004.jpg,train,0.011254478,1984,1575,2592,1944,2224,1695,2352,1823,mp_idb
train/images/1408290968-0001-R.jpg,1408290968-0001-R_crop_005.jpg,train,0.01119188,0,20,213,451,42,171,170,299,mp_idb
train/images/1408290968-0001-R.jpg,1408290968-0001-R_crop_006.jpg,train,0.0108831795,1728,1557,2592,1944,2096,1686,2224,1814,mp_idb
train/images/1408290968-0001-R.jpg,1408290968-0001-R_crop_007.jpg,train,0.010805164,1985,1397,2592,1944,2224,1606,2352,1734,mp_idb
train/images/1408290968-0001-R.jpg,1408290968-0001-R_crop_008.jpg,train,0.010803497,68,1526,1044,1944,492,1671,620,1799,mp_idb
train/images/1408290968-0001-R.jpg,1408290968-0001-R_crop_009.jpg,train,0.010754352,1473,1532,2467,1944,1906,1674,2034,1802,mp_idb
train/images/1408290968-0001-R.jpg,1408290968-0001-R_crop_010.jpg,train,0.010749706,1214,1528,2219,1944,1652,1672,1780,1800,mp_idb
train/images/1408290968-0001-R.jpg,1408290968-0001-R_crop_011.jpg,train,0.010728181,2049,0,2592,255,2256,63,2384,191,mp_idb
train/images/1408290968-0001-R.jpg,1408290968-0001-R_crop_012.jpg,train,0.01072374,954,1522,1958,1944,1392,1669,1520,1797,mp_idb
train/images/1408290968-0001-R.jpg,1408290968-0001-R_crop_013.jpg,train,0.010709772,436,1511,1451,1944,879,1663,1007,1791,mp_idb
train/images/1408290968-0001-R.jpg,1408290968-0001-R_crop_014.jpg,train,0.010689536,698,1513,1708,1944,1139,1664,1267,1792,mp_idb
train/images/1408290968-0001-R.jpg,1408290968-0001-R_crop_015.jpg,train,0.010657291,0,1574,210,1944,41,1695,169,1823,mp_idb
train/images/1408290968-0001-R.jpg,1408290968-0001-R_crop_016.jpg,train,0.010641275,1973,1277,2592,1944,2218,1546,2346,1674,mp_idb
train/images/1408290968-0001-R.jpg,1408290968-0001-R_crop_017.jpg,train,0.010639006,1977,1014,2592,1816,2220,1351,2348,1479,mp_idb
train/images/1408290968-0001-R.jpg,1408290968-0001-R_crop_018.jpg,train,0.01063593,1976,247,2592,1047,2220,583,2348,711,mp_idb
train/images/1408290968-0001-R.jpg,1408290968-0001-R_crop_019.jpg,train,0.010633331,1976,496,2592,1303,2220,835,2348,963,mp_idb
train/images/1408290968-0001-R.jpg,1408290968-0001-R_crop_020.jpg,train,0.010624726,1974,753,2592,1568,2219,1096,2347,1224,mp_idb
train/images/1408290968-0001-R.jpg,1408290968-0001-R_crop_021.jpg,train,0.010341121,2038,0,2592,495,2251,183,2379,311,mp_idb
train/images/1408290968-0001-R.jpg,1408290968-0001-R_crop_022.jpg,train,0.010190852,0,2,520,327,196,100,324,228,mp_idb
train/images/1408290968-0001-R.jpg,1408290968-0001-R_crop_023.jpg,train,0.010148171,0,1540,208,1944,40,1678,168,1806,mp_idb
train/images/1408290968-0001-R.jpg,1408290968-0001-R_crop_024.jpg,train,0.010127745,0,62,215,586,43,260,171,388,mp_idb
train/images/1704282807-0003-R.jpg,1704282807-0003-R_crop_000.jpg,train,0.0128194345,0,6,234,333,53,105,181,233,mp_idb
train/images/1704282807-0003-R.jpg,1704282807-0003-R_crop_001.jpg,train,0.012200476,0,1558,454,1944,163,1687,291,1815,mp_idb
train/images/1704282807-0003-R.jpg,1704282807-0003-R_crop_002.jpg,train,0.011703589,0,1573,803,1944,337,1694,465,1822,mp_idb
train/images/1704282807-0003-R.jpg,1704282807-0003-R_crop_003.jpg,train,0.011368781,1946,0,2592,704,2205,288,2333,416,mp_idb
train/images/1704282807-0003-R.jpg,1704282807-0003-R_crop_004.jpg,train,0.011211538,1986,1543,2592,1944,2225,1679,2353,1807,mp_idb
train/images/1704282807-0003-R.jpg,1704282807-0003-R_crop_005.jpg,train,0.011025949,0,21,212,452,42,172,170,300,mp_idb
train/images/1704282807-0003-R.jpg,1704282807-0003-R_crop_006.jpg,train,0.010993245,2024,0,2592,254,2244,63,2372,191,mp_idb
train/images/1704282807-0003-R.jpg,1704282807-0003-R_crop_007.jpg,train,0.010877192,1087,1502,2083,1944,1521,1659,1649,1787,mp_idb
train/images/1704282807-0003-R.jpg,1704282807-0003-R_crop_008.jpg,train,0.010853305,66,1513,1060,1944,499,1664,627,1792,mp_idb
train/images/1704282807-0003-R.jpg,1704282807-0003-R_crop_009.jpg,train,0.010841702,1738,1512,2592,1944,2101,1664,2229,1792,mp_idb
train/images/1704282807-0003-R.jpg,1704282807-0003-R_crop_010.jpg,train,0.010824057,564,1541,1589,1944,1012,1678,1140,1806,mp_idb
train/images/1704282807-0003-R.jpg,1704282807-0003-R_crop_011.jpg,train,0.010813531,821,1528,1830,1944,1261,1672,1389,1800,mp_idb
train/images/1704282807-0003-R.jpg,1704282807-0003-R_crop_012.jpg,train,0.010802596,1349,1488,2355,1944,1788,1652,1916,1780,mp_idb
train/images/1704282807-0003-R.jpg,1704282807-0003-R_crop_013.jpg,train,0.010779944,307,1544,1313,1944,746,1680,874,1808,mp_idb
train/images/1704282807-0003-R.jpg,1704282807-0003-R_crop_014.jpg,train,0.01055887,1965,234,2592,1053,2214,579,2342,707,mp_idb
train/images/1704282807-0003-R.jpg,1704282807-0003-R_crop_015.jpg,train,0.010536899,2008,0,2592,520,2236,196,2364,324,mp_idb
train/images/1704282807-0003-R.jpg,1704282807-0003-R_crop_016.jpg,train,0.010503379,1960,1259,2592,1944,2212,1537,2340,1665,mp_idb
train/images/1704282807-0003-R.jpg,1704282807-0003-R_crop_017.jpg,train,0.01049026,1966,881,2592,1707,2215,1230,2343,1358,mp_idb
train/images/1704282807-0003-R.jpg,1704282807-0003-R_crop_018.jpg,train,0.010474797,1964,492,2592,1312,2214,838,2342,966,mp_idb
train/images/1704282807-0003-R.jpg,1704282807-0003-R_crop_019.jpg,train,0.010308232,0,3,578,338,225,106,353,234,mp_idb
train/images/1704282807-0003-R.jpg,1704282807-0003-R_crop_020.jpg,train,0.010181602,0,1549,210,1944,41,1682,169,1810,mp_idb
train/images/1704282807-0003-R.jpg,1704282807-0003-R_crop_021.jpg,train,0.01012774,0,65,214,573,43,255,171,383,mp_idb
train/images/1603223711-0004-R.jpg,1603223711-0004-R_crop_000.jpg,train,0.012805773,0,7,225,333,48,106,176,234,mp_idb
train/images/1603223711-0004-R.jpg,1603223711-0004-R_crop_001.jpg,train,0.012162274,0,1551,457,1944,164,1683,292,1811,mp_idb
train/images/1603223711-0004-R.jpg,1603223711-0004-R_crop_002.jpg,train,0.0118220085,0,1574,796,1944,334,1695,462,1823,mp_idb
train/images/1603223711-0004-R.jpg,1603223711-0004-R_crop_003.jpg,train,0.011398628,1936,0,2592,737,2200,304,2328,432,mp_idb
train/images/1603223711-0004-R.jpg,1603223711-0004-R_crop_004.jpg,train,0.011257552,1983,1554,2592,1944,2223,1685,2351,1813,mp_idb
train/images/1603223711-0004-R.jpg,1603223711-0004-R_crop_005.jpg,train,0.010979173,0,23,210,441,41,168,169,296,mp_idb
train/images/1603223711-0004-R.jpg,1603223711-0004-R_crop_006.jpg,train,0.010867725,65,1506,1057,1944,497,1661,625,1789,mp_idb
train/images/1603223711-0004-R.jpg,1603223711-0004-R_crop_007.jpg,train,0.010860607,1732,1541,2592,1944,2098,1678,2226,1806,mp_idb
train/images/1603223711-0004-R.jpg,1603223711-0004-R_crop_008.jpg,train,0.010816822,2007,0,2592,241,2235,56,2363,184,mp_idb
train/images/1603223711-0004-R.jpg,1603223711-0004-R_crop_009.jpg,train,0.010777483,1982,1398,2592,1944,2223,1607,2351,1735,mp_idb
train/images/1603223711-0004-R.jpg,1603223711-0004-R_crop_010.jpg,train,0.010750882,308,1497,1322,1944,751,1656,879,1784,mp_idb
train/images/1603223711-0004-R.jpg,1603223711-0004-R_crop_011.jpg,train,0.010746522,1473,1517,2480,1944,1912,1666,2040,1794,mp_idb
train/images/1603223711-0004-R.jpg,1603223711-0004-R_crop_012.jpg,train,0.01073533,569,1490,1581,1944,1011,1653,1139,1781,mp_idb
train/images/1603223711-0004-R.jpg,1603223711-0004-R_crop_013.jpg,train,0.010708357,957,1499,1968,1944,1398,1657,1526,1785,mp_idb
train/images/1603223711-0004-R.jpg,1603223711-0004-R_crop_014.jpg,train,0.010706174,1214,1511,2227,1944,1656,1663,1784,1791,mp_idb
train/images/1603223711-0004-R.jpg,1603223711-0004-R_crop_015.jpg,train,0.010689723,1971,630,2592,1433,2217,967,2345,1095,mp_idb
train/images/1603223711-0004-R.jpg,1603223711-0004-R_crop_016.jpg,train,0.010651279,1965,236,2592,1062,2214,585,2342,713,mp_idb
train/images/1603223711-0004-R.jpg,1603223711-0004-R_crop_017.jpg,train,0.0106339585,1972,1279,2592,1944,2218,1547,2346,1675,mp_idb
train/images/1603223711-0004-R.jpg,1603223711-0004-R_crop_018.jpg,train,0.010613009,1978,1019,2592,1807,2221,1349,2349,1477,mp_idb
train/images/1603223711-0004-R.jpg,1603223711-0004-R_crop_019.jpg,train,0.010361628,0,4,653,333,262,104,390,232,mp_idb
train/images/1603223711-0004-R.jpg,1603223711-0004-R_crop_020.jpg,train,0.010173196,0,1555,208,1944,40,1685,168,1813,mp_idb
train/images/1603223711-0004-R.jpg,1603223711-0004-R_crop_021.jpg,train,0.01007344,0,0,1267,381,569,126,697,254,mp_idb
train/images/1603223711-0006-G.jpg,1603223711-0006-G_crop_000.jpg,train,0.014836562,2170,250,2592,1667,2317,894,2445,1022,mp_idb
train/images/1603223711-0006-G.jpg,1603223711-0006-G_crop_001.jpg,train,0.0126891695,0,6,225,333,48,105,176,233,mp_idb
train/images/1603223711-0006-G.jpg,1603223711-0006-G_crop_002.jpg,train,0.012681847,2097,601,2592,1725,2280,1099,2408,1227,mp_idb
train/images/1603223711-0006-G.jpg,1603223711-0006-G_crop_003.jpg,train,0.011844004,0,1538,464,1944,168,1677,296,1805,mp_idb
train/images/1603223711-0006-G.jpg,1603223711-0006-G_crop_004.jpg,train,0.011520436,0,1606,814,1944,343,1711,471,1839,mp_idb
train/images/1603223711-0006-G.jpg,1603223711-0006-G_crop_005.jpg,train,0.011435576,2199,37,2592,1358,2331,633,2459,761,mp_idb
train/images/1603223711-0006-G.jpg,1603223711-0006-G_crop_006.jpg,train,0.011180019,2000,1582,2592,1944,2232,1699,2360,1827,mp_idb
train/images/1603223711-0006-G.jpg,1603223711-0006-G_crop_007.jpg,train,0.01107767,0,416,1454,1859,663,1073,791,1201,mp_idb
train/images/1603223711-0006-G.jpg,1603223711-0006-G_crop_008.jpg,train,0.010993219,955,1494,1977,1944,1402,1655,1530,1783,mp_idb
train/images/1603223711-0006-G.jpg,1603223711-0006-G_crop_009.jpg,train,0.010920735,1215,1499,2230,1944,1658,1657,1786,1785,mp_idb
train/images/1603223711-0006-G.jpg,1603223711-0006-G_crop_010.jpg,train,0.010889819,695,1502,1711,1944,1139,1659,1267,1787,mp_idb
train/images/1603223711-0006-G.jpg,1603223711-0006-G_crop_011.jpg,train,0.010887533,1475,1511,2495,1944,1921,1663,2049,1791,mp_idb
train/images/1603223711-0006-G.jpg,1603223711-0006-G_crop_012.jpg,train,0.010872371,0,21,1472,708,672,300,800,428,mp_idb
train/images/1603223711-0006-G.jpg,1603223711-0006-G_crop_013.jpg,train,0.010868361,0,338,1988,1821,930,1015,1058,1143,mp_idb
train/images/1603223711-0006-G.jpg,1603223711-0006-G_crop_014.jpg,train,0.010860465,1736,1553,2592,1944,2100,1684,2228,1812,mp_idb
train/images/1603223711-0006-G.jpg,1603223711-0006-G_crop_015.jpg,train,0.010823656,51,1547,1082,1944,502,1681,630,1809,mp_idb
train/images/1603223711-0006-G.jpg,1603223711-0006-G_crop_016.jpg,train,0.010819735,430,1515,1465,1944,883,1665,1011,1793,mp_idb
train/images/1603223711-0006-G.jpg,1603223711-0006-G_crop_017.jpg,train,0.0107946545,0,19,211,472,41,181,169,309,mp_idb
train/images/1603223711-0006-G.jpg,1603223711-0006-G_crop_018.jpg,train,0.010778658,0,80,1635,1758,753,855,881,983,mp_idb
train/images/1603223711-0006-G.jpg,1603223711-0006-G_crop_019.jpg,train,0.010649225,2012,1408,2592,1944,2238,1612,2366,1740,mp_idb
train/images/1603223711-0006-G.jpg,1603223711-0006-G_crop_020.jpg,train,0.010538086,2371,28,2589,1088,2416,494,2544,622,mp_idb
train/images/1603223711-0006-G.jpg,1603223711-0006-G_crop_021.jpg,train,0.010442213,2054,2,2592,632,2259,253,2387,381,mp_idb
train/images/1603223711-0006-G.jpg,1603223711-0006-G_crop_022.jpg,train,0.010439179,0,714,1667,1888,769,1237,897,1365,mp_idb
train/images/1603223711-0006-G.jpg,1603223711-0006-G_crop_023.jpg,train,0.010357272,0,812,1291,1944,581,1314,709,1442,mp_idb
train/images/1603223711-0006-G.jpg,1603223711-0006-G_crop_024.jpg,train,0.010350362,0,36,1573,966,722,437,850,565,mp_idb
train/images/1603223711-0006-G.jpg,1603223711-0006-G_crop_025.jpg,train,0.010348746,2016,1257,2592,1944,2240,1536,2368,1664,mp_idb
train/images/1603223711-0006-G.jpg,1603223711-0006-G_crop_026.jpg,train,0.010290967,0,33,478,662,175,283,303,411,mp_idb
train/images/1603223711-0006-G.jpg,1603223711-0006-G_crop_027.jpg,train,0.010267003,1533,645,2589,1649,1997,1083,2125,1211,mp_idb
train/images/1603223711-0006-G.jpg,1603223711-0006-G_crop_028.jpg,train,0.01015142,0,1581,207,1944,39,1698,167,1826,mp_idb
train/images/1603223711-0006-G.jpg,1603223711-0006-G_crop_029.jpg,train,0.010075071,1460,383,2590,1927,1961,1091,2089,1219,mp_idb
train/images/1603223711-0006-G.jpg,1603223711-0006-G_crop_030.jpg,train,0.010031725,1617,25,2592,1203,2040,550,2168,678,mp_idb
train/images/1603223711-0006-G.jpg,1603223711-0006-G_crop_031.jpg,train,0.010002889,0,46,215,645,43,281,171,409,mp_idb
train/images/1408290968-0003-R.jpg,1408290968-0003-R_crop_000.jpg,train,0.012847777,0,6,222,329,47,103,175,231,mp_idb
train/images/1408290968-0003-R.jpg,1408290968-0003-R_crop_001.jpg,train,0.0120598795,0,1538,448,1944,160,1677,288,1805,mp_idb
train/images/1408290968-0003-R.jpg,1408290968-0003-R_crop_002.jpg,train,0.011778459,0,1575,788,1944,330,1695,458,1823,mp_idb
train/images/1408290968-0003-R.jpg,1408290968-0003-R_crop_003.jpg,train,0.011438157,1941,0,2592,687,2202,279,2330,407,mp_idb
train/images/1408290968-0003-R.jpg,1408290968-0003-R_crop_004.jpg,train,0.01123924,1975,1567,2592,1944,2219,1691,2347,1819,mp_idb
train/images/1408290968-0003-R.jpg,1408290968-0003-R_crop_005.jpg,train,0.010952395,0,21,209,449,40,171,168,299,mp_idb
train/images/1408290968-0003-R.jpg,1408290968-0003-R_crop_006.jpg,train,0.010896822,63,1510,1058,1944,496,1663,624,1791,mp_idb
train/images/1408290968-0003-R.jpg,1408290968-0003-R_crop_007.jpg,train,0.010848311,1727,1549,2592,1944,2095,1682,2223,1810,mp_idb
train/images/1408290968-0003-R.jpg,1408290968-0003-R_crop_008.jpg,train,0.010834258,1076,1514,2085,1944,1516,1665,1644,1793,mp_idb
train/images/1408290968-0003-R.jpg,1408290968-0003-R_crop_009.jpg,train,0.010830406,690,1509,1700,1944,1131,1662,1259,1790,mp_idb
train/images/1408290968-0003-R.jpg,1408290968-0003-R_crop_010.jpg,train,0.010822052,2001,0,2592,247,2232,59,2360,187,mp_idb
train/images/1408290968-0003-R.jpg,1408290968-0003-R_crop_011.jpg,train,0.0108107105,432,1513,1437,1944,870,1664,998,1792,mp_idb
train/images/1408290968-0003-R.jpg,1408290968-0003-R_crop_012.jpg,train,0.010810404,1978,1392,2592,1944,2221,1604,2349,1732,mp_idb
train/images/1408290968-0003-R.jpg,1408290968-0003-R_crop_013.jpg,train,0.01079957,1336,1513,2346,1944,1777,1664,1905,1792,mp_idb
train/images/1408290968-0003-R.jpg,1408290968-0003-R_crop_014.jpg,train,0.010607657,1964,1269,2592,1944,2214,1542,2342,1670,mp_idb
train/images/1408290968-0003-R.jpg,1408290968-0003-R_crop_015.jpg,train,0.010583957,1968,622,2592,1427,2216,960,2344,1088,mp_idb
train/images/1408290968-0003-R.jpg,1408290968-0003-R_crop_016.jpg,train,0.010580761,1970,1014,2592,1808,2217,1347,2345,1475,mp_idb
train/images/1408290968-0003-R.jpg,1408290968-0003-R_crop_017.jpg,train,0.010566445,1969,238,2592,1050,2216,580,2344,708,mp_idb
train/images/1408290968-0003-R.jpg,1408290968-0003-R_crop_018.jpg,train,0.010448152,1991,0,2592,506,2227,189,2355,317,mp_idb
train/images/1408290968-0003-R.jpg,1408290968-0003-R_crop_019.jpg,train,0.0102652395,0,3,628,322,250,98,378,226,mp_idb
train/images/1408290968-0003-R.jpg,1408290968-0003-R_crop_020.jpg,train,0.010167829,0,1550,208,1944,40,1683,168,1811,mp_idb
train/images/1704282807-0001-R.jpg,1704282807-0001-R_crop_000.jpg,train,0.012840324,0,6,219,339,45,108,173,236,mp_idb
train/images/1704282807-0001-R.jpg,1704282807-0001-R_crop_001.jpg,train,0.012427741,0,1584,479,1944,175,1700,303,1828,mp_idb
train/images/1704282807-0001-R.jpg,1704282807-0001-R_crop_002.jpg,train,0.011870508,0,1587,786,1944,329,1701,457,1829,mp_idb
train/images/1704282807-0001-R.jpg,1704282807-0001-R_crop_003.jpg,train,0.011347154,1929,0,2592,753,2196,312,2324,440,mp_idb
train/images/1704282807-0001-R.jpg,1704282807-0001-R_crop_004.jpg,train,0.011286786,1994,1569,2592,1944,2229,1692,2357,1820,mp_idb
train/images/1704282807-0001-R.jpg,1704282807-0001-R_crop_005.jpg,train,0.010947169,1989,0,2592,235,2226,53,2354,181,mp_idb
train/images/1704282807-0001-R.jpg,1704282807-0001-R_crop_006.jpg,train,0.010894535,65,1513,1060,1944,498,1664,626,1792,mp_idb
train/images/1704282807-0001-R.jpg,1704282807-0001-R_crop_007.jpg,train,0.0108685605,1735,1543,2592,1944,2099,1679,2227,1807,mp_idb
train/images/1704282807-0001-R.jpg,1704282807-0001-R_crop_008.jpg,train,0.010858524,1975,0,2592,555,2219,213,2347,341,mp_idb
train/images/1704282807-0001-R.jpg,1704282807-0001-R_crop_009.jpg,train,0.010832946,1981,1402,2592,1944,2222,1609,2350,1737,mp_idb
train/images/1704282807-0001-R.jpg,1704282807-0001-R_crop_010.jpg,train,0.0108294105,571,1503,1582,1944,1012,1659,1140,1787,mp_idb
train/images/1704282807-0001-R.jpg,1704282807-0001-R_crop_011.jpg,train,0.01082048,1477,1508,2485,1944,1917,1662,2045,1790,mp_idb
train/images/1704282807-0001-R.jpg,1704282807-0001-R_crop_012.jpg,train,0.010820097,311,1505,1322,1944,752,1660,880,1788,mp_idb
train/images/1704282807-0001-R.jpg,1704282807-0001-R_crop_013.jpg,train,0.01079189,0,26,208,452,40,175,168,303,mp_idb
train/images/1704282807-0001-R.jpg,1704282807-0001-R_crop_014.jpg,train,0.010784476,1218,1508,2222,1944,1656,1662,1784,1790,mp_idb
train/images/1704282807-0001-R.jpg,1704282807-0001-R_crop_015.jpg,train,0.010772487,832,1506,1839,1944,1271,1661,1399,1789,mp_idb
train/images/1704282807-0001-R.jpg,1704282807-0001-R_crop_016.jpg,train,0.010759792,1962,229,2592,1079,2213,590,2341,718,mp_idb
train/images/1704282807-0001-R.jpg,1704282807-0001-R_crop_017.jpg,train,0.010711767,0,4,725,352,298,114,426,242,mp_idb
train/images/1704282807-0001-R.jpg,1704282807-0001-R_crop_018.jpg,train,0.010709004,1968,736,2592,1601,2216,1104,2344,1232,mp_idb
train/images/1704282807-0001-R.jpg,1704282807-0001-R_crop_019.jpg,train,0.010669647,1964,483,2592,1347,2214,851,2342,979,mp_idb
train/images/1704282807-0001-R.jpg,1704282807-0001-R_crop_020.jpg,train,0.010628436,1969,1007,2592,1845,2216,1362,2344,1490,mp_idb
train/images/1704282807-0001-R.jpg,1704282807-0001-R_crop_021.jpg,train,0.0103807775,0,0,1322,435,597,153,725,281,mp_idb
train/images/1704282807-0001-R.jpg,1704282807-0001-R_crop_022.jpg,train,0.010255662,0,1566,207,1944,39,1691,167,1819,mp_idb
train/images/1704282807-0001-R.jpg,1704282807-0001-R_crop_023.jpg,train,0.010188958,292,0,1667,397,915,134,1043,262,mp_idb
train/images/1704282807-0001-R.jpg,1704282807-0001-R_crop_024.jpg,train,0.01014787,539,0,1933,423,1172,147,1300,275,mp_idb
train/images/1704282807-0001-R.jpg,1704282807-0001-R_crop_025.jpg,train,0.010064861,826,0,2165,435,1431,153,1559,281,mp_idb
train/images/1704282807-0001-R.jpg,1704282807-0001-R_crop_026.jpg,train,0.010039897,1211,0,2534,395,1808,133,1936,261,mp_idb
train/images/1704282807-0001-R.jpg,1704282807-0001-R_crop_027.jpg,train,0.010010158,1593,0,2592,383,2028,127,2156,255,mp_idb
train/images/1701151546-0012-R.jpg,1701151546-0012-R_crop_000.jpg,train,0.01274313,0,7,219,338,45,108,173,236,mp_idb
train/images/1701151546-0012-R.jpg,1701151546-0012-R_crop_001.jpg,train,0.0121558765,0,1589,438,1944,155,1702,283,1830,mp_idb
train/images/1701151546-0012-R.jpg,1701151546-0012-R_crop_002.jpg,train,0.011650557,1936,0,2592,831,2200,351,2328,479,mp_idb
train/images/1701151546-0012-R.jpg,1701151546-0012-R_crop_003.jpg,train,0.011582439,0,1615,859,1944,365,1715,493,1843,mp_idb
train/images/1701151546-0012-R.jpg,1701151546-0012-R_crop_004.jpg,train,0.011174052,1959,1563,2592,1944,2211,1689,2339,1817,mp_idb
train/images/1701151546-0012-R.jpg,1701151546-0012-R_crop_005.jpg,train,0.010923537,127,1573,1279,1944,639,1694,767,1822,mp_idb
train/images/1701151546-0012-R.jpg,1701151546-0012-R_crop_006.jpg,train,0.010912214,384,1562,1563,1944,909,1689,1037,1817,mp_idb
train/images/1701151546-0012-R.jpg,1701151546-0012-R_crop_007.jpg,train,0.0108752325,2017,0,2592,260,2240,66,2368,194,mp_idb
train/images/1701151546-0012-R.jpg,1701151546-0012-R_crop_008.jpg,train,0.0108481115,0,26,208,447,40,172,168,300,mp_idb
train/images/1701151546-0012-R.jpg,1701151546-0012-R_crop_009.jpg,train,0.010827351,1957,226,2592,1093,2210,595,2338,723,mp_idb
train/images/1701151546-0012-R.jpg,1701151546-0012-R_crop_010.jpg,train,0.010773341,1968,740,2592,1583,2216,1097,2344,1225,mp_idb
train/images/1701151546-0012-R.jpg,1701151546-0012-R_crop_011.jpg,train,0.010738216,621,1565,1817,1944,1155,1690,1283,1818,mp_idb
train/images/1701151546-0012-R.jpg,1701151546-0012-R_crop_012.jpg,train,0.010735771,1955,482,2592,1342,2209,848,2337,976,mp_idb
train/images/1701151546-0012-R.jpg,1701151546-0012-R_crop_013.jpg,train,0.010688473,1972,1028,2592,1805,2218,1352,2346,1480,mp_idb
train/images/1701151546-0012-R.jpg,1701151546-0012-R_crop_014.jpg,train,0.010672632,1986,1399,2592,1944,2225,1607,2353,1735,mp_idb
train/images/1701151546-0012-R.jpg,1701151546-0012-R_crop_015.jpg,train,0.01064492,875,1584,2039,1944,1393,1700,1521,1828,mp_idb
train/images/1701151546-0012-R.jpg,1701151546-0012-R_crop_016.jpg,train,0.010603255,1679,1595,2592,1944,2071,1705,2199,1833,mp_idb
train/images/1701151546-0012-R.jpg,1701151546-0012-R_crop_017.jpg,train,0.010598128,1288,1591,2450,1944,1805,1703,1933,1831,mp_idb
train/images/1701151546-0012-R.jpg,1701151546-0012-R_crop_018.jpg,train,0.010570324,1967,1282,2592,1944,2215,1549,2343,1677,mp_idb
train/images/1701151546-0012-R.jpg,1701151546-0012-R_crop_019.jpg,train,0.010464207,0,4,643,349,257,112,385,240,mp_idb
train/images/1701151546-0012-R.jpg,1701151546-0012-R_crop_020.jpg,train,0.010073949,1076,0,2458,485,1703,178,1831,306,mp_idb
train/images/1701151546-0012-R.jpg,1701151546-0012-R_crop_021.jpg,train,0.01002566,811,0,2213,469,1448,170,1576,298,mp_idb
train/images/1701151546-0012-R.jpg,1701151546-0012-R_crop_022.jpg,train,0.010017717,0,1578,203,1944,37,1697,165,1825,mp_idb
train/images/1305121398-0003-R.jpg,1305121398-0003-R_crop_000.jpg,train,0.02127169,2212,0,2592,1377,2338,624,2466,752,mp_idb
train/images/1305121398-0003-R.jpg,1305121398-0003-R_crop_001.jpg,train,0.02045869,2255,586,2592,1944,2359,1201,2487,1329,mp_idb
train/images/1305121398-0003-R.jpg,1305121398-0003-R_crop_002.jpg,train,0.019616693,2228,195,2592,1908,2346,987,2474,1115,mp_idb
train/images/1305121398-0003-R.jpg,1305121398-0003-R_crop_003.jpg,train,0.016242703,2277,975,2592,1944,2370,1395,2498,1523,mp_idb
train/images/1305121398-0003-R.jpg,1305121398-0003-R_crop_004.jpg,train,0.01565427,2019,1225,2591,1944,2241,1520,2369,1648,mp_idb
train/images/1305121398-0003-R.jpg,1305121398-0003-R_crop_005.jpg,train,0.012488859,0,5,240,371,56,124,184,252,mp_idb
train/images/1305121398-0003-R.jpg,1305121398-0003-R_crop_006.jpg,train,0.011283738,0,21,1057,772,464,332,592,460,mp_idb
train/images/1305121398-0003-R.jpg,1305121398-0003-R_crop_007.jpg,train,0.011173326,2091,0,2592,1217,2277,544,2405,672,mp_idb
train/images/1305121398-0003-R.jpg,1305121398-0003-R_crop_008.jpg,train,0.011071633,0,15,216,539,44,213,172,341,mp_idb
train/images/1305121398-0003-R.jpg,1305121398-0003-R_crop_009.jpg,train,0.010992467,0,1185,454,1944,163,1500,291,1628,mp_idb
train/images/1305121398-0003-R.jpg,1305121398-0003-R_crop_010.jpg,train,0.010971281,0,1350,856,1944,364,1583,492,1711,mp_idb
train/images/1305121398-0003-R.jpg,1305121398-0003-R_crop_011.jpg,train,0.010604484,0,16,531,658,201,273,329,401,mp_idb
train/images/1305121398-0003-R.jpg,1305121398-0003-R_crop_012.jpg,train,0.010400032,0,1548,224,1944,48,1682,176,1810,mp_idb
train/images/1305121398-0003-R.jpg,1305121398-0003-R_crop_013.jpg,train,0.01033788,1608,1223,2585,1944,2032,1519,2160,1647,mp_idb
train/images/1305121398-0003-R.jpg,1305121398-0003-R_crop_014.jpg,train,0.010323416,489,1056,2323,1944,1342,1436,1470,1564,mp_idb
train/images/1305121398-0003-R.jpg,1305121398-0003-R_crop_015.jpg,train,0.010312728,0,25,1622,830,747,363,875,491,mp_idb
train/images/1305121398-0003-R.jpg,1305121398-0003-R_crop_016.jpg,train,0.01025738,1104,1118,2592,1944,1784,1467,1912,1595,mp_idb
train/images/1305121398-0003-R.jpg,1305121398-0003-R_crop_017.jpg,train,0.010196645,1313,1205,2584,1944,1884,1510,2012,1638,mp_idb
train/images/1305121398-0003-R.jpg,1305121398-0003-R_crop_018.jpg,train,0.010161007,302,1055,1806,1944,990,1435,1118,1563,mp_idb
train/images/1305121398-0003-R.jpg,1305121398-0003-R_crop_019.jpg,train,0.0101158,1377,20,2585,1420,1917,656,2045,784,mp_idb
train/images/1409171742-0007-R.jpg,1409171742-0007-R_crop_000.jpg,train,0.012878543,0,7,222,331,47,105,175,233,mp_idb
train/images/1409171742-0007-R.jpg,1409171742-0007-R_crop_001.jpg,train,0.0119240135,0,1434,477,1944,174,1625,302,1753,mp_idb
train/images/1409171742-0007-R.jpg,1409171742-0007-R_crop_002.jpg,train,0.011766709,0,1563,808,1944,340,1689,468,1817,mp_idb
train/images/1409171742-0007-R.jpg,1409171742-0007-R_crop_003.jpg,train,0.011604399,1988,0,2592,667,2226,269,2354,397,mp_idb
train/images/1409171742-0007-R.jpg,1409171742-0007-R_crop_004.jpg,train,0.011240437,1974,1553,2592,1944,2219,1684,2347,1812,mp_idb
train/images/1409171742-0007-R.jpg,1409171742-0007-R_crop_005.jpg,train,0.010827398,0,20,211,447,41,169,169,297,mp_idb
train/images/1409171742-0007-R.jpg,1409171742-0007-R_crop_006.jpg,train,0.010795353,1725,1552,2592,1944,2094,1684,2222,1812,mp_idb
train/images/1409171742-0007-R.jpg,1409171742-0007-R_crop_007.jpg,train,0.010794496,1987,1390,2592,1944,2225,1603,2353,1731,mp_idb
train/images/1409171742-0007-R.jpg,1409171742-0007-R_crop_008.jpg,train,0.010710923,2058,0,2592,254,2261,63,2389,191,mp_idb
train/images/1409171742-0007-R.jpg,1409171742-0007-R_crop_009.jpg,train,0.010673966,1470,1514,2484,1944,1913,1665,2041,1793,mp_idb
train/images/1409171742-0007-R.jpg,1409171742-0007-R_crop_010.jpg,train,0.010657553,0,1519,925,1944,398,1667,526,1795,mp_idb
train/images/1409171742-0007-R.jpg,1409171742-0007-R_crop_011.jpg,train,0.010629319,1214,1513,2226,1944,1656,1664,1784,1792,mp_idb
train/images/1409171742-0007-R.jpg,1409171742-0007-R_crop_012.jpg,train,0.010615593,1976,1272,2592,1944,2220,1544,2348,1672,mp_idb
train/images/1409171742-0007-R.jpg,1409171742-0007-R_crop_013.jpg,train,0.010612353,1984,247,2592,1031,2224,575,2352,703,mp_idb
train/images/1409171742-0007-R.jpg,1409171742-0007-R_crop_014.jpg,train,0.010589831,566,1500,1584,1944,1011,1658,1139,1786,mp_idb
train/images/1409171742-0007-R.jpg,1409171742-0007-R_crop_015.jpg,train,0.010571032,301,1494,1326,1944,749,1655,877,1783,mp_idb
train/images/1409171742-0007-R.jpg,1409171742-0007-R_crop_016.jpg,train,0.010561126,825,1509,1840,1944,1268,1662,1396,1790,mp_idb
train/images/1409171742-0007-R.jpg,1409171742-0007-R_crop_017.jpg,train,0.010548961,1977,632,2592,1416,2220,960,2348,1088,mp_idb
train/images/1409171742-0007-R.jpg,1409171742-0007-R_crop_018.jpg,train,0.010547747,1979,883,2592,1680,2221,1217,2349,1345,mp_idb
train/images/1409171742-0007-R.jpg,1409171742-0007-R_crop_019.jpg,train,0.010253271,0,3,508,346,190,110,318,238,mp_idb
train/images/1409171742-0007-R.jpg,1409171742-0007-R_crop_020.jpg,train,0.010210008,2045,0,2592,487,2254,179,2382,307,mp_idb
train/images/1409171742-0007-R.jpg,1409171742-0007-R_crop_021.jpg,train,0.01015431,0,1566,206,1944,39,1691,167,1819,mp_idb
train/images/1603223711-0001-G.jpg,1603223711-0001-G_crop_000.jpg,train,0.012856139,0,6,222,331,47,104,175,232,mp_idb
train/images/1603223711-0001-G.jpg,1603223711-0001-G_crop_001.jpg,train,0.0123390285,0,1539,454,1944,163,1677,291,1805,mp_idb
train/images/1603223711-0001-G.jpg,1603223711-0001-G_crop_002.jpg,train,0.01184137,0,1568,798,1944,335,1692,463,1820,mp_idb
train/images/1603223711-0001-G.jpg,1603223711-0001-G_crop_003.jpg,train,0.011408165,1940,0,2592,730,2202,301,2330,429,mp_idb
train/images/1603223711-0001-G.jpg,1603223711-0001-G_crop_004.jpg,train,0.01123791,1986,1531,2592,1944,2225,1673,2353,1801,mp_idb
train/images/1603223711-0001-G.jpg,1603223711-0001-G_crop_005.jpg,train,0.01102177,0,22,210,444,41,169,169,297,mp_idb
train/images/1603223711-0001-G.jpg,1603223711-0001-G_crop_006.jpg,train,0.010970168,2019,0,2592,253,2241,62,2369,190,mp_idb
train/images/1603223711-0001-G.jpg,1603223711-0001-G_crop_007.jpg,train,0.010939165,65,1496,1065,1944,501,1656,629,1784,mp_idb
train/images/1603223711-0001-G.jpg,1603223711-0001-G_crop_008.jpg,train,0.01079519,307,1493,1326,1944,752,1654,880,1782,mp_idb
train/images/1603223711-0001-G.jpg,1603223711-0001-G_crop_009.jpg,train,0.010788546,1733,1528,2592,1944,2098,1672,2226,1800,mp_idb
train/images/1603223711-0001-G.jpg,1603223711-0001-G_crop_010.jpg,train,0.010759867,823,1514,1828,1944,1261,1665,1389,1793,mp_idb
train/images/1603223711-0001-G.jpg,1603223711-0001-G_crop_011.jpg,train,0.010756305,566,1504,1572,1944,1005,1660,1133,1788,mp_idb
train/images/1603223711-0001-G.jpg,1603223711-0001-G_crop_012.jpg,train,0.010750137,1080,1509,2092,1944,1522,1662,1650,1790,mp_idb
train/images/1603223711-0001-G.jpg,1603223711-0001-G_crop_013.jpg,train,0.010748372,1473,1503,2484,1944,1914,1659,2042,1787,mp_idb
train/images/1603223711-0001-G.jpg,1603223711-0001-G_crop_014.jpg,train,0.010641913,2001,0,2592,546,2232,209,2360,337,mp_idb
train/images/1603223711-0001-G.jpg,1603223711-0001-G_crop_015.jpg,train,0.0106356945,1968,1271,2592,1944,2216,1543,2344,1671,mp_idb
train/images/1603223711-0001-G.jpg,1603223711-0001-G_crop_016.jpg,train,0.010623864,1965,239,2592,1053,2214,582,2342,710,mp_idb
train/images/1603223711-0001-G.jpg,1603223711-0001-G_crop_017.jpg,train,0.010595108,1969,758,2592,1547,2216,1088,2344,1216,mp_idb
train/images/1603223711-0001-G.jpg,1603223711-0001-G_crop_018.jpg,train,0.010590335,1966,492,2592,1297,2215,830,2343,958,mp_idb
train/images/1603223711-0001-G.jpg,1603223711-0001-G_crop_019.jpg,train,0.010579344,1970,1015,2592,1809,2217,1348,2345,1476,mp_idb
train/images/1603223711-0001-G.jpg,1603223711-0001-G_crop_020.jpg,train,0.010405726,0,1549,209,1944,40,1682,168,1810,mp_idb
train/images/1603223711-0001-G.jpg,1603223711-0001-G_crop_021.jpg,train,0.010313823,0,3,604,329,238,102,366,230,mp_idb
train/images/1704282807-0006-R.jpg,1704282807-0006-R_crop_000.jpg,train,0.012718079,0,6,227,336,49,107,177,235,mp_idb
train/images/1704282807-0006-R.jpg,1704282807-0006-R_crop_001.jpg,train,0.012401736,0,1598,479,1944,175,1707,303,1835,mp_idb
train/images/1704282807-0006-R.jpg,1704282807-0006-R_crop_002.jpg,train,0.011866975,0,1587,800,1944,336,1701,464,1829,mp_idb
train/images/1704282807-0006-R.jpg,1704282807-0006-R_crop_003.jpg,train,0.011416187,1947,0,2592,681,2205,276,2333,404,mp_idb
train/images/1704282807-0006-R.jpg,1704282807-0006-R_crop_004.jpg,train,0.011220321,1996,1544,2592,1944,2230,1680,2358,1808,mp_idb
train/images/1704282807-0006-R.jpg,1704282807-0006-R_crop_005.jpg,train,0.010843154,2018,0,2592,240,2241,56,2369,184,mp_idb
train/images/1704282807-0006-R.jpg,1704282807-0006-R_crop_006.jpg,train,0.010830917,67,1521,1065,1944,502,1668,630,1796,mp_idb
train/images/1704282807-0006-R.jpg,1704282807-0006-R_crop_007.jpg,train,0.010778674,1734,1533,2592,1944,2099,1674,2227,1802,mp_idb
train/images/1704282807-0006-R.jpg,1704282807-0006-R_crop_008.jpg,train,0.01072341,0,20,210,451,41,171,169,299,mp_idb
train/images/1704282807-0006-R.jpg,1704282807-0006-R_crop_009.jpg,train,0.010716851,824,1512,1839,1944,1267,1664,1395,1792,mp_idb
train/images/1704282807-0006-R.jpg,1704282807-0006-R_crop_010.jpg,train,0.010710696,1084,1511,2096,1944,1526,1663,1654,1791,mp_idb
train/images/1704282807-0006-R.jpg,1704282807-0006-R_crop_011.jpg,train,0.010693622,565,1517,1583,1944,1010,1666,1138,1794,mp_idb
train/images/1704282807-0006-R.jpg,1704282807-0006-R_crop_012.jpg,train,0.010686103,1477,1511,2487,1944,1918,1663,2046,1791,mp_idb
train/images/1704282807-0006-R.jpg,1704282807-0006-R_crop_013.jpg,train,0.010653702,302,1523,1320,1944,747,1669,875,1797,mp_idb
train/images/1704282807-0006-R.jpg,1704282807-0006-R_crop_014.jpg,train,0.010601259,1972,1270,2592,1944,2218,1543,2346,1671,mp_idb
train/images/1704282807-0006-R.jpg,1704282807-0006-R_crop_015.jpg,train,0.010527412,1968,748,2592,1566,2216,1093,2344,1221,mp_idb
train/images/1704282807-0006-R.jpg,1704282807-0006-R_crop_016.jpg,train,0.010507186,1968,496,2592,1305,2216,836,2344,964,mp_idb
train/images/1704282807-0006-R.jpg,1704282807-0006-R_crop_017.jpg,train,0.010500376,1972,1004,2592,1826,2218,1351,2346,1479,mp_idb
train/images/1704282807-0006-R.jpg,1704282807-0006-R_crop_018.jpg,train,0.010486221,1969,232,2592,1052,2216,578,2344,706,mp_idb
train/images/1704282807-0006-R.jpg,1704282807-0006-R_crop_019.jpg,train,0.010458337,0,1570,209,1944,40,1693,168,1821,mp_idb
train/images/1704282807-0006-R.jpg,1704282807-0006-R_crop_020.jpg,train,0.010434628,2005,0,2592,497,2234,184,2362,312,mp_idb
train/images/1704282807-0006-R.jpg,1704282807-0006-R_crop_021.jpg,train,0.010156289,0,2,561,342,216,108,344,236,mp_idb
train/images/1305121398-0004-R.jpg,1305121398-0004-R_crop_000.jpg,train,0.021187754,2223,0,2592,1374,2343,623,2471,751,mp_idb
train/images/1305121398-0004-R.jpg,1305121398-0004-R_crop_001.jpg,train,0.020293703,2245,587,2592,1944,2354,1201,2482,1329,mp_idb
train/images/1305121398-0004-R.jpg,1305121398-0004-R_crop_002.jpg,train,0.019562652,2219,329,2592,1944,2341,1072,2469,1200,mp_idb
train/images/1305121398-0004-R.jpg,1305121398-0004-R_crop_003.jpg,train,0.015919212,2020,1223,2591,1944,2241,1519,2369,1647,mp_idb
train/images/1305121398-0004-R.jpg,1305121398-0004-R_crop_004.jpg,train,0.015845755,2275,975,2592,1944,2369,1395,2497,1523,mp_idb
train/images/1305121398-0004-R.jpg,1305121398-0004-R_crop_005.jpg,train,0.012435457,0,4,240,361,56,118,184,246,mp_idb
train/images/1305121398-0004-R.jpg,1305121398-0004-R_crop_006.jpg,train,0.011266339,0,20,1064,759,468,325,596,453,mp_idb
train/images/1305121398-0004-R.jpg,1305121398-0004-R_crop_007.jpg,train,0.011179918,0,13,214,528,43,206,171,334,mp_idb
train/images/1305121398-0004-R.jpg,1305121398-0004-R_crop_008.jpg,train,0.010969309,0,1348,885,1944,378,1582,506,1710,mp_idb
train/images/1305121398-0004-R.jpg,1305121398-0004-R_crop_009.jpg,train,0.010965497,0,1265,469,1944,170,1540,298,1668,mp_idb
train/images/1305121398-0004-R.jpg,1305121398-0004-R_crop_010.jpg,train,0.010739063,2075,0,2592,1212,2269,542,2397,670,mp_idb
train/images/1305121398-0004-R.jpg,1305121398-0004-R_crop_011.jpg,train,0.010670432,0,16,550,651,211,269,339,397,mp_idb
train/images/1305121398-0004-R.jpg,1305121398-0004-R_crop_012.jpg,train,0.0104683405,0,1551,226,1944,49,1683,177,1811,mp_idb
train/images/1305121398-0004-R.jpg,1305121398-0004-R_crop_013.jpg,train,0.0103306,1617,1216,2585,1944,2037,1516,2165,1644,mp_idb
train/images/1305121398-0004-R.jpg,1305121398-0004-R_crop_014.jpg,train,0.010272596,647,1094,2420,1944,1469,1455,1597,1583,mp_idb
train/images/1305121398-0004-R.jpg,1305121398-0004-R_crop_015.jpg,train,0.010250464,1086,1125,2592,1944,1775,1470,1903,1598,mp_idb
train/images/1305121398-0004-R.jpg,1305121398-0004-R_crop_016.jpg,train,0.010246982,1329,1203,2585,1944,1893,1509,2021,1637,mp_idb
train/images/1305121398-0004-R.jpg,1305121398-0004-R_crop_017.jpg,train,0.010199779,281,1069,2164,1944,1158,1442,1286,1570,mp_idb
train/images/1409191647-0004-R.jpg,1409191647-0004-R_crop_000.jpg,train,0.0128425425,0,7,226,328,49,103,177,231,mp_idb
train/images/1409191647-0004-R.jpg,1409191647-0004-R_crop_001.jpg,train,0.012010654,0,1478,441,1944,156,1647,284,1775,mp_idb
train/images/1409191647-0004-R.jpg,1409191647-0004-R_crop_002.jpg,train,0.011771755,0,1572,787,1944,329,1694,457,1822,mp_idb
train/images/1409191647-0004-R.jpg,1409191647-0004-R_crop_003.jpg,train,0.011531252,1984,0,2592,661,2224,266,2352,394,mp_idb
train/images/1409191647-0004-R.jpg,1409191647-0004-R_crop_004.jpg,train,0.011230599,1964,1550,2592,1944,2214,1683,2342,1811,mp_idb
train/images/1409191647-0004-R.jpg,1409191647-0004-R_crop_005.jpg,train,0.010875992,1204,1493,2224,1944,1650,1654,1778,1782,mp_idb
train/images/1409191647-0004-R.jpg,1409191647-0004-R_crop_006.jpg,train,0.01087457,63,1509,1057,1944,496,1662,624,1790,mp_idb
train/images/1409191647-0004-R.jpg,1409191647-0004-R_crop_007.jpg,train,0.010872483,817,1493,1842,1944,1265,1654,1393,1782,mp_idb
train/images/1409191647-0004-R.jpg,1409191647-0004-R_crop_008.jpg,train,0.010858871,1722,1531,2592,1944,2093,1673,2221,1801,mp_idb
train/images/1409191647-0004-R.jpg,1409191647-0004-R_crop_009.jpg,train,0.010847164,558,1500,1585,1944,1007,1658,1135,1786,mp_idb
train/images/1409191647-0004-R.jpg,1409191647-0004-R_crop_010.jpg,train,0.010832082,1466,1497,2482,1944,1910,1656,2038,1784,mp_idb
train/images/1409191647-0004-R.jpg,1409191647-0004-R_crop_011.jpg,train,0.010779472,300,1501,1321,1944,746,1658,874,1786,mp_idb
train/images/1409191647-0004-R.jpg,1409191647-0004-R_crop_012.jpg,train,0.010749468,1976,1390,2592,1944,2220,1603,2348,1731,mp_idb
train/images/1409191647-0004-R.jpg,1409191647-0004-R_crop_013.jpg,train,0.0107338,0,21,211,453,41,173,169,301,mp_idb
train/images/1409191647-0004-R.jpg,1409191647-0004-R_crop_014.jpg,train,0.010728019,2056,0,2592,250,2260,61,2388,189,mp_idb
train/images/1409191647-0004-R.jpg,1409191647-0004-R_crop_015.jpg,train,0.010550002,1983,244,2592,1029,2223,572,2351,700,mp_idb
train/images/1409191647-0004-R.jpg,1409191647-0004-R_crop_016.jpg,train,0.010548508,1980,499,2592,1282,2222,826,2350,954,mp_idb
train/images/1409191647-0004-R.jpg,1409191647-0004-R_crop_017.jpg,train,0.01053925,1975,758,2592,1547,2219,1088,2347,1216,mp_idb
train/images/1409191647-0004-R.jpg,1409191647-0004-R_crop_018.jpg,train,0.010510265,1968,1143,2592,1935,2216,1475,2344,1603,mp_idb
train/images/1409191647-0004-R.jpg,1409191647-0004-R_crop_019.jpg,train,0.010257239,0,3,536,339,204,107,332,235,mp_idb
train/images/1409191647-0004-R.jpg,1409191647-0004-R_crop_020.jpg,train,0.010175914,2045,0,2592,475,2254,173,2382,301,mp_idb
train/images/1409191647-0004-R.jpg,1409191647-0004-R_crop_021.jpg,train,0.010111418,0,1559,208,1944,40,1687,168,1815,mp_idb
train/images/1409171742-0002-R.jpg,1409171742-0002-R_crop_000.jpg,train,0.012911993,0,6,229,330,50,104,178,232,mp_idb
train/images/1409171742-0002-R.jpg,1409171742-0002-R_crop_001.jpg,train,0.012177952,0,1531,461,1944,166,1673,294,1801,mp_idb
train/images/1409171742-0002-R.jpg,1409171742-0002-R_crop_002.jpg,train,0.011831181,0,1576,788,1944,330,1696,458,1824,mp_idb
train/images/1409171742-0002-R.jpg,1409171742-0002-R_crop_003.jpg,train,0.011505904,1971,0,2592,683,2217,277,2345,405,mp_idb
train/images/1409171742-0002-R.jpg,1409171742-0002-R_crop_004.jpg,train,0.011219581,1979,1549,2592,1944,2221,1682,2349,1810,mp_idb
train/images/1409171742-0002-R.jpg,1409171742-0002-R_crop_005.jpg,train,0.011058901,0,21,212,453,42,173,170,301,mp_idb
train/images/1409171742-0002-R.jpg,1409171742-0002-R_crop_006.jpg,train,0.010889002,63,1516,1047,1944,491,1666,619,1794,mp_idb
train/images/1409171742-0002-R.jpg,1409171742-0002-R_crop_007.jpg,train,0.010873402,1731,1525,2592,1944,2097,1670,2225,1798,mp_idb
train/images/1409171742-0002-R.jpg,1409171742-0002-R_crop_008.jpg,train,0.010829538,557,1508,1576,1944,1002,1662,1130,1790,mp_idb
train/images/1409171742-0002-R.jpg,1409171742-0002-R_crop_009.jpg,train,0.010824844,949,1511,1967,1944,1394,1663,1522,1791,mp_idb
train/images/1409171742-0002-R.jpg,1409171742-0002-R_crop_010.jpg,train,0.010818735,300,1514,1309,1944,740,1665,868,1793,mp_idb
train/images/1409171742-0002-R.jpg,1409171742-0002-R_crop_011.jpg,train,0.010817943,1470,1506,2482,1944,1912,1661,2040,1789,mp_idb
train/images/1409171742-0002-R.jpg,1409171742-0002-R_crop_012.jpg,train,0.01081629,1208,1517,2226,1944,1653,1666,1781,1794,mp_idb
train/images/1409171742-0002-R.jpg,1409171742-0002-R_crop_013.jpg,train,0.010784441,2046,0,2592,244,2255,58,2383,186,mp_idb
train/images/1409171742-0002-R.jpg,1409171742-0002-R_crop_014.jpg,train,0.010614255,1980,248,2592,1032,2222,576,2350,704,mp_idb
train/images/1409171742-0002-R.jpg,1409171742-0002-R_crop_015.jpg,train,0.010578991,1963,1266,2592,1944,2213,1541,2341,1669,mp_idb
train/images/1409171742-0002-R.jpg,1409171742-0002-R_crop_016.jpg,train,0.010564017,1973,753,2592,1555,2218,1090,2346,1218,mp_idb
train/images/1409171742-0002-R.jpg,1409171742-0002-R_crop_017.jpg,train,0.010550828,1971,1015,2592,1819,2217,1353,2345,1481,mp_idb
train/images/1409171742-0002-R.jpg,1409171742-0002-R_crop_018.jpg,train,0.010541185,1975,499,2592,1290,2219,830,2347,958,mp_idb
train/images/1409171742-0002-R.jpg,1409171742-0002-R_crop_019.jpg,train,0.010362899,2034,0,2592,494,2249,183,2377,311,mp_idb
train/images/1409171742-0002-R.jpg,1409171742-0002-R_crop_020.jpg,train,0.010282851,0,3,541,331,206,103,334,231,mp_idb
train/images/1409171742-0002-R.jpg,1409171742-0002-R_crop_021.jpg,train,0.010237783,0,1561,207,1944,39,1688,167,1816,mp_idb
train/images/1409171742-0002-R.jpg,1409171742-0002-R_crop_022.jpg,train,0.010046994,0,67,215,585,43,262,171,390,mp_idb
train/images/1305121398-0022-S.jpg,1305121398-0022-S_crop_000.jpg,train,0.021440897,2207,0,2592,1377,2335,624,2463,752,mp_idb
train/images/1305121398-0022-S.jpg,1305121398-0022-S_crop_001.jpg,train,0.02083243,2240,460,2592,1944,2352,1138,2480,1266,mp_idb
train/images/1305121398-0022-S.jpg,1305121398-0022-S_crop_002.jpg,train,0.017733226,2262,846,2592,1944,2363,1331,2491,1459,mp_idb
train/images/1305121398-0022-S.jpg,1305121398-0022-S_crop_003.jpg,train,0.015545647,2016,1228,2591,1944,2239,1522,2367,1650,mp_idb
train/images/1305121398-0022-S.jpg,1305121398-0022-S_crop_004.jpg,train,0.01246757,2204,1092,2591,1944,2333,1454,2461,1582,mp_idb
train/images/1305121398-0022-S.jpg,1305121398-0022-S_crop_005.jpg,train,0.012460821,0,4,236,346,54,111,182,239,mp_idb
train/images/1305121398-0022-S.jpg,1305121398-0022-S_crop_006.jpg,train,0.011185844,0,1321,870,1944,371,1568,499,1696,mp_idb
train/images/1305121398-0022-S.jpg,1305121398-0022-S_crop_007.jpg,train,0.011148728,0,13,214,520,43,202,171,330,mp_idb
train/images/1305121398-0022-S.jpg,1305121398-0022-S_crop_008.jpg,train,0.01111752,0,21,1118,751,495,322,623,450,mp_idb
train/images/1305121398-0022-S.jpg,1305121398-0022-S_crop_009.jpg,train,0.011050816,0,1182,466,1944,169,1499,297,1627,mp_idb
train/images/1305121398-0022-S.jpg,1305121398-0022-S_crop_010.jpg,train,0.010774957,2071,0,2592,1217,2267,544,2395,672,mp_idb
train/images/1305121398-0022-S.jpg,1305121398-0022-S_crop_011.jpg,train,0.010482719,0,1553,222,1944,47,1684,175,1812,mp_idb
train/images/1305121398-0022-S.jpg,1305121398-0022-S_crop_012.jpg,train,0.010440858,0,17,541,662,206,275,334,403,mp_idb
train/images/1305121398-0022-S.jpg,1305121398-0022-S_crop_013.jpg,train,0.010407322,1636,1233,2586,1944,2047,1524,2175,1652,mp_idb
train/images/1305121398-0022-S.jpg,1305121398-0022-S_crop_014.jpg,train,0.010346055,1147,1146,2555,1944,1787,1481,1915,1609,mp_idb
train/images/1305121398-0022-S.jpg,1305121398-0022-S_crop_015.jpg,train,0.010263738,579,1126,2095,1944,1273,1471,1401,1599,mp_idb
train/images/1305121398-0022-S.jpg,1305121398-0022-S_crop_016.jpg,train,0.010189928,211,1120,1710,1944,896,1468,1024,1596,mp_idb
train/images/1305121398-0022-S.jpg,1305121398-0022-S_crop_017.jpg,train,0.010182025,0,1118,1151,1944,511,1467,639,1595,mp_idb
train/images/1704282807-0021-T_G_R.jpg,1704282807-0021-T_G_R_crop_000.jpg,train,0.020032,2184,0,2592,1366,2324,619,2452,747,mp_idb
train/images/1704282807-0021-T_G_R.jpg,1704282807-0021-T_G_R_crop_001.jpg,train,0.019063335,2250,459,2592,1944,2357,1137,2485,1265,mp_idb
train/images/1704282807-0021-T_G_R.jpg,1704282807-0021-T_G_R_crop_002.jpg,train,0.017945146,2228,59,2592,1787,2346,859,2474,987,mp_idb
train/images/1704282807-0021-T_G_R.jpg,1704282807-0021-T_G_R_crop_003.jpg,train,0.01743055,2268,847,2592,1944,2366,1331,2494,1459,mp_idb
train/images/1704282807-0021-T_G_R.jpg,1704282807-0021-T_G_R_crop_004.jpg,train,0.014844802,2014,1199,2591,1944,2238,1507,2366,1635,mp_idb
train/images/1704282807-0021-T_G_R.jpg,1704282807-0021-T_G_R_crop_005.jpg,train,0.013510606,2190,1077,2591,1944,2326,1446,2454,1574,mp_idb
train/images/1704282807-0021-T_G_R.jpg,1704282807-0021-T_G_R_crop_006.jpg,train,0.012709586,0,3,235,363,53,119,181,247,mp_idb
train/images/1704282807-0021-T_G_R.jpg,1704282807-0021-T_G_R_crop_007.jpg,train,0.0116425045,0,21,1054,789,463,341,591,469,mp_idb
train/images/1704282807-0021-T_G_R.jpg,1704282807-0021-T_G_R_crop_008.jpg,train,0.01146502,0,1386,1049,1944,460,1601,588,1729,mp_idb
train/images/1704282807-0021-T_G_R.jpg,1704282807-0021-T_G_R_crop_009.jpg,train,0.011420002,0,20,602,693,237,292,365,420,mp_idb
train/images/1704282807-0021-T_G_R.jpg,1704282807-0021-T_G_R_crop_010.jpg,train,0.01135122,2059,0,2592,1213,2261,542,2389,670,mp_idb
train/images/1704282807-0021-T_G_R.jpg,1704282807-0021-T_G_R_crop_011.jpg,train,0.011321897,0,15,211,540,41,213,169,341,mp_idb
train/images/1704282807-0021-T_G_R.jpg,1704282807-0021-T_G_R_crop_012.jpg,train,0.011152024,0,1367,533,1944,202,1591,330,1719,mp_idb
train/images/1704282807-0021-T_G_R.jpg,1704282807-0021-T_G_R_crop_013.jpg,train,0.010496374,0,1576,215,1944,43,1696,171,1824,mp_idb
train/images/1704282807-0021-T_G_R.jpg,1704282807-0021-T_G_R_crop_014.jpg,train,0.010377344,0,1154,1477,1944,674,1485,802,1613,mp_idb
train/images/1704282807-0021-T_G_R.jpg,1704282807-0021-T_G_R_crop_015.jpg,train,0.010301098,65,1099,1976,1944,956,1457,1084,1585,mp_idb
train/images/1704282807-0021-T_G_R.jpg,1704282807-0021-T_G_R_crop_016.jpg,train,0.010202557,505,1085,2536,1944,1456,1450,1584,1578,mp_idb
train/images/1704282807-0021-T_G_R.jpg,1704282807-0021-T_G_R_crop_017.jpg,train,0.010181761,1489,1183,2587,1944,1974,1499,2102,1627,mp_idb
train/images/1704282807-0021-T_G_R.jpg,1704282807-0021-T_G_R_crop_018.jpg,train,0.010097738,2396,0,2583,1379,2425,625,2553,753,mp_idb
train/images/1704282807-0021-T_G_R.jpg,1704282807-0021-T_G_R_crop_019.jpg,train,0.010036935,972,1088,2592,1944,1718,1452,1846,1580,mp_idb
train/images/1408290968-0002-R.jpg,1408290968-0002-R_crop_000.jpg,train,0.012877203,0,7,226,332,49,105,177,233,mp_idb
train/images/1408290968-0002-R.jpg,1408290968-0002-R_crop_001.jpg,train,0.012081442,0,1558,462,1944,167,1687,295,1815,mp_idb
train/images/1408290968-0002-R.jpg,1408290968-0002-R_crop_002.jpg,train,0.0118002575,0,1578,804,1944,338,1697,466,1825,mp_idb
train/images/1408290968-0002-R.jpg,1408290968-0002-R_crop_003.jpg,train,0.011559713,1936,0,2592,688,2200,280,2328,408,mp_idb
train/images/1408290968-0002-R.jpg,1408290968-0002-R_crop_004.jpg,train,0.01123889,1981,1563,2592,1944,2222,1689,2350,1817,mp_idb
train/images/1408290968-0002-R.jpg,1408290968-0002-R_crop_005.jpg,train,0.010995681,0,23,212,453,42,174,170,302,mp_idb
train/images/1408290968-0002-R.jpg,1408290968-0002-R_crop_006.jpg,train,0.010956373,1081,1491,2102,1944,1527,1653,1655,1781,mp_idb
train/images/1408290968-0002-R.jpg,1408290968-0002-R_crop_007.jpg,train,0.0109148035,823,1494,1840,1944,1267,1655,1395,1783,mp_idb
train/images/1408290968-0002-R.jpg,1408290968-0002-R_crop_008.jpg,train,0.010904632,1729,1536,2592,1944,2096,1676,2224,1804,mp_idb
train/images/1408290968-0002-R.jpg,1408290968-0002-R_crop_009.jpg,train,0.010901355,1339,1492,2359,1944,1785,1654,1913,1782,mp_idb
train/images/1408290968-0002-R.jpg,1408290968-0002-R_crop_010.jpg,train,0.010848213,564,1499,1584,1944,1010,1657,1138,1785,mp_idb
train/images/1408290968-0002-R.jpg,1408290968-0002-R_crop_011.jpg,train,0.01084586,65,1511,1065,1944,501,1663,629,1791,mp_idb
train/images/1408290968-0002-R.jpg,1408290968-0002-R_crop_012.jpg,train,0.01080015,1983,1389,2592,1944,2223,1602,2351,1730,mp_idb
train/images/1408290968-0002-R.jpg,1408290968-0002-R_crop_013.jpg,train,0.010783606,304,1508,1323,1944,749,1662,877,1790,mp_idb
train/images/1408290968-0002-R.jpg,1408290968-0002-R_crop_014.jpg,train,0.010719759,1991,0,2592,249,2227,60,2355,188,mp_idb
train/images/1408290968-0002-R.jpg,1408290968-0002-R_crop_015.jpg,train,0.010622226,1968,1263,2592,1944,2216,1539,2344,1667,mp_idb
train/images/1408290968-0002-R.jpg,1408290968-0002-R_crop_016.jpg,train,0.01061979,1973,621,2592,1435,2218,964,2346,1092,mp_idb
train/images/1408290968-0002-R.jpg,1408290968-0002-R_crop_017.jpg,train,0.010608853,1971,877,2592,1697,2217,1223,2345,1351,mp_idb
train/images/1408290968-0002-R.jpg,1408290968-0002-R_crop_018.jpg,train,0.010581391,1966,234,2592,1053,2215,579,2343,707,mp_idb
train/images/1408290968-0002-R.jpg,1408290968-0002-R_crop_019.jpg,train,0.010439218,1993,0,2592,504,2228,188,2356,316,mp_idb
train/images/1408290968-0002-R.jpg,1408290968-0002-R_crop_020.jpg,train,0.010314003,0,4,555,342,213,109,341,237,mp_idb
train/images/1408290968-0002-R.jpg,1408290968-0002-R_crop_021.jpg,train,0.010191405,0,1560,208,1944,40,1688,168,1816,mp_idb
train/images/1409171742-0006-R.jpg,1409171742-0006-R_crop_000.jpg,train,0.012954707,0,6,223,333,47,105,175,233,mp_idb
train/images/1409171742-0006-R.jpg,1409171742-0006-R_crop_001.jpg,train,0.0121550625,0,1524,469,1944,170,1670,298,1798,mp_idb
train/images/1409171742-0006-R.jpg,1409171742-0006-R_crop_002.jpg,train,0.011839133,0,1577,798,1944,335,1696,463,1824,mp_idb
train/images/1409171742-0006-R.jpg,1409171742-0006-R_crop_003.jpg,train,0.0115160765,1972,0,2592,665,2218,268,2346,396,mp_idb
train/images/1409171742-0006-R.jpg,1409171742-0006-R_crop_004.jpg,train,0.011255583,1980,1550,2592,1944,2222,1683,2350,1811,mp_idb
train/images/1409171742-0006-R.jpg,1409171742-0006-R_crop_005.jpg,train,0.010926531,0,22,213,447,42,170,170,298,mp_idb
train/images/1409171742-0006-R.jpg,1409171742-0006-R_crop_006.jpg,train,0.01079022,1730,1544,2592,1944,2097,1680,2225,1808,mp_idb
train/images/1409171742-0006-R.jpg,1409171742-0006-R_crop_007.jpg,train,0.010770607,66,1509,1064,1944,501,1662,629,1790,mp_idb
train/images/1409171742-0006-R.jpg,1409171742-0006-R_crop_008.jpg,train,0.010729179,2045,0,2592,250,2254,61,2382,189,mp_idb
train/images/1409171742-0006-R.jpg,1409171742-0006-R_crop_009.jpg,train,0.01069847,1217,1495,2238,1944,1663,1655,1791,1783,mp_idb
train/images/1409171742-0006-R.jpg,1409171742-0006-R_crop_010.jpg,train,0.010695236,959,1497,1973,1944,1402,1656,1530,1784,mp_idb
train/images/1409171742-0006-R.jpg,1409171742-0006-R_crop_011.jpg,train,0.01067382,699,1506,1711,1944,1141,1661,1269,1789,mp_idb
train/images/1409171742-0006-R.jpg,1409171742-0006-R_crop_012.jpg,train,0.010664685,1476,1507,2486,1944,1917,1661,2045,1789,mp_idb
train/images/1409171742-0006-R.jpg,1409171742-0006-R_crop_013.jpg,train,0.010646502,438,1506,1448,1944,879,1661,1007,1789,mp_idb
train/images/1409171742-0006-R.jpg,1409171742-0006-R_crop_014.jpg,train,0.010597218,1974,1271,2592,1944,2219,1543,2347,1671,mp_idb
train/images/1409171742-0006-R.jpg,1409171742-0006-R_crop_015.jpg,train,0.010578072,1975,248,2592,1035,2219,577,2347,705,mp_idb
train/images/1409171742-0006-R.jpg,1409171742-0006-R_crop_016.jpg,train,0.010533906,1973,756,2592,1553,2218,1090,2346,1218,mp_idb
train/images/1409171742-0006-R.jpg,1409171742-0006-R_crop_017.jpg,train,0.010515097,1974,497,2592,1297,2219,833,2347,961,mp_idb
train/images/1409171742-0006-R.jpg,1409171742-0006-R_crop_018.jpg,train,0.010505639,1975,1008,2592,1810,2219,1345,2347,1473,mp_idb
train/images/1409171742-0006-R.jpg,1409171742-0006-R_crop_019.jpg,train,0.01040847,0,3,536,343,204,109,332,237,mp_idb
train/images/1409171742-0006-R.jpg,1409171742-0006-R_crop_020.jpg,train,0.010330687,0,1577,208,1944,40,1696,168,1824,mp_idb
train/images/1409171742-0006-R.jpg,1409171742-0006-R_crop_021.jpg,train,0.010226507,2032,0,2592,481,2248,176,2376,304,mp_idb
train/images/1701151546-0006-R_T.jpg,1701151546-0006-R_T_crop_000.jpg,train,0.012716331,0,7,223,334,47,106,175,234,mp_idb
train/images/1701151546-0006-R_T.jpg,1701151546-0006-R_T_crop_001.jpg,train,0.011431141,1960,3,2592,751,2212,313,2340,441,mp_idb
train/images/1701151546-0006-R_T.jpg,1701151546-0006-R_T_crop_002.jpg,train,0.011287979,0,1492,1051,1944,461,1654,589,1782,mp_idb
train/images/1701151546-0006-R_T.jpg,1701151546-0006-R_T_crop_003.jpg,train,0.01113479,0,1408,487,1944,179,1612,307,1740,mp_idb
train/images/1701151546-0006-R_T.jpg,1701151546-0006-R_T_crop_004.jpg,train,0.011084327,2003,1600,2592,1944,2233,1708,2361,1836,mp_idb
train/images/1701151546-0006-R_T.jpg,1701151546-0006-R_T_crop_005.jpg,train,0.01101085,1985,1,2592,247,2224,60,2352,188,mp_idb
train/images/1701151546-0006-R_T.jpg,1701151546-0006-R_T_crop_006.jpg,train,0.010904549,2141,537,2592,1481,2302,945,2430,1073,mp_idb
train/images/1701151546-0006-R_T.jpg,1701151546-0006-R_T_crop_007.jpg,train,0.010901525,2304,653,2592,1564,2384,1044,2512,1172,mp_idb
train/images/1701151546-0006-R_T.jpg,1701151546-0006-R_T_crop_008.jpg,train,0.010860593,0,790,1777,1944,824,1303,952,1431,mp_idb
train/images/1701151546-0006-R_T.jpg,1701151546-0006-R_T_crop_009.jpg,train,0.010858626,2059,400,2592,1331,2261,801,2389,929,mp_idb
train/images/1701151546-0006-R_T.jpg,1701151546-0006-R_T_crop_010.jpg,train,0.0107423505,2004,98,2592,1002,2234,486,2362,614,mp_idb
train/images/1701151546-0006-R_T.jpg,1701151546-0006-R_T_crop_011.jpg,train,0.010727474,2034,249,2592,1156,2249,638,2377,766,mp_idb
train/images/1701151546-0006-R_T.jpg,1701151546-0006-R_T_crop_012.jpg,train,0.010711429,2377,729,2592,1633,2420,1117,2548,1245,mp_idb
train/images/1701151546-0006-R_T.jpg,1701151546-0006-R_T_crop_013.jpg,train,0.010686864,1980,0,2592,531,2222,201,2350,329,mp_idb
train/images/1701151546-0006-R_T.jpg,1701151546-0006-R_T_crop_014.jpg,train,0.010664764,0,1434,1487,1944,679,1625,807,1753,mp_idb
train/images/1701151546-0006-R_T.jpg,1701151546-0006-R_T_crop_015.jpg,train,0.010653345,0,23,210,451,41,173,169,301,mp_idb
train/images/1701151546-0006-R_T.jpg,1701151546-0006-R_T_crop_016.jpg,train,0.010635939,0,21,1402,698,637,295,765,423,mp_idb
train/images/1701151546-0006-R_T.jpg,1701151546-0006-R_T_crop_017.jpg,train,0.010576055,2108,943,2592,1832,2286,1323,2414,1451,mp_idb
train/images/1701151546-0006-R_T.jpg,1701151546-0006-R_T_crop_018.jpg,train,0.010559244,2019,1397,2592,1944,2241,1606,2369,1734,mp_idb
train/images/1701151546-0006-R_T.jpg,1701151546-0006-R_T_crop_019.jpg,train,0.01052192,0,48,1423,980,647,450,775,578,mp_idb
train/images/1701151546-0006-R_T.jpg,1701151546-0006-R_T_crop_020.jpg,train,0.010520123,1718,1602,2592,1944,2091,1709,2219,1837,mp_idb
train/images/1701151546-0006-R_T.jpg,1701151546-0006-R_T_crop_021.jpg,train,0.010486915,2028,1105,2592,1944,2246,1460,2374,1588,mp_idb
train/images/1701151546-0006-R_T.jpg,1701151546-0006-R_T_crop_022.jpg,train,0.010412337,2012,1262,2592,1944,2238,1539,2366,1667,mp_idb
train/images/1701151546-0006-R_T.jpg,1701151546-0006-R_T_crop_023.jpg,train,0.010408074,1237,1619,2401,1944,1755,1717,1883,1845,mp_idb
train/images/1701151546-0006-R_T.jpg,1701151546-0006-R_T_crop_024.jpg,train,0.010370511,229,1562,1879,1944,990,1689,1118,1817,mp_idb
train/images/1701151546-0006-R_T.jpg,1701151546-0006-R_T_crop_025.jpg,train,0.010362625,804,1616,2208,1944,1442,1716,1570,1844,mp_idb
train/images/1701151546-0006-R_T.jpg,1701151546-0006-R_T_crop_026.jpg,train,0.010291594,1317,606,2592,1438,1890,958,2018,1086,mp_idb
train/images/1701151546-0006-R_T.jpg,1701151546-0006-R_T_crop_027.jpg,train,0.010262842,1429,757,2592,1665,1946,1147,2074,1275,mp_idb
train/images/1701151546-0006-R_T.jpg,1701151546-0006-R_T_crop_028.jpg,train,0.010223959,1521,931,2592,1781,1992,1292,2120,1420,mp_idb
train/images/1701151546-0006-R_T.jpg,1701151546-0006-R_T_crop_029.jpg,train,0.010200033,0,973,1415,1944,643,1394,771,1522,mp_idb
train/images/1701151546-0006-R_T.jpg,1701151546-0006-R_T_crop_030.jpg,train,0.01018104,0,1573,211,1944,41,1694,169,1822,mp_idb
train/images/1701151546-0006-R_T.jpg,1701151546-0006-R_T_crop_031.jpg,train,0.010169893,1384,512,2592,1285,1924,834,2052,962,mp_idb
train/images/1701151546-0006-R_T.jpg,1701151546-0006-R_T_crop_032.jpg,train,0.010107314,1787,511,2592,1390,2125,886,2253,1014,mp_idb
train/images/1701151546-0006-R_T.jpg,1701151546-0006-R_T_crop_033.jpg,train,0.010082641,1780,790,2592,1724,2122,1193,2250,1321,mp_idb
train/images/1701151546-0006-R_T.jpg,1701151546-0006-R_T_crop_034.jpg,train,0.010066002,0,44,461,648,166,282,294,410,mp_idb
train/images/1701151546-0006-R_T.jpg,1701151546-0006-R_T_crop_035.jpg,train,0.010056502,1730,609,2592,1509,2097,995,2225,1123,mp_idb
train/images/1701151546-0006-R_T.jpg,1701151546-0006-R_T_crop_036.jpg,train,0.010040082,0,4,560,334,216,105,344,233,mp_idb
train/images/1409171742-0004-R.jpg,1409171742-0004-R_crop_000.jpg,train,0.012892959,0,7,224,333,48,106,176,234,mp_idb
train/images/1409171742-0004-R.jpg,1409171742-0004-R_crop_001.jpg,train,0.012148074,0,1556,456,1944,164,1686,292,1814,mp_idb
train/images/1409171742-0004-R.jpg,1409171742-0004-R_crop_002.jpg,train,0.011856478,0,1580,799,1944,335,1698,463,1826,mp_idb
train/images/1409171742-0004-R.jpg,1409171742-0004-R_crop_003.jpg,train,0.011596799,1976,1,2592,655,2220,264,2348,392,mp_idb
train/images/1409171742-0004-R.jpg,1409171742-0004-R_crop_004.jpg,train,0.011240214,1982,1565,2592,1944,2223,1690,2351,1818,mp_idb
train/images/1409171742-0004-R.jpg,1409171742-0004-R_crop_005.jpg,train,0.010933057,0,21,211,456,41,174,169,302,mp_idb
train/images/1409171742-0004-R.jpg,1409171742-0004-R_crop_006.jpg,train,0.010832423,1994,1398,2592,1944,2229,1607,2357,1735,mp_idb
train/images/1409171742-0004-R.jpg,1409171742-0004-R_crop_007.jpg,train,0.010829681,1721,1566,2592,1944,2092,1691,2220,1819,mp_idb
train/images/1409171742-0004-R.jpg,1409171742-0004-R_crop_008.jpg,train,0.010785752,67,1518,1057,1944,498,1667,626,1795,mp_idb
train/images/1409171742-0004-R.jpg,1409171742-0004-R_crop_009.jpg,train,0.010758619,2052,1,2592,244,2258,58,2386,186,mp_idb
train/images/1409171742-0004-R.jpg,1409171742-0004-R_crop_010.jpg,train,0.01072508,696,1507,1717,1944,1142,1661,1270,1789,mp_idb
train/images/1409171742-0004-R.jpg,1409171742-0004-R_crop_011.jpg,train,0.010715451,1470,1537,2484,1944,1913,1676,2041,1804,mp_idb
train/images/1409171742-0004-R.jpg,1409171742-0004-R_crop_012.jpg,train,0.010685957,956,1505,1981,1944,1404,1660,1532,1788,mp_idb
train/images/1409171742-0004-R.jpg,1409171742-0004-R_crop_013.jpg,train,0.0106820455,1215,1522,2232,1944,1659,1669,1787,1797,mp_idb
train/images/1409171742-0004-R.jpg,1409171742-0004-R_crop_014.jpg,train,0.010680076,306,1509,1321,1944,749,1662,877,1790,mp_idb
train/images/1409171742-0004-R.jpg,1409171742-0004-R_crop_015.jpg,train,0.010673331,1980,1277,2592,1944,2222,1546,2350,1674,mp_idb
train/images/1409171742-0004-R.jpg,1409171742-0004-R_crop_016.jpg,train,0.010573896,1976,87,2592,917,2220,438,2348,566,mp_idb
train/images/1409171742-0004-R.jpg,1409171742-0004-R_crop_017.jpg,train,0.010569073,1978,886,2592,1676,2221,1217,2349,1345,mp_idb
train/images/1409171742-0004-R.jpg,1409171742-0004-R_crop_018.jpg,train,0.010501224,1977,625,2592,1419,2220,958,2348,1086,mp_idb
train/images/1409171742-0004-R.jpg,1409171742-0004-R_crop_019.jpg,train,0.01047283,1974,358,2592,1163,2219,696,2347,824,mp_idb
train/images/1409171742-0004-R.jpg,1409171742-0004-R_crop_020.jpg,train,0.010422375,0,1572,209,1944,40,1694,168,1822,mp_idb
train/images/1409171742-0004-R.jpg,1409171742-0004-R_crop_021.jpg,train,0.010246905,0,3,524,347,198,111,326,239,mp_idb
train/images/1409171742-0004-R.jpg,1409171742-0004-R_crop_022.jpg,train,0.010243191,2036,0,2592,478,2250,175,2378,303,mp_idb
train/images/1603223711-0005-G.jpg,1603223711-0005-G_crop_000.jpg,train,0.021931948,2263,587,2592,1944,2363,1201,2491,1329,mp_idb
train/images/1603223711-0005-G.jpg,1603223711-0005-G_crop_001.jpg,train,0.021087227,2239,326,2592,1944,2351,1071,2479,1199,mp_idb
train/images/1603223711-0005-G.jpg,1603223711-0005-G_crop_002.jpg,train,0.020042304,2188,10,2592,1363,2326,622,2454,750,mp_idb
train/images/1603223711-0005-G.jpg,1603223711-0005-G_crop_003.jpg,train,0.017767487,2285,972,2592,1944,2374,1394,2502,1522,mp_idb
train/images/1603223711-0005-G.jpg,1603223711-0005-G_crop_004.jpg,train,0.01557134,2021,1202,2591,1944,2242,1509,2370,1637,mp_idb
train/images/1603223711-0005-G.jpg,1603223711-0005-G_crop_005.jpg,train,0.01244701,0,5,238,359,55,118,183,246,mp_idb
train/images/1603223711-0005-G.jpg,1603223711-0005-G_crop_006.jpg,train,0.011564955,0,23,1336,758,604,326,732,454,mp_idb
train/images/1603223711-0005-G.jpg,1603223711-0005-G_crop_007.jpg,train,0.011383599,0,1394,1034,1944,453,1605,581,1733,mp_idb
train/images/1603223711-0005-G.jpg,1603223711-0005-G_crop_008.jpg,train,0.011265251,0,15,212,526,42,206,170,334,mp_idb
train/images/1603223711-0005-G.jpg,1603223711-0005-G_crop_009.jpg,train,0.011132654,0,1329,500,1944,186,1572,314,1700,mp_idb
train/images/1603223711-0005-G.jpg,1603223711-0005-G_crop_010.jpg,train,0.010973536,0,20,525,676,198,284,326,412,mp_idb
train/images/1603223711-0005-G.jpg,1603223711-0005-G_crop_011.jpg,train,0.010695519,0,1228,1511,1944,691,1522,819,1650,mp_idb
train/images/1603223711-0005-G.jpg,1603223711-0005-G_crop_012.jpg,train,0.010617971,0,793,1639,1944,755,1304,883,1432,mp_idb
train/images/1603223711-0005-G.jpg,1603223711-0005-G_crop_013.jpg,train,0.010514114,2038,0,2592,1213,2251,542,2379,670,mp_idb
train/images/1603223711-0005-G.jpg,1603223711-0005-G_crop_014.jpg,train,0.010397215,156,1208,2020,1944,1024,1512,1152,1640,mp_idb
train/images/1603223711-0005-G.jpg,1603223711-0005-G_crop_015.jpg,train,0.010377991,1492,1201,2587,1944,1975,1508,2103,1636,mp_idb
train/images/1603223711-0005-G.jpg,1603223711-0005-G_crop_016.jpg,train,0.010359495,0,926,1360,1944,616,1371,744,1499,mp_idb
train/images/1603223711-0005-G.jpg,1603223711-0005-G_crop_017.jpg,train,0.010280885,0,1579,214,1944,43,1697,171,1825,mp_idb
train/images/1603223711-0005-G.jpg,1603223711-0005-G_crop_018.jpg,train,0.01020679,2396,0,2582,1378,2425,625,2553,753,mp_idb
train/images/1603223711-0005-G.jpg,1603223711-0005-G_crop_019.jpg,train,0.010151075,294,1135,2448,1944,1307,1475,1435,1603,mp_idb
train/images/1603223711-0005-G.jpg,1603223711-0005-G_crop_020.jpg,train,0.010074396,1350,23,2584,1390,1903,642,2031,770,mp_idb
train/images/1305121398-0019-R.jpg,1305121398-0019-R_crop_000.jpg,train,0.02128416,2205,5,2592,1370,2334,623,2462,751,mp_idb
train/images/1305121398-0019-R.jpg,1305121398-0019-R_crop_001.jpg,train,0.02058856,2233,460,2592,1944,2348,1138,2476,1266,mp_idb
train/images/1305121398-0019-R.jpg,1305121398-0019-R_crop_002.jpg,train,0.019072397,2230,63,2592,1805,2347,870,2475,998,mp_idb
train/images/1305121398-0019-R.jpg,1305121398-0019-R_crop_003.jpg,train,0.017694777,2262,846,2592,1944,2363,1331,2491,1459,mp_idb
train/images/1305121398-0019-R.jpg,1305121398-0019-R_crop_004.jpg,train,0.015249002,2019,1217,2591,1944,2241,1516,2369,1644,mp_idb
train/images/1305121398-0019-R.jpg,1305121398-0019-R_crop_005.jpg,train,0.012557154,0,5,236,340,54,108,182,236,mp_idb
train/images/1305121398-0019-R.jpg,1305121398-0019-R_crop_006.jpg,train,0.012419398,2202,1090,2591,1944,2332,1453,2460,1581,mp_idb
train/images/1305121398-0019-R.jpg,1305121398-0019-R_crop_007.jpg,train,0.011339947,0,19,1112,768,492,329,620,457,mp_idb
train/images/1305121398-0019-R.jpg,1305121398-0019-R_crop_008.jpg,train,0.011206919,0,14,215,530,43,208,171,336,mp_idb
train/images/1305121398-0019-R.jpg,1305121398-0019-R_crop_009.jpg,train,0.011176529,0,1319,887,1944,379,1567,507,1695,mp_idb
train/images/1305121398-0019-R.jpg,1305121398-0019-R_crop_010.jpg,train,0.011039091,0,1207,472,1944,172,1511,300,1639,mp_idb
train/images/1305121398-0019-R.jpg,1305121398-0019-R_crop_011.jpg,train,0.010641716,0,17,516,670,194,279,322,407,mp_idb
train/images/1305121398-0019-R.jpg,1305121398-0019-R_crop_012.jpg,train,0.010480958,0,1557,221,1944,46,1686,174,1814,mp_idb
train/images/1305121398-0019-R.jpg,1305121398-0019-R_crop_013.jpg,train,0.010341599,1617,1227,2586,1944,2037,1521,2165,1649,mp_idb
train/images/1305121398-0019-R.jpg,1305121398-0019-R_crop_014.jpg,train,0.010258019,1100,1125,2592,1944,1782,1470,1910,1598,mp_idb
train/images/1305121398-0019-R.jpg,1305121398-0019-R_crop_015.jpg,train,0.010233237,699,1101,2412,1944,1491,1458,1619,1586,mp_idb
train/images/1305121398-0019-R.jpg,1305121398-0019-R_crop_016.jpg,train,0.010218348,2055,0,2592,1215,2259,543,2387,671,mp_idb
train/images/1305121398-0019-R.jpg,1305121398-0019-R_crop_017.jpg,train,0.01020325,312,1082,2149,1944,1166,1449,1294,1577,mp_idb
train/images/1305121398-0019-R.jpg,1305121398-0019-R_crop_018.jpg,train,0.010135156,123,1069,1652,1944,823,1442,951,1570,mp_idb
train/images/1305121398-0019-R.jpg,1305121398-0019-R_crop_019.jpg,train,0.010094194,0,1095,1163,1944,517,1455,645,1583,mp_idb
train/images/1704282807-0020-R_T_S.jpg,1704282807-0020-R_T_S_crop_000.jpg,train,0.012876803,0,6,222,334,47,106,175,234,mp_idb
train/images/1704282807-0020-R_T_S.jpg,1704282807-0020-R_T_S_crop_001.jpg,train,0.012071497,0,1573,470,1944,171,1694,299,1822,mp_idb
train/images/1704282807-0020-R_T_S.jpg,1704282807-0020-R_T_S_crop_002.jpg,train,0.011667563,0,1587,793,1944,332,1701,460,1829,mp_idb
train/images/1704282807-0020-R_T_S.jpg,1704282807-0020-R_T_S_crop_003.jpg,train,0.011382918,1947,0,2592,655,2205,263,2333,391,mp_idb
train/images/1704282807-0020-R_T_S.jpg,1704282807-0020-R_T_S_crop_004.jpg,train,0.011251629,1985,1559,2592,1944,2224,1687,2352,1815,mp_idb
train/images/1704282807-0020-R_T_S.jpg,1704282807-0020-R_T_S_crop_005.jpg,train,0.011162505,0,22,210,453,41,173,169,301,mp_idb
train/images/1704282807-0020-R_T_S.jpg,1704282807-0020-R_T_S_crop_006.jpg,train,0.0110061355,66,1497,1067,1944,502,1656,630,1784,mp_idb
train/images/1704282807-0020-R_T_S.jpg,1704282807-0020-R_T_S_crop_007.jpg,train,0.010992389,957,1478,1973,1944,1401,1647,1529,1775,mp_idb
train/images/1704282807-0020-R_T_S.jpg,1704282807-0020-R_T_S_crop_008.jpg,train,0.010976724,698,1479,1720,1944,1145,1647,1273,1775,mp_idb
train/images/1704282807-0020-R_T_S.jpg,1704282807-0020-R_T_S_crop_009.jpg,train,0.010944815,438,1483,1460,1944,885,1649,1013,1777,mp_idb
train/images/1704282807-0020-R_T_S.jpg,1704282807-0020-R_T_S_crop_010.jpg,train,0.010936188,1217,1483,2230,1944,1659,1649,1787,1777,mp_idb
train/images/1704282807-0020-R_T_S.jpg,1704282807-0020-R_T_S_crop_011.jpg,train,0.010907187,1735,1516,2592,1944,2099,1666,2227,1794,mp_idb
train/images/1704282807-0020-R_T_S.jpg,1704282807-0020-R_T_S_crop_012.jpg,train,0.010860766,1477,1488,2492,1944,1920,1652,2048,1780,mp_idb
train/images/1704282807-0020-R_T_S.jpg,1704282807-0020-R_T_S_crop_013.jpg,train,0.010809568,1996,0,2592,247,2230,59,2358,187,mp_idb
train/images/1704282807-0020-R_T_S.jpg,1704282807-0020-R_T_S_crop_014.jpg,train,0.0106546115,1966,1276,2592,1944,2215,1546,2343,1674,mp_idb
train/images/1704282807-0020-R_T_S.jpg,1704282807-0020-R_T_S_crop_015.jpg,train,0.010585376,1971,240,2592,1055,2217,583,2345,711,mp_idb
train/images/1704282807-0020-R_T_S.jpg,1704282807-0020-R_T_S_crop_016.jpg,train,0.010567437,1962,742,2592,1577,2213,1095,2341,1223,mp_idb
train/images/1704282807-0020-R_T_S.jpg,1704282807-0020-R_T_S_crop_017.jpg,train,0.010559902,1964,491,2592,1319,2214,841,2342,969,mp_idb
train/images/1704282807-0020-R_T_S.jpg,1704282807-0020-R_T_S_crop_018.jpg,train,0.010526946,1964,1004,2592,1833,2214,1354,2342,1482,mp_idb
train/images/1704282807-0020-R_T_S.jpg,1704282807-0020-R_T_S_crop_019.jpg,train,0.010470657,1990,0,2592,480,2227,176,2355,304,mp_idb
train/images/1704282807-0020-R_T_S.jpg,1704282807-0020-R_T_S_crop_020.jpg,train,0.010443209,0,3,629,331,250,103,378,231,mp_idb
train/images/1704282807-0020-R_T_S.jpg,1704282807-0020-R_T_S_crop_021.jpg,train,0.0101721445,0,70,213,585,42,263,170,391,mp_idb
train/images/1704282807-0020-R_T_S.jpg,1704282807-0020-R_T_S_crop_022.jpg,train,0.010013051,0,1554,207,1944,39,1685,167,1813,mp_idb
train/images/1704282807-0002-R.jpg,1704282807-0002-R_crop_000.jpg,train,0.012853761,0,7,220,336,46,107,174,235,mp_idb
train/images/1704282807-0002-R.jpg,1704282807-0002-R_crop_001.jpg,train,0.012397368,0,1603,470,1944,171,1709,299,1837,mp_idb
train/images/1704282807-0002-R.jpg,1704282807-0002-R_crop_002.jpg,train,0.011775606,0,1589,791,1944,331,1702,459,1830,mp_idb
train/images/1704282807-0002-R.jpg,1704282807-0002-R_crop_003.jpg,train,0.011411053,1948,0,2592,685,2206,278,2334,406,mp_idb
train/images/1704282807-0002-R.jpg,1704282807-0002-R_crop_004.jpg,train,0.011237634,1980,1552,2592,1944,2222,1684,2350,1812,mp_idb
train/images/1704282807-0002-R.jpg,1704282807-0002-R_crop_005.jpg,train,0.0109956665,0,24,209,445,40,170,168,298,mp_idb
train/images/1704282807-0002-R.jpg,1704282807-0002-R_crop_006.jpg,train,0.010914774,2029,0,2592,247,2246,59,2374,187,mp_idb
train/images/1704282807-0002-R.jpg,1704282807-0002-R_crop_007.jpg,train,0.010881681,65,1517,1058,1944,497,1666,625,1794,mp_idb
train/images/1704282807-0002-R.jpg,1704282807-0002-R_crop_008.jpg,train,0.010848525,1734,1522,2592,1944,2099,1669,2227,1797,mp_idb
train/images/1704282807-0002-R.jpg,1704282807-0002-R_crop_009.jpg,train,0.010838613,696,1487,1721,1944,1144,1651,1272,1779,mp_idb
train/images/1704282807-0002-R.jpg,1704282807-0002-R_crop_010.jpg,train,0.010810777,437,1498,1456,1944,882,1657,1010,1785,mp_idb
train/images/1704282807-0002-R.jpg,1704282807-0002-R_crop_011.jpg,train,0.010785499,958,1489,1974,1944,1402,1652,1530,1780,mp_idb
train/images/1704282807-0002-R.jpg,1704282807-0002-R_crop_012.jpg,train,0.010774708,1473,1493,2488,1944,1916,1654,2044,1782,mp_idb
train/images/1704282807-0002-R.jpg,1704282807-0002-R_crop_013.jpg,train,0.010769927,1217,1491,2229,1944,1659,1653,1787,1781,mp_idb
train/images/1704282807-0002-R.jpg,1704282807-0002-R_crop_014.jpg,train,0.010634424,1957,1270,2592,1944,2210,1543,2338,1671,mp_idb
train/images/1704282807-0002-R.jpg,1704282807-0002-R_crop_015.jpg,train,0.010623493,1963,754,2592,1570,2213,1098,2341,1226,mp_idb
train/images/1704282807-0002-R.jpg,1704282807-0002-R_crop_016.jpg,train,0.010571092,1958,1009,2592,1822,2211,1351,2339,1479,mp_idb
train/images/1704282807-0002-R.jpg,1704282807-0002-R_crop_017.jpg,train,0.010554033,1964,246,2592,1038,2214,578,2342,706,mp_idb
train/images/1704282807-0002-R.jpg,1704282807-0002-R_crop_018.jpg,train,0.010527685,1963,93,2592,911,2213,438,2341,566,mp_idb
train/images/1704282807-0002-R.jpg,1704282807-0002-R_crop_019.jpg,train,0.010515017,1963,497,2592,1308,2213,838,2341,966,mp_idb
train/images/1704282807-0002-R.jpg,1704282807-0002-R_crop_020.jpg,train,0.010408437,0,4,607,331,239,103,367,231,mp_idb
train/images/1704282807-0002-R.jpg,1704282807-0002-R_crop_021.jpg,train,0.010323334,0,1564,208,1944,40,1690,168,1818,mp_idb
val/images/1704282807-0017-R.jpg,1704282807-0017-R_crop_000.jpg,val,0.0128438845,0,6,224,338,48,108,176,236,mp_idb
val/images/1704282807-0017-R.jpg,1704282807-0017-R_crop_001.jpg,val,0.012305776,0,1585,488,1944,180,1700,308,1828,mp_idb
val/images/1704282807-0017-R.jpg,1704282807-0017-R_crop_002.jpg,val,0.011924581,0,1578,794,1944,333,1697,461,1825,mp_idb
val/images/1704282807-0017-R.jpg,1704282807-0017-R_crop_003.jpg,val,0.011493356,1975,0,2592,676,2219,274,2347,402,mp_idb
val/images/1704282807-0017-R.jpg,1704282807-0017-R_crop_004.jpg,val,0.011251721,1989,1547,2592,1944,2226,1681,2354,1809,mp_idb
val/images/1704282807-0017-R.jpg,1704282807-0017-R_crop_005.jpg,val,0.010934599,0,21,210,447,41,170,169,298,mp_idb
val/images/1704282807-0017-R.jpg,1704282807-0017-R_crop_006.jpg,val,0.010867961,2053,0,2592,256,2258,64,2386,192,mp_idb
val/images/1704282807-0017-R.jpg,1704282807-0017-R_crop_007.jpg,val,0.010832394,66,1503,1057,1944,497,1659,625,1787,mp_idb
val/images/1704282807-0017-R.jpg,1704282807-0017-R_crop_008.jpg,val,0.010793484,1731,1538,2592,1944,2097,1677,2225,1805,mp_idb
val/images/1704282807-0017-R.jpg,1704282807-0017-R_crop_009.jpg,val,0.010788399,953,1500,1965,1944,1395,1658,1523,1786,mp_idb
val/images/1704282807-0017-R.jpg,1704282807-0017-R_crop_010.jpg,val,0.010743222,1213,1507,2222,1944,1653,1661,1781,1789,mp_idb
val/images/1704282807-0017-R.jpg,1704282807-0017-R_crop_011.jpg,val,0.010735694,697,1497,1710,1944,1139,1656,1267,1784,mp_idb
val/images/1704282807-0017-R.jpg,1704282807-0017-R_crop_012.jpg,val,0.010729335,1476,1514,2477,1944,1912,1665,2040,1793,mp_idb
val/images/1704282807-0017-R.jpg,1704282807-0017-R_crop_013.jpg,val,0.010707822,439,1496,1452,1944,881,1656,1009,1784,mp_idb
val/images/1704282807-0017-R.jpg,1704282807-0017-R_crop_014.jpg,val,0.010621885,1970,1261,2592,1944,2217,1538,2345,1666,mp_idb
val/images/1704282807-0017-R.jpg,1704282807-0017-R_crop_015.jpg,val,0.0106143,1977,239,2592,1048,2220,579,2348,707,mp_idb
val/images/1704282807-0017-R.jpg,1704282807-0017-R_crop_016.jpg,val,0.010581431,1972,747,2592,1567,2218,1093,2346,1221,mp_idb
val/images/1704282807-0017-R.jpg,1704282807-0017-R_crop_017.jpg,val,0.010578866,1975,494,2592,1302,2219,834,2347,962,mp_idb
val/images/1704282807-0017-R.jpg,1704282807-0017-R_crop_018.jpg,val,0.010538708,1971,1006,2592,1825,2217,1351,2345,1479,mp_idb
val/images/1704282807-0017-R.jpg,1704282807-0017-R_crop_019.jpg,val,0.010394729,0,1570,208,1944,40,1693,168,1821,mp_idb
val/images/1704282807-0017-R.jpg,1704282807-0017-R_crop_020.jpg,val,0.01023959,0,2,536,344,204,109,332,237,mp_idb
val/images/1307210661-0001-R.jpg,1307210661-0001-R_crop_000.jpg,val,0.022041714,2226,459,2592,1944,2345,1137,2473,1265,mp_idb
val/images/1307210661-0001-R.jpg,1307210661-0001-R_crop_001.jpg,val,0.021083556,2212,0,2592,1376,2338,624,2466,752,mp_idb
val/images/1307210661-0001-R.jpg,1307210661-0001-R_crop_002.jpg,val,0.020762796,2258,715,2592,1944,2361,1265,2489,1393,mp_idb
val/images/1307210661-0001-R.jpg,1307210661-0001-R_crop_003.jpg,val,0.016866706,2286,972,2592,1944,2375,1394,2503,1522,mp_idb
val/images/1307210661-0001-R.jpg,1307210661-0001-R_crop_004.jpg,val,0.016745253,2019,1227,2591,1944,2241,1521,2369,1649,mp_idb
val/images/1307210661-0001-R.jpg,1307210661-0001-R_crop_005.jpg,val,0.012502044,0,5,236,343,54,110,182,238,mp_idb
val/images/1307210661-0001-R.jpg,1307210661-0001-R_crop_006.jpg,val,0.011239992,0,14,212,499,42,192,170,320,mp_idb
val/images/1307210661-0001-R.jpg,1307210661-0001-R_crop_007.jpg,val,0.011188103,0,21,1186,751,529,322,657,450,mp_idb
val/images/1307210661-0001-R.jpg,1307210661-0001-R_crop_008.jpg,val,0.011066487,0,1295,901,1944,386,1555,514,1683,mp_idb
val/images/1307210661-0001-R.jpg,1307210661-0001-R_crop_009.jpg,val,0.0109785935,0,1190,462,1944,167,1503,295,1631,mp_idb
val/images/1307210661-0001-R.jpg,1307210661-0001-R_crop_010.jpg,val,0.010556559,0,19,531,671,201,281,329,409,mp_idb
val/images/1307210661-0001-R.jpg,1307210661-0001-R_crop_011.jpg,val,0.010414972,1572,1214,2585,1944,2014,1515,2142,1643,mp_idb
val/images/1307210661-0001-R.jpg,1307210661-0001-R_crop_012.jpg,val,0.010377433,0,1570,217,1944,44,1693,172,1821,mp_idb
val/images/1307210661-0001-R.jpg,1307210661-0001-R_crop_013.jpg,val,0.010368093,2064,0,2592,1216,2264,544,2392,672,mp_idb
val/images/1307210661-0001-R.jpg,1307210661-0001-R_crop_014.jpg,val,0.0103554735,0,1065,1189,1944,530,1440,658,1568,mp_idb
val/images/1307210661-0001-R.jpg,1307210661-0001-R_crop_015.jpg,val,0.010348375,51,1067,1667,1944,795,1441,923,1569,mp_idb
val/images/1307210661-0001-R.jpg,1307210661-0001-R_crop_016.jpg,val,0.010232088,251,1125,2347,1944,1235,1470,1363,1598,mp_idb
val/images/1307210661-0001-R.jpg,1307210661-0001-R_crop_017.jpg,val,0.0101389745,1233,1195,2585,1944,1845,1505,1973,1633,mp_idb
val/images/1307210661-0001-R.jpg,1307210661-0001-R_crop_018.jpg,val,0.010114535,966,1117,2592,1944,1715,1466,1843,1594,mp_idb
val/images/1307210661-0001-R.jpg,1307210661-0001-R_crop_019.jpg,val,0.010113012,0,2,1145,1057,508,465,636,593,mp_idb
val/images/1704282807-0015-R.jpg,1704282807-0015-R_crop_000.jpg,val,0.012758244,0,6,228,331,50,104,178,232,mp_idb
val/images/1704282807-0015-R.jpg,1704282807-0015-R_crop_001.jpg,val,0.01232036,0,1585,484,1944,178,1700,306,1828,mp_idb
val/images/1704282807-0015-R.jpg,1704282807-0015-R_crop_002.jpg,val,0.011905964,0,1577,796,1944,334,1696,462,1824,mp_idb
val/images/1704282807-0015-R.jpg,1704282807-0015-R_crop_003.jpg,val,0.0114819845,1973,0,2592,646,2218,259,2346,387,mp_idb
val/images/1704282807-0015-R.jpg,1704282807-0015-R_crop_004.jpg,val,0.011241518,1991,1556,2592,1944,2227,1686,2355,1814,mp_idb
val/images/1704282807-0015-R.jpg,1704282807-0015-R_crop_005.jpg,val,0.010916688,0,21,212,455,42,174,170,302,mp_idb
val/images/1704282807-0015-R.jpg,1704282807-0015-R_crop_006.jpg,val,0.010813975,2026,0,2592,247,2245,59,2373,187,mp_idb
val/images/1704282807-0015-R.jpg,1704282807-0015-R_crop_007.jpg,val,0.010812826,66,1491,1066,1944,502,1653,630,1781,mp_idb
val/images/1704282807-0015-R.jpg,1704282807-0015-R_crop_008.jpg,val,0.010751714,1732,1545,2592,1944,2098,1680,2226,1808,mp_idb
val/images/1704282807-0015-R.jpg,1704282807-0015-R_crop_009.jpg,val,0.010701872,571,1492,1588,1944,1015,1654,1143,1782,mp_idb
val/images/1704282807-0015-R.jpg,1704282807-0015-R_crop_010.jpg,val,0.010701545,311,1487,1327,1944,755,1651,883,1779,mp_idb
val/images/1704282807-0015-R.jpg,1704282807-0015-R_crop_011.jpg,val,0.010672631,830,1489,1846,1944,1274,1652,1402,1780,mp_idb
val/images/1704282807-0015-R.jpg,1704282807-0015-R_crop_012.jpg,val,0.010669817,1089,1488,2107,1944,1534,1652,1662,1780,mp_idb
val/images/1704282807-0015-R.jpg,1704282807-0015-R_crop_013.jpg,val,0.010658548,1478,1510,2488,1944,1919,1663,2047,1791,mp_idb
val/images/1704282807-0015-R.jpg,1704282807-0015-R_crop_014.jpg,val,0.0106229065,1977,243,2592,1042,2220,578,2348,706,mp_idb
val/images/1704282807-0015-R.jpg,1704282807-0015-R_crop_015.jpg,val,0.010571257,1973,1266,2592,1944,2218,1541,2346,1669,mp_idb
val/images/1704282807-0015-R.jpg,1704282807-0015-R_crop_016.jpg,val,0.010563962,1970,490,2592,1301,2217,831,2345,959,mp_idb
val/images/1704282807-0015-R.jpg,1704282807-0015-R_crop_017.jpg,val,0.010527586,1975,1010,2592,1821,2219,1351,2347,1479,mp_idb
val/images/1704282807-0015-R.jpg,1704282807-0015-R_crop_018.jpg,val,0.010513251,1971,748,2592,1562,2217,1091,2345,1219,mp_idb
val/images/1704282807-0015-R.jpg,1704282807-0015-R_crop_019.jpg,val,0.010318327,0,1566,210,1944,41,1691,169,1819,mp_idb
val/images/1704282807-0015-R.jpg,1704282807-0015-R_crop_020.jpg,val,0.010246822,0,3,541,332,206,103,334,231,mp_idb
val/images/1704282807-0009-R.jpg,1704282807-0009-R_crop_000.jpg,val,0.012672076,0,6,229,333,50,105,178,233,mp_idb
val/images/1704282807-0009-R.jpg,1704282807-0009-R_crop_001.jpg,val,0.012111916,0,1560,469,1944,170,1688,298,1816,mp_idb
val/images/1704282807-0009-R.jpg,1704282807-0009-R_crop_002.jpg,val,0.011788426,0,1573,799,1944,335,1694,463,1822,mp_idb
val/images/1704282807-0009-R.jpg,1704282807-0009-R_crop_003.jpg,val,0.011445778,1955,0,2592,651,2209,261,2337,389,mp_idb
val/images/1704282807-0009-R.jpg,1704282807-0009-R_crop_004.jpg,val,0.011279184,1976,1567,2592,1944,2220,1691,2348,1819,mp_idb
val/images/1704282807-0009-R.jpg,1704282807-0009-R_crop_005.jpg,val,0.010836906,0,20,211,456,41,174,169,302,mp_idb
val/images/1704282807-0009-R.jpg,1704282807-0009-R_crop_006.jpg,val,0.0108057605,1728,1568,2592,1944,2096,1692,2224,1820,mp_idb
val/images/1704282807-0009-R.jpg,1704282807-0009-R_crop_007.jpg,val,0.010799661,1986,1405,2592,1944,2225,1610,2353,1738,mp_idb
val/images/1704282807-0009-R.jpg,1704282807-0009-R_crop_008.jpg,val,0.0107794,66,1507,1063,1944,500,1661,628,1789,mp_idb
val/images/1704282807-0009-R.jpg,1704282807-0009-R_crop_009.jpg,val,0.010731831,2005,0,2592,244,2234,58,2362,186,mp_idb
val/images/1704282807-0009-R.jpg,1704282807-0009-R_crop_010.jpg,val,0.010693678,437,1507,1456,1944,882,1661,1010,1789,mp_idb
val/images/1704282807-0009-R.jpg,1704282807-0009-R_crop_011.jpg,val,0.010689728,1472,1537,2488,1944,1916,1676,2044,1804,mp_idb
val/images/1704282807-0009-R.jpg,1704282807-0009-R_crop_012.jpg,val,0.01067741,1213,1519,2229,1944,1657,1667,1785,1795,mp_idb
val/images/1704282807-0009-R.jpg,1704282807-0009-R_crop_013.jpg,val,0.010663809,956,1507,1974,1944,1401,1661,1529,1789,mp_idb
val/images/1704282807-0009-R.jpg,1704282807-0009-R_crop_014.jpg,val,0.010662008,697,1500,1721,1944,1145,1658,1273,1786,mp_idb
val/images/1704282807-0009-R.jpg,1704282807-0009-R_crop_015.jpg,val,0.0106258895,1975,1280,2592,1944,2219,1548,2347,1676,mp_idb
val/images/1704282807-0009-R.jpg,1704282807-0009-R_crop_016.jpg,val,0.010526642,1973,234,2592,1050,2218,578,2346,706,mp_idb
val/images/1704282807-0009-R.jpg,1704282807-0009-R_crop_017.jpg,val,0.010520634,1978,1020,2592,1802,2221,1347,2349,1475,mp_idb
val/images/1704282807-0009-R.jpg,1704282807-0009-R_crop_018.jpg,val,0.010512869,1973,631,2592,1427,2218,965,2346,1093,mp_idb
val/images/1704282807-0009-R.jpg,1704282807-0009-R_crop_019.jpg,val,0.010387143,2002,0,2592,479,2233,175,2361,303,mp_idb
val/images/1704282807-0009-R.jpg,1704282807-0009-R_crop_020.jpg,val,0.010222656,0,3,594,336,233,105,361,233,mp_idb
val/images/1704282807-0009-R.jpg,1704282807-0009-R_crop_021.jpg,val,0.010088815,0,1558,208,1944,40,1687,168,1815,mp_idb
val/images/1704282807-0010-R.jpg,1704282807-0010-R_crop_000.jpg,val,0.0127575835,0,7,226,333,49,106,177,234,mp_idb
val/images/1704282807-0010-R.jpg,1704282807-0010-R_crop_001.jpg,val,0.012129342,0,1581,471,1944,171,1698,299,1826,mp_idb
val/images/1704282807-0010-R.jpg,1704282807-0010-R_crop_002.jpg,val,0.011719589,0,1586,809,1944,340,1701,468,1829,mp_idb
val/images/1704282807-0010-R.jpg,1704282807-0010-R_crop_003.jpg,val,0.011443567,1974,0,2592,635,2219,253,2347,381,mp_idb
val/images/1704282807-0010-R.jpg,1704282807-0010-R_crop_004.jpg,val,0.011223734,1996,1555,2592,1944,2230,1685,2358,1813,mp_idb
val/images/1704282807-0010-R.jpg,1704282807-0010-R_crop_005.jpg,val,0.010874816,68,1515,1073,1944,506,1665,634,1793,mp_idb
val/images/1704282807-0010-R.jpg,1704282807-0010-R_crop_006.jpg,val,0.010862181,0,22,211,447,41,170,169,298,mp_idb
val/images/1704282807-0010-R.jpg,1704282807-0010-R_crop_007.jpg,val,0.01076265,1735,1547,2592,1944,2099,1681,2227,1809,mp_idb
val/images/1704282807-0010-R.jpg,1704282807-0010-R_crop_008.jpg,val,0.010728612,1087,1505,2108,1944,1533,1660,1661,1788,mp_idb
val/images/1704282807-0010-R.jpg,1704282807-0010-R_crop_009.jpg,val,0.010711414,826,1517,1839,1944,1268,1666,1396,1794,mp_idb
val/images/1704282807-0010-R.jpg,1704282807-0010-R_crop_010.jpg,val,0.01070109,307,1506,1333,1944,756,1661,884,1789,mp_idb
val/images/1704282807-0010-R.jpg,1704282807-0010-R_crop_011.jpg,val,0.0106885275,1348,1509,2361,1944,1790,1662,1918,1790,mp_idb
val/images/1704282807-0010-R.jpg,1704282807-0010-R_crop_012.jpg,val,0.010682322,569,1518,1583,1944,1012,1667,1140,1795,mp_idb
val/images/1704282807-0010-R.jpg,1704282807-0010-R_crop_013.jpg,val,0.010681667,2033,0,2592,248,2248,60,2376,188,mp_idb
val/images/1704282807-0010-R.jpg,1704282807-0010-R_crop_014.jpg,val,0.010581141,1976,1277,2592,1944,2220,1546,2348,1674,mp_idb
val/images/1704282807-0010-R.jpg,1704282807-0010-R_crop_015.jpg,val,0.010579793,1979,1019,2592,1818,2221,1354,2349,1482,mp_idb
val/images/1704282807-0010-R.jpg,1704282807-0010-R_crop_016.jpg,val,0.01057876,1977,755,2592,1558,2220,1092,2348,1220,mp_idb
val/images/1704282807-0010-R.jpg,1704282807-0010-R_crop_017.jpg,val,0.010572573,1980,241,2592,1042,2222,577,2350,705,mp_idb
val/images/1704282807-0010-R.jpg,1704282807-0010-R_crop_018.jpg,val,0.010568858,1977,498,2592,1298,2220,834,2348,962,mp_idb
val/images/1704282807-0010-R.jpg,1704282807-0010-R_crop_019.jpg,val,0.01028667,0,3,570,341,221,108,349,236,mp_idb
val/images/1704282807-0010-R.jpg,1704282807-0010-R_crop_020.jpg,val,0.010245991,2024,0,2592,469,2244,170,2372,298,mp_idb
val/images/1704282807-0010-R.jpg,1704282807-0010-R_crop_021.jpg,val,0.010192098,0,1564,209,1944,40,1690,168,1818,mp_idb
val/images/1307210661-0006-R.jpg,1307210661-0006-R_crop_000.jpg,val,0.022233192,2249,460,2592,1944,2356,1138,2484,1266,mp_idb
val/images/1307210661-0006-R.jpg,1307210661-0006-R_crop_001.jpg,val,0.019648448,2152,21,2592,1364,2308,628,2436,756,mp_idb
val/images/1307210661-0006-R.jpg,1307210661-0006-R_crop_002.jpg,val,0.019264808,2215,64,2592,1801,2339,868,2467,996,mp_idb
val/images/1307210661-0006-R.jpg,1307210661-0006-R_crop_003.jpg,val,0.018939793,2271,847,2592,1944,2367,1331,2495,1459,mp_idb
val/images/1307210661-0006-R.jpg,1307210661-0006-R_crop_004.jpg,val,0.016726336,2019,1226,2591,1944,2241,1521,2369,1649,mp_idb
val/images/1307210661-0006-R.jpg,1307210661-0006-R_crop_005.jpg,val,0.012497288,0,4,236,350,54,113,182,241,mp_idb
val/images/1307210661-0006-R.jpg,1307210661-0006-R_crop_006.jpg,val,0.01129155,0,21,1216,757,544,325,672,453,mp_idb
val/images/1307210661-0006-R.jpg,1307210661-0006-R_crop_007.jpg,val,0.011272449,0,13,212,516,42,200,170,328,mp_idb
val/images/1307210661-0006-R.jpg,1307210661-0006-R_crop_008.jpg,val,0.011176782,0,1239,899,1944,385,1527,513,1655,mp_idb
val/images/1307210661-0006-R.jpg,1307210661-0006-R_crop_009.jpg,val,0.011052572,0,1147,469,1944,170,1481,298,1609,mp_idb
val/images/1307210661-0006-R.jpg,1307210661-0006-R_crop_010.jpg,val,0.010624205,0,18,545,682,208,286,336,414,mp_idb
val/images/1307210661-0006-R.jpg,1307210661-0006-R_crop_011.jpg,val,0.010537977,1616,1218,2585,1944,2036,1517,2164,1645,mp_idb
val/images/1307210661-0006-R.jpg,1307210661-0006-R_crop_012.jpg,val,0.010479915,0,1562,221,1944,46,1689,174,1817,mp_idb
val/images/1307210661-0006-R.jpg,1307210661-0006-R_crop_013.jpg,val,0.010402,0,1058,1157,1944,514,1437,642,1565,mp_idb
val/images/1307210661-0006-R.jpg,1307210661-0006-R_crop_014.jpg,val,0.01039202,104,1083,1716,1944,846,1449,974,1577,mp_idb
val/images/1307210661-0006-R.jpg,1307210661-0006-R_crop_015.jpg,val,0.010350206,659,1107,2427,1944,1479,1461,1607,1589,mp_idb
val/images/1307210661-0006-R.jpg,1307210661-0006-R_crop_016.jpg,val,0.010320761,1294,1197,2584,1944,1875,1506,2003,1634,mp_idb
val/images/1307210661-0006-R.jpg,1307210661-0006-R_crop_017.jpg,val,0.01031969,1021,1114,2592,1944,1742,1465,1870,1593,mp_idb
val/images/1307210661-0006-R.jpg,1307210661-0006-R_crop_018.jpg,val,0.010311691,296,1116,2123,1944,1145,1466,1273,1594,mp_idb
val/images/1307210661-0006-R.jpg,1307210661-0006-R_crop_019.jpg,val,0.010154444,0,3,1167,1064,519,469,647,597,mp_idb
val/images/1307210661-0006-R.jpg,1307210661-0006-R_crop_020.jpg,val,0.010075875,2035,0,2592,1207,2249,539,2377,667,mp_idb
val/images/1704282807-0005-R.jpg,1704282807-0005-R_crop_000.jpg,val,0.012730598,0,5,226,334,49,105,177,233,mp_idb
val/images/1704282807-0005-R.jpg,1704282807-0005-R_crop_001.jpg,val,0.012343405,0,1596,477,1944,174,1706,302,1834,mp_idb
val/images/1704282807-0005-R.jpg,1704282807-0005-R_crop_002.jpg,val,0.011890268,0,1581,797,1944,334,1698,462,1826,mp_idb
val/images/1704282807-0005-R.jpg,1704282807-0005-R_crop_003.jpg,val,0.011403842,1951,0,2592,660,2207,266,2335,394,mp_idb
val/images/1704282807-0005-R.jpg,1704282807-0005-R_crop_004.jpg,val,0.011223973,1981,1567,2592,1944,2222,1691,2350,1819,mp_idb
val/images/1704282807-0005-R.jpg,1704282807-0005-R_crop_005.jpg,val,0.010855266,0,19,209,449,40,170,168,298,mp_idb
val/images/1704282807-0005-R.jpg,1704282807-0005-R_crop_006.jpg,val,0.010839334,2000,0,2592,245,2232,58,2360,186,mp_idb
val/images/1704282807-0005-R.jpg,1704282807-0005-R_crop_007.jpg,val,0.010822241,66,1514,1064,1944,501,1665,629,1793,mp_idb
val/images/1704282807-0005-R.jpg,1704282807-0005-R_crop_008.jpg,val,0.010813786,1079,1517,2111,1944,1531,1666,1659,1794,mp_idb
val/images/1704282807-0005-R.jpg,1704282807-0005-R_crop_009.jpg,val,0.010787874,1730,1551,2592,1944,2097,1683,2225,1811,mp_idb
val/images/1704282807-0005-R.jpg,1704282807-0005-R_crop_010.jpg,val,0.010775592,1986,1400,2592,1944,2225,1608,2353,1736,mp_idb
val/images/1704282807-0005-R.jpg,1704282807-0005-R_crop_011.jpg,val,0.010771445,1341,1514,2371,1944,1792,1665,1920,1793,mp_idb
val/images/1704282807-0005-R.jpg,1704282807-0005-R_crop_012.jpg,val,0.010757046,823,1531,1850,1944,1272,1673,1400,1801,mp_idb
val/images/1704282807-0005-R.jpg,1704282807-0005-R_crop_013.jpg,val,0.010701106,565,1526,1592,1944,1014,1671,1142,1799,mp_idb
val/images/1704282807-0005-R.jpg,1704282807-0005-R_crop_014.jpg,val,0.010673436,305,1514,1329,1944,753,1665,881,1793,mp_idb
val/images/1704282807-0005-R.jpg,1704282807-0005-R_crop_015.jpg,val,0.010599744,1973,1275,2592,1944,2218,1545,2346,1673,mp_idb
val/images/1704282807-0005-R.jpg,1704282807-0005-R_crop_016.jpg,val,0.010532798,1971,886,2592,1681,2217,1219,2345,1347,mp_idb
val/images/1704282807-0005-R.jpg,1704282807-0005-R_crop_017.jpg,val,0.010519616,1971,240,2592,1043,2217,577,2345,705,mp_idb
val/images/1704282807-0005-R.jpg,1704282807-0005-R_crop_018.jpg,val,0.010493957,1973,498,2592,1295,2218,832,2346,960,mp_idb
val/images/1704282807-0005-R.jpg,1704282807-0005-R_crop_019.jpg,val,0.010355576,0,1576,210,1944,41,1696,169,1824,mp_idb
val/images/1704282807-0005-R.jpg,1704282807-0005-R_crop_020.jpg,val,0.010058197,0,1,592,332,232,102,360,230,mp_idb
val/images/1305121398-0001-R_S.jpg,1305121398-0001-R_S_crop_000.jpg,val,0.020495111,2243,588,2592,1944,2353,1202,2481,1330,mp_idb
val/images/1305121398-0001-R_S.jpg,1305121398-0001-R_S_crop_001.jpg,val,0.020120298,2223,0,2592,1370,2343,621,2471,749,mp_idb
val/images/1305121398-0001-R_S.jpg,1305121398-0001-R_S_crop_002.jpg,val,0.019683152,2223,329,2592,1944,2343,1072,2471,1200,mp_idb
val/images/1305121398-0001-R_S.jpg,1305121398-0001-R_S_crop_003.jpg,val,0.015599382,2020,1221,2591,1944,2241,1518,2369,1646,mp_idb
val/images/1305121398-0001-R_S.jpg,1305121398-0001-R_S_crop_004.jpg,val,0.015462676,2272,975,2592,1944,2368,1395,2496,1523,mp_idb
val/images/1305121398-0001-R_S.jpg,1305121398-0001-R_S_crop_005.jpg,val,0.012498683,0,4,237,369,54,122,182,250,mp_idb
val/images/1305121398-0001-R_S.jpg,1305121398-0001-R_S_crop_006.jpg,val,0.011245452,0,1291,905,1944,388,1553,516,1681,mp_idb
val/images/1305121398-0001-R_S.jpg,1305121398-0001-R_S_crop_007.jpg,val,0.011159689,0,20,1046,765,459,328,587,456,mp_idb
val/images/1305121398-0001-R_S.jpg,1305121398-0001-R_S_crop_008.jpg,val,0.011029377,0,1197,495,1944,183,1506,311,1634,mp_idb
val/images/1305121398-0001-R_S.jpg,1305121398-0001-R_S_crop_009.jpg,val,0.011023729,2089,0,2592,1213,2276,542,2404,670,mp_idb
val/images/1305121398-0001-R_S.jpg,1305121398-0001-R_S_crop_010.jpg,val,0.010925244,0,14,215,540,43,213,171,341,mp_idb
val/images/1305121398-0001-R_S.jpg,1305121398-0001-R_S_crop_011.jpg,val,0.010606862,0,16,536,657,204,272,332,400,mp_idb
val/images/1305121398-0001-R_S.jpg,1305121398-0001-R_S_crop_012.jpg,val,0.010413851,0,1550,222,1944,47,1683,175,1811,mp_idb
val/images/1305121398-0001-R_S.jpg,1305121398-0001-R_S_crop_013.jpg,val,0.010314271,1631,1214,2585,1944,2044,1515,2172,1643,mp_idb
val/images/1305121398-0001-R_S.jpg,1305121398-0001-R_S_crop_014.jpg,val,0.010250905,1069,1097,2592,1944,1766,1456,1894,1584,mp_idb
val/images/1305121398-0001-R_S.jpg,1305121398-0001-R_S_crop_015.jpg,val,0.010249386,0,1081,1189,1944,530,1448,658,1576,mp_idb
val/images/1305121398-0001-R_S.jpg,1305121398-0001-R_S_crop_016.jpg,val,0.010244395,421,1082,2284,1944,1288,1449,1416,1577,mp_idb
val/images/1305121398-0001-R_S.jpg,1305121398-0001-R_S_crop_017.jpg,val,0.010219646,1353,1189,2585,1944,1905,1502,2033,1630,mp_idb
val/images/1305121398-0001-R_S.jpg,1305121398-0001-R_S_crop_018.jpg,val,0.010158858,170,1091,1822,1944,932,1453,1060,1581,mp_idb
val/images/1305121398-0001-R_S.jpg,1305121398-0001-R_S_crop_019.jpg,val,0.01015417,1290,21,2584,1400,1873,646,2001,774,mp_idb
val/images/1305121398-0001-R_S.jpg,1305121398-0001-R_S_crop_020.jpg,val,0.010133262,0,26,1589,833,730,365,858,493,mp_idb
val/images/1701151546-0004-R_T.jpg,1701151546-0004-R_T_crop_000.jpg,val,0.019761324,2257,588,2592,1944,2360,1202,2488,1330,mp_idb
val/images/1701151546-0004-R_T.jpg,1701151546-0004-R_T_crop_001.jpg,val,0.019608423,2193,15,2592,1354,2328,620,2456,748,mp_idb
val/images/1701151546-0004-R_T.jpg,1701151546-0004-R_T_crop_002.jpg,val,0.018129779,2241,195,2592,1899,2352,983,2480,1111,mp_idb
val/images/1701151546-0004-R_T.jpg,1701151546-0004-R_T_crop_003.jpg,val,0.015582843,2274,976,2592,1944,2369,1396,2497,1524,mp_idb
val/images/1701151546-0004-R_T.jpg,1701151546-0004-R_T_crop_004.jpg,val,0.014793696,2017,1206,2591,1944,2240,1511,2368,1639,mp_idb
val/images/1701151546-0004-R_T.jpg,1701151546-0004-R_T_crop_005.jpg,val,0.012719043,0,4,239,366,55,121,183,249,mp_idb
val/images/1701151546-0004-R_T.jpg,1701151546-0004-R_T_crop_006.jpg,val,0.011871957,0,20,1016,807,444,349,572,477,mp_idb
val/images/1701151546-0004-R_T.jpg,1701151546-0004-R_T_crop_007.jpg,val,0.011303182,0,1205,972,1944,422,1510,550,1638,mp_idb
val/images/1701151546-0004-R_T.jpg,1701151546-0004-R_T_crop_008.jpg,val,0.01116572,0,17,214,532,43,210,171,338,mp_idb
val/images/1701151546-0004-R_T.jpg,1701151546-0004-R_T_crop_009.jpg,val,0.011134685,0,20,599,672,235,282,363,410,mp_idb
val/images/1701151546-0004-R_T.jpg,1701151546-0004-R_T_crop_010.jpg,val,0.011122123,0,1315,553,1944,212,1565,340,1693,mp_idb
val/images/1701151546-0004-R_T.jpg,1701151546-0004-R_T_crop_011.jpg,val,0.010991934,2047,0,2592,1203,2255,537,2383,665,mp_idb
val/images/1701151546-0004-R_T.jpg,1701151546-0004-R_T_crop_012.jpg,val,0.010824146,0,1,1401,571,636,222,764,350,mp_idb
val/images/1701151546-0004-R_T.jpg,1701151546-0004-R_T_crop_013.jpg,val,0.010640613,0,1581,220,1944,46,1698,174,1826,mp_idb
val/images/1701151546-0004-R_T.jpg,1701151546-0004-R_T_crop_014.jpg,val,0.010614211,0,26,1553,859,712,378,840,506,mp_idb
val/images/1701151546-0004-R_T.jpg,1701151546-0004-R_T_crop_015.jpg,val,0.01046513,2396,0,2583,1371,2425,621,2553,749,mp_idb
val/images/1701151546-0004-R_T.jpg,1701151546-0004-R_T_crop_016.jpg,val,0.0104240915,378,3,2399,566,1324,220,1452,348,mp_idb
val/images/1701151546-0004-R_T.jpg,1701151546-0004-R_T_crop_017.jpg,val,0.010378471,30,3,1973,557,937,216,1065,344,mp_idb
val/images/1701151546-0004-R_T.jpg,1701151546-0004-R_T_crop_018.jpg,val,0.010308155,1477,1177,2587,1944,1968,1496,2096,1624,mp_idb
val/images/1701151546-0004-R_T.jpg,1701151546-0004-R_T_crop_019.jpg,val,0.010188453,1121,23,2584,1359,1788,627,1916,755,mp_idb
val/images/1701151546-0004-R_T.jpg,1701151546-0004-R_T_crop_020.jpg,val,0.010163688,223,1075,2345,1944,1220,1445,1348,1573,mp_idb
val/images/1701151546-0004-R_T.jpg,1701151546-0004-R_T_crop_021.jpg,val,0.010110564,4,1036,1688,1944,782,1426,910,1554,mp_idb
val/images/1701151546-0004-R_T.jpg,1701151546-0004-R_T_crop_022.jpg,val,0.010089287,919,1087,2592,1944,1691,1451,1819,1579,mp_idb
val/images/1701151546-0004-R_T.jpg,1701151546-0004-R_T_crop_023.jpg,val,0.010076231,0,1020,1243,1944,557,1418,685,1546,mp_idb
val/images/1701151546-0004-R_T.jpg,1701151546-0004-R_T_crop_024.jpg,val,0.010000943,0,1509,209,1944,40,1662,168,1790,mp_idb
val/images/1307210661-0008-R.jpg,1307210661-0008-R_crop_000.jpg,val,0.021255426,2231,460,2592,1944,2347,1138,2475,1266,mp_idb
val/images/1307210661-0008-R.jpg,1307210661-0008-R_crop_001.jpg,val,0.020721477,2193,18,2592,1362,2328,626,2456,754,mp_idb
val/images/1307210661-0008-R.jpg,1307210661-0008-R_crop_002.jpg,val,0.020145193,2257,717,2592,1944,2360,1266,2488,1394,mp_idb
val/images/1307210661-0008-R.jpg,1307210661-0008-R_crop_003.jpg,val,0.019471249,2215,62,2592,1805,2339,869,2467,997,mp_idb
val/images/1307210661-0008-R.jpg,1307210661-0008-R_crop_004.jpg,val,0.016394634,2279,973,2592,1944,2371,1394,2499,1522,mp_idb
val/images/1307210661-0008-R.jpg,1307210661-0008-R_crop_005.jpg,val,0.016273346,2019,1226,2591,1944,2241,1521,2369,1649,mp_idb
val/images/1307210661-0008-R.jpg,1307210661-0008-R_crop_006.jpg,val,0.012459636,0,5,235,334,53,105,181,233,mp_idb
val/images/1307210661-0008-R.jpg,1307210661-0008-R_crop_007.jpg,val,0.011238884,0,13,213,509,42,197,170,325,mp_idb
val/images/1307210661-0008-R.jpg,1307210661-0008-R_crop_008.jpg,val,0.011024042,0,21,1161,756,516,324,644,452,mp_idb
val/images/1307210661-0008-R.jpg,1307210661-0008-R_crop_009.jpg,val,0.011021282,0,1094,445,1944,158,1455,286,1583,mp_idb
val/images/1307210661-0008-R.jpg,1307210661-0008-R_crop_010.jpg,val,0.010953888,0,1315,926,1944,399,1565,527,1693,mp_idb
val/images/1307210661-0008-R.jpg,1307210661-0008-R_crop_011.jpg,val,0.010564456,0,18,553,669,212,279,340,407,mp_idb
val/images/1307210661-0008-R.jpg,1307210661-0008-R_crop_012.jpg,val,0.010433511,1612,1231,2586,1944,2035,1523,2163,1651,mp_idb
val/images/1307210661-0008-R.jpg,1307210661-0008-R_crop_013.jpg,val,0.01041673,226,1115,1832,1944,965,1465,1093,1593,mp_idb
val/images/1307210661-0008-R.jpg,1307210661-0008-R_crop_014.jpg,val,0.010376032,0,3,1157,1076,514,475,642,603,mp_idb
val/images/1307210661-0008-R.jpg,1307210661-0008-R_crop_015.jpg,val,0.010353078,0,1552,216,1944,44,1684,172,1812,mp_idb
val/images/1307210661-0008-R.jpg,1307210661-0008-R_crop_016.jpg,val,0.010346236,502,1115,2287,1944,1330,1465,1458,1593,mp_idb
val/images/1307210661-0008-R.jpg,1307210661-0008-R_crop_017.jpg,val,0.010304891,2396,0,2583,1375,2425,623,2553,751,mp_idb
val/images/1307210661-0008-R.jpg,1307210661-0008-R_crop_018.jpg,val,0.010208019,1034,1125,2592,1944,1749,1470,1877,1598,mp_idb
val/images/1307210661-0008-R.jpg,1307210661-0008-R_crop_019.jpg,val,0.0101911845,1301,1208,2585,1944,1879,1512,2007,1640,mp_idb
val/images/1307210661-0008-R.jpg,1307210661-0008-R_crop_020.jpg,val,0.010139836,0,1104,1203,1944,537,1460,665,1588,mp_idb
val/images/1307210661-0008-R.jpg,1307210661-0008-R_crop_021.jpg,val,0.010072646,2046,0,2592,1211,2255,541,2383,669,mp_idb
val/images/1603223711-0003-G_R.jpg,1603223711-0003-G_R_crop_000.jpg,val,0.012922869,0,5,223,329,47,103,175,231,mp_idb
val/images/1603223711-0003-G_R.jpg,1603223711-0003-G_R_crop_001.jpg,val,0.012047036,0,1505,444,1944,158,1660,286,1788,mp_idb
val/images/1603223711-0003-G_R.jpg,1603223711-0003-G_R_crop_002.jpg,val,0.0117504075,0,1568,798,1944,335,1692,463,1820,mp_idb
val/images/1603223711-0003-G_R.jpg,1603223711-0003-G_R_crop_003.jpg,val,0.01130494,1960,0,2592,704,2212,288,2340,416,mp_idb
val/images/1603223711-0003-G_R.jpg,1603223711-0003-G_R_crop_004.jpg,val,0.011259999,0,21,212,456,42,174,170,302,mp_idb
val/images/1603223711-0003-G_R.jpg,1603223711-0003-G_R_crop_005.jpg,val,0.011209953,1996,1562,2592,1944,2230,1689,2358,1817,mp_idb
val/images/1603223711-0003-G_R.jpg,1603223711-0003-G_R_crop_006.jpg,val,0.010935291,2017,0,2592,250,2240,61,2368,189,mp_idb
val/images/1603223711-0003-G_R.jpg,1603223711-0003-G_R_crop_007.jpg,val,0.010861468,65,1504,1060,1944,498,1660,626,1788,mp_idb
val/images/1603223711-0003-G_R.jpg,1603223711-0003-G_R_crop_008.jpg,val,0.010788897,1735,1554,2592,1944,2099,1685,2227,1813,mp_idb
val/images/1603223711-0003-G_R.jpg,1603223711-0003-G_R_crop_009.jpg,val,0.0107766045,1987,1407,2592,1944,2225,1611,2353,1739,mp_idb
val/images/1603223711-0003-G_R.jpg,1603223711-0003-G_R_crop_010.jpg,val,0.010747784,1474,1528,2474,1944,1910,1672,2038,1800,mp_idb
val/images/1603223711-0003-G_R.jpg,1603223711-0003-G_R_crop_011.jpg,val,0.010742524,311,1500,1328,1944,755,1658,883,1786,mp_idb
val/images/1603223711-0003-G_R.jpg,1603223711-0003-G_R_crop_012.jpg,val,0.010735258,700,1504,1710,1944,1141,1660,1269,1788,mp_idb
val/images/1603223711-0003-G_R.jpg,1603223711-0003-G_R_crop_013.jpg,val,0.010720133,958,1511,1965,1944,1397,1663,1525,1791,mp_idb
val/images/1603223711-0003-G_R.jpg,1603223711-0003-G_R_crop_014.jpg,val,0.0107152285,1217,1523,2215,1944,1652,1669,1780,1797,mp_idb
val/images/1603223711-0003-G_R.jpg,1603223711-0003-G_R_crop_015.jpg,val,0.010649963,1980,241,2592,1047,2222,580,2350,708,mp_idb
val/images/1603223711-0003-G_R.jpg,1603223711-0003-G_R_crop_016.jpg,val,0.010648089,2015,0,2592,519,2239,195,2367,323,mp_idb
val/images/1603223711-0003-G_R.jpg,1603223711-0003-G_R_crop_017.jpg,val,0.010616409,1981,499,2592,1286,2222,828,2350,956,mp_idb
val/images/1603223711-0003-G_R.jpg,1603223711-0003-G_R_crop_018.jpg,val,0.010598278,1976,758,2592,1545,2220,1087,2348,1215,mp_idb
val/images/1603223711-0003-G_R.jpg,1603223711-0003-G_R_crop_019.jpg,val,0.010584567,1973,1274,2592,1944,2218,1545,2346,1673,mp_idb
val/images/1603223711-0003-G_R.jpg,1603223711-0003-G_R_crop_020.jpg,val,0.0105590895,1974,1017,2592,1801,2219,1345,2347,1473,mp_idb
val/images/1603223711-0003-G_R.jpg,1603223711-0003-G_R_crop_021.jpg,val,0.01034099,0,3,566,322,219,98,347,226,mp_idb
val/images/1603223711-0003-G_R.jpg,1603223711-0003-G_R_crop_022.jpg,val,0.0102793425,0,69,214,585,43,263,171,391,mp_idb
val/images/1603223711-0003-G_R.jpg,1603223711-0003-G_R_crop_023.jpg,val,0.010097243,0,1546,207,1944,39,1681,167,1809,mp_idb
val/images/1603223711-0003-G_R.jpg,1603223711-0003-G_R_crop_024.jpg,val,0.010000802,1216,0,2556,365,1822,118,1950,246,mp_idb
val/images/1701151546-0010-R.jpg,1701151546-0010-R_crop_000.jpg,val,0.017670617,2230,751,2592,1944,2347,1283,2475,1411,mp_idb
val/images/1701151546-0010-R.jpg,1701151546-0010-R_crop_001.jpg,val,0.014003783,2086,1092,2592,1944,2275,1454,2403,1582,mp_idb
val/images/1701151546-0010-R.jpg,1701151546-0010-R_crop_002.jpg,val,0.012927426,0,7,217,340,44,109,172,237,mp_idb
val/images/1701151546-0010-R.jpg,1701151546-0010-R_crop_003.jpg,val,0.01224613,0,1579,452,1944,162,1697,290,1825,mp_idb
val/images/1701151546-0010-R.jpg,1701151546-0010-R_crop_004.jpg,val,0.011682209,0,1601,802,1944,337,1708,465,1836,mp_idb
val/images/1701151546-0010-R.jpg,1701151546-0010-R_crop_005.jpg,val,0.011497636,1978,0,2592,730,2221,301,2349,429,mp_idb
val/images/1701151546-0010-R.jpg,1701151546-0010-R_crop_006.jpg,val,0.011252601,0,25,207,461,39,179,167,307,mp_idb
val/images/1701151546-0010-R.jpg,1701151546-0010-R_crop_007.jpg,val,0.010989606,1958,1227,2592,1944,2211,1521,2339,1649,mp_idb
val/images/1701151546-0010-R.jpg,1701151546-0010-R_crop_008.jpg,val,0.010987923,64,1566,1097,1944,516,1691,644,1819,mp_idb
val/images/1701151546-0010-R.jpg,1701151546-0010-R_crop_009.jpg,val,0.01091081,2017,0,2592,255,2240,63,2368,191,mp_idb
val/images/1701151546-0010-R.jpg,1701151546-0010-R_crop_010.jpg,val,0.010889233,281,1567,1357,1944,755,1691,883,1819,mp_idb
val/images/1701151546-0010-R.jpg,1701151546-0010-R_crop_011.jpg,val,0.010866101,2006,250,2592,1103,2235,612,2363,740,mp_idb
val/images/1701151546-0010-R.jpg,1701151546-0010-R_crop_012.jpg,val,0.010837351,2044,384,2592,1460,2254,858,2382,986,mp_idb
val/images/1701151546-0010-R.jpg,1701151546-0010-R_crop_013.jpg,val,0.010714683,1995,97,2592,939,2229,454,2357,582,mp_idb
val/images/1701151546-0010-R.jpg,1701151546-0010-R_crop_014.jpg,val,0.010692865,522,1561,1630,1944,1012,1688,1140,1816,mp_idb
val/images/1701151546-0010-R.jpg,1701151546-0010-R_crop_015.jpg,val,0.010649743,2396,752,2586,1944,2427,1284,2555,1412,mp_idb
val/images/1701151546-0010-R.jpg,1701151546-0010-R_crop_016.jpg,val,0.010595883,0,4,751,372,311,124,439,252,mp_idb
val/images/1701151546-0010-R.jpg,1701151546-0010-R_crop_017.jpg,val,0.010588378,770,1581,1948,1944,1295,1698,1423,1826,mp_idb
val/images/1701151546-0010-R.jpg,1701151546-0010-R_crop_018.jpg,val,0.010446398,1504,1242,2589,1944,1982,1529,2110,1657,mp_idb
val/images/1701151546-0010-R.jpg,1701151546-0010-R_crop_019.jpg,val,0.010386648,968,1590,2363,1944,1601,1703,1729,1831,mp_idb
val/images/1701151546-0010-R.jpg,1701151546-0010-R_crop_020.jpg,val,0.010347208,1168,1507,2592,1944,1816,1661,1944,1789,mp_idb
val/images/1701151546-0010-R.jpg,1701151546-0010-R_crop_021.jpg,val,0.0103363935,2156,624,2592,1711,2310,1103,2438,1231,mp_idb
val/images/1701151546-0010-R.jpg,1701151546-0010-R_crop_022.jpg,val,0.010202258,802,0,2160,468,1417,170,1545,298,mp_idb
val/images/1701151546-0010-R.jpg,1701151546-0010-R_crop_023.jpg,val,0.010143728,0,0,1323,470,597,171,725,299,mp_idb
val/images/1701151546-0010-R.jpg,1701151546-0010-R_crop_024.jpg,val,0.010100422,0,1558,206,1944,39,1687,167,1815,mp_idb
val/images/1701151546-0010-R.jpg,1701151546-0010-R_crop_025.jpg,val,0.010054633,1067,0,2410,446,1674,159,1802,287,mp_idb
val/images/1701151546-0010-R.jpg,1701151546-0010-R_crop_026.jpg,val,0.010026507,895,493,2171,1166,1469,765,1597,893,mp_idb
val/images/1307210661-0010-R.jpg,1307210661-0010-R_crop_000.jpg,val,0.021777099,2229,460,2592,1944,2346,1138,2474,1266,mp_idb
val/images/1307210661-0010-R.jpg,1307210661-0010-R_crop_001.jpg,val,0.0207315,2193,11,2592,1371,2328,627,2456,755,mp_idb
val/images/1307210661-0010-R.jpg,1307210661-0010-R_crop_002.jpg,val,0.019801619,2267,846,2592,1944,2365,1331,2493,1459,mp_idb
val/images/1307210661-0010-R.jpg,1307210661-0010-R_crop_003.jpg,val,0.019573858,2220,63,2592,1812,2342,873,2470,1001,mp_idb
val/images/1307210661-0010-R.jpg,1307210661-0010-R_crop_004.jpg,val,0.016074259,2013,1217,2591,1944,2238,1516,2366,1644,mp_idb
val/images/1307210661-0010-R.jpg,1307210661-0010-R_crop_005.jpg,val,0.012522795,0,5,234,334,53,105,181,233,mp_idb
val/images/1307210661-0010-R.jpg,1307210661-0010-R_crop_006.jpg,val,0.01123418,0,14,212,490,42,188,170,316,mp_idb
val/images/1307210661-0010-R.jpg,1307210661-0010-R_crop_007.jpg,val,0.011160994,0,21,1221,746,546,319,674,447,mp_idb
val/images/1307210661-0010-R.jpg,1307210661-0010-R_crop_008.jpg,val,0.010997336,0,1144,438,1944,155,1480,283,1608,mp_idb
val/images/1307210661-0010-R.jpg,1307210661-0010-R_crop_009.jpg,val,0.010997202,0,1321,934,1944,403,1568,531,1696,mp_idb
val/images/1307210661-0010-R.jpg,1307210661-0010-R_crop_010.jpg,val,0.010571042,0,18,556,673,214,281,342,409,mp_idb
val/images/1307210661-0010-R.jpg,1307210661-0010-R_crop_011.jpg,val,0.0104563935,1637,1229,2585,1944,2047,1522,2175,1650,mp_idb
val/images/1307210661-0010-R.jpg,1307210661-0010-R_crop_012.jpg,val,0.010364361,0,4,1160,1027,516,451,644,579,mp_idb
val/images/1307210661-0010-R.jpg,1307210661-0010-R_crop_013.jpg,val,0.010357119,0,1555,217,1944,44,1685,172,1813,mp_idb
val/images/1307210661-0010-R.jpg,1307210661-0010-R_crop_014.jpg,val,0.010316476,711,1118,2407,1944,1495,1467,1623,1595,mp_idb
val/images/1307210661-0010-R.jpg,1307210661-0010-R_crop_015.jpg,val,0.010276655,205,1117,1858,1944,967,1466,1095,1594,mp_idb
val/images/1307210661-0010-R.jpg,1307210661-0010-R_crop_016.jpg,val,0.010246329,1124,1131,2575,1944,1785,1473,1913,1601,mp_idb
val/images/1307210661-0010-R.jpg,1307210661-0010-R_crop_017.jpg,val,0.01022684,2053,0,2592,1213,2258,542,2386,670,mp_idb
val/images/1307210661-0010-R.jpg,1307210661-0010-R_crop_018.jpg,val,0.010142531,0,1129,1169,1944,520,1472,648,1600,mp_idb
val/images/1307210661-0010-R.jpg,1307210661-0010-R_crop_019.jpg,val,0.010035959,2396,0,2583,1372,2425,622,2553,750,mp_idb
val/images/1409191647-0006-R.jpg,1409191647-0006-R_crop_000.jpg,val,0.0128601035,0,7,224,330,48,104,176,232,mp_idb
val/images/1409191647-0006-R.jpg,1409191647-0006-R_crop_001.jpg,val,0.012272611,0,1541,460,1944,166,1678,294,1806,mp_idb
val/images/1409191647-0006-R.jpg,1409191647-0006-R_crop_002.jpg,val,0.011852283,0,1575,791,1944,331,1695,459,1823,mp_idb
val/images/1409191647-0006-R.jpg,1409191647-0006-R_crop_003.jpg,val,0.011539436,1968,0,2592,661,2216,266,2344,394,mp_idb
val/images/1409191647-0006-R.jpg,1409191647-0006-R_crop_004.jpg,val,0.011242308,1973,1555,2592,1944,2218,1685,2346,1813,mp_idb
val/images/1409191647-0006-R.jpg,1409191647-0006-R_crop_005.jpg,val,0.010975886,0,23,211,449,41,172,169,300,mp_idb
val/images/1409191647-0006-R.jpg,1409191647-0006-R_crop_006.jpg,val,0.0108839655,942,1499,1971,1944,1392,1657,1520,1785,mp_idb
val/images/1409191647-0006-R.jpg,1409191647-0006-R_crop_007.jpg,val,0.010874467,63,1508,1062,1944,498,1662,626,1790,mp_idb
val/images/1409191647-0006-R.jpg,1409191647-0006-R_crop_008.jpg,val,0.010859855,1725,1538,2592,1944,2094,1677,2222,1805,mp_idb
val/images/1409191647-0006-R.jpg,1409191647-0006-R_crop_009.jpg,val,0.010859829,685,1505,1709,1944,1133,1660,1261,1788,mp_idb
val/images/1409191647-0006-R.jpg,1409191647-0006-R_crop_010.jpg,val,0.0108307535,1205,1502,2226,1944,1651,1659,1779,1787,mp_idb
val/images/1409191647-0006-R.jpg,1409191647-0006-R_crop_011.jpg,val,0.010818317,430,1502,1453,1944,877,1659,1005,1787,mp_idb
val/images/1409191647-0006-R.jpg,1409191647-0006-R_crop_012.jpg,val,0.010774119,1468,1508,2477,1944,1908,1662,2036,1790,mp_idb
val/images/1409191647-0006-R.jpg,1409191647-0006-R_crop_013.jpg,val,0.010724635,1977,1391,2592,1944,2220,1603,2348,1731,mp_idb
val/images/1409191647-0006-R.jpg,1409191647-0006-R_crop_014.jpg,val,0.010720199,2047,0,2592,252,2255,62,2383,190,mp_idb
val/images/1409191647-0006-R.jpg,1409191647-0006-R_crop_015.jpg,val,0.010563121,1980,245,2592,1028,2222,572,2350,700,mp_idb
val/images/1409191647-0006-R.jpg,1409191647-0006-R_crop_016.jpg,val,0.010548079,1978,500,2592,1275,2221,823,2349,951,mp_idb
val/images/1409191647-0006-R.jpg,1409191647-0006-R_crop_017.jpg,val,0.010544164,1965,1267,2592,1944,2214,1541,2342,1669,mp_idb
val/images/1409191647-0006-R.jpg,1409191647-0006-R_crop_018.jpg,val,0.010540608,1976,753,2592,1542,2220,1083,2348,1211,mp_idb
val/images/1409191647-0006-R.jpg,1409191647-0006-R_crop_019.jpg,val,0.010530796,1974,1015,2592,1802,2219,1344,2347,1472,mp_idb
val/images/1409191647-0006-R.jpg,1409191647-0006-R_crop_020.jpg,val,0.010333296,0,1559,208,1944,40,1687,168,1815,mp_idb
val/images/1409191647-0006-R.jpg,1409191647-0006-R_crop_021.jpg,val,0.010206163,2036,0,2592,477,2250,174,2378,302,mp_idb
val/images/1409191647-0006-R.jpg,1409191647-0006-R_crop_022.jpg,val,0.010203915,0,3,539,333,205,104,333,232,mp_idb
val/images/1409191647-0002-R.jpg,1409191647-0002-R_crop_000.jpg,val,0.012851456,0,7,227,331,49,105,177,233,mp_idb
val/images/1409191647-0002-R.jpg,1409191647-0002-R_crop_001.jpg,val,0.012089943,0,1475,462,1944,167,1645,295,1773,mp_idb
val/images/1409191647-0002-R.jpg,1409191647-0002-R_crop_002.jpg,val,0.011758146,0,1562,793,1944,332,1689,460,1817,mp_idb
val/images/1409191647-0002-R.jpg,1409191647-0002-R_crop_003.jpg,val,0.011573304,1977,0,2592,655,2220,263,2348,391,mp_idb
val/images/1409191647-0002-R.jpg,1409191647-0002-R_crop_004.jpg,val,0.011243208,1966,1550,2592,1944,2215,1683,2343,1811,mp_idb
val/images/1409191647-0002-R.jpg,1409191647-0002-R_crop_005.jpg,val,0.010831929,63,1514,1060,1944,497,1665,625,1793,mp_idb
val/images/1409191647-0002-R.jpg,1409191647-0002-R_crop_006.jpg,val,0.010826351,942,1509,1963,1944,1388,1662,1516,1790,mp_idb
val/images/1409191647-0002-R.jpg,1409191647-0002-R_crop_007.jpg,val,0.010815112,1201,1513,2223,1944,1648,1664,1776,1792,mp_idb
val/images/1409191647-0002-R.jpg,1409191647-0002-R_crop_008.jpg,val,0.010811506,1720,1542,2592,1944,2092,1679,2220,1807,mp_idb
val/images/1409191647-0002-R.jpg,1409191647-0002-R_crop_009.jpg,val,0.010808187,684,1508,1710,1944,1133,1662,1261,1790,mp_idb
val/images/1409191647-0002-R.jpg,1409191647-0002-R_crop_010.jpg,val,0.010794048,0,22,211,452,41,173,169,301,mp_idb
val/images/1409191647-0002-R.jpg,1409191647-0002-R_crop_011.jpg,val,0.010786343,1975,1387,2592,1944,2219,1601,2347,1729,mp_idb
val/images/1409191647-0002-R.jpg,1409191647-0002-R_crop_012.jpg,val,0.0107601015,425,1505,1448,1944,872,1660,1000,1788,mp_idb
val/images/1409191647-0002-R.jpg,1409191647-0002-R_crop_013.jpg,val,0.010758208,1460,1514,2484,1944,1908,1665,2036,1793,mp_idb
val/images/1409191647-0002-R.jpg,1409191647-0002-R_crop_014.jpg,val,0.010661832,2047,0,2592,249,2255,60,2383,188,mp_idb
val/images/1409191647-0002-R.jpg,1409191647-0002-R_crop_015.jpg,val,0.010580188,1980,248,2592,1025,2222,572,2350,700,mp_idb
val/images/1409191647-0002-R.jpg,1409191647-0002-R_crop_016.jpg,val,0.0105725685,1962,1267,2592,1944,2213,1541,2341,1669,mp_idb
val/images/1409191647-0002-R.jpg,1409191647-0002-R_crop_017.jpg,val,0.010555458,1982,92,2592,907,2223,435,2351,563,mp_idb
val/images/1409191647-0002-R.jpg,1409191647-0002-R_crop_018.jpg,val,0.0105441995,1972,883,2592,1678,2218,1216,2346,1344,mp_idb
val/images/1409191647-0002-R.jpg,1409191647-0002-R_crop_019.jpg,val,0.010530318,1974,502,2592,1283,2219,828,2347,956,mp_idb
val/images/1409191647-0002-R.jpg,1409191647-0002-R_crop_020.jpg,val,0.010321701,0,3,551,342,211,108,339,236,mp_idb
val/images/1409191647-0002-R.jpg,1409191647-0002-R_crop_021.jpg,val,0.010191247,0,1564,207,1944,39,1690,167,1818,mp_idb
val/images/1409191647-0002-R.jpg,1409191647-0002-R_crop_022.jpg,val,0.010182414,2033,0,2592,483,2248,177,2376,305,mp_idb
test/images/1704282807-0019-R_G.jpg,1704282807-0019-R_G_crop_000.jpg,test,0.012828277,0,7,221,337,46,108,174,236,mp_idb
test/images/1704282807-0019-R_G.jpg,1704282807-0019-R_G_crop_001.jpg,test,0.012263821,0,1586,462,1944,167,1701,295,1829,mp_idb
test/images/1704282807-0019-R_G.jpg,1704282807-0019-R_G_crop_002.jpg,test,0.0118607525,0,1573,796,1944,334,1694,462,1822,mp_idb
test/images/1704282807-0019-R_G.jpg,1704282807-0019-R_G_crop_003.jpg,test,0.011440909,1974,0,2592,678,2219,275,2347,403,mp_idb
test/images/1704282807-0019-R_G.jpg,1704282807-0019-R_G_crop_004.jpg,test,0.011211453,1996,1560,2592,1944,2230,1688,2358,1816,mp_idb
test/images/1704282807-0019-R_G.jpg,1704282807-0019-R_G_crop_005.jpg,test,0.010929495,66,1488,1065,1944,501,1652,629,1780,mp_idb
test/images/1704282807-0019-R_G.jpg,1704282807-0019-R_G_crop_006.jpg,test,0.010900559,0,22,209,456,40,175,168,303,mp_idb
test/images/1704282807-0019-R_G.jpg,1704282807-0019-R_G_crop_007.jpg,test,0.010879896,2034,0,2592,249,2249,60,2377,188,mp_idb
test/images/1704282807-0019-R_G.jpg,1704282807-0019-R_G_crop_008.jpg,test,0.010836922,1086,1504,2087,1944,1522,1660,1650,1788,mp_idb
test/images/1704282807-0019-R_G.jpg,1704282807-0019-R_G_crop_009.jpg,test,0.010832317,2007,647,2592,1415,2235,967,2363,1095,mp_idb
test/images/1704282807-0019-R_G.jpg,1704282807-0019-R_G_crop_010.jpg,test,0.010831555,1348,1504,2347,1944,1783,1660,1911,1788,mp_idb
test/images/1704282807-0019-R_G.jpg,1704282807-0019-R_G_crop_011.jpg,test,0.010782244,1739,1534,2592,1944,2101,1675,2229,1803,mp_idb
test/images/1704282807-0019-R_G.jpg,1704282807-0019-R_G_crop_012.jpg,test,0.010775857,2002,389,2592,1164,2233,712,2361,840,mp_idb
test/images/1704282807-0019-R_G.jpg,1704282807-0019-R_G_crop_013.jpg,test,0.0107742,312,1485,1327,1944,755,1650,883,1778,mp_idb
test/images/1704282807-0019-R_G.jpg,1704282807-0019-R_G_crop_014.jpg,test,0.010770831,702,1489,1713,1944,1143,1652,1271,1780,mp_idb
test/images/1704282807-0019-R_G.jpg,1704282807-0019-R_G_crop_015.jpg,test,0.0107232435,1991,900,2592,1675,2227,1223,2355,1351,mp_idb
test/images/1704282807-0019-R_G.jpg,1704282807-0019-R_G_crop_016.jpg,test,0.010667135,1990,96,2592,929,2227,448,2355,576,mp_idb
test/images/1704282807-0019-R_G.jpg,1704282807-0019-R_G_crop_017.jpg,test,0.010615898,1978,1148,2592,1944,2221,1482,2349,1610,mp_idb
test/images/1704282807-0019-R_G.jpg,1704282807-0019-R_G_crop_018.jpg,test,0.010243476,0,1558,208,1944,40,1687,168,1815,mp_idb
test/images/1704282807-0019-R_G.jpg,1704282807-0019-R_G_crop_019.jpg,test,0.010190689,0,3,512,348,192,111,320,239,mp_idb
test/images/1305121398-0017-R.jpg,1305121398-0017-R_crop_000.jpg,test,0.02102911,2245,460,2592,1944,2354,1138,2482,1266,mp_idb
test/images/1305121398-0017-R.jpg,1305121398-0017-R_crop_001.jpg,test,0.020858238,2199,0,2592,1371,2331,621,2459,749,mp_idb
test/images/1305121398-0017-R.jpg,1305121398-0017-R_crop_002.jpg,test,0.019641722,2212,62,2592,1809,2338,871,2466,999,mp_idb
test/images/1305121398-0017-R.jpg,1305121398-0017-R_crop_003.jpg,test,0.018261379,2264,847,2592,1944,2364,1331,2492,1459,mp_idb
test/images/1305121398-0017-R.jpg,1305121398-0017-R_crop_004.jpg,test,0.015526227,2018,1218,2591,1944,2240,1517,2368,1645,mp_idb
test/images/1305121398-0017-R.jpg,1305121398-0017-R_crop_005.jpg,test,0.012869211,2207,1093,2591,1944,2335,1454,2463,1582,mp_idb
test/images/1305121398-0017-R.jpg,1305121398-0017-R_crop_006.jpg,test,0.012534717,0,5,232,347,52,112,180,240,mp_idb
test/images/1305121398-0017-R.jpg,1305121398-0017-R_crop_007.jpg,test,0.0112021165,0,21,1131,752,501,322,629,450,mp_idb
test/images/1305121398-0017-R.jpg,1305121398-0017-R_crop_008.jpg,test,0.011034907,0,14,213,521,42,203,170,331,mp_idb
test/images/1305121398-0017-R.jpg,1305121398-0017-R_crop_009.jpg,test,0.011008228,0,1324,871,1944,371,1570,499,1698,mp_idb
test/images/1305121398-0017-R.jpg,1305121398-0017-R_crop_010.jpg,test,0.010929237,0,1199,470,1944,171,1507,299,1635,mp_idb
test/images/1305121398-0017-R.jpg,1305121398-0017-R_crop_011.jpg,test,0.010465352,0,18,546,663,209,276,337,404,mp_idb
test/images/1305121398-0017-R.jpg,1305121398-0017-R_crop_012.jpg,test,0.010401961,0,1553,220,1944,46,1684,174,1812,mp_idb
test/images/1305121398-0017-R.jpg,1305121398-0017-R_crop_013.jpg,test,0.01039053,1624,1216,2586,1944,2041,1516,2169,1644,mp_idb
test/images/1305121398-0017-R.jpg,1305121398-0017-R_crop_014.jpg,test,0.010322837,652,1087,2386,1944,1455,1451,1583,1579,mp_idb
test/images/1305121398-0017-R.jpg,1305121398-0017-R_crop_015.jpg,test,0.010285068,314,1073,2104,1944,1145,1444,1273,1572,mp_idb
test/images/1305121398-0017-R.jpg,1305121398-0017-R_crop_016.jpg,test,0.010284685,2062,0,2592,1215,2263,543,2391,671,mp_idb
test/images/1305121398-0017-R.jpg,1305121398-0017-R_crop_017.jpg,test,0.010264076,1089,1105,2589,1944,1775,1460,1903,1588,mp_idb
test/images/1305121398-0017-R.jpg,1305121398-0017-R_crop_018.jpg,test,0.010203755,1351,1193,2585,1944,1904,1504,2032,1632,mp_idb
test/images/1305121398-0017-R.jpg,1305121398-0017-R_crop_019.jpg,test,0.010132669,145,1081,1592,1944,804,1448,932,1576,mp_idb
test/images/1305121398-0017-R.jpg,1305121398-0017-R_crop_020.jpg,test,0.010022798,0,1,1146,1047,509,460,637,588,mp_idb
test/images/1305121398-0017-R.jpg,1305121398-0017-R_crop_021.jpg,test,0.010004697,0,1102,1147,1944,509,1459,637,1587,mp_idb
test/images/1701151546-0008-R-T.jpg,1701151546-0008-R-T_crop_000.jpg,test,0.013220887,2138,948,2592,1944,2301,1382,2429,1510,mp_idb
test/images/1701151546-0008-R-T.jpg,1701151546-0008-R-T_crop_001.jpg,test,0.012602512,0,6,225,331,48,104,176,232,mp_idb
test/images/1701151546-0008-R-T.jpg,1701151546-0008-R-T_crop_002.jpg,test,0.011534221,1953,2,2592,659,2208,266,2336,394,mp_idb
test/images/1701151546-0008-R-T.jpg,1701151546-0008-R-T_crop_003.jpg,test,0.011287882,0,1421,460,1944,166,1618,294,1746,mp_idb
test/images/1701151546-0008-R-T.jpg,1701151546-0008-R-T_crop_004.jpg,test,0.01127593,0,1485,982,1944,427,1650,555,1778,mp_idb
test/images/1701151546-0008-R-T.jpg,1701151546-0008-R-T_crop_005.jpg,test,0.011048106,0,645,1783,1944,827,1230,955,1358,mp_idb
test/images/1701151546-0008-R-T.jpg,1701151546-0008-R-T_crop_006.jpg,test,0.010849263,2015,378,2592,1421,2239,835,2367,963,mp_idb
test/images/1701151546-0008-R-T.jpg,1701151546-0008-R-T_crop_007.jpg,test,0.010775984,0,757,1422,1944,647,1286,775,1414,mp_idb
test/images/1701151546-0008-R-T.jpg,1701151546-0008-R-T_crop_008.jpg,test,0.010771558,1975,244,2592,1104,2219,610,2347,738,mp_idb
test/images/1701151546-0008-R-T.jpg,1701151546-0008-R-T_crop_009.jpg,test,0.010735238,1965,104,2592,931,2214,453,2342,581,mp_idb
test/images/1701151546-0008-R-T.jpg,1701151546-0008-R-T_crop_010.jpg,test,0.010715628,0,20,210,443,41,167,169,295,mp_idb
test/images/1701151546-0008-R-T.jpg,1701151546-0008-R-T_crop_011.jpg,test,0.010698784,2009,2,2592,240,2236,57,2364,185,mp_idb
test/images/1701151546-0008-R-T.jpg,1701151546-0008-R-T_crop_012.jpg,test,0.010662461,0,1533,1177,1944,524,1674,652,1802,mp_idb
test/images/1701151546-0008-R-T.jpg,1701151546-0008-R-T_crop_013.jpg,test,0.010625568,2120,551,2592,1628,2292,1025,2420,1153,mp_idb
test/images/1701151546-0008-R-T.jpg,1701151546-0008-R-T_crop_014.jpg,test,0.010492571,0,149,1318,1257,595,639,723,767,mp_idb
test/images/1701151546-0008-R-T.jpg,1701151546-0008-R-T_crop_015.jpg,test,0.010465318,349,1597,1582,1944,901,1706,1029,1834,mp_idb
test/images/1701151546-0008-R-T.jpg,1701151546-0008-R-T_crop_016.jpg,test,0.010454574,1996,0,2592,486,2230,179,2358,307,mp_idb
test/images/1701151546-0008-R-T.jpg,1701151546-0008-R-T_crop_017.jpg,test,0.010267284,1338,1261,2586,1944,1898,1538,2026,1666,mp_idb
test/images/1701151546-0008-R-T.jpg,1701151546-0008-R-T_crop_018.jpg,test,0.010237628,582,1602,2105,1944,1279,1709,1407,1837,mp_idb
test/images/1701151546-0008-R-T.jpg,1701151546-0008-R-T_crop_019.jpg,test,0.010113098,707,1398,2473,1944,1526,1607,1654,1735,mp_idb
test/images/1701151546-0008-R-T.jpg,1701151546-0008-R-T_crop_020.jpg,test,0.010097429,0,1027,1266,1944,569,1421,697,1549,mp_idb
test/images/1701151546-0008-R-T.jpg,1701151546-0008-R-T_crop_021.jpg,test,0.010051956,952,1171,2591,1944,1707,1493,1835,1621,mp_idb
test/images/1701151546-0008-R-T.jpg,1701151546-0008-R-T_crop_022.jpg,test,0.010049442,0,1579,213,1944,42,1697,170,1825,mp_idb
test/images/1701151546-0002-R.jpg,1701151546-0002-R_crop_000.jpg,test,0.019937009,2201,9,2592,1354,2332,617,2460,745,mp_idb
test/images/1701151546-0002-R.jpg,1701151546-0002-R_crop_001.jpg,test,0.019912483,2261,465,2592,1944,2362,1140,2490,1268,mp_idb
test/images/1701151546-0002-R.jpg,1701151546-0002-R_crop_002.jpg,test,0.017814774,2245,57,2592,1776,2354,852,2482,980,mp_idb
test/images/1701151546-0002-R.jpg,1701151546-0002-R_crop_003.jpg,test,0.01572414,2188,1077,2592,1944,2326,1446,2454,1574,mp_idb
test/images/1701151546-0002-R.jpg,1701151546-0002-R_crop_004.jpg,test,0.013397979,2012,1204,2592,1944,2238,1510,2366,1638,mp_idb
test/images/1701151546-0002-R.jpg,1701151546-0002-R_crop_005.jpg,test,0.0126946,0,4,225,332,48,104,176,232,mp_idb
test/images/1701151546-0002-R.jpg,1701151546-0002-R_crop_006.jpg,test,0.012061414,0,1589,464,1944,168,1702,296,1830,mp_idb
test/images/1701151546-0002-R.jpg,1701151546-0002-R_crop_007.jpg,test,0.011631421,0,1607,820,1944,346,1711,474,1839,mp_idb
test/images/1701151546-0002-R.jpg,1701151546-0002-R_crop_008.jpg,test,0.011408149,2057,0,2592,1207,2260,539,2388,667,mp_idb
test/images/1701151546-0002-R.jpg,1701151546-0002-R_crop_009.jpg,test,0.011184468,1674,1210,2590,1944,2068,1513,2196,1641,mp_idb
test/images/1701151546-0002-R.jpg,1701151546-0002-R_crop_010.jpg,test,0.011108412,0,17,208,470,40,179,168,307,mp_idb
test/images/1701151546-0002-R.jpg,1701151546-0002-R_crop_011.jpg,test,0.011026115,947,1557,1977,1944,1398,1686,1526,1814,mp_idb
test/images/1701151546-0002-R.jpg,1701151546-0002-R_crop_012.jpg,test,0.010973132,1194,1569,2280,1944,1673,1692,1801,1820,mp_idb
test/images/1701151546-0002-R.jpg,1701151546-0002-R_crop_013.jpg,test,0.010971079,0,109,1599,1553,735,767,863,895,mp_idb
test/images/1701151546-0002-R.jpg,1701151546-0002-R_crop_014.jpg,test,0.010952597,690,1548,1726,1944,1144,1682,1272,1810,mp_idb
test/images/1701151546-0002-R.jpg,1701151546-0002-R_crop_015.jpg,test,0.010921915,71,1523,1075,1944,509,1669,637,1797,mp_idb
test/images/1701151546-0002-R.jpg,1701151546-0002-R_crop_016.jpg,test,0.010914078,310,1527,1332,1944,757,1671,885,1799,mp_idb
test/images/1701151546-0002-R.jpg,1701151546-0002-R_crop_017.jpg,test,0.010870525,0,22,1437,678,654,286,782,414,mp_idb
test/images/1701151546-0002-R.jpg,1701151546-0002-R_crop_018.jpg,test,0.010692291,0,34,446,636,159,271,287,399,mp_idb
test/images/1701151546-0002-R.jpg,1701151546-0002-R_crop_019.jpg,test,0.0106478585,1432,1486,2591,1944,1947,1651,2075,1779,mp_idb
test/images/1701151546-0002-R.jpg,1701151546-0002-R_crop_020.jpg,test,0.010537082,2396,0,2583,1361,2425,616,2553,744,mp_idb
test/images/1701151546-0002-R.jpg,1701151546-0002-R_crop_021.jpg,test,0.010426015,0,51,1471,957,671,440,799,568,mp_idb
test/images/1701151546-0002-R.jpg,1701151546-0002-R_crop_022.jpg,test,0.010141794,1202,22,2585,1353,1829,623,1957,751,mp_idb
test/images/1701151546-0002-R.jpg,1701151546-0002-R_crop_023.jpg,test,0.010120653,0,55,213,605,42,266,170,394,mp_idb
test/images/1701151546-0002-R.jpg,1701151546-0002-R_crop_024.jpg,test,0.010072513,0,1572,206,1944,39,1694,167,1822,mp_idb
test/images/1704282807-0012-R_T.jpg,1704282807-0012-R_T_crop_000.jpg,test,0.0128150955,0,6,227,336,49,107,177,235,mp_idb
test/images/1704282807-0012-R_T.jpg,1704282807-0012-R_T_crop_001.jpg,test,0.012183529,0,1565,471,1944,171,1690,299,1818,mp_idb
test/images/1704282807-0012-R_T.jpg,1704282807-0012-R_T_crop_002.jpg,test,0.011790693,0,1572,798,1944,335,1694,463,1822,mp_idb
test/images/1704282807-0012-R_T.jpg,1704282807-0012-R_T_crop_003.jpg,test,0.011357178,1953,0,2592,669,2208,270,2336,398,mp_idb
test/images/1704282807-0012-R_T.jpg,1704282807-0012-R_T_crop_004.jpg,test,0.011220956,1980,1534,2592,1944,2222,1675,2350,1803,mp_idb
test/images/1704282807-0012-R_T.jpg,1704282807-0012-R_T_crop_005.jpg,test,0.010862652,2012,0,2592,244,2238,58,2366,186,mp_idb
test/images/1704282807-0012-R_T.jpg,1704282807-0012-R_T_crop_006.jpg,test,0.010855067,0,20,211,447,41,169,169,297,mp_idb
test/images/1704282807-0012-R_T.jpg,1704282807-0012-R_T_crop_007.jpg,test,0.01084565,67,1507,1063,1944,501,1661,629,1789,mp_idb
test/images/1704282807-0012-R_T.jpg,1704282807-0012-R_T_crop_008.jpg,test,0.010827842,1608,1500,2592,1944,2036,1658,2164,1786,mp_idb
test/images/1704282807-0012-R_T.jpg,1704282807-0012-R_T_crop_009.jpg,test,0.010819867,827,1492,1847,1944,1273,1654,1401,1782,mp_idb
test/images/1704282807-0012-R_T.jpg,1704282807-0012-R_T_crop_010.jpg,test,0.010798886,1349,1490,2366,1944,1793,1653,1921,1781,mp_idb
test/images/1704282807-0012-R_T.jpg,1704282807-0012-R_T_crop_011.jpg,test,0.010794136,1087,1489,2109,1944,1534,1652,1662,1780,mp_idb
test/images/1704282807-0012-R_T.jpg,1704282807-0012-R_T_crop_012.jpg,test,0.010774536,568,1506,1586,1944,1013,1661,1141,1789,mp_idb
test/images/1704282807-0012-R_T.jpg,1704282807-0012-R_T_crop_013.jpg,test,0.01071351,306,1508,1325,1944,751,1662,879,1790,mp_idb
test/images/1704282807-0012-R_T.jpg,1704282807-0012-R_T_crop_014.jpg,test,0.01061754,1962,1262,2592,1944,2213,1539,2341,1667,mp_idb
test/images/1704282807-0012-R_T.jpg,1704282807-0012-R_T_crop_015.jpg,test,0.010578212,1970,1007,2592,1840,2217,1359,2345,1487,mp_idb
test/images/1704282807-0012-R_T.jpg,1704282807-0012-R_T_crop_016.jpg,test,0.010545513,1970,749,2592,1578,2217,1099,2345,1227,mp_idb
test/images/1704282807-0012-R_T.jpg,1704282807-0012-R_T_crop_017.jpg,test,0.010539663,1971,239,2592,1054,2217,582,2345,710,mp_idb
test/images/1704282807-0012-R_T.jpg,1704282807-0012-R_T_crop_018.jpg,test,0.0105010895,1970,493,2592,1311,2217,838,2345,966,mp_idb
test/images/1704282807-0012-R_T.jpg,1704282807-0012-R_T_crop_019.jpg,test,0.010459216,2003,0,2592,495,2233,183,2361,311,mp_idb
test/images/1704282807-0012-R_T.jpg,1704282807-0012-R_T_crop_020.jpg,test,0.010317752,0,2,577,341,224,107,352,235,mp_idb
test/images/1704282807-0012-R_T.jpg,1704282807-0012-R_T_crop_021.jpg,test,0.010217306,0,1560,209,1944,40,1688,168,1816,mp_idb
test/images/1305121398-0016-S.jpg,1305121398-0016-S_crop_000.jpg,test,0.020924933,2215,0,2592,1372,2339,622,2467,750,mp_idb
test/images/1305121398-0016-S.jpg,1305121398-0016-S_crop_001.jpg,test,0.02061901,2246,586,2592,1944,2355,1201,2483,1329,mp_idb
test/images/1305121398-0016-S.jpg,1305121398-0016-S_crop_002.jpg,test,0.020537801,2223,329,2592,1944,2343,1072,2471,1200,mp_idb
test/images/1305121398-0016-S.jpg,1305121398-0016-S_crop_003.jpg,test,0.01581923,2018,1222,2591,1944,2240,1519,2368,1647,mp_idb
test/images/1305121398-0016-S.jpg,1305121398-0016-S_crop_004.jpg,test,0.015618893,2276,973,2592,1944,2370,1394,2498,1522,mp_idb
test/images/1305121398-0016-S.jpg,1305121398-0016-S_crop_005.jpg,test,0.012539665,0,5,240,348,56,112,184,240,mp_idb
test/images/1305121398-0016-S.jpg,1305121398-0016-S_crop_006.jpg,test,0.011109591,0,20,1110,741,491,316,619,444,mp_idb
test/images/1305121398-0016-S.jpg,1305121398-0016-S_crop_007.jpg,test,0.011043736,0,1329,892,1944,382,1572,510,1700,mp_idb
test/images/1305121398-0016-S.jpg,1305121398-0016-S_crop_008.jpg,test,0.011001605,0,1179,482,1944,177,1497,305,1625,mp_idb
test/images/1305121398-0016-S.jpg,1305121398-0016-S_crop_009.jpg,test,0.010957525,0,14,216,523,44,204,172,332,mp_idb
test/images/1305121398-0016-S.jpg,1305121398-0016-S_crop_010.jpg,test,0.010421515,2069,0,2592,1215,2266,543,2394,671,mp_idb
test/images/1305121398-0016-S.jpg,1305121398-0016-S_crop_011.jpg,test,0.010393512,0,1542,223,1944,47,1679,175,1807,mp_idb
test/images/1305121398-0016-S.jpg,1305121398-0016-S_crop_012.jpg,test,0.010345031,0,17,521,653,196,271,324,399,mp_idb
test/images/1305121398-0016-S.jpg,1305121398-0016-S_crop_013.jpg,test,0.010259675,1599,1223,2585,1944,2028,1519,2156,1647,mp_idb
test/images/1305121398-0016-S.jpg,1305121398-0016-S_crop_014.jpg,test,0.010250802,672,1101,2457,1944,1500,1458,1628,1586,mp_idb
test/images/1305121398-0016-S.jpg,1305121398-0016-S_crop_015.jpg,test,0.010190112,1121,1125,2592,1944,1792,1470,1920,1598,mp_idb
test/images/1305121398-0016-S.jpg,1305121398-0016-S_crop_016.jpg,test,0.010169442,258,1071,2213,1944,1171,1443,1299,1571,mp_idb
test/images/1305121398-0016-S.jpg,1305121398-0016-S_crop_017.jpg,test,0.010093784,126,1070,1631,1944,814,1443,942,1571,mp_idb
test/images/1305121398-0016-S.jpg,1305121398-0016-S_crop_018.jpg,test,0.010038276,0,1087,1172,1944,522,1451,650,1579,mp_idb
test/images/1405022890-0002-R.jpg,1405022890-0002-R_crop_000.jpg,test,0.021289602,2204,0,2592,1377,2334,624,2462,752,mp_idb
test/images/1405022890-0002-R.jpg,1405022890-0002-R_crop_001.jpg,test,0.020947853,2245,459,2592,1944,2354,1137,2482,1265,mp_idb
test/images/1405022890-0002-R.jpg,1405022890-0002-R_crop_002.jpg,test,0.019212907,2229,63,2592,1805,2346,870,2474,998,mp_idb
test/images/1405022890-0002-R.jpg,1405022890-0002-R_crop_003.jpg,test,0.01828712,2268,846,2592,1944,2366,1331,2494,1459,mp_idb
test/images/1405022890-0002-R.jpg,1405022890-0002-R_crop_004.jpg,test,0.015718708,2017,1225,2591,1944,2240,1520,2368,1648,mp_idb
test/images/1405022890-0002-R.jpg,1405022890-0002-R_crop_005.jpg,test,0.012453757,0,5,234,340,53,108,181,236,mp_idb
test/images/1405022890-0002-R.jpg,1405022890-0002-R_crop_006.jpg,test,0.011286009,0,21,1239,754,555,323,683,451,mp_idb
test/images/1405022890-0002-R.jpg,1405022890-0002-R_crop_007.jpg,test,0.0111874165,0,15,212,507,42,197,170,325,mp_idb
test/images/1405022890-0002-R.jpg,1405022890-0002-R_crop_008.jpg,test,0.011144734,0,1279,888,1944,380,1547,508,1675,mp_idb
test/images/1405022890-0002-R.jpg,1405022890-0002-R_crop_009.jpg,test,0.011049429,0,1204,496,1944,184,1510,312,1638,mp_idb
test/images/1405022890-0002-R.jpg,1405022890-0002-R_crop_010.jpg,test,0.010629965,0,20,546,674,209,283,337,411,mp_idb
test/images/1405022890-0002-R.jpg,1405022890-0002-R_crop_011.jpg,test,0.010531038,0,1554,222,1944,47,1685,175,1813,mp_idb
test/images/1405022890-0002-R.jpg,1405022890-0002-R_crop_012.jpg,test,0.010436918,2054,0,2592,1217,2259,544,2387,672,mp_idb
test/images/1405022890-0002-R.jpg,1405022890-0002-R_crop_013.jpg,test,0.0103167975,1553,1218,2585,1944,2005,1517,2133,1645,mp_idb
test/images/1405022890-0002-R.jpg,1405022890-0002-R_crop_014.jpg,test,0.010286908,228,1127,1921,1944,1010,1471,1138,1599,mp_idb
test/images/1405022890-0002-R.jpg,1405022890-0002-R_crop_015.jpg,test,0.010225889,421,1123,2407,1944,1350,1469,1478,1597,mp_idb
test/images/1405022890-0002-R.jpg,1405022890-0002-R_crop_016.jpg,test,0.010189651,57,1072,1573,1944,751,1444,879,1572,mp_idb
test/images/1405022890-0002-R.jpg,1405022890-0002-R_crop_017.jpg,test,0.010185356,0,1092,1167,1944,519,1454,647,1582,mp_idb
test/images/1405022890-0002-R.jpg,1405022890-0002-R_crop_018.jpg,test,0.010179483,1226,1196,2585,1944,1841,1506,1969,1634,mp_idb
test/images/1405022890-0002-R.jpg,1405022890-0002-R_crop_019.jpg,test,0.010154788,979,1118,2592,1944,1721,1467,1849,1595,mp_idb
test/images/1405022890-0002-R.jpg,1405022890-0002-R_crop_020.jpg,test,0.010145217,0,0,1215,1069,543,470,671,598,mp_idb
test/images/1405022890-0002-R.jpg,1405022890-0002-R_crop_021.jpg,test,0.0100241415,0,1481,211,1944,41,1648,169,1776,mp_idb
test/images/1305121398-0014-S.jpg,1305121398-0014-S_crop_000.jpg,test,0.021026881,2209,8,2592,1364,2336,622,2464,750,mp_idb
test/images/1305121398-0014-S.jpg,1305121398-0014-S_crop_001.jpg,test,0.020270618,2223,461,2592,1944,2343,1138,2471,1266,mp_idb
test/images/1305121398-0014-S.jpg,1305121398-0014-S_crop_002.jpg,test,0.018900128,2223,62,2592,1808,2343,871,2471,999,mp_idb
test/images/1305121398-0014-S.jpg,1305121398-0014-S_crop_003.jpg,test,0.017954309,2258,846,2592,1944,2361,1331,2489,1459,mp_idb
test/images/1305121398-0014-S.jpg,1305121398-0014-S_crop_004.jpg,test,0.015280432,2017,1221,2591,1944,2240,1518,2368,1646,mp_idb
test/images/1305121398-0014-S.jpg,1305121398-0014-S_crop_005.jpg,test,0.012497753,2192,1092,2591,1944,2327,1454,2455,1582,mp_idb
test/images/1305121398-0014-S.jpg,1305121398-0014-S_crop_006.jpg,test,0.012471352,0,5,242,351,57,114,185,242,mp_idb
test/images/1305121398-0014-S.jpg,1305121398-0014-S_crop_007.jpg,test,0.011296714,0,20,1092,753,482,322,610,450,mp_idb
test/images/1305121398-0014-S.jpg,1305121398-0014-S_crop_008.jpg,test,0.011113835,0,13,216,526,44,205,172,333,mp_idb
test/images/1305121398-0014-S.jpg,1305121398-0014-S_crop_009.jpg,test,0.011110842,0,1330,917,1944,394,1573,522,1701,mp_idb
test/images/1305121398-0014-S.jpg,1305121398-0014-S_crop_010.jpg,test,0.011009053,0,1240,477,1944,174,1528,302,1656,mp_idb
test/images/1305121398-0014-S.jpg,1305121398-0014-S_crop_011.jpg,test,0.010498087,0,17,547,653,209,271,337,399,mp_idb
test/images/1305121398-0014-S.jpg,1305121398-0014-S_crop_012.jpg,test,0.010485123,0,1554,222,1944,47,1685,175,1813,mp_idb
test/images/1305121398-0014-S.jpg,1305121398-0014-S_crop_013.jpg,test,0.010424225,1608,1227,2586,1944,2033,1521,2161,1649,mp_idb
test/images/1305121398-0014-S.jpg,1305121398-0014-S_crop_014.jpg,test,0.010197078,1011,1123,2592,1944,1737,1469,1865,1597,mp_idb
test/images/1305121398-0014-S.jpg,1305121398-0014-S_crop_015.jpg,test,0.010195081,1293,1203,2586,1944,1875,1509,2003,1637,mp_idb
test/images/1305121398-0014-S.jpg,1305121398-0014-S_crop_016.jpg,test,0.0101671135,584,1095,2440,1944,1448,1455,1576,1583,mp_idb
test/images/1305121398-0014-S.jpg,1305121398-0014-S_crop_017.jpg,test,0.010159612,0,1060,1175,1944,523,1438,651,1566,mp_idb
test/images/1305121398-0014-S.jpg,1305121398-0014-S_crop_018.jpg,test,0.010118589,164,1062,1947,1944,991,1439,1119,1567,mp_idb
test/images/1405022890-0006-R.jpg,1405022890-0006-R_crop_000.jpg,test,0.021872777,2227,460,2592,1944,2345,1138,2473,1266,mp_idb
test/images/1405022890-0006-R.jpg,1405022890-0006-R_crop_001.jpg,test,0.02082242,2252,715,2592,1944,2358,1265,2486,1393,mp_idb
test/images/1405022890-0006-R.jpg,1405022890-0006-R_crop_002.jpg,test,0.020761214,2197,12,2592,1368,2330,626,2458,754,mp_idb
test/images/1405022890-0006-R.jpg,1405022890-0006-R_crop_003.jpg,test,0.016681379,2279,974,2592,1944,2371,1395,2499,1523,mp_idb
test/images/1405022890-0006-R.jpg,1405022890-0006-R_crop_004.jpg,test,0.01638766,2018,1217,2591,1944,2240,1516,2368,1644,mp_idb
test/images/1405022890-0006-R.jpg,1405022890-0006-R_crop_005.jpg,test,0.01243685,0,5,239,341,55,109,183,237,mp_idb
test/images/1405022890-0006-R.jpg,1405022890-0006-R_crop_006.jpg,test,0.011266095,0,22,1230,760,551,327,679,455,mp_idb
test/images/1405022890-0006-R.jpg,1405022890-0006-R_crop_007.jpg,test,0.011248491,0,13,214,512,43,198,171,326,mp_idb
test/images/1405022890-0006-R.jpg,1405022890-0006-R_crop_008.jpg,test,0.011181199,0,1330,879,1944,375,1573,503,1701,mp_idb
test/images/1405022890-0006-R.jpg,1405022890-0006-R_crop_009.jpg,test,0.01114693,0,1227,472,1944,172,1521,300,1649,mp_idb
test/images/1405022890-0006-R.jpg,1405022890-0006-R_crop_010.jpg,test,0.010626816,0,18,545,671,208,280,336,408,mp_idb
test/images/1405022890-0006-R.jpg,1405022890-0006-R_crop_011.jpg,test,0.010503147,0,1556,224,1944,48,1686,176,1814,mp_idb
test/images/1405022890-0006-R.jpg,1405022890-0006-R_crop_012.jpg,test,0.010384373,213,1148,1774,1944,929,1482,1057,1610,mp_idb
test/images/1405022890-0006-R.jpg,1405022890-0006-R_crop_013.jpg,test,0.010379406,544,1131,2180,1944,1298,1473,1426,1601,mp_idb
test/images/1405022890-0006-R.jpg,1405022890-0006-R_crop_014.jpg,test,0.010361768,1655,1230,2585,1944,2056,1523,2184,1651,mp_idb
test/images/1405022890-0006-R.jpg,1405022890-0006-R_crop_015.jpg,test,0.010323947,0,1097,1161,1944,516,1456,644,1584,mp_idb
test/images/1405022890-0006-R.jpg,1405022890-0006-R_crop_016.jpg,test,0.010255076,0,0,1171,1048,521,460,649,588,mp_idb
test/images/1405022890-0006-R.jpg,1405022890-0006-R_crop_017.jpg,test,0.010248316,1098,1141,2562,1944,1766,1478,1894,1606,mp_idb
test/images/1405022890-0006-R.jpg,1405022890-0006-R_crop_018.jpg,test,0.0102473395,1350,1222,2584,1944,1903,1519,2031,1647,mp_idb
test/images/1405022890-0006-R.jpg,1405022890-0006-R_crop_019.jpg,test,0.010244637,2396,0,2582,1380,2425,626,2553,754,mp_idb
test/images/1701151546-0014-R.jpg,1701151546-0014-R_crop_000.jpg,test,0.018854024,2137,177,2592,1895,2300,972,2428,1100,mp_idb
test/images/1701151546-0014-R.jpg,1701151546-0014-R_crop_001.jpg,test,0.01850115,2134,18,2592,1339,2299,614,2427,742,mp_idb
test/images/1701151546-0014-R.jpg,1701151546-0014-R_crop_002.jpg,test,0.018365864,2198,461,2592,1944,2331,1138,2459,1266,mp_idb
test/images/1701151546-0014-R.jpg,1701151546-0014-R_crop_003.jpg,test,0.01658683,2238,845,2592,1944,2351,1330,2479,1458,mp_idb
test/images/1701151546-0014-R.jpg,1701151546-0014-R_crop_004.jpg,test,0.014140343,2118,1063,2591,1944,2290,1439,2418,1567,mp_idb
test/images/1701151546-0014-R.jpg,1701151546-0014-R_crop_005.jpg,test,0.0130958,1993,1193,2592,1944,2228,1504,2356,1632,mp_idb
test/images/1701151546-0014-R.jpg,1701151546-0014-R_crop_006.jpg,test,0.012767065,0,6,223,337,47,107,175,235,mp_idb
test/images/1701151546-0014-R.jpg,1701151546-0014-R_crop_007.jpg,test,0.011309733,0,1305,1043,1944,457,1560,585,1688,mp_idb
test/images/1701151546-0014-R.jpg,1701151546-0014-R_crop_008.jpg,test,0.01113926,0,19,209,461,40,176,168,304,mp_idb
test/images/1701151546-0014-R.jpg,1701151546-0014-R_crop_009.jpg,test,0.010982239,0,1356,512,1944,192,1586,320,1714,mp_idb
test/images/1701151546-0014-R.jpg,1701151546-0014-R_crop_010.jpg,test,0.010829998,0,23,1319,691,595,293,723,421,mp_idb
test/images/1701151546-0014-R.jpg,1701151546-0014-R_crop_011.jpg,test,0.0105033405,0,1087,1490,1944,681,1451,809,1579,mp_idb
test/images/1701151546-0014-R.jpg,1701151546-0014-R_crop_012.jpg,test,0.01044414,2394,0,2585,1330,2425,601,2553,729,mp_idb
test/images/1701151546-0014-R.jpg,1701151546-0014-R_crop_013.jpg,test,0.010439169,1449,1181,2589,1944,1955,1498,2083,1626,mp_idb
test/images/1701151546-0014-R.jpg,1701151546-0014-R_crop_014.jpg,test,0.010284875,0,1574,214,1944,43,1695,171,1823,mp_idb
test/images/1701151546-0014-R.jpg,1701151546-0014-R_crop_015.jpg,test,0.010261205,77,1091,1935,1944,942,1453,1070,1581,mp_idb
test/images/1701151546-0014-R.jpg,1701151546-0014-R_crop_016.jpg,test,0.01024808,0,33,515,657,193,281,321,409,mp_idb
test/images/1701151546-0014-R.jpg,1701151546-0014-R_crop_017.jpg,test,0.010236386,370,1086,2524,1944,1383,1451,1511,1579,mp_idb
test/images/1701151546-0014-R.jpg,1701151546-0014-R_crop_018.jpg,test,0.01021777,0,881,1368,1944,620,1348,748,1476,mp_idb
test/images/1701151546-0014-R.jpg,1701151546-0014-R_crop_019.jpg,test,0.010111103,1144,1173,2592,1944,1804,1494,1932,1622,mp_idb
test/images/1701151546-0014-R.jpg,1701151546-0014-R_crop_020.jpg,test,0.010098669,0,58,214,604,43,267,171,395,mp_idb
test/images/1701151546-0014-R.jpg,1701151546-0014-R_crop_021.jpg,test,0.010071182,0,18,1103,967,487,428,615,556,mp_idb
test/images/1701151546-0014-R.jpg,1701151546-0014-R_crop_022.jpg,test,0.010020243,1337,24,2582,1096,1895,496,2023,624,mp_idb
test/images/1704282807-0018-R.jpg,1704282807-0018-R_crop_000.jpg,test,0.012808468,0,6,225,334,48,106,176,234,mp_idb
test/images/1704282807-0018-R.jpg,1704282807-0018-R_crop_001.jpg,test,0.012144743,0,1579,462,1944,167,1697,295,1825,mp_idb
test/images/1704282807-0018-R.jpg,1704282807-0018-R_crop_002.jpg,test,0.01187499,0,1588,800,1944,336,1702,464,1830,mp_idb
test/images/1704282807-0018-R.jpg,1704282807-0018-R_crop_003.jpg,test,0.01142941,1972,0,2592,687,2218,279,2346,407,mp_idb
test/images/1704282807-0018-R.jpg,1704282807-0018-R_crop_004.jpg,test,0.011217348,1987,1552,2592,1944,2225,1684,2353,1812,mp_idb
test/images/1704282807-0018-R.jpg,1704282807-0018-R_crop_005.jpg,test,0.010970794,2047,0,2592,258,2255,65,2383,193,mp_idb
test/images/1704282807-0018-R.jpg,1704282807-0018-R_crop_006.jpg,test,0.0108750425,0,21,211,441,41,167,169,295,mp_idb
test/images/1704282807-0018-R.jpg,1704282807-0018-R_crop_007.jpg,test,0.0108569255,68,1511,1066,1944,503,1663,631,1791,mp_idb
test/images/1704282807-0018-R.jpg,1704282807-0018-R_crop_008.jpg,test,0.010803273,1732,1540,2592,1944,2098,1678,2226,1806,mp_idb
test/images/1704282807-0018-R.jpg,1704282807-0018-R_crop_009.jpg,test,0.010749331,438,1502,1450,1944,880,1659,1008,1787,mp_idb
test/images/1704282807-0018-R.jpg,1704282807-0018-R_crop_010.jpg,test,0.010737274,1347,1508,2355,1944,1787,1662,1915,1790,mp_idb
test/images/1704282807-0018-R.jpg,1704282807-0018-R_crop_011.jpg,test,0.010719683,959,1510,1960,1944,1395,1663,1523,1791,mp_idb
test/images/1704282807-0018-R.jpg,1704282807-0018-R_crop_012.jpg,test,0.0106859915,703,1508,1707,1944,1141,1662,1269,1790,mp_idb
test/images/1704282807-0018-R.jpg,1704282807-0018-R_crop_013.jpg,test,0.010660424,1987,258,2592,1026,2225,578,2353,706,mp_idb
test/images/1704282807-0018-R.jpg,1704282807-0018-R_crop_014.jpg,test,0.010643549,1979,504,2592,1290,2221,833,2349,961,mp_idb
test/images/1704282807-0018-R.jpg,1704282807-0018-R_crop_015.jpg,test,0.010624491,1973,760,2592,1564,2218,1098,2346,1226,mp_idb
test/images/1704282807-0018-R.jpg,1704282807-0018-R_crop_016.jpg,test,0.010596938,1968,1269,2592,1944,2216,1542,2344,1670,mp_idb
test/images/1704282807-0018-R.jpg,1704282807-0018-R_crop_017.jpg,test,0.010593814,1969,1004,2592,1829,2216,1352,2344,1480,mp_idb
test/images/1704282807-0018-R.jpg,1704282807-0018-R_crop_018.jpg,test,0.010583249,1988,99,2592,908,2226,439,2354,567,mp_idb
test/images/1704282807-0018-R.jpg,1704282807-0018-R_crop_019.jpg,test,0.010539116,2033,0,2592,507,2248,189,2376,317,mp_idb
test/images/1704282807-0018-R.jpg,1704282807-0018-R_crop_020.jpg,test,0.010233107,0,1569,209,1944,40,1692,168,1820,mp_idb
test/images/1704282807-0018-R.jpg,1704282807-0018-R_crop_021.jpg,test,0.010134286,0,2,562,330,217,102,345,230,mp_idb
test/images/1305121398-0005-T.jpg,1305121398-0005-T_crop_000.jpg,test,0.020750085,2247,587,2592,1944,2355,1201,2483,1329,mp_idb
test/images/1305121398-0005-T.jpg,1305121398-0005-T_crop_001.jpg,test,0.020463632,2201,17,2592,1364,2332,626,2460,754,mp_idb
test/images/1305121398-0005-T.jpg,1305121398-0005-T_crop_002.jpg,test,0.019299556,2224,194,2592,1912,2344,989,2472,1117,mp_idb
test/images/1305121398-0005-T.jpg,1305121398-0005-T_crop_003.jpg,test,0.015790014,2275,975,2592,1944,2369,1395,2497,1523,mp_idb
test/images/1305121398-0005-T.jpg,1305121398-0005-T_crop_004.jpg,test,0.015488364,2018,1227,2591,1944,2240,1521,2368,1649,mp_idb
test/images/1305121398-0005-T.jpg,1305121398-0005-T_crop_005.jpg,test,0.012380088,0,4,242,368,57,122,185,250,mp_idb
test/images/1305121398-0005-T.jpg,1305121398-0005-T_crop_006.jpg,test,0.011192191,0,21,1045,773,458,333,586,461,mp_idb
test/images/1305121398-0005-T.jpg,1305121398-0005-T_crop_007.jpg,test,0.0111112045,0,12,216,539,44,211,172,339,mp_idb
test/images/1305121398-0005-T.jpg,1305121398-0005-T_crop_008.jpg,test,0.011082163,0,1354,826,1944,349,1585,477,1713,mp_idb
test/images/1305121398-0005-T.jpg,1305121398-0005-T_crop_009.jpg,test,0.010961676,0,1223,477,1944,174,1519,302,1647,mp_idb
test/images/1305121398-0005-T.jpg,1305121398-0005-T_crop_010.jpg,test,0.010538947,0,26,1515,830,693,364,821,492,mp_idb
test/images/1305121398-0005-T.jpg,1305121398-0005-T_crop_011.jpg,test,0.010533643,0,16,568,650,220,269,348,397,mp_idb
test/images/1305121398-0005-T.jpg,1305121398-0005-T_crop_012.jpg,test,0.010428145,0,1547,225,1944,48,1681,176,1809,mp_idb
test/images/1305121398-0005-T.jpg,1305121398-0005-T_crop_013.jpg,test,0.010335315,1628,1223,2585,1944,2042,1519,2170,1647,mp_idb
test/images/1305121398-0005-T.jpg,1305121398-0005-T_crop_014.jpg,test,0.010289855,682,1091,2381,1944,1467,1453,1595,1581,mp_idb
test/images/1305121398-0005-T.jpg,1305121398-0005-T_crop_015.jpg,test,0.010197073,1108,1124,2587,1944,1783,1470,1911,1598,mp_idb
test/images/1305121398-0005-T.jpg,1305121398-0005-T_crop_016.jpg,test,0.01019573,362,1072,2125,1944,1179,1444,1307,1572,mp_idb
test/images/1305121398-0005-T.jpg,1305121398-0005-T_crop_017.jpg,test,0.010035765,0,1117,1141,1944,506,1466,634,1594,mp_idb
test/images/1305121398-0005-T.jpg,1305121398-0005-T_crop_018.jpg,test,0.010003313,139,1068,1611,1944,811,1442,939,1570,mp_idb
test/images/1409191647-0003-R.jpg,1409191647-0003-R_crop_000.jpg,test,0.01286901,0,7,227,329,49,104,177,232,mp_idb
test/images/1409191647-0003-R.jpg,1409191647-0003-R_crop_001.jpg,test,0.012016314,0,1513,447,1944,159,1664,287,1792,mp_idb
test/images/1409191647-0003-R.jpg,1409191647-0003-R_crop_002.jpg,test,0.011760406,0,1572,794,1944,333,1694,461,1822,mp_idb
test/images/1409191647-0003-R.jpg,1409191647-0003-R_crop_003.jpg,test,0.011512929,1974,0,2592,659,2219,265,2347,393,mp_idb
test/images/1409191647-0003-R.jpg,1409191647-0003-R_crop_004.jpg,test,0.011240697,1972,1550,2592,1944,2218,1683,2346,1811,mp_idb
test/images/1409191647-0003-R.jpg,1409191647-0003-R_crop_005.jpg,test,0.010910546,0,21,212,455,42,174,170,302,mp_idb
test/images/1409191647-0003-R.jpg,1409191647-0003-R_crop_006.jpg,test,0.010890898,947,1496,1968,1944,1393,1656,1521,1784,mp_idb
test/images/1409191647-0003-R.jpg,1409191647-0003-R_crop_007.jpg,test,0.010870257,64,1503,1060,1944,498,1659,626,1787,mp_idb
test/images/1409191647-0003-R.jpg,1409191647-0003-R_crop_008.jpg,test,0.010857965,1207,1494,2224,1944,1651,1655,1779,1783,mp_idb
test/images/1409191647-0003-R.jpg,1409191647-0003-R_crop_009.jpg,test,0.010853751,1725,1532,2592,1944,2094,1674,2222,1802,mp_idb
test/images/1409191647-0003-R.jpg,1409191647-0003-R_crop_010.jpg,test,0.010848423,563,1491,1583,1944,1009,1653,1137,1781,mp_idb
test/images/1409191647-0003-R.jpg,1409191647-0003-R_crop_011.jpg,test,0.010793535,304,1494,1321,1944,748,1655,876,1783,mp_idb
test/images/1409191647-0003-R.jpg,1409191647-0003-R_crop_012.jpg,test,0.01079104,1466,1498,2480,1944,1909,1657,2037,1785,mp_idb
test/images/1409191647-0003-R.jpg,1409191647-0003-R_crop_013.jpg,test,0.01073493,1979,1390,2592,1944,2221,1603,2349,1731,mp_idb
test/images/1409191647-0003-R.jpg,1409191647-0003-R_crop_014.jpg,test,0.010724453,2046,0,2592,249,2255,60,2383,188,mp_idb
test/images/1409191647-0003-R.jpg,1409191647-0003-R_crop_015.jpg,test,0.010579984,1967,1270,2592,1944,2215,1543,2343,1671,mp_idb
test/images/1409191647-0003-R.jpg,1409191647-0003-R_crop_016.jpg,test,0.0105603,1981,245,2592,1033,2222,575,2350,703,mp_idb
test/images/1409191647-0003-R.jpg,1409191647-0003-R_crop_017.jpg,test,0.010552112,1977,754,2592,1547,2220,1086,2348,1214,mp_idb
test/images/1409191647-0003-R.jpg,1409191647-0003-R_crop_018.jpg,test,0.0105403345,1980,498,2592,1280,2222,825,2350,953,mp_idb
test/images/1409191647-0003-R.jpg,1409191647-0003-R_crop_019.jpg,test,0.010524934,1977,1010,2592,1806,2220,1344,2348,1472,mp_idb
test/images/1409191647-0003-R.jpg,1409191647-0003-R_crop_020.jpg,test,0.010245826,2036,0,2592,486,2250,179,2378,307,mp_idb
test/images/1409191647-0003-R.jpg,1409191647-0003-R_crop_021.jpg,test,0.010203848,0,1562,208,1944,40,1689,168,1817,mp_idb
test/images/1409191647-0003-R.jpg,1409191647-0003-R_crop_022.jpg,test,0.01018044,0,3,553,335,212,105,340,233,mp_idb
test/images/1305121398-0020-S.jpg,1305121398-0020-S_crop_000.jpg,test,0.021573842,2216,0,2592,1370,2340,621,2468,749,mp_idb
test/images/1305121398-0020-S.jpg,1305121398-0020-S_crop_001.jpg,test,0.020701675,2249,587,2592,1944,2356,1201,2484,1329,mp_idb
test/images/1305121398-0020-S.jpg,1305121398-0020-S_crop_002.jpg,test,0.019533854,2229,195,2592,1910,2346,988,2474,1116,mp_idb
test/images/1305121398-0020-S.jpg,1305121398-0020-S_crop_003.jpg,test,0.01583462,2273,975,2592,1944,2368,1395,2496,1523,mp_idb
test/images/1305121398-0020-S.jpg,1305121398-0020-S_crop_004.jpg,test,0.015482897,2019,1217,2591,1944,2241,1516,2369,1644,mp_idb
test/images/1305121398-0020-S.jpg,1305121398-0020-S_crop_005.jpg,test,0.012464007,0,5,233,336,52,106,180,234,mp_idb
test/images/1305121398-0020-S.jpg,1305121398-0020-S_crop_006.jpg,test,0.011148855,0,1305,907,1944,389,1560,517,1688,mp_idb
test/images/1305121398-0020-S.jpg,1305121398-0020-S_crop_007.jpg,test,0.011097271,0,1158,474,1944,173,1487,301,1615,mp_idb
test/images/1305121398-0020-S.jpg,1305121398-0020-S_crop_008.jpg,test,0.011073846,0,21,1219,757,545,325,673,453,mp_idb
test/images/1305121398-0020-S.jpg,1305121398-0020-S_crop_009.jpg,test,0.011041528,0,14,213,502,42,194,170,322,mp_idb
test/images/1305121398-0020-S.jpg,1305121398-0020-S_crop_010.jpg,test,0.01051986,0,1555,222,1944,47,1685,175,1813,mp_idb
test/images/1305121398-0020-S.jpg,1305121398-0020-S_crop_011.jpg,test,0.01038602,1599,1224,2586,1944,2028,1520,2156,1648,mp_idb
test/images/1305121398-0020-S.jpg,1305121398-0020-S_crop_012.jpg,test,0.010371554,0,18,519,656,195,273,323,401,mp_idb
test/images/1305121398-0020-S.jpg,1305121398-0020-S_crop_013.jpg,test,0.01026198,652,1107,2412,1944,1468,1461,1596,1589,mp_idb
test/images/1305121398-0020-S.jpg,1305121398-0020-S_crop_014.jpg,test,0.010229997,1119,1126,2592,1944,1791,1471,1919,1599,mp_idb
test/images/1305121398-0020-S.jpg,1305121398-0020-S_crop_015.jpg,test,0.010222082,232,1101,2025,1944,1064,1458,1192,1586,mp_idb
test/images/1305121398-0020-S.jpg,1305121398-0020-S_crop_016.jpg,test,0.010184064,0,1094,1210,1944,541,1455,669,1583,mp_idb
test/images/1305121398-0020-S.jpg,1305121398-0020-S_crop_017.jpg,test,0.010182838,0,2,1194,1103,533,488,661,616,mp_idb
test/images/1305121398-0020-S.jpg,1305121398-0020-S_crop_018.jpg,test,0.010099597,2064,0,2592,1218,2264,545,2392,673,mp_idb
test/images/1305121398-0020-S.jpg,1305121398-0020-S_crop_019.jpg,test,0.010074681,57,1083,1531,1944,730,1449,858,1577,mp_idb
test/images/1307210661-0009-R.jpg,1307210661-0009-R_crop_000.jpg,test,0.021931842,2237,460,2592,1944,2350,1138,2478,1266,mp_idb
test/images/1307210661-0009-R.jpg,1307210661-0009-R_crop_001.jpg,test,0.02079134,2194,10,2592,1368,2329,625,2457,753,mp_idb
test/images/1307210661-0009-R.jpg,1307210661-0009-R_crop_002.jpg,test,0.019148637,2213,62,2592,1801,2338,867,2466,995,mp_idb
test/images/1307210661-0009-R.jpg,1307210661-0009-R_crop_003.jpg,test,0.018876437,2266,845,2592,1944,2365,1330,2493,1458,mp_idb
test/images/1307210661-0009-R.jpg,1307210661-0009-R_crop_004.jpg,test,0.016062032,2017,1225,2591,1944,2240,1520,2368,1648,mp_idb
test/images/1307210661-0009-R.jpg,1307210661-0009-R_crop_005.jpg,test,0.013230633,2212,1093,2591,1944,2337,1454,2465,1582,mp_idb
test/images/1307210661-0009-R.jpg,1307210661-0009-R_crop_006.jpg,test,0.012448961,0,4,233,346,52,111,180,239,mp_idb
test/images/1307210661-0009-R.jpg,1307210661-0009-R_crop_007.jpg,test,0.011213832,0,13,212,526,42,205,170,333,mp_idb
test/images/1307210661-0009-R.jpg,1307210661-0009-R_crop_008.jpg,test,0.011115155,0,21,1135,747,503,320,631,448,mp_idb
test/images/1307210661-0009-R.jpg,1307210661-0009-R_crop_009.jpg,test,0.011087767,0,1140,440,1944,156,1478,284,1606,mp_idb
test/images/1307210661-0009-R.jpg,1307210661-0009-R_crop_010.jpg,test,0.011025565,0,1325,911,1944,391,1570,519,1698,mp_idb
test/images/1307210661-0009-R.jpg,1307210661-0009-R_crop_011.jpg,test,0.010609434,0,18,518,670,195,280,323,408,mp_idb
test/images/1307210661-0009-R.jpg,1307210661-0009-R_crop_012.jpg,test,0.010432235,1590,1223,2585,1944,2023,1519,2151,1647,mp_idb
test/images/1307210661-0009-R.jpg,1307210661-0009-R_crop_013.jpg,test,0.010388456,246,1113,1720,1944,919,1464,1047,1592,mp_idb
test/images/1307210661-0009-R.jpg,1307210661-0009-R_crop_014.jpg,test,0.010359335,0,1561,217,1944,44,1688,172,1816,mp_idb
test/images/1307210661-0009-R.jpg,1307210661-0009-R_crop_015.jpg,test,0.010342736,646,1104,2434,1944,1476,1460,1604,1588,mp_idb
test/images/1307210661-0009-R.jpg,1307210661-0009-R_crop_016.jpg,test,0.010320674,1276,1194,2585,1944,1866,1505,1994,1633,mp_idb
test/images/1307210661-0009-R.jpg,1307210661-0009-R_crop_017.jpg,test,0.010303091,1026,1108,2592,1944,1745,1462,1873,1590,mp_idb
test/images/1307210661-0009-R.jpg,1307210661-0009-R_crop_018.jpg,test,0.010251886,0,1116,1151,1944,511,1466,639,1594,mp_idb
test/images/1307210661-0009-R.jpg,1307210661-0009-R_crop_019.jpg,test,0.010201834,0,1,1141,1093,506,483,634,611,mp_idb
test/images/1307210661-0009-R.jpg,1307210661-0009-R_crop_020.jpg,test,0.010117152,2054,0,2592,1212,2259,542,2387,670,mp_idb
test/images/1305121398-0006-R.jpg,1305121398-0006-R_crop_000.jpg,test,0.0210718,2218,0,2592,1374,2341,623,2469,751,mp_idb
test/images/1305121398-0006-R.jpg,1305121398-0006-R_crop_001.jpg,test,0.019728938,2234,461,2592,1944,2349,1138,2477,1266,mp_idb
test/images/1305121398-0006-R.jpg,1305121398-0006-R_crop_002.jpg,test,0.017694546,2263,846,2592,1944,2363,1331,2491,1459,mp_idb
test/images/1305121398-0006-R.jpg,1305121398-0006-R_crop_003.jpg,test,0.0150343515,2016,1226,2591,1944,2239,1521,2367,1649,mp_idb
test/images/1305121398-0006-R.jpg,1305121398-0006-R_crop_004.jpg,test,0.012553405,0,5,232,356,52,116,180,244,mp_idb
test/images/1305121398-0006-R.jpg,1305121398-0006-R_crop_005.jpg,test,0.012471975,2199,1093,2591,1944,2331,1454,2459,1582,mp_idb
test/images/1305121398-0006-R.jpg,1305121398-0006-R_crop_006.jpg,test,0.011390105,0,20,1054,746,463,319,591,447,mp_idb
test/images/1305121398-0006-R.jpg,1305121398-0006-R_crop_007.jpg,test,0.011042622,0,1216,467,1944,169,1516,297,1644,mp_idb
test/images/1305121398-0006-R.jpg,1305121398-0006-R_crop_008.jpg,test,0.011007158,0,16,213,533,42,210,170,338,mp_idb
test/images/1305121398-0006-R.jpg,1305121398-0006-R_crop_009.jpg,test,0.010975979,0,1343,902,1944,387,1579,515,1707,mp_idb
test/images/1305121398-0006-R.jpg,1305121398-0006-R_crop_010.jpg,test,0.010697689,2082,0,2592,1216,2273,544,2401,672,mp_idb
test/images/1305121398-0006-R.jpg,1305121398-0006-R_crop_011.jpg,test,0.010686496,0,17,523,657,197,273,325,401,mp_idb
test/images/1305121398-0006-R.jpg,1305121398-0006-R_crop_012.jpg,test,0.01053088,0,1547,225,1944,48,1681,176,1809,mp_idb
test/images/1305121398-0006-R.jpg,1305121398-0006-R_crop_013.jpg,test,0.010349019,1605,1230,2586,1944,2031,1523,2159,1651,mp_idb
test/images/1305121398-0006-R.jpg,1305121398-0006-R_crop_014.jpg,test,0.0102587305,760,1104,2370,1944,1501,1460,1629,1588,mp_idb
test/images/1305121398-0006-R.jpg,1305121398-0006-R_crop_015.jpg,test,0.010241345,1138,1124,2592,1944,1801,1470,1929,1598,mp_idb
test/images/1305121398-0006-R.jpg,1305121398-0006-R_crop_016.jpg,test,0.0101872645,363,1070,2106,1944,1170,1443,1298,1571,mp_idb
test/images/1305121398-0006-R.jpg,1305121398-0006-R_crop_017.jpg,test,0.010111761,1511,21,2585,1421,1984,657,2112,785,mp_idb
test/images/1305121398-0006-R.jpg,1305121398-0006-R_crop_018.jpg,test,0.010018432,131,1052,1586,1944,794,1434,922,1562,mp_idb
test/images/1704282807-0004-R_T.jpg,1704282807-0004-R_T_crop_000.jpg,test,0.012968842,0,5,222,337,47,107,175,235,mp_idb
test/images/1704282807-0004-R_T.jpg,1704282807-0004-R_T_crop_001.jpg,test,0.011987218,0,1606,437,1944,154,1711,282,1839,mp_idb
test/images/1704282807-0004-R_T.jpg,1704282807-0004-R_T_crop_002.jpg,test,0.011657631,0,1601,806,1944,339,1708,467,1836,mp_idb
test/images/1704282807-0004-R_T.jpg,1704282807-0004-R_T_crop_003.jpg,test,0.011570544,0,22,209,449,40,171,168,299,mp_idb
test/images/1704282807-0004-R_T.jpg,1704282807-0004-R_T_crop_004.jpg,test,0.011381303,1937,0,2592,786,2200,329,2328,457,mp_idb
test/images/1704282807-0004-R_T.jpg,1704282807-0004-R_T_crop_005.jpg,test,0.0112449955,1993,1550,2592,1944,2228,1683,2356,1811,mp_idb
test/images/1704282807-0004-R_T.jpg,1704282807-0004-R_T_crop_006.jpg,test,0.010964493,65,1496,1079,1944,508,1656,636,1784,mp_idb
test/images/1704282807-0004-R_T.jpg,1704282807-0004-R_T_crop_007.jpg,test,0.010947814,1215,1476,2235,1944,1661,1646,1789,1774,mp_idb
test/images/1704282807-0004-R_T.jpg,1704282807-0004-R_T_crop_008.jpg,test,0.010921957,959,1480,1969,1944,1400,1648,1528,1776,mp_idb
test/images/1704282807-0004-R_T.jpg,1704282807-0004-R_T_crop_009.jpg,test,0.010919289,2001,0,2592,253,2232,62,2360,190,mp_idb
test/images/1704282807-0004-R_T.jpg,1704282807-0004-R_T_crop_010.jpg,test,0.010894016,1476,1481,2496,1944,1922,1648,2050,1776,mp_idb
test/images/1704282807-0004-R_T.jpg,1704282807-0004-R_T_crop_011.jpg,test,0.010886738,1738,1514,2592,1944,2101,1665,2229,1793,mp_idb
test/images/1704282807-0004-R_T.jpg,1704282807-0004-R_T_crop_012.jpg,test,0.0108698625,574,1472,1600,1944,1023,1644,1151,1772,mp_idb
test/images/1704282807-0004-R_T.jpg,1704282807-0004-R_T_crop_013.jpg,test,0.010804124,312,1474,1347,1944,765,1645,893,1773,mp_idb
test/images/1704282807-0004-R_T.jpg,1704282807-0004-R_T_crop_014.jpg,test,0.010742985,1963,231,2592,1098,2213,600,2341,728,mp_idb
test/images/1704282807-0004-R_T.jpg,1704282807-0004-R_T_crop_015.jpg,test,0.010712026,1971,481,2592,1359,2217,856,2345,984,mp_idb
test/images/1704282807-0004-R_T.jpg,1704282807-0004-R_T_crop_016.jpg,test,0.010691342,1961,1258,2592,1944,2212,1537,2340,1665,mp_idb
test/images/1704282807-0004-R_T.jpg,1704282807-0004-R_T_crop_017.jpg,test,0.0106663,1967,997,2592,1859,2215,1364,2343,1492,mp_idb
test/images/1704282807-0004-R_T.jpg,1704282807-0004-R_T_crop_018.jpg,test,0.010648863,1968,752,2592,1616,2216,1120,2344,1248,mp_idb
test/images/1704282807-0004-R_T.jpg,1704282807-0004-R_T_crop_019.jpg,test,0.010432191,0,2,622,334,247,104,375,232,mp_idb
test/images/1704282807-0004-R_T.jpg,1704282807-0004-R_T_crop_020.jpg,test,0.0104069635,0,85,213,580,42,268,170,396,mp_idb
test/images/1704282807-0004-R_T.jpg,1704282807-0004-R_T_crop_021.jpg,test,0.010087659,0,1571,205,1944,38,1693,166,1821,mp_idb
test/images/1704282807-0004-R_T.jpg,1704282807-0004-R_T_crop_022.jpg,test,0.010035315,1221,0,2528,400,1810,136,1938,264,mp_idb
