epoch,train_loss,train_acc,val_loss,val_acc
1,0.804027,76.46,6.320870,95.91
2,0.479047,87.30,37.291851,95.91
3,0.337078,90.72,5.244912,95.91
