{
  "iou_0.3": {
    "iou_threshold": 0.3,
    "map50": 0.9704513888888888,
    "map50_95": 0.9704513888888888,
    "precision": 0.9619633804235275,
    "recall": 0.936762401920574,
    "confidence_threshold": 0.25
  },
  "iou_0.5": {
    "iou_threshold": 0.5,
    "map50": 0.9704513888888888,
    "map50_95": 0.9704513888888888,
    "precision": 0.9619633804235275,
    "recall": 0.936762401920574,
    "confidence_threshold": 0.25
  },
  "iou_0.7": {
    "iou_threshold": 0.7,
    "map50": 0.9704513888888888,
    "map50_95": 0.9704513888888888,
    "precision": 0.9619633804235275,
    "recall": 0.936762401920574,
    "confidence_threshold": 0.25
  }
}