original_image,crop_filename,split,class_id,class_name,bbox_x1,bbox_y1,bbox_x2,bbox_y2,source
train\images\1305121398-0001-R_S.jpg,1305121398-0001-R_S_crop_000.png,train,0,ring,917,886,992,952,ground_truth
train\images\1305121398-0001-R_S.jpg,1305121398-0001-R_S_crop_001.png,train,0,ring,1245,1496,1350,1608,ground_truth
train\images\1305121398-0001-R_S.jpg,1305121398-0001-R_S_crop_002.png,train,0,ring,1717,309,1786,392,ground_truth
train\images\1305121398-0005-T.jpg,1305121398-0005-T_crop_000.png,train,0,ring,1223,1055,1330,1146,ground_truth
train\images\1305121398-0006-R.jpg,1305121398-0006-R_crop_000.png,train,0,ring,1122,1013,1210,1096,ground_truth
train\images\1305121398-0007-R.jpg,1305121398-0007-R_crop_000.png,train,0,ring,1325,1497,1412,1581,ground_truth
train\images\1305121398-0008-R.jpg,1305121398-0008-R_crop_000.png,train,0,ring,1288,1150,1384,1247,ground_truth
train\images\1305121398-0013-S.jpg,1305121398-0013-S_crop_000.png,train,0,ring,1111,1145,1217,1259,ground_truth
train\images\1305121398-0015-S.jpg,1305121398-0015-S_crop_000.png,train,0,ring,837,1076,970,1200,ground_truth
train\images\1305121398-0019-R.jpg,1305121398-0019-R_crop_000.png,train,0,ring,1087,969,1251,1122,ground_truth
train\images\1305121398-0021-S.jpg,1305121398-0021-S_crop_000.png,train,0,ring,1065,1034,1210,1206,ground_truth
train\images\1305121398-0022-S.jpg,1305121398-0022-S_crop_000.png,train,0,ring,1110,936,1213,1052,ground_truth
train\images\1307210661-0001-R.jpg,1307210661-0001-R_crop_000.png,train,0,ring,19,1237,67,1291,ground_truth
train\images\1307210661-0001-R.jpg,1307210661-0001-R_crop_001.png,train,0,ring,168,1430,210,1474,ground_truth
train\images\1307210661-0001-R.jpg,1307210661-0001-R_crop_002.png,train,0,ring,205,1435,265,1494,ground_truth
train\images\1307210661-0001-R.jpg,1307210661-0001-R_crop_003.png,train,0,ring,280,1765,353,1833,ground_truth
train\images\1307210661-0001-R.jpg,1307210661-0001-R_crop_004.png,train,0,ring,313,1482,380,1542,ground_truth
train\images\1307210661-0001-R.jpg,1307210661-0001-R_crop_005.png,train,0,ring,388,1748,444,1802,ground_truth
train\images\1307210661-0001-R.jpg,1307210661-0001-R_crop_006.png,train,0,ring,473,1520,536,1576,ground_truth
train\images\1307210661-0001-R.jpg,1307210661-0001-R_crop_007.png,train,0,ring,480,1161,555,1232,ground_truth
train\images\1307210661-0001-R.jpg,1307210661-0001-R_crop_008.png,train,0,ring,748,1239,816,1304,ground_truth
train\images\1307210661-0001-R.jpg,1307210661-0001-R_crop_009.png,train,0,ring,807,1482,858,1556,ground_truth
train\images\1307210661-0001-R.jpg,1307210661-0001-R_crop_010.png,train,0,ring,813,597,858,659,ground_truth
train\images\1307210661-0001-R.jpg,1307210661-0001-R_crop_011.png,train,0,ring,806,1714,871,1770,ground_truth
train\images\1307210661-0001-R.jpg,1307210661-0001-R_crop_012.png,train,0,ring,862,763,930,823,ground_truth
train\images\1307210661-0001-R.jpg,1307210661-0001-R_crop_013.png,train,0,ring,892,1251,958,1313,ground_truth
train\images\1307210661-0001-R.jpg,1307210661-0001-R_crop_014.png,train,0,ring,925,576,990,632,ground_truth
train\images\1307210661-0001-R.jpg,1307210661-0001-R_crop_015.png,train,0,ring,1018,1381,1077,1433,ground_truth
train\images\1307210661-0001-R.jpg,1307210661-0001-R_crop_016.png,train,0,ring,1034,1215,1089,1281,ground_truth
train\images\1307210661-0001-R.jpg,1307210661-0001-R_crop_017.png,train,0,ring,1109,1086,1172,1142,ground_truth
train\images\1307210661-0001-R.jpg,1307210661-0001-R_crop_018.png,train,0,ring,1267,1183,1330,1251,ground_truth
train\images\1307210661-0001-R.jpg,1307210661-0001-R_crop_019.png,train,0,ring,1368,743,1444,796,ground_truth
train\images\1307210661-0001-R.jpg,1307210661-0001-R_crop_020.png,train,0,ring,1577,362,1642,421,ground_truth
train\images\1307210661-0001-R.jpg,1307210661-0001-R_crop_021.png,train,0,ring,1706,1601,1769,1656,ground_truth
train\images\1307210661-0001-R.jpg,1307210661-0001-R_crop_022.png,train,0,ring,1732,986,1784,1041,ground_truth
train\images\1307210661-0001-R.jpg,1307210661-0001-R_crop_023.png,train,0,ring,1754,1224,1809,1282,ground_truth
train\images\1307210661-0001-R.jpg,1307210661-0001-R_crop_024.png,train,0,ring,1870,1125,1927,1195,ground_truth
train\images\1307210661-0001-R.jpg,1307210661-0001-R_crop_025.png,train,0,ring,1868,1445,1935,1519,ground_truth
train\images\1307210661-0001-R.jpg,1307210661-0001-R_crop_026.png,train,0,ring,1937,932,2010,989,ground_truth
train\images\1307210661-0001-R.jpg,1307210661-0001-R_crop_027.png,train,0,ring,1951,57,2028,111,ground_truth
train\images\1307210661-0001-R.jpg,1307210661-0001-R_crop_028.png,train,0,ring,2073,1460,2149,1529,ground_truth
train\images\1307210661-0001-R.jpg,1307210661-0001-R_crop_029.png,train,0,ring,2112,1773,2174,1839,ground_truth
train\images\1307210661-0001-R.jpg,1307210661-0001-R_crop_030.png,train,0,ring,2121,619,2178,672,ground_truth
train\images\1307210661-0002-R.jpg,1307210661-0002-R_crop_000.png,train,0,ring,188,26,272,106,ground_truth
train\images\1307210661-0002-R.jpg,1307210661-0002-R_crop_001.png,train,0,ring,416,1614,493,1663,ground_truth
train\images\1307210661-0002-R.jpg,1307210661-0002-R_crop_002.png,train,0,ring,466,1315,518,1368,ground_truth
train\images\1307210661-0002-R.jpg,1307210661-0002-R_crop_003.png,train,0,ring,529,877,603,947,ground_truth
train\images\1307210661-0002-R.jpg,1307210661-0002-R_crop_004.png,train,0,ring,751,679,806,724,ground_truth
train\images\1307210661-0002-R.jpg,1307210661-0002-R_crop_005.png,train,0,ring,828,999,908,1042,ground_truth
train\images\1307210661-0002-R.jpg,1307210661-0002-R_crop_006.png,train,0,ring,922,402,964,480,ground_truth
train\images\1307210661-0002-R.jpg,1307210661-0002-R_crop_007.png,train,0,ring,908,1718,979,1757,ground_truth
train\images\1307210661-0002-R.jpg,1307210661-0002-R_crop_008.png,train,0,ring,955,679,1020,738,ground_truth
train\images\1307210661-0002-R.jpg,1307210661-0002-R_crop_009.png,train,0,ring,1182,331,1233,393,ground_truth
train\images\1307210661-0002-R.jpg,1307210661-0002-R_crop_010.png,train,0,ring,1187,1762,1238,1816,ground_truth
train\images\1307210661-0002-R.jpg,1307210661-0002-R_crop_011.png,train,0,ring,1195,900,1259,974,ground_truth
train\images\1307210661-0002-R.jpg,1307210661-0002-R_crop_012.png,train,0,ring,1297,1200,1370,1259,ground_truth
train\images\1307210661-0002-R.jpg,1307210661-0002-R_crop_013.png,train,0,ring,1344,111,1423,185,ground_truth
train\images\1307210661-0002-R.jpg,1307210661-0002-R_crop_014.png,train,0,ring,1581,1646,1641,1698,ground_truth
train\images\1307210661-0002-R.jpg,1307210661-0002-R_crop_015.png,train,0,ring,1595,1324,1644,1378,ground_truth
train\images\1307210661-0002-R.jpg,1307210661-0002-R_crop_016.png,train,0,ring,1592,1385,1668,1446,ground_truth
train\images\1307210661-0002-R.jpg,1307210661-0002-R_crop_017.png,train,0,ring,1610,277,1685,337,ground_truth
train\images\1307210661-0002-R.jpg,1307210661-0002-R_crop_018.png,train,0,ring,1758,972,1828,1034,ground_truth
train\images\1307210661-0002-R.jpg,1307210661-0002-R_crop_019.png,train,0,ring,1827,136,1902,199,ground_truth
train\images\1307210661-0002-R.jpg,1307210661-0002-R_crop_020.png,train,0,ring,2030,1723,2094,1787,ground_truth
train\images\1307210661-0002-R.jpg,1307210661-0002-R_crop_021.png,train,0,ring,2281,1666,2346,1716,ground_truth
train\images\1307210661-0002-R.jpg,1307210661-0002-R_crop_022.png,train,0,ring,2356,845,2423,900,ground_truth
train\images\1307210661-0002-R.jpg,1307210661-0002-R_crop_023.png,train,0,ring,2479,987,2534,1041,ground_truth
train\images\1307210661-0002-R.jpg,1307210661-0002-R_crop_024.png,train,0,ring,2507,959,2569,1007,ground_truth
train\images\1307210661-0003-R.jpg,1307210661-0003-R_crop_000.png,train,0,ring,101,46,185,106,ground_truth
train\images\1307210661-0003-R.jpg,1307210661-0003-R_crop_001.png,train,0,ring,292,762,371,829,ground_truth
train\images\1307210661-0003-R.jpg,1307210661-0003-R_crop_002.png,train,0,ring,417,189,490,270,ground_truth
train\images\1307210661-0003-R.jpg,1307210661-0003-R_crop_003.png,train,0,ring,459,1254,527,1324,ground_truth
train\images\1307210661-0003-R.jpg,1307210661-0003-R_crop_004.png,train,0,ring,553,1197,609,1267,ground_truth
train\images\1307210661-0003-R.jpg,1307210661-0003-R_crop_005.png,train,0,ring,676,798,741,867,ground_truth
train\images\1307210661-0003-R.jpg,1307210661-0003-R_crop_006.png,train,0,ring,704,1715,765,1776,ground_truth
train\images\1307210661-0003-R.jpg,1307210661-0003-R_crop_007.png,train,0,ring,762,790,839,851,ground_truth
train\images\1307210661-0003-R.jpg,1307210661-0003-R_crop_008.png,train,0,ring,775,1447,832,1511,ground_truth
train\images\1307210661-0003-R.jpg,1307210661-0003-R_crop_009.png,train,0,ring,776,1050,860,1107,ground_truth
train\images\1307210661-0003-R.jpg,1307210661-0003-R_crop_010.png,train,0,ring,834,748,908,821,ground_truth
train\images\1307210661-0003-R.jpg,1307210661-0003-R_crop_011.png,train,0,ring,1004,1333,1065,1408,ground_truth
train\images\1307210661-0003-R.jpg,1307210661-0003-R_crop_012.png,train,0,ring,1212,1222,1287,1276,ground_truth
train\images\1307210661-0003-R.jpg,1307210661-0003-R_crop_013.png,train,0,ring,1215,1713,1308,1777,ground_truth
train\images\1307210661-0003-R.jpg,1307210661-0003-R_crop_014.png,train,0,ring,1284,540,1352,605,ground_truth
train\images\1307210661-0003-R.jpg,1307210661-0003-R_crop_015.png,train,0,ring,1322,1232,1379,1297,ground_truth
train\images\1307210661-0003-R.jpg,1307210661-0003-R_crop_016.png,train,0,ring,1420,992,1505,1065,ground_truth
train\images\1307210661-0003-R.jpg,1307210661-0003-R_crop_017.png,train,0,ring,1530,1282,1602,1361,ground_truth
train\images\1307210661-0003-R.jpg,1307210661-0003-R_crop_018.png,train,0,ring,1581,828,1632,902,ground_truth
train\images\1307210661-0003-R.jpg,1307210661-0003-R_crop_019.png,train,0,ring,1669,160,1736,230,ground_truth
train\images\1307210661-0003-R.jpg,1307210661-0003-R_crop_020.png,train,0,ring,1742,1096,1804,1170,ground_truth
train\images\1307210661-0003-R.jpg,1307210661-0003-R_crop_021.png,train,0,ring,2010,1167,2077,1226,ground_truth
train\images\1307210661-0003-R.jpg,1307210661-0003-R_crop_022.png,train,0,ring,2158,617,2231,711,ground_truth
train\images\1307210661-0003-R.jpg,1307210661-0003-R_crop_023.png,train,0,ring,2188,173,2260,249,ground_truth
train\images\1307210661-0003-R.jpg,1307210661-0003-R_crop_024.png,train,0,ring,2245,1278,2300,1366,ground_truth
train\images\1307210661-0003-R.jpg,1307210661-0003-R_crop_025.png,train,0,ring,2245,1093,2298,1148,ground_truth
train\images\1307210661-0003-R.jpg,1307210661-0003-R_crop_026.png,train,0,ring,2275,1797,2340,1883,ground_truth
train\images\1307210661-0003-R.jpg,1307210661-0003-R_crop_027.png,train,0,ring,2270,303,2349,375,ground_truth
train\images\1307210661-0003-R.jpg,1307210661-0003-R_crop_028.png,train,0,ring,2290,1020,2372,1123,ground_truth
train\images\1307210661-0003-R.jpg,1307210661-0003-R_crop_029.png,train,0,ring,2370,970,2445,1043,ground_truth
train\images\1307210661-0004-R.jpg,1307210661-0004-R_crop_000.png,train,0,ring,260,471,328,535,ground_truth
train\images\1307210661-0004-R.jpg,1307210661-0004-R_crop_001.png,train,0,ring,280,68,355,141,ground_truth
train\images\1307210661-0004-R.jpg,1307210661-0004-R_crop_002.png,train,0,ring,488,1197,535,1267,ground_truth
train\images\1307210661-0004-R.jpg,1307210661-0004-R_crop_003.png,train,0,ring,580,69,651,133,ground_truth
train\images\1307210661-0004-R.jpg,1307210661-0004-R_crop_004.png,train,0,ring,593,296,667,349,ground_truth
train\images\1307210661-0004-R.jpg,1307210661-0004-R_crop_005.png,train,0,ring,618,1272,689,1321,ground_truth
train\images\1307210661-0004-R.jpg,1307210661-0004-R_crop_006.png,train,0,ring,794,399,841,468,ground_truth
train\images\1307210661-0004-R.jpg,1307210661-0004-R_crop_007.png,train,0,ring,831,1733,898,1777,ground_truth
train\images\1307210661-0004-R.jpg,1307210661-0004-R_crop_008.png,train,0,ring,882,1413,937,1480,ground_truth
train\images\1307210661-0004-R.jpg,1307210661-0004-R_crop_009.png,train,0,ring,893,1276,949,1341,ground_truth
train\images\1307210661-0004-R.jpg,1307210661-0004-R_crop_010.png,train,0,ring,897,400,959,457,ground_truth
train\images\1307210661-0004-R.jpg,1307210661-0004-R_crop_011.png,train,0,ring,908,302,962,376,ground_truth
train\images\1307210661-0004-R.jpg,1307210661-0004-R_crop_012.png,train,0,ring,933,205,991,290,ground_truth
train\images\1307210661-0004-R.jpg,1307210661-0004-R_crop_013.png,train,0,ring,979,320,1039,376,ground_truth
train\images\1307210661-0004-R.jpg,1307210661-0004-R_crop_014.png,train,0,ring,1063,718,1140,766,ground_truth
train\images\1307210661-0004-R.jpg,1307210661-0004-R_crop_015.png,train,0,ring,1079,1023,1144,1093,ground_truth
train\images\1307210661-0004-R.jpg,1307210661-0004-R_crop_016.png,train,0,ring,1095,286,1141,348,ground_truth
train\images\1307210661-0004-R.jpg,1307210661-0004-R_crop_017.png,train,0,ring,1136,395,1203,475,ground_truth
train\images\1307210661-0004-R.jpg,1307210661-0004-R_crop_018.png,train,0,ring,1164,1730,1222,1792,ground_truth
train\images\1307210661-0004-R.jpg,1307210661-0004-R_crop_019.png,train,0,ring,1174,1645,1230,1707,ground_truth
train\images\1307210661-0004-R.jpg,1307210661-0004-R_crop_020.png,train,0,ring,1259,545,1313,610,ground_truth
train\images\1307210661-0004-R.jpg,1307210661-0004-R_crop_021.png,train,0,ring,1459,1255,1519,1324,ground_truth
train\images\1307210661-0004-R.jpg,1307210661-0004-R_crop_022.png,train,0,ring,1513,246,1578,313,ground_truth
train\images\1307210661-0004-R.jpg,1307210661-0004-R_crop_023.png,train,0,ring,1552,1035,1609,1085,ground_truth
train\images\1307210661-0004-R.jpg,1307210661-0004-R_crop_024.png,train,0,ring,1675,1348,1729,1403,ground_truth
train\images\1307210661-0004-R.jpg,1307210661-0004-R_crop_025.png,train,0,ring,1803,1713,1851,1777,ground_truth
train\images\1307210661-0004-R.jpg,1307210661-0004-R_crop_026.png,train,0,ring,1798,1104,1872,1166,ground_truth
train\images\1307210661-0004-R.jpg,1307210661-0004-R_crop_027.png,train,0,ring,1816,1167,1892,1222,ground_truth
train\images\1307210661-0004-R.jpg,1307210661-0004-R_crop_028.png,train,0,ring,1856,790,1961,843,ground_truth
train\images\1307210661-0004-R.jpg,1307210661-0004-R_crop_029.png,train,0,ring,1970,1061,2035,1111,ground_truth
train\images\1307210661-0004-R.jpg,1307210661-0004-R_crop_030.png,train,0,ring,1994,1534,2059,1591,ground_truth
train\images\1307210661-0004-R.jpg,1307210661-0004-R_crop_031.png,train,0,ring,2317,1114,2374,1173,ground_truth
train\images\1307210661-0004-R.jpg,1307210661-0004-R_crop_032.png,train,0,ring,2327,208,2392,285,ground_truth
train\images\1307210661-0005-R.jpg,1307210661-0005-R_crop_000.png,train,0,ring,15,408,91,483,ground_truth
train\images\1307210661-0005-R.jpg,1307210661-0005-R_crop_001.png,train,0,ring,139,1194,201,1249,ground_truth
train\images\1307210661-0005-R.jpg,1307210661-0005-R_crop_002.png,train,0,ring,374,1545,439,1599,ground_truth
train\images\1307210661-0005-R.jpg,1307210661-0005-R_crop_003.png,train,0,ring,647,1357,721,1419,ground_truth
train\images\1307210661-0005-R.jpg,1307210661-0005-R_crop_004.png,train,0,ring,676,1843,736,1901,ground_truth
train\images\1307210661-0005-R.jpg,1307210661-0005-R_crop_005.png,train,0,ring,742,753,797,833,ground_truth
train\images\1307210661-0005-R.jpg,1307210661-0005-R_crop_006.png,train,0,ring,940,1200,1004,1269,ground_truth
train\images\1307210661-0005-R.jpg,1307210661-0005-R_crop_007.png,train,0,ring,968,9,1048,89,ground_truth
train\images\1307210661-0005-R.jpg,1307210661-0005-R_crop_008.png,train,0,ring,1002,1678,1069,1748,ground_truth
train\images\1307210661-0005-R.jpg,1307210661-0005-R_crop_009.png,train,0,ring,1059,689,1112,745,ground_truth
train\images\1307210661-0005-R.jpg,1307210661-0005-R_crop_010.png,train,0,ring,1070,1272,1146,1331,ground_truth
train\images\1307210661-0005-R.jpg,1307210661-0005-R_crop_011.png,train,0,ring,1072,624,1148,679,ground_truth
train\images\1307210661-0005-R.jpg,1307210661-0005-R_crop_012.png,train,0,ring,1283,204,1349,266,ground_truth
train\images\1307210661-0005-R.jpg,1307210661-0005-R_crop_013.png,train,0,ring,1328,689,1395,749,ground_truth
train\images\1307210661-0005-R.jpg,1307210661-0005-R_crop_014.png,train,0,ring,1364,1570,1433,1618,ground_truth
train\images\1307210661-0005-R.jpg,1307210661-0005-R_crop_015.png,train,0,ring,1442,307,1521,352,ground_truth
train\images\1307210661-0005-R.jpg,1307210661-0005-R_crop_016.png,train,0,ring,1613,822,1678,887,ground_truth
train\images\1307210661-0005-R.jpg,1307210661-0005-R_crop_017.png,train,0,ring,1646,712,1724,764,ground_truth
train\images\1307210661-0005-R.jpg,1307210661-0005-R_crop_018.png,train,0,ring,1686,1358,1758,1430,ground_truth
train\images\1307210661-0005-R.jpg,1307210661-0005-R_crop_019.png,train,0,ring,1715,1031,1791,1089,ground_truth
train\images\1307210661-0005-R.jpg,1307210661-0005-R_crop_020.png,train,0,ring,1774,1294,1818,1343,ground_truth
train\images\1307210661-0005-R.jpg,1307210661-0005-R_crop_021.png,train,0,ring,1789,1148,1847,1202,ground_truth
train\images\1307210661-0005-R.jpg,1307210661-0005-R_crop_022.png,train,0,ring,2062,1349,2135,1428,ground_truth
train\images\1307210661-0005-R.jpg,1307210661-0005-R_crop_023.png,train,0,ring,2108,1177,2175,1242,ground_truth
train\images\1307210661-0005-R.jpg,1307210661-0005-R_crop_024.png,train,0,ring,2353,823,2412,892,ground_truth
train\images\1307210661-0005-R.jpg,1307210661-0005-R_crop_025.png,train,0,ring,2382,235,2454,303,ground_truth
train\images\1307210661-0005-R.jpg,1307210661-0005-R_crop_026.png,train,0,ring,2503,823,2568,897,ground_truth
train\images\1307210661-0006-R.jpg,1307210661-0006-R_crop_000.png,train,0,ring,173,1763,244,1835,ground_truth
train\images\1307210661-0006-R.jpg,1307210661-0006-R_crop_001.png,train,0,ring,281,976,350,1047,ground_truth
train\images\1307210661-0006-R.jpg,1307210661-0006-R_crop_002.png,train,0,ring,315,713,395,768,ground_truth
train\images\1307210661-0006-R.jpg,1307210661-0006-R_crop_003.png,train,0,ring,322,798,387,857,ground_truth
train\images\1307210661-0006-R.jpg,1307210661-0006-R_crop_004.png,train,0,ring,439,1286,514,1371,ground_truth
train\images\1307210661-0006-R.jpg,1307210661-0006-R_crop_005.png,train,0,ring,488,840,570,898,ground_truth
train\images\1307210661-0006-R.jpg,1307210661-0006-R_crop_006.png,train,0,ring,594,1776,664,1845,ground_truth
train\images\1307210661-0006-R.jpg,1307210661-0006-R_crop_007.png,train,0,ring,761,1831,819,1893,ground_truth
train\images\1307210661-0006-R.jpg,1307210661-0006-R_crop_008.png,train,0,ring,772,562,862,652,ground_truth
train\images\1307210661-0006-R.jpg,1307210661-0006-R_crop_009.png,train,0,ring,811,1334,886,1396,ground_truth
train\images\1307210661-0006-R.jpg,1307210661-0006-R_crop_010.png,train,0,ring,1031,937,1097,988,ground_truth
train\images\1307210661-0006-R.jpg,1307210661-0006-R_crop_011.png,train,0,ring,1349,1389,1416,1451,ground_truth
train\images\1307210661-0006-R.jpg,1307210661-0006-R_crop_012.png,train,0,ring,1376,1056,1441,1127,ground_truth
train\images\1307210661-0006-R.jpg,1307210661-0006-R_crop_013.png,train,0,ring,1379,979,1448,1053,ground_truth
train\images\1307210661-0006-R.jpg,1307210661-0006-R_crop_014.png,train,0,ring,1740,1138,1805,1204,ground_truth
train\images\1307210661-0006-R.jpg,1307210661-0006-R_crop_015.png,train,0,ring,1817,1772,1881,1849,ground_truth
train\images\1307210661-0006-R.jpg,1307210661-0006-R_crop_016.png,train,0,ring,1946,1726,2022,1806,ground_truth
train\images\1307210661-0006-R.jpg,1307210661-0006-R_crop_017.png,train,0,ring,2096,210,2155,265,ground_truth
train\images\1307210661-0006-R.jpg,1307210661-0006-R_crop_018.png,train,0,ring,2110,1286,2191,1346,ground_truth
train\images\1307210661-0006-R.jpg,1307210661-0006-R_crop_019.png,train,0,ring,2219,1634,2296,1693,ground_truth
train\images\1307210661-0006-R.jpg,1307210661-0006-R_crop_020.png,train,0,ring,2238,533,2299,592,ground_truth
train\images\1307210661-0006-R.jpg,1307210661-0006-R_crop_021.png,train,0,ring,2316,1366,2366,1443,ground_truth
train\images\1307210661-0006-R.jpg,1307210661-0006-R_crop_022.png,train,0,ring,2321,416,2401,466,ground_truth
train\images\1307210661-0006-R.jpg,1307210661-0006-R_crop_023.png,train,0,ring,2360,1275,2420,1331,ground_truth
train\images\1307210661-0006-R.jpg,1307210661-0006-R_crop_024.png,train,0,ring,2433,136,2483,211,ground_truth
train\images\1307210661-0006-R.jpg,1307210661-0006-R_crop_025.png,train,0,ring,2471,1175,2530,1234,ground_truth
train\images\1307210661-0008-R.jpg,1307210661-0008-R_crop_000.png,train,0,ring,392,1492,448,1557,ground_truth
train\images\1307210661-0008-R.jpg,1307210661-0008-R_crop_001.png,train,0,ring,415,1472,479,1515,ground_truth
train\images\1307210661-0008-R.jpg,1307210661-0008-R_crop_002.png,train,0,ring,426,443,487,502,ground_truth
train\images\1307210661-0008-R.jpg,1307210661-0008-R_crop_003.png,train,0,ring,438,1026,500,1077,ground_truth
train\images\1307210661-0008-R.jpg,1307210661-0008-R_crop_004.png,train,0,ring,701,940,753,989,ground_truth
train\images\1307210661-0008-R.jpg,1307210661-0008-R_crop_005.png,train,0,ring,708,1007,784,1053,ground_truth
train\images\1307210661-0008-R.jpg,1307210661-0008-R_crop_006.png,train,0,ring,725,1483,798,1553,ground_truth
train\images\1307210661-0008-R.jpg,1307210661-0008-R_crop_007.png,train,0,ring,873,732,927,791,ground_truth
train\images\1307210661-0008-R.jpg,1307210661-0008-R_crop_008.png,train,0,ring,898,388,945,466,ground_truth
train\images\1307210661-0008-R.jpg,1307210661-0008-R_crop_009.png,train,0,ring,970,1415,1136,1549,ground_truth
train\images\1307210661-0008-R.jpg,1307210661-0008-R_crop_010.png,train,0,ring,1021,1041,1085,1105,ground_truth
train\images\1307210661-0008-R.jpg,1307210661-0008-R_crop_011.png,train,0,ring,1026,676,1111,731,ground_truth
train\images\1307210661-0008-R.jpg,1307210661-0008-R_crop_012.png,train,0,ring,1142,738,1205,802,ground_truth
train\images\1307210661-0008-R.jpg,1307210661-0008-R_crop_013.png,train,0,ring,1170,480,1247,555,ground_truth
train\images\1307210661-0008-R.jpg,1307210661-0008-R_crop_014.png,train,0,ring,1182,1353,1246,1419,ground_truth
train\images\1307210661-0008-R.jpg,1307210661-0008-R_crop_015.png,train,0,ring,1283,1185,1349,1244,ground_truth
train\images\1307210661-0008-R.jpg,1307210661-0008-R_crop_016.png,train,0,ring,1385,1524,1441,1569,ground_truth
train\images\1307210661-0008-R.jpg,1307210661-0008-R_crop_017.png,train,0,ring,1411,1453,1470,1499,ground_truth
train\images\1307210661-0008-R.jpg,1307210661-0008-R_crop_018.png,train,0,ring,1443,1520,1507,1582,ground_truth
train\images\1307210661-0008-R.jpg,1307210661-0008-R_crop_019.png,train,0,ring,1499,395,1556,449,ground_truth
train\images\1307210661-0008-R.jpg,1307210661-0008-R_crop_020.png,train,0,ring,1511,1129,1571,1195,ground_truth
train\images\1307210661-0008-R.jpg,1307210661-0008-R_crop_021.png,train,0,ring,1566,1277,1622,1329,ground_truth
train\images\1307210661-0008-R.jpg,1307210661-0008-R_crop_022.png,train,0,ring,1587,96,1641,151,ground_truth
train\images\1307210661-0008-R.jpg,1307210661-0008-R_crop_023.png,train,0,ring,1600,1128,1654,1187,ground_truth
train\images\1307210661-0008-R.jpg,1307210661-0008-R_crop_024.png,train,0,ring,1605,1693,1657,1777,ground_truth
train\images\1307210661-0008-R.jpg,1307210661-0008-R_crop_025.png,train,0,ring,1678,863,1732,929,ground_truth
train\images\1307210661-0008-R.jpg,1307210661-0008-R_crop_026.png,train,0,ring,1708,294,1770,356,ground_truth
train\images\1307210661-0008-R.jpg,1307210661-0008-R_crop_027.png,train,0,ring,1713,356,1779,411,ground_truth
train\images\1307210661-0008-R.jpg,1307210661-0008-R_crop_028.png,train,0,ring,1751,1546,1826,1611,ground_truth
train\images\1307210661-0008-R.jpg,1307210661-0008-R_crop_029.png,train,0,ring,1844,664,1919,719,ground_truth
train\images\1307210661-0008-R.jpg,1307210661-0008-R_crop_030.png,train,0,ring,2057,1681,2163,1750,ground_truth
train\images\1307210661-0008-R.jpg,1307210661-0008-R_crop_031.png,train,0,ring,2337,838,2405,900,ground_truth
train\images\1307210661-0009-R.jpg,1307210661-0009-R_crop_000.png,train,0,ring,483,228,539,305,ground_truth
train\images\1307210661-0009-R.jpg,1307210661-0009-R_crop_001.png,train,0,ring,534,1621,597,1695,ground_truth
train\images\1307210661-0009-R.jpg,1307210661-0009-R_crop_002.png,train,0,ring,1120,1448,1172,1512,ground_truth
train\images\1307210661-0009-R.jpg,1307210661-0009-R_crop_003.png,train,0,ring,1119,128,1183,184,ground_truth
train\images\1307210661-0009-R.jpg,1307210661-0009-R_crop_004.png,train,0,ring,1147,210,1202,263,ground_truth
train\images\1307210661-0009-R.jpg,1307210661-0009-R_crop_005.png,train,0,ring,1264,1864,1323,1923,ground_truth
train\images\1307210661-0009-R.jpg,1307210661-0009-R_crop_006.png,train,0,ring,1460,249,1525,316,ground_truth
train\images\1307210661-0009-R.jpg,1307210661-0009-R_crop_007.png,train,0,ring,1904,379,1972,448,ground_truth
train\images\1307210661-0009-R.jpg,1307210661-0009-R_crop_008.png,train,0,ring,2206,999,2262,1065,ground_truth
train\images\1307210661-0009-R.jpg,1307210661-0009-R_crop_009.png,train,0,ring,2268,1343,2340,1423,ground_truth
train\images\1307210661-0009-R.jpg,1307210661-0009-R_crop_010.png,train,0,ring,2326,1767,2402,1837,ground_truth
train\images\1307210661-0010-R.jpg,1307210661-0010-R_crop_000.png,train,0,ring,53,951,117,997,ground_truth
train\images\1307210661-0010-R.jpg,1307210661-0010-R_crop_001.png,train,0,ring,105,686,152,772,ground_truth
train\images\1307210661-0010-R.jpg,1307210661-0010-R_crop_002.png,train,0,ring,158,1438,208,1519,ground_truth
train\images\1307210661-0010-R.jpg,1307210661-0010-R_crop_003.png,train,0,ring,170,1507,221,1556,ground_truth
train\images\1307210661-0010-R.jpg,1307210661-0010-R_crop_004.png,train,0,ring,174,262,231,314,ground_truth
train\images\1307210661-0010-R.jpg,1307210661-0010-R_crop_005.png,train,0,ring,502,1025,548,1078,ground_truth
train\images\1307210661-0010-R.jpg,1307210661-0010-R_crop_006.png,train,0,ring,567,1168,619,1227,ground_truth
train\images\1307210661-0010-R.jpg,1307210661-0010-R_crop_007.png,train,0,ring,614,1483,671,1574,ground_truth
train\images\1307210661-0010-R.jpg,1307210661-0010-R_crop_008.png,train,0,ring,622,560,680,614,ground_truth
train\images\1307210661-0010-R.jpg,1307210661-0010-R_crop_009.png,train,0,ring,692,1219,755,1274,ground_truth
train\images\1307210661-0010-R.jpg,1307210661-0010-R_crop_010.png,train,0,ring,691,1324,810,1374,ground_truth
train\images\1307210661-0010-R.jpg,1307210661-0010-R_crop_011.png,train,0,ring,736,1570,804,1618,ground_truth
train\images\1307210661-0010-R.jpg,1307210661-0010-R_crop_012.png,train,0,ring,908,1482,993,1542,ground_truth
train\images\1307210661-0010-R.jpg,1307210661-0010-R_crop_013.png,train,0,ring,944,940,1005,1011,ground_truth
train\images\1307210661-0010-R.jpg,1307210661-0010-R_crop_014.png,train,0,ring,979,676,1055,731,ground_truth
train\images\1307210661-0010-R.jpg,1307210661-0010-R_crop_015.png,train,0,ring,1010,600,1098,655,ground_truth
train\images\1307210661-0010-R.jpg,1307210661-0010-R_crop_016.png,train,0,ring,1113,728,1192,790,ground_truth
train\images\1307210661-0010-R.jpg,1307210661-0010-R_crop_017.png,train,0,ring,1138,829,1216,891,ground_truth
train\images\1307210661-0010-R.jpg,1307210661-0010-R_crop_018.png,train,0,ring,1363,783,1430,847,ground_truth
train\images\1307210661-0010-R.jpg,1307210661-0010-R_crop_019.png,train,0,ring,1389,1326,1450,1381,ground_truth
train\images\1307210661-0010-R.jpg,1307210661-0010-R_crop_020.png,train,0,ring,1427,252,1485,320,ground_truth
train\images\1307210661-0010-R.jpg,1307210661-0010-R_crop_021.png,train,0,ring,1458,1286,1526,1366,ground_truth
train\images\1307210661-0010-R.jpg,1307210661-0010-R_crop_022.png,train,0,ring,1492,1405,1546,1464,ground_truth
train\images\1307210661-0010-R.jpg,1307210661-0010-R_crop_023.png,train,0,ring,1526,1301,1589,1366,ground_truth
train\images\1307210661-0010-R.jpg,1307210661-0010-R_crop_024.png,train,0,ring,1602,1291,1656,1341,ground_truth
train\images\1307210661-0010-R.jpg,1307210661-0010-R_crop_025.png,train,0,ring,1621,174,1684,252,ground_truth
train\images\1307210661-0010-R.jpg,1307210661-0010-R_crop_026.png,train,0,ring,1624,914,1702,974,ground_truth
train\images\1307210661-0010-R.jpg,1307210661-0010-R_crop_027.png,train,0,ring,1663,1272,1720,1321,ground_truth
train\images\1307210661-0010-R.jpg,1307210661-0010-R_crop_028.png,train,0,ring,1825,1787,1906,1869,ground_truth
train\images\1307210661-0010-R.jpg,1307210661-0010-R_crop_029.png,train,0,ring,1839,495,1909,555,ground_truth
train\images\1307210661-0010-R.jpg,1307210661-0010-R_crop_030.png,train,0,ring,1849,156,1905,209,ground_truth
train\images\1307210661-0010-R.jpg,1307210661-0010-R_crop_031.png,train,0,ring,1951,1482,2007,1547,ground_truth
train\images\1307210661-0010-R.jpg,1307210661-0010-R_crop_032.png,train,0,ring,2005,1344,2061,1408,ground_truth
train\images\1307210661-0010-R.jpg,1307210661-0010-R_crop_033.png,train,0,ring,2011,784,2084,841,ground_truth
train\images\1307210661-0010-R.jpg,1307210661-0010-R_crop_034.png,train,0,ring,2043,1792,2117,1842,ground_truth
train\images\1307210661-0010-R.jpg,1307210661-0010-R_crop_035.png,train,0,ring,2088,1193,2134,1251,ground_truth
train\images\1307210661-0010-R.jpg,1307210661-0010-R_crop_036.png,train,0,ring,2169,240,2220,301,ground_truth
train\images\1307210661-0010-R.jpg,1307210661-0010-R_crop_037.png,train,0,ring,2262,1512,2337,1582,ground_truth
train\images\1307210661-0010-R.jpg,1307210661-0010-R_crop_038.png,train,0,ring,2316,619,2359,669,ground_truth
train\images\1307210661-0010-R.jpg,1307210661-0010-R_crop_039.png,train,0,ring,2329,921,2386,981,ground_truth
train\images\1307210661-0010-R.jpg,1307210661-0010-R_crop_040.png,train,0,ring,2351,617,2412,676,ground_truth
train\images\1307210661-0010-R.jpg,1307210661-0010-R_crop_041.png,train,0,ring,2398,1686,2458,1740,ground_truth
train\images\1312132815-0001-G.jpg,1312132815-0001-G_crop_000.png,train,0,ring,1146,944,1242,1078,ground_truth
train\images\1312132815-0002-T.jpg,1312132815-0002-T_crop_000.png,train,0,ring,1310,985,1399,1059,ground_truth
train\images\1312132815-0003-G.jpg,1312132815-0003-G_crop_000.png,train,0,ring,1072,929,1175,1048,ground_truth
train\images\1312132815-0005-G.jpg,1312132815-0005-G_crop_000.png,train,0,ring,1054,780,1170,875,ground_truth
train\images\1312132815-0008-G.jpg,1312132815-0008-G_crop_000.png,train,0,ring,1259,1117,1390,1246,ground_truth
train\images\1312132815-0008-G.jpg,1312132815-0008-G_crop_001.png,train,0,ring,1318,1678,1369,1718,ground_truth
train\images\1312132815-0010-T.jpg,1312132815-0010-T_crop_000.png,train,0,ring,1037,872,1122,1001,ground_truth
train\images\1312132815-0012-S.jpg,1312132815-0012-S_crop_000.png,train,0,ring,1080,1055,1177,1166,ground_truth
train\images\1312132815-0013-S.jpg,1312132815-0013-S_crop_000.png,train,0,ring,1202,1146,1308,1251,ground_truth
train\images\1312132815-0014-S.jpg,1312132815-0014-S_crop_000.png,train,0,ring,1124,1051,1239,1175,ground_truth
train\images\1401063467-0001-S.jpg,1401063467-0001-S_crop_000.png,train,0,ring,1193,932,1303,1046,ground_truth
train\images\1401063467-0002-T.jpg,1401063467-0002-T_crop_000.png,train,0,ring,1173,1039,1253,1128,ground_truth
train\images\1401063467-0004-R_T.jpg,1401063467-0004-R_T_crop_000.png,train,0,ring,1254,1003,1330,1064,ground_truth
train\images\1401063467-0004-R_T.jpg,1401063467-0004-R_T_crop_001.png,train,0,ring,2041,267,2119,378,ground_truth
train\images\1401063467-0005-T.jpg,1401063467-0005-T_crop_000.png,train,0,ring,1071,919,1140,1006,ground_truth
train\images\1401063467-0006-T.jpg,1401063467-0006-T_crop_000.png,train,0,ring,1252,813,1328,883,ground_truth
train\images\1401063467-0007-S.jpg,1401063467-0007-S_crop_000.png,train,0,ring,1121,1067,1234,1189,ground_truth
train\images\1401063467-0008-S.jpg,1401063467-0008-S_crop_000.png,train,0,ring,1057,889,1165,993,ground_truth
train\images\1401063467-0009-T.jpg,1401063467-0009-T_crop_000.png,train,0,ring,1169,949,1226,1024,ground_truth
train\images\1401063467-0012-S.jpg,1401063467-0012-S_crop_000.png,train,0,ring,1241,1103,1338,1205,ground_truth
train\images\1401063467-0013-T.jpg,1401063467-0013-T_crop_000.png,train,0,ring,1239,1061,1342,1177,ground_truth
train\images\1401080976-0002-T.jpg,1401080976-0002-T_crop_000.png,train,0,ring,1129,986,1235,1091,ground_truth
train\images\1401080976-0004-T.jpg,1401080976-0004-T_crop_000.png,train,0,ring,1203,1163,1257,1223,ground_truth
train\images\1401080976-0005-T.jpg,1401080976-0005-T_crop_000.png,train,0,ring,878,1445,949,1519,ground_truth
train\images\1401080976-0005-T.jpg,1401080976-0005-T_crop_001.png,train,0,ring,1676,823,1777,912,ground_truth
train\images\1401080976-0006-T.jpg,1401080976-0006-T_crop_000.png,train,0,ring,1207,947,1281,1024,ground_truth
train\images\1401080976-0008-T.jpg,1401080976-0008-T_crop_000.png,train,0,ring,1170,953,1232,1015,ground_truth
train\images\1401080976-0009-S_T.jpg,1401080976-0009-S_T_crop_000.png,train,0,ring,1054,704,1115,757,ground_truth
train\images\1401080976-0009-S_T.jpg,1401080976-0009-S_T_crop_001.png,train,0,ring,1257,1155,1323,1237,ground_truth
train\images\1405022890-0001-R.jpg,1405022890-0001-R_crop_000.png,train,0,ring,696,119,762,178,ground_truth
train\images\1405022890-0001-R.jpg,1405022890-0001-R_crop_001.png,train,0,ring,888,1165,967,1240,ground_truth
train\images\1405022890-0001-R.jpg,1405022890-0001-R_crop_002.png,train,0,ring,1003,944,1081,1026,ground_truth
train\images\1405022890-0001-R.jpg,1405022890-0001-R_crop_003.png,train,0,ring,1050,976,1116,1046,ground_truth
train\images\1405022890-0001-R.jpg,1405022890-0001-R_crop_004.png,train,0,ring,1062,618,1143,686,ground_truth
train\images\1405022890-0001-R.jpg,1405022890-0001-R_crop_005.png,train,0,ring,1157,1086,1218,1158,ground_truth
train\images\1405022890-0001-R.jpg,1405022890-0001-R_crop_006.png,train,0,ring,1359,738,1419,813,ground_truth
train\images\1405022890-0001-R.jpg,1405022890-0001-R_crop_007.png,train,0,ring,1526,636,1622,728,ground_truth
train\images\1405022890-0001-R.jpg,1405022890-0001-R_crop_008.png,train,0,ring,1778,952,1845,1006,ground_truth
train\images\1405022890-0001-R.jpg,1405022890-0001-R_crop_009.png,train,0,ring,1831,406,1895,465,ground_truth
train\images\1405022890-0001-R.jpg,1405022890-0001-R_crop_010.png,train,0,ring,1848,831,1965,908,ground_truth
train\images\1405022890-0001-R.jpg,1405022890-0001-R_crop_011.png,train,0,ring,2294,1512,2369,1572,ground_truth
train\images\1405022890-0001-R.jpg,1405022890-0001-R_crop_012.png,train,0,ring,2392,565,2482,646,ground_truth
train\images\1405022890-0004-R.jpg,1405022890-0004-R_crop_000.png,train,0,ring,53,647,153,741,ground_truth
train\images\1405022890-0004-R.jpg,1405022890-0004-R_crop_001.png,train,0,ring,555,1217,636,1294,ground_truth
train\images\1405022890-0004-R.jpg,1405022890-0004-R_crop_002.png,train,0,ring,816,1353,883,1438,ground_truth
train\images\1405022890-0004-R.jpg,1405022890-0004-R_crop_003.png,train,0,ring,934,1428,997,1499,ground_truth
train\images\1405022890-0004-R.jpg,1405022890-0004-R_crop_004.png,train,0,ring,913,1299,1019,1406,ground_truth
train\images\1405022890-0004-R.jpg,1405022890-0004-R_crop_005.png,train,0,ring,993,1676,1080,1770,ground_truth
train\images\1405022890-0004-R.jpg,1405022890-0004-R_crop_006.png,train,0,ring,1004,1431,1075,1530,ground_truth
train\images\1405022890-0004-R.jpg,1405022890-0004-R_crop_007.png,train,0,ring,1122,381,1213,463,ground_truth
train\images\1405022890-0004-R.jpg,1405022890-0004-R_crop_008.png,train,0,ring,1383,181,1484,270,ground_truth
train\images\1405022890-0004-R.jpg,1405022890-0004-R_crop_009.png,train,0,ring,1427,480,1512,550,ground_truth
train\images\1405022890-0004-R.jpg,1405022890-0004-R_crop_010.png,train,0,ring,1495,555,1576,624,ground_truth
train\images\1405022890-0004-R.jpg,1405022890-0004-R_crop_011.png,train,0,ring,1508,1735,1612,1829,ground_truth
train\images\1405022890-0004-R.jpg,1405022890-0004-R_crop_012.png,train,0,ring,1689,699,1748,773,ground_truth
train\images\1405022890-0004-R.jpg,1405022890-0004-R_crop_013.png,train,0,ring,1789,1269,1880,1368,ground_truth
train\images\1405022890-0004-R.jpg,1405022890-0004-R_crop_014.png,train,0,ring,1834,1809,1931,1894,ground_truth
train\images\1405022890-0004-R.jpg,1405022890-0004-R_crop_015.png,train,0,ring,1849,396,1933,500,ground_truth
train\images\1405022890-0004-R.jpg,1405022890-0004-R_crop_016.png,train,0,ring,1845,228,1948,320,ground_truth
train\images\1405022890-0004-R.jpg,1405022890-0004-R_crop_017.png,train,0,ring,1864,998,1981,1110,ground_truth
train\images\1405022890-0004-R.jpg,1405022890-0004-R_crop_018.png,train,0,ring,2397,94,2492,206,ground_truth
train\images\1405022890-0006-R.jpg,1405022890-0006-R_crop_000.png,train,0,ring,172,426,238,495,ground_truth
train\images\1405022890-0006-R.jpg,1405022890-0006-R_crop_001.png,train,0,ring,235,399,320,485,ground_truth
train\images\1405022890-0006-R.jpg,1405022890-0006-R_crop_002.png,train,0,ring,407,419,482,498,ground_truth
train\images\1405022890-0006-R.jpg,1405022890-0006-R_crop_003.png,train,0,ring,508,1581,586,1656,ground_truth
train\images\1405022890-0006-R.jpg,1405022890-0006-R_crop_004.png,train,0,ring,618,790,684,900,ground_truth
train\images\1405022890-0006-R.jpg,1405022890-0006-R_crop_005.png,train,0,ring,736,573,802,659,ground_truth
train\images\1405022890-0006-R.jpg,1405022890-0006-R_crop_006.png,train,0,ring,799,1127,857,1194,ground_truth
train\images\1405022890-0006-R.jpg,1405022890-0006-R_crop_007.png,train,0,ring,826,49,911,146,ground_truth
train\images\1405022890-0006-R.jpg,1405022890-0006-R_crop_008.png,train,0,ring,1071,458,1127,541,ground_truth
train\images\1405022890-0006-R.jpg,1405022890-0006-R_crop_009.png,train,0,ring,1222,639,1300,748,ground_truth
train\images\1405022890-0006-R.jpg,1405022890-0006-R_crop_010.png,train,0,ring,1237,1371,1320,1456,ground_truth
train\images\1405022890-0006-R.jpg,1405022890-0006-R_crop_011.png,train,0,ring,1602,568,1666,650,ground_truth
train\images\1405022890-0006-R.jpg,1405022890-0006-R_crop_012.png,train,0,ring,1696,1689,1760,1758,ground_truth
train\images\1405022890-0006-R.jpg,1405022890-0006-R_crop_013.png,train,0,ring,1865,876,1938,933,ground_truth
train\images\1405022890-0006-R.jpg,1405022890-0006-R_crop_014.png,train,0,ring,1884,926,1955,977,ground_truth
train\images\1405022890-0006-R.jpg,1405022890-0006-R_crop_015.png,train,0,ring,2016,1723,2103,1799,ground_truth
train\images\1405022890-0006-R.jpg,1405022890-0006-R_crop_016.png,train,0,ring,2209,1606,2295,1681,ground_truth
train\images\1405022890-0006-R.jpg,1405022890-0006-R_crop_017.png,train,0,ring,2277,184,2347,256,ground_truth
train\images\1405022890-0006-R.jpg,1405022890-0006-R_crop_018.png,train,0,ring,2447,289,2513,350,ground_truth
train\images\1408161544-0001-S_R.jpg,1408161544-0001-S_R_crop_000.png,train,0,ring,1008,578,1194,740,ground_truth
train\images\1408161544-0001-S_R.jpg,1408161544-0001-S_R_crop_001.png,train,0,ring,1475,1718,1544,1797,ground_truth
train\images\1408161544-0002-R_S.jpg,1408161544-0002-R_S_crop_000.png,train,0,ring,1152,1272,1222,1373,ground_truth
train\images\1408161544-0002-R_S.jpg,1408161544-0002-R_S_crop_001.png,train,0,ring,1218,640,1377,795,ground_truth
train\images\1408161544-0002-R_S.jpg,1408161544-0002-R_S_crop_002.png,train,0,ring,1498,1138,1585,1235,ground_truth
train\images\1408161544-0003-R_S.jpg,1408161544-0003-R_S_crop_000.png,train,0,ring,661,7,733,71,ground_truth
train\images\1408161544-0003-R_S.jpg,1408161544-0003-R_S_crop_001.png,train,0,ring,1029,676,1176,821,ground_truth
train\images\1408290968-0001-R.jpg,1408290968-0001-R_crop_000.png,train,0,ring,1283,904,1367,986,ground_truth
train\images\1408290968-0003-R.jpg,1408290968-0003-R_crop_000.png,train,0,ring,1168,689,1267,824,ground_truth
train\images\1409171742-0001-R.jpg,1409171742-0001-R_crop_000.png,train,0,ring,463,986,562,1068,ground_truth
train\images\1409171742-0001-R.jpg,1409171742-0001-R_crop_001.png,train,0,ring,1389,1327,1465,1429,ground_truth
train\images\1409171742-0003-R.jpg,1409171742-0003-R_crop_000.png,train,0,ring,483,215,605,325,ground_truth
train\images\1409171742-0003-R.jpg,1409171742-0003-R_crop_001.png,train,0,ring,533,545,634,641,ground_truth
train\images\1409171742-0003-R.jpg,1409171742-0003-R_crop_002.png,train,0,ring,1324,656,1420,778,ground_truth
train\images\1409171742-0003-R.jpg,1409171742-0003-R_crop_003.png,train,0,ring,1475,1395,1556,1477,ground_truth
train\images\1409171742-0004-R.jpg,1409171742-0004-R_crop_000.png,train,0,ring,1003,1633,1094,1713,ground_truth
train\images\1409171742-0004-R.jpg,1409171742-0004-R_crop_001.png,train,0,ring,1374,173,1450,253,ground_truth
train\images\1409171742-0005-R.jpg,1409171742-0005-R_crop_000.png,train,0,ring,1155,1306,1276,1404,ground_truth
train\images\1409171742-0005-R.jpg,1409171742-0005-R_crop_001.png,train,0,ring,1212,699,1353,822,ground_truth
train\images\1409171742-0006-R.jpg,1409171742-0006-R_crop_000.png,train,0,ring,466,984,563,1078,ground_truth
train\images\1409171742-0006-R.jpg,1409171742-0006-R_crop_001.png,train,0,ring,1870,796,1942,887,ground_truth
train\images\1409171742-0006-R.jpg,1409171742-0006-R_crop_002.png,train,0,ring,2047,850,2145,964,ground_truth
train\images\1409171742-0008-R.jpg,1409171742-0008-R_crop_000.png,train,0,ring,652,1336,758,1435,ground_truth
train\images\1409171742-0008-R.jpg,1409171742-0008-R_crop_001.png,train,0,ring,746,436,865,523,ground_truth
train\images\1409171742-0008-R.jpg,1409171742-0008-R_crop_002.png,train,0,ring,1946,1450,2055,1540,ground_truth
train\images\1409171742-0008-R.jpg,1409171742-0008-R_crop_003.png,train,0,ring,2284,1512,2399,1609,ground_truth
train\images\1409171742-0009-R.jpg,1409171742-0009-R_crop_000.png,train,0,ring,351,519,454,631,ground_truth
train\images\1409171742-0009-R.jpg,1409171742-0009-R_crop_001.png,train,0,ring,362,689,454,798,ground_truth
train\images\1409171742-0009-R.jpg,1409171742-0009-R_crop_002.png,train,0,ring,351,90,484,211,ground_truth
train\images\1409171742-0009-R.jpg,1409171742-0009-R_crop_003.png,train,0,ring,1670,1202,1747,1327,ground_truth
train\images\1409171742-0009-R.jpg,1409171742-0009-R_crop_004.png,train,0,ring,2022,792,2086,869,ground_truth
train\images\1409171742-0009-R.jpg,1409171742-0009-R_crop_005.png,train,0,ring,2007,1526,2120,1617,ground_truth
train\images\1409171742-0010-R.jpg,1409171742-0010-R_crop_000.png,train,0,ring,622,1053,707,1144,ground_truth
train\images\1409171742-0010-R.jpg,1409171742-0010-R_crop_001.png,train,0,ring,760,955,866,1054,ground_truth
train\images\1409171742-0010-R.jpg,1409171742-0010-R_crop_002.png,train,0,ring,942,955,1033,1052,ground_truth
train\images\1409171742-0010-R.jpg,1409171742-0010-R_crop_003.png,train,0,ring,1293,74,1390,164,ground_truth
train\images\1409171742-0010-R.jpg,1409171742-0010-R_crop_004.png,train,0,ring,1603,1415,1708,1515,ground_truth
train\images\1409191647-0002-R.jpg,1409191647-0002-R_crop_000.png,train,0,ring,1084,714,1187,800,ground_truth
train\images\1409191647-0003-R.jpg,1409191647-0003-R_crop_000.png,train,0,ring,732,1065,802,1140,ground_truth
train\images\1409191647-0003-R.jpg,1409191647-0003-R_crop_001.png,train,0,ring,1009,1227,1084,1310,ground_truth
train\images\1409191647-0003-R.jpg,1409191647-0003-R_crop_002.png,train,0,ring,1298,849,1396,925,ground_truth
train\images\1409191647-0003-R.jpg,1409191647-0003-R_crop_003.png,train,0,ring,1321,718,1408,817,ground_truth
train\images\1409191647-0004-R.jpg,1409191647-0004-R_crop_000.png,train,0,ring,807,642,874,721,ground_truth
train\images\1409191647-0004-R.jpg,1409191647-0004-R_crop_001.png,train,0,ring,1074,942,1156,1002,ground_truth
train\images\1409191647-0004-R.jpg,1409191647-0004-R_crop_002.png,train,0,ring,1273,597,1349,662,ground_truth
train\images\1409191647-0004-R.jpg,1409191647-0004-R_crop_003.png,train,0,ring,1597,1023,1673,1114,ground_truth
train\images\1409191647-0005-R.jpg,1409191647-0005-R_crop_000.png,train,0,ring,753,729,851,821,ground_truth
train\images\1409191647-0005-R.jpg,1409191647-0005-R_crop_001.png,train,0,ring,790,1056,893,1145,ground_truth
train\images\1409191647-0005-R.jpg,1409191647-0005-R_crop_002.png,train,0,ring,1502,1150,1597,1239,ground_truth
train\images\1409191647-0005-R.jpg,1409191647-0005-R_crop_003.png,train,0,ring,1877,613,1998,719,ground_truth
train\images\1409191647-0007-R.jpg,1409191647-0007-R_crop_000.png,train,0,ring,1213,828,1286,902,ground_truth
train\images\1409191647-0008-T.jpg,1409191647-0008-T_crop_000.png,train,0,ring,1086,889,1175,976,ground_truth
train\images\1409191647-0010-R.jpg,1409191647-0010-R_crop_000.png,train,0,ring,48,434,143,503,ground_truth
train\images\1409191647-0010-R.jpg,1409191647-0010-R_crop_001.png,train,0,ring,432,699,553,778,ground_truth
train\images\1409191647-0010-R.jpg,1409191647-0010-R_crop_002.png,train,0,ring,1340,1238,1420,1315,ground_truth
train\images\1409191647-0010-R.jpg,1409191647-0010-R_crop_003.png,train,0,ring,1393,661,1484,754,ground_truth
train\images\1409191647-0010-R.jpg,1409191647-0010-R_crop_004.png,train,0,ring,1965,387,2041,490,ground_truth
train\images\1603223711-0002-T_G.jpg,1603223711-0002-T_G_crop_000.png,train,0,ring,1070,474,1105,516,ground_truth
train\images\1603223711-0002-T_G.jpg,1603223711-0002-T_G_crop_001.png,train,0,ring,1343,1009,1534,1115,ground_truth
train\images\1603223711-0006-G.jpg,1603223711-0006-G_crop_000.png,train,0,ring,1117,599,1295,684,ground_truth
train\images\1701151546-0002-R.jpg,1701151546-0002-R_crop_000.png,train,0,ring,32,563,68,602,ground_truth
train\images\1701151546-0002-R.jpg,1701151546-0002-R_crop_001.png,train,0,ring,39,1408,89,1458,ground_truth
train\images\1701151546-0002-R.jpg,1701151546-0002-R_crop_002.png,train,0,ring,58,1077,93,1114,ground_truth
train\images\1701151546-0002-R.jpg,1701151546-0002-R_crop_003.png,train,0,ring,87,1115,129,1157,ground_truth
train\images\1701151546-0002-R.jpg,1701151546-0002-R_crop_004.png,train,0,ring,365,1410,406,1452,ground_truth
train\images\1701151546-0002-R.jpg,1701151546-0002-R_crop_005.png,train,0,ring,535,572,584,623,ground_truth
train\images\1701151546-0002-R.jpg,1701151546-0002-R_crop_006.png,train,0,ring,633,649,679,699,ground_truth
train\images\1701151546-0002-R.jpg,1701151546-0002-R_crop_007.png,train,0,ring,719,104,765,147,ground_truth
train\images\1701151546-0002-R.jpg,1701151546-0002-R_crop_008.png,train,0,ring,854,1115,904,1163,ground_truth
train\images\1701151546-0002-R.jpg,1701151546-0002-R_crop_009.png,train,0,ring,1045,290,1082,334,ground_truth
train\images\1701151546-0002-R.jpg,1701151546-0002-R_crop_010.png,train,0,ring,1179,163,1227,203,ground_truth
train\images\1701151546-0002-R.jpg,1701151546-0002-R_crop_011.png,train,0,ring,1381,773,1430,818,ground_truth
train\images\1701151546-0002-R.jpg,1701151546-0002-R_crop_012.png,train,0,ring,1619,1194,1686,1257,ground_truth
train\images\1701151546-0002-R.jpg,1701151546-0002-R_crop_013.png,train,0,ring,1959,974,2003,1019,ground_truth
train\images\1701151546-0002-R.jpg,1701151546-0002-R_crop_014.png,train,0,ring,2019,1395,2068,1443,ground_truth
train\images\1701151546-0002-R.jpg,1701151546-0002-R_crop_015.png,train,0,ring,2373,907,2416,951,ground_truth
train\images\1701151546-0002-R.jpg,1701151546-0002-R_crop_016.png,train,0,ring,2391,1881,2437,1925,ground_truth
train\images\1701151546-0004-R_T.jpg,1701151546-0004-R_T_crop_000.png,train,0,ring,61,919,106,964,ground_truth
train\images\1701151546-0004-R_T.jpg,1701151546-0004-R_T_crop_001.png,train,0,ring,296,1000,336,1036,ground_truth
train\images\1701151546-0004-R_T.jpg,1701151546-0004-R_T_crop_002.png,train,0,ring,318,295,375,358,ground_truth
train\images\1701151546-0004-R_T.jpg,1701151546-0004-R_T_crop_003.png,train,0,ring,503,567,533,597,ground_truth
train\images\1701151546-0004-R_T.jpg,1701151546-0004-R_T_crop_004.png,train,0,ring,696,1662,735,1694,ground_truth
train\images\1701151546-0004-R_T.jpg,1701151546-0004-R_T_crop_005.png,train,0,ring,747,1448,798,1490,ground_truth
train\images\1701151546-0004-R_T.jpg,1701151546-0004-R_T_crop_006.png,train,0,ring,806,627,858,676,ground_truth
train\images\1701151546-0004-R_T.jpg,1701151546-0004-R_T_crop_007.png,train,0,ring,1009,453,1054,498,ground_truth
train\images\1701151546-0004-R_T.jpg,1701151546-0004-R_T_crop_008.png,train,0,ring,1072,635,1126,689,ground_truth
train\images\1701151546-0004-R_T.jpg,1701151546-0004-R_T_crop_009.png,train,0,ring,1185,618,1218,655,ground_truth
train\images\1701151546-0004-R_T.jpg,1701151546-0004-R_T_crop_010.png,train,0,ring,1370,894,1416,940,ground_truth
train\images\1701151546-0004-R_T.jpg,1701151546-0004-R_T_crop_011.png,train,0,ring,1368,1494,1412,1534,ground_truth
train\images\1701151546-0004-R_T.jpg,1701151546-0004-R_T_crop_012.png,train,0,ring,1405,643,1442,672,ground_truth
train\images\1701151546-0004-R_T.jpg,1701151546-0004-R_T_crop_013.png,train,0,ring,1435,429,1511,513,ground_truth
train\images\1701151546-0004-R_T.jpg,1701151546-0004-R_T_crop_014.png,train,0,ring,1449,300,1499,344,ground_truth
train\images\1701151546-0004-R_T.jpg,1701151546-0004-R_T_crop_015.png,train,0,ring,1493,1750,1546,1804,ground_truth
train\images\1701151546-0004-R_T.jpg,1701151546-0004-R_T_crop_016.png,train,0,ring,1521,906,1566,953,ground_truth
train\images\1701151546-0004-R_T.jpg,1701151546-0004-R_T_crop_017.png,train,0,ring,1525,853,1568,889,ground_truth
train\images\1701151546-0004-R_T.jpg,1701151546-0004-R_T_crop_018.png,train,0,ring,1577,776,1617,815,ground_truth
train\images\1701151546-0004-R_T.jpg,1701151546-0004-R_T_crop_019.png,train,0,ring,1652,1308,1694,1343,ground_truth
train\images\1701151546-0004-R_T.jpg,1701151546-0004-R_T_crop_020.png,train,0,ring,2162,1827,2207,1869,ground_truth
train\images\1701151546-0004-R_T.jpg,1701151546-0004-R_T_crop_021.png,train,0,ring,2276,727,2321,771,ground_truth
train\images\1701151546-0004-R_T.jpg,1701151546-0004-R_T_crop_022.png,train,0,ring,2323,373,2379,455,ground_truth
train\images\1701151546-0004-R_T.jpg,1701151546-0004-R_T_crop_023.png,train,0,ring,2491,456,2535,495,ground_truth
train\images\1701151546-0005-R.jpg,1701151546-0005-R_crop_000.png,train,0,ring,42,1823,77,1857,ground_truth
train\images\1701151546-0005-R.jpg,1701151546-0005-R_crop_001.png,train,0,ring,60,316,103,349,ground_truth
train\images\1701151546-0005-R.jpg,1701151546-0005-R_crop_002.png,train,0,ring,108,362,138,401,ground_truth
train\images\1701151546-0005-R.jpg,1701151546-0005-R_crop_003.png,train,0,ring,371,1471,421,1522,ground_truth
train\images\1701151546-0005-R.jpg,1701151546-0005-R_crop_004.png,train,0,ring,421,439,461,470,ground_truth
train\images\1701151546-0005-R.jpg,1701151546-0005-R_crop_005.png,train,0,ring,431,486,468,520,ground_truth
train\images\1701151546-0005-R.jpg,1701151546-0005-R_crop_006.png,train,0,ring,515,749,555,798,ground_truth
train\images\1701151546-0005-R.jpg,1701151546-0005-R_crop_007.png,train,0,ring,547,581,586,618,ground_truth
train\images\1701151546-0005-R.jpg,1701151546-0005-R_crop_008.png,train,0,ring,578,1251,625,1304,ground_truth
train\images\1701151546-0005-R.jpg,1701151546-0005-R_crop_009.png,train,0,ring,665,547,711,589,ground_truth
train\images\1701151546-0005-R.jpg,1701151546-0005-R_crop_010.png,train,0,ring,687,1597,723,1636,ground_truth
train\images\1701151546-0005-R.jpg,1701151546-0005-R_crop_011.png,train,0,ring,729,1855,784,1908,ground_truth
train\images\1701151546-0005-R.jpg,1701151546-0005-R_crop_012.png,train,0,ring,1121,391,1166,436,ground_truth
train\images\1701151546-0005-R.jpg,1701151546-0005-R_crop_013.png,train,0,ring,1134,1550,1179,1597,ground_truth
train\images\1701151546-0005-R.jpg,1701151546-0005-R_crop_014.png,train,0,ring,1247,1585,1284,1622,ground_truth
train\images\1701151546-0005-R.jpg,1701151546-0005-R_crop_015.png,train,0,ring,1257,1175,1310,1219,ground_truth
train\images\1701151546-0005-R.jpg,1701151546-0005-R_crop_016.png,train,0,ring,1288,1590,1333,1634,ground_truth
train\images\1701151546-0005-R.jpg,1701151546-0005-R_crop_017.png,train,0,ring,1385,1711,1425,1770,ground_truth
train\images\1701151546-0005-R.jpg,1701151546-0005-R_crop_018.png,train,0,ring,1415,1758,1463,1812,ground_truth
train\images\1701151546-0005-R.jpg,1701151546-0005-R_crop_019.png,train,0,ring,1590,726,1627,763,ground_truth
train\images\1701151546-0005-R.jpg,1701151546-0005-R_crop_020.png,train,0,ring,1711,1837,1749,1867,ground_truth
train\images\1701151546-0005-R.jpg,1701151546-0005-R_crop_021.png,train,0,ring,1924,340,1963,382,ground_truth
train\images\1701151546-0005-R.jpg,1701151546-0005-R_crop_022.png,train,0,ring,2302,1093,2351,1139,ground_truth
train\images\1701151546-0005-R.jpg,1701151546-0005-R_crop_023.png,train,0,ring,2311,64,2351,104,ground_truth
train\images\1701151546-0005-R.jpg,1701151546-0005-R_crop_024.png,train,0,ring,2503,895,2542,932,ground_truth
train\images\1701151546-0011-R_T.jpg,1701151546-0011-R_T_crop_000.png,train,0,ring,382,700,418,738,ground_truth
train\images\1701151546-0011-R_T.jpg,1701151546-0011-R_T_crop_001.png,train,0,ring,411,910,449,959,ground_truth
train\images\1701151546-0011-R_T.jpg,1701151546-0011-R_T_crop_002.png,train,0,ring,466,1664,508,1703,ground_truth
train\images\1701151546-0011-R_T.jpg,1701151546-0011-R_T_crop_003.png,train,0,ring,518,441,563,481,ground_truth
train\images\1701151546-0011-R_T.jpg,1701151546-0011-R_T_crop_004.png,train,0,ring,563,1286,610,1340,ground_truth
train\images\1701151546-0011-R_T.jpg,1701151546-0011-R_T_crop_005.png,train,0,ring,1090,1626,1131,1664,ground_truth
train\images\1701151546-0011-R_T.jpg,1701151546-0011-R_T_crop_006.png,train,0,ring,1201,449,1239,495,ground_truth
train\images\1701151546-0011-R_T.jpg,1701151546-0011-R_T_crop_007.png,train,0,ring,1203,915,1238,949,ground_truth
train\images\1701151546-0011-R_T.jpg,1701151546-0011-R_T_crop_008.png,train,0,ring,1215,511,1246,553,ground_truth
train\images\1701151546-0011-R_T.jpg,1701151546-0011-R_T_crop_009.png,train,0,ring,1252,815,1340,890,ground_truth
train\images\1701151546-0011-R_T.jpg,1701151546-0011-R_T_crop_010.png,train,0,ring,1369,99,1406,143,ground_truth
train\images\1701151546-0011-R_T.jpg,1701151546-0011-R_T_crop_011.png,train,0,ring,1522,535,1561,574,ground_truth
train\images\1701151546-0011-R_T.jpg,1701151546-0011-R_T_crop_012.png,train,0,ring,1561,656,1602,696,ground_truth
train\images\1701151546-0011-R_T.jpg,1701151546-0011-R_T_crop_013.png,train,0,ring,1666,788,1694,838,ground_truth
train\images\1701151546-0011-R_T.jpg,1701151546-0011-R_T_crop_014.png,train,0,ring,1668,281,1713,330,ground_truth
train\images\1701151546-0011-R_T.jpg,1701151546-0011-R_T_crop_015.png,train,0,ring,1692,765,1744,815,ground_truth
train\images\1701151546-0011-R_T.jpg,1701151546-0011-R_T_crop_016.png,train,0,ring,1997,889,2048,934,ground_truth
train\images\1701151546-0011-R_T.jpg,1701151546-0011-R_T_crop_017.png,train,0,ring,2526,561,2569,600,ground_truth
train\images\1701151546-0011-R_T.jpg,1701151546-0011-R_T_crop_018.png,train,0,ring,2532,257,2582,306,ground_truth
train\images\1701151546-0013-R_T.jpg,1701151546-0013-R_T_crop_000.png,train,0,ring,144,1359,184,1393,ground_truth
train\images\1701151546-0013-R_T.jpg,1701151546-0013-R_T_crop_001.png,train,0,ring,183,1503,226,1541,ground_truth
train\images\1701151546-0013-R_T.jpg,1701151546-0013-R_T_crop_002.png,train,0,ring,553,1385,598,1433,ground_truth
train\images\1701151546-0013-R_T.jpg,1701151546-0013-R_T_crop_003.png,train,0,ring,570,1447,599,1493,ground_truth
train\images\1701151546-0013-R_T.jpg,1701151546-0013-R_T_crop_004.png,train,0,ring,589,1246,639,1283,ground_truth
train\images\1701151546-0013-R_T.jpg,1701151546-0013-R_T_crop_005.png,train,0,ring,664,875,707,921,ground_truth
train\images\1701151546-0013-R_T.jpg,1701151546-0013-R_T_crop_006.png,train,0,ring,685,1183,727,1228,ground_truth
train\images\1701151546-0013-R_T.jpg,1701151546-0013-R_T_crop_007.png,train,0,ring,736,974,776,1008,ground_truth
train\images\1701151546-0013-R_T.jpg,1701151546-0013-R_T_crop_008.png,train,0,ring,757,633,792,661,ground_truth
train\images\1701151546-0013-R_T.jpg,1701151546-0013-R_T_crop_009.png,train,0,ring,956,1223,1021,1296,ground_truth
train\images\1701151546-0013-R_T.jpg,1701151546-0013-R_T_crop_010.png,train,0,ring,1061,1328,1098,1370,ground_truth
train\images\1701151546-0013-R_T.jpg,1701151546-0013-R_T_crop_011.png,train,0,ring,1100,484,1141,527,ground_truth
train\images\1701151546-0013-R_T.jpg,1701151546-0013-R_T_crop_012.png,train,0,ring,1141,934,1177,964,ground_truth
train\images\1701151546-0013-R_T.jpg,1701151546-0013-R_T_crop_013.png,train,0,ring,1384,893,1430,936,ground_truth
train\images\1701151546-0013-R_T.jpg,1701151546-0013-R_T_crop_014.png,train,0,ring,1394,443,1427,478,ground_truth
train\images\1701151546-0013-R_T.jpg,1701151546-0013-R_T_crop_015.png,train,0,ring,1537,330,1583,364,ground_truth
train\images\1701151546-0013-R_T.jpg,1701151546-0013-R_T_crop_016.png,train,0,ring,1548,1043,1588,1088,ground_truth
train\images\1701151546-0013-R_T.jpg,1701151546-0013-R_T_crop_017.png,train,0,ring,1738,1,1784,44,ground_truth
train\images\1701151546-0013-R_T.jpg,1701151546-0013-R_T_crop_018.png,train,0,ring,1768,1703,1806,1743,ground_truth
train\images\1701151546-0013-R_T.jpg,1701151546-0013-R_T_crop_019.png,train,0,ring,1813,1730,1843,1766,ground_truth
train\images\1701151546-0013-R_T.jpg,1701151546-0013-R_T_crop_020.png,train,0,ring,1870,400,1912,437,ground_truth
train\images\1701151546-0013-R_T.jpg,1701151546-0013-R_T_crop_021.png,train,0,ring,1880,1505,1918,1552,ground_truth
train\images\1701151546-0013-R_T.jpg,1701151546-0013-R_T_crop_022.png,train,0,ring,1890,1190,1925,1229,ground_truth
train\images\1701151546-0013-R_T.jpg,1701151546-0013-R_T_crop_023.png,train,0,ring,1910,441,1939,481,ground_truth
train\images\1701151546-0013-R_T.jpg,1701151546-0013-R_T_crop_024.png,train,0,ring,2216,270,2255,329,ground_truth
train\images\1701151546-0013-R_T.jpg,1701151546-0013-R_T_crop_025.png,train,0,ring,2247,308,2262,326,ground_truth
train\images\1701151546-0013-R_T.jpg,1701151546-0013-R_T_crop_026.png,train,0,ring,2281,353,2344,420,ground_truth
train\images\1701151546-0013-R_T.jpg,1701151546-0013-R_T_crop_027.png,train,0,ring,2463,1839,2500,1879,ground_truth
train\images\1701151546-0013-R_T.jpg,1701151546-0013-R_T_crop_028.png,train,0,ring,2486,937,2525,977,ground_truth
train\images\1701151546-0013-R_T.jpg,1701151546-0013-R_T_crop_029.png,train,0,ring,2508,575,2548,619,ground_truth
train\images\1701151546-0014-R.jpg,1701151546-0014-R_crop_000.png,train,0,ring,31,1060,62,1101,ground_truth
train\images\1701151546-0014-R.jpg,1701151546-0014-R_crop_001.png,train,0,ring,55,940,90,973,ground_truth
train\images\1701151546-0014-R.jpg,1701151546-0014-R_crop_002.png,train,0,ring,69,646,87,661,ground_truth
train\images\1701151546-0014-R.jpg,1701151546-0014-R_crop_003.png,train,0,ring,60,98,105,143,ground_truth
train\images\1701151546-0014-R.jpg,1701151546-0014-R_crop_004.png,train,0,ring,77,234,124,279,ground_truth
train\images\1701151546-0014-R.jpg,1701151546-0014-R_crop_005.png,train,0,ring,135,381,168,414,ground_truth
train\images\1701151546-0014-R.jpg,1701151546-0014-R_crop_006.png,train,0,ring,189,479,224,515,ground_truth
train\images\1701151546-0014-R.jpg,1701151546-0014-R_crop_007.png,train,0,ring,269,1431,306,1465,ground_truth
train\images\1701151546-0014-R.jpg,1701151546-0014-R_crop_008.png,train,0,ring,269,1526,306,1558,ground_truth
train\images\1701151546-0014-R.jpg,1701151546-0014-R_crop_009.png,train,0,ring,330,607,370,642,ground_truth
train\images\1701151546-0014-R.jpg,1701151546-0014-R_crop_010.png,train,0,ring,341,476,377,510,ground_truth
train\images\1701151546-0014-R.jpg,1701151546-0014-R_crop_011.png,train,0,ring,338,1075,377,1121,ground_truth
train\images\1701151546-0014-R.jpg,1701151546-0014-R_crop_012.png,train,0,ring,361,178,379,198,ground_truth
train\images\1701151546-0014-R.jpg,1701151546-0014-R_crop_013.png,train,0,ring,363,99,389,119,ground_truth
train\images\1701151546-0014-R.jpg,1701151546-0014-R_crop_014.png,train,0,ring,392,1704,438,1743,ground_truth
train\images\1701151546-0014-R.jpg,1701151546-0014-R_crop_015.png,train,0,ring,443,1882,472,1932,ground_truth
train\images\1701151546-0014-R.jpg,1701151546-0014-R_crop_016.png,train,0,ring,568,188,592,208,ground_truth
train\images\1701151546-0014-R.jpg,1701151546-0014-R_crop_017.png,train,0,ring,574,136,586,146,ground_truth
train\images\1701151546-0014-R.jpg,1701151546-0014-R_crop_018.png,train,0,ring,599,225,620,245,ground_truth
train\images\1701151546-0014-R.jpg,1701151546-0014-R_crop_019.png,train,0,ring,615,200,630,217,ground_truth
train\images\1701151546-0014-R.jpg,1701151546-0014-R_crop_020.png,train,0,ring,620,573,643,592,ground_truth
train\images\1701151546-0014-R.jpg,1701151546-0014-R_crop_021.png,train,0,ring,682,142,726,171,ground_truth
train\images\1701151546-0014-R.jpg,1701151546-0014-R_crop_022.png,train,0,ring,716,227,732,240,ground_truth
train\images\1701151546-0014-R.jpg,1701151546-0014-R_crop_023.png,train,0,ring,706,1274,761,1343,ground_truth
train\images\1701151546-0014-R.jpg,1701151546-0014-R_crop_024.png,train,0,ring,717,97,763,118,ground_truth
train\images\1701151546-0014-R.jpg,1701151546-0014-R_crop_025.png,train,0,ring,778,123,794,141,ground_truth
train\images\1701151546-0014-R.jpg,1701151546-0014-R_crop_026.png,train,0,ring,788,1862,825,1914,ground_truth
train\images\1701151546-0014-R.jpg,1701151546-0014-R_crop_027.png,train,0,ring,866,1375,898,1409,ground_truth
train\images\1701151546-0014-R.jpg,1701151546-0014-R_crop_028.png,train,0,ring,916,764,952,802,ground_truth
train\images\1701151546-0014-R.jpg,1701151546-0014-R_crop_029.png,train,0,ring,934,1473,974,1509,ground_truth
train\images\1701151546-0014-R.jpg,1701151546-0014-R_crop_030.png,train,0,ring,945,568,980,604,ground_truth
train\images\1701151546-0014-R.jpg,1701151546-0014-R_crop_031.png,train,0,ring,960,1351,995,1381,ground_truth
train\images\1701151546-0014-R.jpg,1701151546-0014-R_crop_032.png,train,0,ring,964,1492,994,1517,ground_truth
train\images\1701151546-0014-R.jpg,1701151546-0014-R_crop_033.png,train,0,ring,973,1528,1001,1556,ground_truth
train\images\1701151546-0014-R.jpg,1701151546-0014-R_crop_034.png,train,0,ring,992,1343,1028,1382,ground_truth
train\images\1701151546-0014-R.jpg,1701151546-0014-R_crop_035.png,train,0,ring,993,1219,1038,1264,ground_truth
train\images\1701151546-0014-R.jpg,1701151546-0014-R_crop_036.png,train,0,ring,999,150,1036,188,ground_truth
train\images\1701151546-0014-R.jpg,1701151546-0014-R_crop_037.png,train,0,ring,1177,107,1200,130,ground_truth
train\images\1701151546-0014-R.jpg,1701151546-0014-R_crop_038.png,train,0,ring,1259,396,1278,416,ground_truth
train\images\1701151546-0014-R.jpg,1701151546-0014-R_crop_039.png,train,0,ring,1360,451,1376,466,ground_truth
train\images\1701151546-0014-R.jpg,1701151546-0014-R_crop_040.png,train,0,ring,1378,12,1400,31,ground_truth
train\images\1701151546-0014-R.jpg,1701151546-0014-R_crop_041.png,train,0,ring,1450,111,1471,131,ground_truth
train\images\1701151546-0014-R.jpg,1701151546-0014-R_crop_042.png,train,0,ring,1464,1636,1494,1695,ground_truth
train\images\1701151546-0014-R.jpg,1701151546-0014-R_crop_043.png,train,0,ring,1475,153,1516,191,ground_truth
train\images\1701151546-0014-R.jpg,1701151546-0014-R_crop_044.png,train,0,ring,1529,1169,1548,1189,ground_truth
train\images\1701151546-0014-R.jpg,1701151546-0014-R_crop_045.png,train,0,ring,1687,7,1709,27,ground_truth
train\images\1701151546-0014-R.jpg,1701151546-0014-R_crop_046.png,train,0,ring,1707,1375,1733,1401,ground_truth
train\images\1701151546-0014-R.jpg,1701151546-0014-R_crop_047.png,train,0,ring,1720,902,1750,976,ground_truth
train\images\1701151546-0014-R.jpg,1701151546-0014-R_crop_048.png,train,0,ring,1802,312,1818,327,ground_truth
train\images\1701151546-0014-R.jpg,1701151546-0014-R_crop_049.png,train,0,ring,1858,313,1874,329,ground_truth
train\images\1701151546-0014-R.jpg,1701151546-0014-R_crop_050.png,train,0,ring,1877,301,1895,318,ground_truth
train\images\1701151546-0014-R.jpg,1701151546-0014-R_crop_051.png,train,0,ring,1929,1845,1972,1884,ground_truth
train\images\1701151546-0014-R.jpg,1701151546-0014-R_crop_052.png,train,0,ring,1966,1006,2012,1046,ground_truth
train\images\1701151546-0014-R.jpg,1701151546-0014-R_crop_053.png,train,0,ring,2017,123,2036,146,ground_truth
train\images\1701151546-0014-R.jpg,1701151546-0014-R_crop_054.png,train,0,ring,2047,173,2059,188,ground_truth
train\images\1701151546-0014-R.jpg,1701151546-0014-R_crop_055.png,train,0,ring,2103,624,2137,657,ground_truth
train\images\1701151546-0014-R.jpg,1701151546-0014-R_crop_056.png,train,0,ring,2131,4,2155,26,ground_truth
train\images\1701151546-0014-R.jpg,1701151546-0014-R_crop_057.png,train,0,ring,2130,1713,2168,1749,ground_truth
train\images\1701151546-0014-R.jpg,1701151546-0014-R_crop_058.png,train,0,ring,2136,589,2163,607,ground_truth
train\images\1701151546-0014-R.jpg,1701151546-0014-R_crop_059.png,train,0,ring,2145,220,2192,269,ground_truth
train\images\1701151546-0014-R.jpg,1701151546-0014-R_crop_060.png,train,0,ring,2187,1871,2229,1912,ground_truth
train\images\1701151546-0014-R.jpg,1701151546-0014-R_crop_061.png,train,0,ring,2313,411,2338,430,ground_truth
train\images\1701151546-0014-R.jpg,1701151546-0014-R_crop_062.png,train,0,ring,2326,1522,2360,1551,ground_truth
train\images\1701151546-0014-R.jpg,1701151546-0014-R_crop_063.png,train,0,ring,2440,148,2462,168,ground_truth
train\images\1701151546-0014-R.jpg,1701151546-0014-R_crop_064.png,train,0,ring,2452,1851,2488,1901,ground_truth
train\images\1701151546-0014-R.jpg,1701151546-0014-R_crop_065.png,train,0,ring,2459,1358,2505,1391,ground_truth
train\images\1701151546-0014-R.jpg,1701151546-0014-R_crop_066.png,train,0,ring,2524,1770,2563,1805,ground_truth
train\images\1701151546-0015-R_T.jpg,1701151546-0015-R_T_crop_000.png,train,0,ring,83,622,99,642,ground_truth
train\images\1701151546-0015-R_T.jpg,1701151546-0015-R_T_crop_001.png,train,0,ring,149,1361,188,1396,ground_truth
train\images\1701151546-0015-R_T.jpg,1701151546-0015-R_T_crop_002.png,train,0,ring,200,1058,248,1103,ground_truth
train\images\1701151546-0015-R_T.jpg,1701151546-0015-R_T_crop_003.png,train,0,ring,356,444,388,493,ground_truth
train\images\1701151546-0015-R_T.jpg,1701151546-0015-R_T_crop_004.png,train,0,ring,366,1191,402,1230,ground_truth
train\images\1701151546-0015-R_T.jpg,1701151546-0015-R_T_crop_005.png,train,0,ring,378,448,432,515,ground_truth
train\images\1701151546-0015-R_T.jpg,1701151546-0015-R_T_crop_006.png,train,0,ring,355,325,499,444,ground_truth
train\images\1701151546-0015-R_T.jpg,1701151546-0015-R_T_crop_007.png,train,0,ring,466,1102,508,1147,ground_truth
train\images\1701151546-0015-R_T.jpg,1701151546-0015-R_T_crop_008.png,train,0,ring,660,126,703,164,ground_truth
train\images\1701151546-0015-R_T.jpg,1701151546-0015-R_T_crop_009.png,train,0,ring,719,689,755,733,ground_truth
train\images\1701151546-0015-R_T.jpg,1701151546-0015-R_T_crop_010.png,train,0,ring,802,1091,838,1128,ground_truth
train\images\1701151546-0015-R_T.jpg,1701151546-0015-R_T_crop_011.png,train,0,ring,833,532,873,572,ground_truth
train\images\1701151546-0015-R_T.jpg,1701151546-0015-R_T_crop_012.png,train,0,ring,872,534,906,566,ground_truth
train\images\1701151546-0015-R_T.jpg,1701151546-0015-R_T_crop_013.png,train,0,ring,888,1329,928,1359,ground_truth
train\images\1701151546-0015-R_T.jpg,1701151546-0015-R_T_crop_014.png,train,0,ring,931,141,978,201,ground_truth
train\images\1701151546-0015-R_T.jpg,1701151546-0015-R_T_crop_015.png,train,0,ring,938,525,1010,597,ground_truth
train\images\1701151546-0015-R_T.jpg,1701151546-0015-R_T_crop_016.png,train,0,ring,1014,585,1068,638,ground_truth
train\images\1701151546-0015-R_T.jpg,1701151546-0015-R_T_crop_017.png,train,0,ring,1221,1145,1278,1225,ground_truth
train\images\1701151546-0015-R_T.jpg,1701151546-0015-R_T_crop_018.png,train,0,ring,1271,1542,1320,1588,ground_truth
train\images\1701151546-0015-R_T.jpg,1701151546-0015-R_T_crop_019.png,train,0,ring,1326,69,1371,104,ground_truth
train\images\1701151546-0015-R_T.jpg,1701151546-0015-R_T_crop_020.png,train,0,ring,1342,887,1388,932,ground_truth
train\images\1701151546-0015-R_T.jpg,1701151546-0015-R_T_crop_021.png,train,0,ring,1379,168,1428,220,ground_truth
train\images\1701151546-0015-R_T.jpg,1701151546-0015-R_T_crop_022.png,train,0,ring,1399,126,1440,172,ground_truth
train\images\1701151546-0015-R_T.jpg,1701151546-0015-R_T_crop_023.png,train,0,ring,1429,756,1490,795,ground_truth
train\images\1701151546-0015-R_T.jpg,1701151546-0015-R_T_crop_024.png,train,0,ring,1441,168,1492,217,ground_truth
train\images\1701151546-0015-R_T.jpg,1701151546-0015-R_T_crop_025.png,train,0,ring,1465,887,1537,973,ground_truth
train\images\1701151546-0015-R_T.jpg,1701151546-0015-R_T_crop_026.png,train,0,ring,1506,427,1543,464,ground_truth
train\images\1701151546-0015-R_T.jpg,1701151546-0015-R_T_crop_027.png,train,0,ring,1511,1046,1561,1091,ground_truth
train\images\1701151546-0015-R_T.jpg,1701151546-0015-R_T_crop_028.png,train,0,ring,1525,228,1560,263,ground_truth
train\images\1701151546-0015-R_T.jpg,1701151546-0015-R_T_crop_029.png,train,0,ring,1569,1520,1616,1564,ground_truth
train\images\1701151546-0015-R_T.jpg,1701151546-0015-R_T_crop_030.png,train,0,ring,1844,1336,1888,1371,ground_truth
train\images\1701151546-0015-R_T.jpg,1701151546-0015-R_T_crop_031.png,train,0,ring,1874,1535,1905,1577,ground_truth
train\images\1701151546-0015-R_T.jpg,1701151546-0015-R_T_crop_032.png,train,0,ring,1888,1561,1932,1601,ground_truth
train\images\1701151546-0015-R_T.jpg,1701151546-0015-R_T_crop_033.png,train,0,ring,1928,1295,1962,1323,ground_truth
train\images\1701151546-0015-R_T.jpg,1701151546-0015-R_T_crop_034.png,train,0,ring,2063,1849,2086,1875,ground_truth
train\images\1701151546-0015-R_T.jpg,1701151546-0015-R_T_crop_035.png,train,0,ring,2061,694,2096,733,ground_truth
train\images\1701151546-0015-R_T.jpg,1701151546-0015-R_T_crop_036.png,train,0,ring,2091,689,2137,728,ground_truth
train\images\1703121298-0002-S.jpg,1703121298-0002-S_crop_000.png,train,0,ring,1141,878,1281,1039,ground_truth
train\images\1703121298-0003-R.jpg,1703121298-0003-R_crop_000.png,train,0,ring,1212,1098,1261,1148,ground_truth
train\images\1703121298-0004-R.jpg,1703121298-0004-R_crop_000.png,train,0,ring,1096,434,1218,547,ground_truth
train\images\1703121298-0005-R.jpg,1703121298-0005-R_crop_000.png,train,0,ring,1006,1515,1049,1554,ground_truth
train\images\1703121298-0006-R.jpg,1703121298-0006-R_crop_000.png,train,0,ring,1322,535,1409,613,ground_truth
train\images\1703121298-0006-R.jpg,1703121298-0006-R_crop_001.png,train,0,ring,1418,1177,1477,1281,ground_truth
train\images\1703121298-0008-G.jpg,1703121298-0008-G_crop_000.png,train,0,ring,1389,823,1564,1045,ground_truth
train\images\1703121298-0009-R.jpg,1703121298-0009-R_crop_000.png,train,0,ring,1317,1076,1365,1139,ground_truth
train\images\1703121298-0011-R.jpg,1703121298-0011-R_crop_000.png,train,0,ring,737,769,877,925,ground_truth
train\images\1703121298-0016-G.jpg,1703121298-0016-G_crop_000.png,train,0,ring,277,420,461,599,ground_truth
train\images\1703121298-0016-G.jpg,1703121298-0016-G_crop_001.png,train,0,ring,1830,860,1991,1014,ground_truth
train\images\1703121298-0017-R.jpg,1703121298-0017-R_crop_000.png,train,0,ring,1165,389,1293,557,ground_truth
train\images\1703121298-0017-R.jpg,1703121298-0017-R_crop_001.png,train,0,ring,1629,1544,1695,1624,ground_truth
train\images\1704282807-0001-R.jpg,1704282807-0001-R_crop_000.png,train,0,ring,34,558,107,620,ground_truth
train\images\1704282807-0001-R.jpg,1704282807-0001-R_crop_001.png,train,0,ring,103,1861,178,1926,ground_truth
train\images\1704282807-0001-R.jpg,1704282807-0001-R_crop_002.png,train,0,ring,264,1143,327,1208,ground_truth
train\images\1704282807-0001-R.jpg,1704282807-0001-R_crop_003.png,train,0,ring,417,332,493,386,ground_truth
train\images\1704282807-0001-R.jpg,1704282807-0001-R_crop_004.png,train,0,ring,915,1192,985,1252,ground_truth
train\images\1704282807-0001-R.jpg,1704282807-0001-R_crop_005.png,train,0,ring,1216,517,1288,587,ground_truth
train\images\1704282807-0001-R.jpg,1704282807-0001-R_crop_006.png,train,0,ring,1480,62,1559,128,ground_truth
train\images\1704282807-0001-R.jpg,1704282807-0001-R_crop_007.png,train,0,ring,1799,24,1914,79,ground_truth
train\images\1704282807-0001-R.jpg,1704282807-0001-R_crop_008.png,train,0,ring,1835,1320,1907,1398,ground_truth
train\images\1704282807-0001-R.jpg,1704282807-0001-R_crop_009.png,train,0,ring,2325,583,2386,630,ground_truth
train\images\1704282807-0004-R_T.jpg,1704282807-0004-R_T_crop_000.png,train,0,ring,193,1866,254,1923,ground_truth
train\images\1704282807-0004-R_T.jpg,1704282807-0004-R_T_crop_001.png,train,0,ring,499,885,576,944,ground_truth
train\images\1704282807-0004-R_T.jpg,1704282807-0004-R_T_crop_002.png,train,0,ring,732,642,780,711,ground_truth
train\images\1704282807-0004-R_T.jpg,1704282807-0004-R_T_crop_003.png,train,0,ring,838,1747,898,1814,ground_truth
train\images\1704282807-0004-R_T.jpg,1704282807-0004-R_T_crop_004.png,train,0,ring,1041,513,1110,577,ground_truth
train\images\1704282807-0004-R_T.jpg,1704282807-0004-R_T_crop_005.png,train,0,ring,1111,865,1165,924,ground_truth
train\images\1704282807-0004-R_T.jpg,1704282807-0004-R_T_crop_006.png,train,0,ring,1363,467,1444,519,ground_truth
train\images\1704282807-0004-R_T.jpg,1704282807-0004-R_T_crop_007.png,train,0,ring,1757,384,1816,461,ground_truth
train\images\1704282807-0004-R_T.jpg,1704282807-0004-R_T_crop_008.png,train,0,ring,1793,1804,1880,1912,ground_truth
train\images\1704282807-0004-R_T.jpg,1704282807-0004-R_T_crop_009.png,train,0,ring,1912,144,1999,208,ground_truth
train\images\1704282807-0004-R_T.jpg,1704282807-0004-R_T_crop_010.png,train,0,ring,2498,367,2565,431,ground_truth
train\images\1704282807-0007-R.jpg,1704282807-0007-R_crop_000.png,train,0,ring,252,927,309,986,ground_truth
train\images\1704282807-0007-R.jpg,1704282807-0007-R_crop_001.png,train,0,ring,272,245,346,314,ground_truth
train\images\1704282807-0007-R.jpg,1704282807-0007-R_crop_002.png,train,0,ring,292,307,360,369,ground_truth
train\images\1704282807-0007-R.jpg,1704282807-0007-R_crop_003.png,train,0,ring,319,1429,376,1478,ground_truth
train\images\1704282807-0007-R.jpg,1704282807-0007-R_crop_004.png,train,0,ring,448,907,498,962,ground_truth
train\images\1704282807-0007-R.jpg,1704282807-0007-R_crop_005.png,train,0,ring,684,1259,757,1328,ground_truth
train\images\1704282807-0007-R.jpg,1704282807-0007-R_crop_006.png,train,0,ring,898,69,964,153,ground_truth
train\images\1704282807-0007-R.jpg,1704282807-0007-R_crop_007.png,train,0,ring,959,1175,1026,1244,ground_truth
train\images\1704282807-0007-R.jpg,1704282807-0007-R_crop_008.png,train,0,ring,1370,206,1428,265,ground_truth
train\images\1704282807-0007-R.jpg,1704282807-0007-R_crop_009.png,train,0,ring,1408,1809,1485,1884,ground_truth
train\images\1704282807-0007-R.jpg,1704282807-0007-R_crop_010.png,train,0,ring,1562,1060,1634,1132,ground_truth
train\images\1704282807-0007-R.jpg,1704282807-0007-R_crop_011.png,train,0,ring,1622,466,1688,529,ground_truth
train\images\1704282807-0007-R.jpg,1704282807-0007-R_crop_012.png,train,0,ring,1936,617,1981,671,ground_truth
train\images\1704282807-0007-R.jpg,1704282807-0007-R_crop_013.png,train,0,ring,1948,408,2011,466,ground_truth
train\images\1704282807-0007-R.jpg,1704282807-0007-R_crop_014.png,train,0,ring,2289,709,2364,778,ground_truth
train\images\1704282807-0007-R.jpg,1704282807-0007-R_crop_015.png,train,0,ring,2472,502,2545,567,ground_truth
train\images\1704282807-0008-R.jpg,1704282807-0008-R_crop_000.png,train,0,ring,196,1617,244,1666,ground_truth
train\images\1704282807-0008-R.jpg,1704282807-0008-R_crop_001.png,train,0,ring,344,366,409,437,ground_truth
train\images\1704282807-0008-R.jpg,1704282807-0008-R_crop_002.png,train,0,ring,432,1279,497,1341,ground_truth
train\images\1704282807-0008-R.jpg,1704282807-0008-R_crop_003.png,train,0,ring,452,688,507,741,ground_truth
train\images\1704282807-0008-R.jpg,1704282807-0008-R_crop_004.png,train,0,ring,490,1026,558,1089,ground_truth
train\images\1704282807-0008-R.jpg,1704282807-0008-R_crop_005.png,train,0,ring,687,1071,753,1140,ground_truth
train\images\1704282807-0008-R.jpg,1704282807-0008-R_crop_006.png,train,0,ring,747,857,807,912,ground_truth
train\images\1704282807-0008-R.jpg,1704282807-0008-R_crop_007.png,train,0,ring,909,1391,964,1450,ground_truth
train\images\1704282807-0008-R.jpg,1704282807-0008-R_crop_008.png,train,0,ring,986,984,1044,1073,ground_truth
train\images\1704282807-0008-R.jpg,1704282807-0008-R_crop_009.png,train,0,ring,1233,1314,1284,1368,ground_truth
train\images\1704282807-0008-R.jpg,1704282807-0008-R_crop_010.png,train,0,ring,1298,1001,1361,1056,ground_truth
train\images\1704282807-0008-R.jpg,1704282807-0008-R_crop_011.png,train,0,ring,1298,1039,1373,1101,ground_truth
train\images\1704282807-0008-R.jpg,1704282807-0008-R_crop_012.png,train,0,ring,1503,1291,1568,1359,ground_truth
train\images\1704282807-0008-R.jpg,1704282807-0008-R_crop_013.png,train,0,ring,1875,1802,1939,1862,ground_truth
train\images\1704282807-0008-R.jpg,1704282807-0008-R_crop_014.png,train,0,ring,2169,86,2233,151,ground_truth
train\images\1704282807-0008-R.jpg,1704282807-0008-R_crop_015.png,train,0,ring,2296,1872,2346,1926,ground_truth
train\images\1704282807-0008-R.jpg,1704282807-0008-R_crop_016.png,train,0,ring,2406,1001,2462,1061,ground_truth
train\images\1704282807-0008-R.jpg,1704282807-0008-R_crop_017.png,train,0,ring,2509,1569,2562,1619,ground_truth
train\images\1704282807-0009-R.jpg,1704282807-0009-R_crop_000.png,train,0,ring,73,458,134,514,ground_truth
train\images\1704282807-0009-R.jpg,1704282807-0009-R_crop_001.png,train,0,ring,334,1296,397,1346,ground_truth
train\images\1704282807-0009-R.jpg,1704282807-0009-R_crop_002.png,train,0,ring,1151,1644,1198,1693,ground_truth
train\images\1704282807-0009-R.jpg,1704282807-0009-R_crop_003.png,train,0,ring,1207,150,1262,205,ground_truth
train\images\1704282807-0009-R.jpg,1704282807-0009-R_crop_004.png,train,0,ring,1323,1248,1394,1306,ground_truth
train\images\1704282807-0009-R.jpg,1704282807-0009-R_crop_005.png,train,0,ring,1652,582,1699,642,ground_truth
train\images\1704282807-0009-R.jpg,1704282807-0009-R_crop_006.png,train,0,ring,1705,278,1764,342,ground_truth
train\images\1704282807-0009-R.jpg,1704282807-0009-R_crop_007.png,train,0,ring,1795,954,1855,1021,ground_truth
train\images\1704282807-0009-R.jpg,1704282807-0009-R_crop_008.png,train,0,ring,1973,1476,2032,1533,ground_truth
train\images\1704282807-0009-R.jpg,1704282807-0009-R_crop_009.png,train,0,ring,2102,1703,2165,1758,ground_truth
train\images\1704282807-0009-R.jpg,1704282807-0009-R_crop_010.png,train,0,ring,2417,1856,2469,1911,ground_truth
train\images\1704282807-0009-R.jpg,1704282807-0009-R_crop_011.png,train,0,ring,2493,103,2542,160,ground_truth
train\images\1704282807-0013-R_T.jpg,1704282807-0013-R_T_crop_000.png,train,0,ring,44,1135,108,1193,ground_truth
train\images\1704282807-0013-R_T.jpg,1704282807-0013-R_T_crop_001.png,train,0,ring,751,1693,828,1753,ground_truth
train\images\1704282807-0013-R_T.jpg,1704282807-0013-R_T_crop_002.png,train,0,ring,1005,805,1067,857,ground_truth
train\images\1704282807-0013-R_T.jpg,1704282807-0013-R_T_crop_003.png,train,0,ring,1122,1775,1183,1840,ground_truth
train\images\1704282807-0013-R_T.jpg,1704282807-0013-R_T_crop_004.png,train,0,ring,1313,761,1424,864,ground_truth
train\images\1704282807-0013-R_T.jpg,1704282807-0013-R_T_crop_005.png,train,0,ring,1370,401,1421,451,ground_truth
train\images\1704282807-0013-R_T.jpg,1704282807-0013-R_T_crop_006.png,train,0,ring,1384,1000,1433,1051,ground_truth
train\images\1704282807-0013-R_T.jpg,1704282807-0013-R_T_crop_007.png,train,0,ring,1474,741,1515,783,ground_truth
train\images\1704282807-0013-R_T.jpg,1704282807-0013-R_T_crop_008.png,train,0,ring,1551,1641,1617,1717,ground_truth
train\images\1704282807-0013-R_T.jpg,1704282807-0013-R_T_crop_009.png,train,0,ring,1738,328,1801,377,ground_truth
train\images\1704282807-0013-R_T.jpg,1704282807-0013-R_T_crop_010.png,train,0,ring,1875,1569,1931,1629,ground_truth
train\images\1704282807-0013-R_T.jpg,1704282807-0013-R_T_crop_011.png,train,0,ring,1899,1611,1962,1671,ground_truth
train\images\1704282807-0013-R_T.jpg,1704282807-0013-R_T_crop_012.png,train,0,ring,1906,413,1961,473,ground_truth
train\images\1704282807-0013-R_T.jpg,1704282807-0013-R_T_crop_013.png,train,0,ring,1957,240,2000,285,ground_truth
train\images\1704282807-0013-R_T.jpg,1704282807-0013-R_T_crop_014.png,train,0,ring,2169,549,2233,596,ground_truth
train\images\1704282807-0013-R_T.jpg,1704282807-0013-R_T_crop_015.png,train,0,ring,2204,87,2270,161,ground_truth
train\images\1704282807-0013-R_T.jpg,1704282807-0013-R_T_crop_016.png,train,0,ring,2220,1338,2279,1418,ground_truth
train\images\1704282807-0013-R_T.jpg,1704282807-0013-R_T_crop_017.png,train,0,ring,2325,274,2383,344,ground_truth
train\images\1704282807-0013-R_T.jpg,1704282807-0013-R_T_crop_018.png,train,0,ring,2335,543,2408,607,ground_truth
train\images\1704282807-0013-R_T.jpg,1704282807-0013-R_T_crop_019.png,train,0,ring,2341,1179,2406,1239,ground_truth
train\images\1704282807-0013-R_T.jpg,1704282807-0013-R_T_crop_020.png,train,0,ring,2403,699,2439,754,ground_truth
train\images\1704282807-0013-R_T.jpg,1704282807-0013-R_T_crop_021.png,train,0,ring,2410,1620,2459,1677,ground_truth
train\images\1704282807-0013-R_T.jpg,1704282807-0013-R_T_crop_022.png,train,0,ring,2441,1636,2508,1710,ground_truth
train\images\1704282807-0013-R_T.jpg,1704282807-0013-R_T_crop_023.png,train,0,ring,2459,704,2518,763,ground_truth
train\images\1704282807-0014-R.jpg,1704282807-0014-R_crop_000.png,train,0,ring,46,212,121,285,ground_truth
train\images\1704282807-0014-R.jpg,1704282807-0014-R_crop_001.png,train,0,ring,81,1252,142,1315,ground_truth
train\images\1704282807-0014-R.jpg,1704282807-0014-R_crop_002.png,train,0,ring,103,1524,172,1584,ground_truth
train\images\1704282807-0014-R.jpg,1704282807-0014-R_crop_003.png,train,0,ring,264,1766,331,1815,ground_truth
train\images\1704282807-0014-R.jpg,1704282807-0014-R_crop_004.png,train,0,ring,330,1694,382,1763,ground_truth
train\images\1704282807-0014-R.jpg,1704282807-0014-R_crop_005.png,train,0,ring,401,263,487,352,ground_truth
train\images\1704282807-0014-R.jpg,1704282807-0014-R_crop_006.png,train,0,ring,414,1364,483,1442,ground_truth
train\images\1704282807-0014-R.jpg,1704282807-0014-R_crop_007.png,train,0,ring,545,1649,594,1713,ground_truth
train\images\1704282807-0014-R.jpg,1704282807-0014-R_crop_008.png,train,0,ring,793,1830,866,1904,ground_truth
train\images\1704282807-0014-R.jpg,1704282807-0014-R_crop_009.png,train,0,ring,830,1040,878,1097,ground_truth
train\images\1704282807-0014-R.jpg,1704282807-0014-R_crop_010.png,train,0,ring,869,1559,929,1611,ground_truth
train\images\1704282807-0014-R.jpg,1704282807-0014-R_crop_011.png,train,0,ring,939,653,984,708,ground_truth
train\images\1704282807-0014-R.jpg,1704282807-0014-R_crop_012.png,train,0,ring,959,1473,1019,1527,ground_truth
train\images\1704282807-0014-R.jpg,1704282807-0014-R_crop_013.png,train,0,ring,1064,291,1134,362,ground_truth
train\images\1704282807-0014-R.jpg,1704282807-0014-R_crop_014.png,train,0,ring,1663,831,1724,897,ground_truth
train\images\1704282807-0014-R.jpg,1704282807-0014-R_crop_015.png,train,0,ring,1671,1837,1726,1902,ground_truth
train\images\1704282807-0014-R.jpg,1704282807-0014-R_crop_016.png,train,0,ring,1986,884,2057,947,ground_truth
train\images\1704282807-0014-R.jpg,1704282807-0014-R_crop_017.png,train,0,ring,2062,1827,2120,1892,ground_truth
train\images\1704282807-0014-R.jpg,1704282807-0014-R_crop_018.png,train,0,ring,2315,265,2368,319,ground_truth
train\images\1704282807-0014-R.jpg,1704282807-0014-R_crop_019.png,train,0,ring,2468,535,2526,596,ground_truth
train\images\1704282807-0014-R.jpg,1704282807-0014-R_crop_020.png,train,0,ring,2548,175,2588,210,ground_truth
train\images\1704282807-0014-R.jpg,1704282807-0014-R_crop_021.png,train,0,ring,2555,522,2588,558,ground_truth
train\images\1704282807-0015-R.jpg,1704282807-0015-R_crop_000.png,train,0,ring,129,12,200,96,ground_truth
train\images\1704282807-0015-R.jpg,1704282807-0015-R_crop_001.png,train,0,ring,186,1879,240,1931,ground_truth
train\images\1704282807-0015-R.jpg,1704282807-0015-R_crop_002.png,train,0,ring,220,775,294,837,ground_truth
train\images\1704282807-0015-R.jpg,1704282807-0015-R_crop_003.png,train,0,ring,246,377,317,452,ground_truth
train\images\1704282807-0015-R.jpg,1704282807-0015-R_crop_004.png,train,0,ring,317,1520,382,1589,ground_truth
train\images\1704282807-0015-R.jpg,1704282807-0015-R_crop_005.png,train,0,ring,670,670,731,726,ground_truth
train\images\1704282807-0015-R.jpg,1704282807-0015-R_crop_006.png,train,0,ring,736,778,811,835,ground_truth
train\images\1704282807-0015-R.jpg,1704282807-0015-R_crop_007.png,train,0,ring,783,1016,834,1072,ground_truth
train\images\1704282807-0015-R.jpg,1704282807-0015-R_crop_008.png,train,0,ring,1035,634,1096,684,ground_truth
train\images\1704282807-0015-R.jpg,1704282807-0015-R_crop_009.png,train,0,ring,1087,249,1151,329,ground_truth
train\images\1704282807-0015-R.jpg,1704282807-0015-R_crop_010.png,train,0,ring,1297,430,1348,481,ground_truth
train\images\1704282807-0015-R.jpg,1704282807-0015-R_crop_011.png,train,0,ring,1564,1497,1618,1547,ground_truth
train\images\1704282807-0015-R.jpg,1704282807-0015-R_crop_012.png,train,0,ring,1612,868,1648,912,ground_truth
train\images\1704282807-0015-R.jpg,1704282807-0015-R_crop_013.png,train,0,ring,1721,1762,1776,1827,ground_truth
train\images\1704282807-0015-R.jpg,1704282807-0015-R_crop_014.png,train,0,ring,1750,987,1809,1066,ground_truth
train\images\1704282807-0015-R.jpg,1704282807-0015-R_crop_015.png,train,0,ring,1799,1410,1838,1443,ground_truth
train\images\1704282807-0015-R.jpg,1704282807-0015-R_crop_016.png,train,0,ring,1803,1745,1840,1788,ground_truth
train\images\1704282807-0015-R.jpg,1704282807-0015-R_crop_017.png,train,0,ring,1795,960,1849,1039,ground_truth
train\images\1704282807-0015-R.jpg,1704282807-0015-R_crop_018.png,train,0,ring,1995,600,2053,654,ground_truth
train\images\1704282807-0015-R.jpg,1704282807-0015-R_crop_019.png,train,0,ring,2077,517,2142,597,ground_truth
train\images\1704282807-0015-R.jpg,1704282807-0015-R_crop_020.png,train,0,ring,2330,18,2351,42,ground_truth
train\images\1704282807-0017-R.jpg,1704282807-0017-R_crop_000.png,train,0,ring,264,1239,328,1284,ground_truth
train\images\1704282807-0017-R.jpg,1704282807-0017-R_crop_001.png,train,0,ring,288,274,362,356,ground_truth
train\images\1704282807-0017-R.jpg,1704282807-0017-R_crop_002.png,train,0,ring,299,1829,368,1892,ground_truth
train\images\1704282807-0017-R.jpg,1704282807-0017-R_crop_003.png,train,0,ring,372,110,427,165,ground_truth
train\images\1704282807-0017-R.jpg,1704282807-0017-R_crop_004.png,train,0,ring,442,1556,497,1611,ground_truth
train\images\1704282807-0017-R.jpg,1704282807-0017-R_crop_005.png,train,0,ring,612,287,675,347,ground_truth
train\images\1704282807-0017-R.jpg,1704282807-0017-R_crop_006.png,train,0,ring,659,1159,704,1221,ground_truth
train\images\1704282807-0017-R.jpg,1704282807-0017-R_crop_007.png,train,0,ring,681,557,738,615,ground_truth
train\images\1704282807-0017-R.jpg,1704282807-0017-R_crop_008.png,train,0,ring,696,1281,768,1351,ground_truth
train\images\1704282807-0017-R.jpg,1704282807-0017-R_crop_009.png,train,0,ring,699,884,766,954,ground_truth
train\images\1704282807-0017-R.jpg,1704282807-0017-R_crop_010.png,train,0,ring,753,287,808,342,ground_truth
train\images\1704282807-0017-R.jpg,1704282807-0017-R_crop_011.png,train,0,ring,784,1758,837,1830,ground_truth
train\images\1704282807-0017-R.jpg,1704282807-0017-R_crop_012.png,train,0,ring,1040,488,1097,548,ground_truth
train\images\1704282807-0017-R.jpg,1704282807-0017-R_crop_013.png,train,0,ring,1066,836,1111,889,ground_truth
train\images\1704282807-0017-R.jpg,1704282807-0017-R_crop_014.png,train,0,ring,1060,1191,1131,1263,ground_truth
train\images\1704282807-0017-R.jpg,1704282807-0017-R_crop_015.png,train,0,ring,1081,875,1130,919,ground_truth
train\images\1704282807-0017-R.jpg,1704282807-0017-R_crop_016.png,train,0,ring,1107,210,1157,270,ground_truth
train\images\1704282807-0017-R.jpg,1704282807-0017-R_crop_017.png,train,0,ring,1175,1225,1239,1309,ground_truth
train\images\1704282807-0017-R.jpg,1704282807-0017-R_crop_018.png,train,0,ring,1251,465,1310,529,ground_truth
train\images\1704282807-0017-R.jpg,1704282807-0017-R_crop_019.png,train,0,ring,1297,1211,1365,1284,ground_truth
train\images\1704282807-0017-R.jpg,1704282807-0017-R_crop_020.png,train,0,ring,1391,12,1440,62,ground_truth
train\images\1704282807-0017-R.jpg,1704282807-0017-R_crop_021.png,train,0,ring,1420,179,1489,246,ground_truth
train\images\1704282807-0017-R.jpg,1704282807-0017-R_crop_022.png,train,0,ring,1459,1591,1524,1654,ground_truth
train\images\1704282807-0017-R.jpg,1704282807-0017-R_crop_023.png,train,0,ring,1491,742,1545,824,ground_truth
train\images\1704282807-0017-R.jpg,1704282807-0017-R_crop_024.png,train,0,ring,1597,921,1673,973,ground_truth
train\images\1704282807-0017-R.jpg,1704282807-0017-R_crop_025.png,train,0,ring,1750,79,1796,131,ground_truth
train\images\1704282807-0017-R.jpg,1704282807-0017-R_crop_026.png,train,0,ring,1765,1726,1835,1790,ground_truth
train\images\1704282807-0017-R.jpg,1704282807-0017-R_crop_027.png,train,0,ring,1887,1239,1960,1309,ground_truth
train\images\1704282807-0017-R.jpg,1704282807-0017-R_crop_028.png,train,0,ring,2118,641,2183,706,ground_truth
train\images\1704282807-0017-R.jpg,1704282807-0017-R_crop_029.png,train,0,ring,2124,12,2177,86,ground_truth
train\images\1704282807-0017-R.jpg,1704282807-0017-R_crop_030.png,train,0,ring,2254,1683,2321,1767,ground_truth
train\images\1704282807-0017-R.jpg,1704282807-0017-R_crop_031.png,train,0,ring,2404,1621,2452,1691,ground_truth
train\images\1704282807-0017-R.jpg,1704282807-0017-R_crop_032.png,train,0,ring,2411,1810,2476,1879,ground_truth
train\images\1704282807-0017-R.jpg,1704282807-0017-R_crop_033.png,train,0,ring,2489,1454,2555,1527,ground_truth
train\images\1704282807-0018-R.jpg,1704282807-0018-R_crop_000.png,train,0,ring,216,1279,293,1348,ground_truth
train\images\1704282807-0018-R.jpg,1704282807-0018-R_crop_001.png,train,0,ring,262,1304,346,1398,ground_truth
train\images\1704282807-0018-R.jpg,1704282807-0018-R_crop_002.png,train,0,ring,312,1812,366,1872,ground_truth
train\images\1704282807-0018-R.jpg,1704282807-0018-R_crop_003.png,train,0,ring,343,696,391,743,ground_truth
train\images\1704282807-0018-R.jpg,1704282807-0018-R_crop_004.png,train,0,ring,351,1492,392,1542,ground_truth
train\images\1704282807-0018-R.jpg,1704282807-0018-R_crop_005.png,train,0,ring,348,654,436,715,ground_truth
train\images\1704282807-0018-R.jpg,1704282807-0018-R_crop_006.png,train,0,ring,431,87,512,149,ground_truth
train\images\1704282807-0018-R.jpg,1704282807-0018-R_crop_007.png,train,0,ring,858,1318,934,1373,ground_truth
train\images\1704282807-0018-R.jpg,1704282807-0018-R_crop_008.png,train,0,ring,871,1002,940,1079,ground_truth
train\images\1704282807-0018-R.jpg,1704282807-0018-R_crop_009.png,train,0,ring,1178,1470,1249,1546,ground_truth
train\images\1704282807-0018-R.jpg,1704282807-0018-R_crop_010.png,train,0,ring,1383,180,1439,230,ground_truth
train\images\1704282807-0018-R.jpg,1704282807-0018-R_crop_011.png,train,0,ring,1533,339,1601,392,ground_truth
train\images\1704282807-0018-R.jpg,1704282807-0018-R_crop_012.png,train,0,ring,1673,1718,1744,1797,ground_truth
train\images\1704282807-0018-R.jpg,1704282807-0018-R_crop_013.png,train,0,ring,1976,1715,2037,1798,ground_truth
train\images\1704282807-0018-R.jpg,1704282807-0018-R_crop_014.png,train,0,ring,1998,912,2058,974,ground_truth
train\images\1704282807-0018-R.jpg,1704282807-0018-R_crop_015.png,train,0,ring,2112,936,2174,989,ground_truth
train\images\1704282807-0018-R.jpg,1704282807-0018-R_crop_016.png,train,0,ring,2144,1713,2202,1779,ground_truth
train\images\1704282807-0018-R.jpg,1704282807-0018-R_crop_017.png,train,0,ring,2363,1147,2425,1207,ground_truth
train\images\1704282807-0018-R.jpg,1704282807-0018-R_crop_018.png,train,0,ring,2478,1732,2537,1796,ground_truth
train\images\1704282807-0021-T_G_R.jpg,1704282807-0021-T_G_R_crop_000.png,train,0,ring,557,927,628,991,ground_truth
train\images\1704282807-0021-T_G_R.jpg,1704282807-0021-T_G_R_crop_001.png,train,0,ring,604,101,676,196,ground_truth
train\images\1704282807-0021-T_G_R.jpg,1704282807-0021-T_G_R_crop_002.png,train,0,ring,752,706,827,756,ground_truth
train\images\1704282807-0021-T_G_R.jpg,1704282807-0021-T_G_R_crop_003.png,train,0,ring,911,1164,964,1222,ground_truth
train\images\1704282807-0021-T_G_R.jpg,1704282807-0021-T_G_R_crop_004.png,train,0,ring,1219,731,1300,924,ground_truth
train\images\1704282807-0021-T_G_R.jpg,1704282807-0021-T_G_R_crop_005.png,train,0,ring,1288,1181,1341,1243,ground_truth
train\images\1704282807-0021-T_G_R.jpg,1704282807-0021-T_G_R_crop_006.png,train,0,ring,1363,1573,1416,1634,ground_truth
train\images\1704282807-0021-T_G_R.jpg,1704282807-0021-T_G_R_crop_007.png,train,0,ring,1416,1542,1474,1598,ground_truth
train\images\1704282807-0021-T_G_R.jpg,1704282807-0021-T_G_R_crop_008.png,train,0,ring,1459,1230,1524,1290,ground_truth
train\images\1704282807-0021-T_G_R.jpg,1704282807-0021-T_G_R_crop_009.png,train,0,ring,1635,1183,1702,1256,ground_truth
train\images\1704282807-0021-T_G_R.jpg,1704282807-0021-T_G_R_crop_010.png,train,0,ring,1712,1648,1762,1710,ground_truth
train\images\1704282807-0021-T_G_R.jpg,1704282807-0021-T_G_R_crop_011.png,train,0,ring,1813,806,1889,867,ground_truth
train\images\1704282807-0021-T_G_R.jpg,1704282807-0021-T_G_R_crop_012.png,train,0,ring,1871,1133,1946,1197,ground_truth
train\images\1704282807-0021-T_G_R.jpg,1704282807-0021-T_G_R_crop_013.png,train,0,ring,1897,1091,1961,1148,ground_truth
train\images\1704282807-0021-T_G_R.jpg,1704282807-0021-T_G_R_crop_014.png,train,0,ring,2128,1229,2212,1299,ground_truth
train\images\1704282807-0021-T_G_R.jpg,1704282807-0021-T_G_R_crop_015.png,train,0,ring,2224,964,2275,1019,ground_truth
train\images\1704282807-0021-T_G_R.jpg,1704282807-0021-T_G_R_crop_016.png,train,0,ring,2255,919,2311,971,ground_truth
train\images\1704282807-0021-T_G_R.jpg,1704282807-0021-T_G_R_crop_017.png,train,0,ring,2392,1586,2464,1643,ground_truth
train\images\1707180816-0002-T.jpg,1707180816-0002-T_crop_000.png,train,0,ring,1337,795,1492,870,ground_truth
train\images\1707180816-0003-T.jpg,1707180816-0003-T_crop_000.png,train,0,ring,1338,910,1420,1018,ground_truth
train\images\1707180816-0004-R.jpg,1707180816-0004-R_crop_000.png,train,0,ring,1359,704,1454,778,ground_truth
train\images\1707180816-0005-T.jpg,1707180816-0005-T_crop_000.png,train,0,ring,1373,861,1497,979,ground_truth
train\images\1707180816-0008-G.jpg,1707180816-0008-G_crop_000.png,train,0,ring,1405,793,1563,944,ground_truth
train\images\1707180816-0010-T.jpg,1707180816-0010-T_crop_000.png,train,0,ring,1479,819,1616,930,ground_truth
train\images\1707180816-0012-T_R.jpg,1707180816-0012-T_R_crop_000.png,train,0,ring,354,1631,519,1785,ground_truth
train\images\1707180816-0012-T_R.jpg,1707180816-0012-T_R_crop_001.png,train,0,ring,1479,195,1574,298,ground_truth
train\images\1707180816-0017-G.jpg,1707180816-0017-G_crop_000.png,train,0,ring,908,90,1069,260,ground_truth
train\images\1707180816-0018-G.jpg,1707180816-0018-G_crop_000.png,train,0,ring,1725,624,1872,781,ground_truth
train\images\1707180816-0019-S.jpg,1707180816-0019-S_crop_000.png,train,0,ring,1356,875,1470,971,ground_truth
train\images\1707180816-0020-R_T.jpg,1707180816-0020-R_T_crop_000.png,train,0,ring,1031,1547,1116,1626,ground_truth
train\images\1707180816-0020-R_T.jpg,1707180816-0020-R_T_crop_001.png,train,0,ring,1279,586,1409,711,ground_truth
train\images\1708161076-0005-G.jpg,1708161076-0005-G_crop_000.png,train,0,ring,1159,932,1295,1072,ground_truth
train\images\1708161076-0006-R.jpg,1708161076-0006-R_crop_000.png,train,0,ring,939,1228,1042,1299,ground_truth
train\images\1708161076-0006-R.jpg,1708161076-0006-R_crop_001.png,train,0,ring,1363,282,1470,376,ground_truth
train\images\1708161076-0008-G.jpg,1708161076-0008-G_crop_000.png,train,0,ring,1344,721,1509,878,ground_truth
train\images\1708161076-0009-R.jpg,1708161076-0009-R_crop_000.png,train,0,ring,1703,462,1759,524,ground_truth
train\images\1709041080-0014-R.jpg,1709041080-0014-R_crop_000.png,train,0,ring,1216,740,1329,872,ground_truth
train\images\1709041080-0016-S.jpg,1709041080-0016-S_crop_000.png,train,0,ring,1319,715,1475,876,ground_truth
train\images\1709041080-0017-R.jpg,1709041080-0017-R_crop_000.png,train,0,ring,1233,773,1355,885,ground_truth
train\images\1709041080-0019-R.jpg,1709041080-0019-R_crop_000.png,train,0,ring,1470,520,1532,575,ground_truth
train\images\1709041080-0021-R_T.jpg,1709041080-0021-R_T_crop_000.png,train,0,ring,1433,700,1543,781,ground_truth
train\images\1709041080-0021-R_T.jpg,1709041080-0021-R_T_crop_001.png,train,0,ring,1776,676,1845,762,ground_truth
train\images\1709041080-0022-T.jpg,1709041080-0022-T_crop_000.png,train,0,ring,1201,617,1359,766,ground_truth
train\images\1709041080-0023-R.jpg,1709041080-0023-R_crop_000.png,train,0,ring,933,431,1000,508,ground_truth
train\images\1709041080-0023-R.jpg,1709041080-0023-R_crop_001.png,train,0,ring,1179,637,1339,801,ground_truth
train\images\1709041080-0027-R.jpg,1709041080-0027-R_crop_000.png,train,0,ring,721,743,736,768,ground_truth
train\images\1709041080-0027-R.jpg,1709041080-0027-R_crop_001.png,train,0,ring,760,731,777,753,ground_truth
train\images\1709041080-0027-R.jpg,1709041080-0027-R_crop_002.png,train,0,ring,1481,642,1497,661,ground_truth
train\images\1709041080-0027-R.jpg,1709041080-0027-R_crop_003.png,train,0,ring,1548,674,1566,690,ground_truth
train\images\1709041080-0030-S.jpg,1709041080-0030-S_crop_000.png,train,0,ring,1319,416,1492,577,ground_truth
train\images\1709041080-0032-S.jpg,1709041080-0032-S_crop_000.png,train,0,ring,382,232,550,376,ground_truth
train\images\1709041080-0032-S.jpg,1709041080-0032-S_crop_001.png,train,0,ring,1286,739,1467,923,ground_truth
train\images\1709041080-0034-R.jpg,1709041080-0034-R_crop_000.png,train,0,ring,1278,314,1340,390,ground_truth
train\images\1709041080-0035-S.jpg,1709041080-0035-S_crop_000.png,train,0,ring,1379,577,1546,776,ground_truth
train\images\1709041080-0037-S.jpg,1709041080-0037-S_crop_000.png,train,0,ring,1228,637,1399,741,ground_truth
val\images\1305121398-0003-R.jpg,1305121398-0003-R_crop_000.png,val,0,ring,1230,848,1318,934,ground_truth
val\images\1305121398-0004-R.jpg,1305121398-0004-R_crop_000.png,val,0,ring,813,1078,879,1150,ground_truth
val\images\1305121398-0004-R.jpg,1305121398-0004-R_crop_001.png,val,0,ring,1892,1375,1983,1450,ground_truth
val\images\1305121398-0010-S.jpg,1305121398-0010-S_crop_000.png,val,0,ring,1197,1130,1318,1230,ground_truth
val\images\1305121398-0011-S.jpg,1305121398-0011-S_crop_000.png,val,0,ring,1172,952,1280,1051,ground_truth
val\images\1305121398-0016-S.jpg,1305121398-0016-S_crop_000.png,val,0,ring,1172,1128,1281,1242,ground_truth
val\images\1305121398-0017-R.jpg,1305121398-0017-R_crop_000.png,val,0,ring,1135,1086,1203,1154,ground_truth
val\images\1305121398-0018-S.jpg,1305121398-0018-S_crop_000.png,val,0,ring,1051,930,1170,1048,ground_truth
val\images\1312132815-0004-G.jpg,1312132815-0004-G_crop_000.png,val,0,ring,1362,980,1455,1082,ground_truth
val\images\1312132815-0011-S.jpg,1312132815-0011-S_crop_000.png,val,0,ring,1288,1078,1392,1173,ground_truth
val\images\1312132815-0016-T.jpg,1312132815-0016-T_crop_000.png,val,0,ring,1068,905,1176,969,ground_truth
val\images\1401063467-0003-T.jpg,1401063467-0003-T_crop_000.png,val,0,ring,1207,910,1283,994,ground_truth
val\images\1401063467-0011-G.jpg,1401063467-0011-G_crop_000.png,val,0,ring,1130,969,1213,1054,ground_truth
val\images\1401080976-0001-T.jpg,1401080976-0001-T_crop_000.png,val,0,ring,1181,1113,1284,1217,ground_truth
val\images\1401080976-0003-T.jpg,1401080976-0003-T_crop_000.png,val,0,ring,574,597,654,669,ground_truth
val\images\1401080976-0003-T.jpg,1401080976-0003-T_crop_001.png,val,0,ring,1570,1156,1667,1271,ground_truth
val\images\1401080976-0007-T.jpg,1401080976-0007-T_crop_000.png,val,0,ring,1117,830,1222,936,ground_truth
val\images\1405022890-0002-R.jpg,1405022890-0002-R_crop_000.png,val,0,ring,48,833,125,920,ground_truth
val\images\1405022890-0002-R.jpg,1405022890-0002-R_crop_001.png,val,0,ring,251,1062,336,1149,ground_truth
val\images\1405022890-0002-R.jpg,1405022890-0002-R_crop_002.png,val,0,ring,666,1859,746,1914,ground_truth
val\images\1405022890-0002-R.jpg,1405022890-0002-R_crop_003.png,val,0,ring,675,1775,746,1839,ground_truth
val\images\1405022890-0002-R.jpg,1405022890-0002-R_crop_004.png,val,0,ring,753,1261,822,1357,ground_truth
val\images\1405022890-0002-R.jpg,1405022890-0002-R_crop_005.png,val,0,ring,898,1212,969,1287,ground_truth
val\images\1405022890-0002-R.jpg,1405022890-0002-R_crop_006.png,val,0,ring,922,557,988,649,ground_truth
val\images\1405022890-0002-R.jpg,1405022890-0002-R_crop_007.png,val,0,ring,920,264,1031,350,ground_truth
val\images\1405022890-0002-R.jpg,1405022890-0002-R_crop_008.png,val,0,ring,1051,86,1131,151,ground_truth
val\images\1405022890-0002-R.jpg,1405022890-0002-R_crop_009.png,val,0,ring,1057,147,1120,203,ground_truth
val\images\1405022890-0002-R.jpg,1405022890-0002-R_crop_010.png,val,0,ring,1126,828,1205,927,ground_truth
val\images\1405022890-0002-R.jpg,1405022890-0002-R_crop_011.png,val,0,ring,1190,1069,1256,1136,ground_truth
val\images\1405022890-0002-R.jpg,1405022890-0002-R_crop_012.png,val,0,ring,1298,1319,1378,1408,ground_truth
val\images\1405022890-0002-R.jpg,1405022890-0002-R_crop_013.png,val,0,ring,1502,1238,1590,1318,ground_truth
val\images\1405022890-0002-R.jpg,1405022890-0002-R_crop_014.png,val,0,ring,1612,1331,1704,1406,ground_truth
val\images\1405022890-0002-R.jpg,1405022890-0002-R_crop_015.png,val,0,ring,2025,72,2118,188,ground_truth
val\images\1405022890-0002-R.jpg,1405022890-0002-R_crop_016.png,val,0,ring,2255,1155,2354,1234,ground_truth
val\images\1405022890-0002-R.jpg,1405022890-0002-R_crop_017.png,val,0,ring,2410,1785,2488,1850,ground_truth
val\images\1409171742-0007-R.jpg,1409171742-0007-R_crop_000.png,val,0,ring,178,798,265,884,ground_truth
val\images\1409171742-0007-R.jpg,1409171742-0007-R_crop_001.png,val,0,ring,550,1636,648,1730,ground_truth
val\images\1409171742-0007-R.jpg,1409171742-0007-R_crop_002.png,val,0,ring,1592,815,1687,891,ground_truth
val\images\1409171742-0007-R.jpg,1409171742-0007-R_crop_003.png,val,0,ring,1918,1372,2006,1469,ground_truth
val\images\1409191647-0001-R.jpg,1409191647-0001-R_crop_000.png,val,0,ring,964,644,1036,719,ground_truth
val\images\1409191647-0006-R.jpg,1409191647-0006-R_crop_000.png,val,0,ring,1152,599,1237,664,ground_truth
val\images\1409191647-0006-R.jpg,1409191647-0006-R_crop_001.png,val,0,ring,1180,659,1238,710,ground_truth
val\images\1409191647-0006-R.jpg,1409191647-0006-R_crop_002.png,val,0,ring,1381,1802,1457,1877,ground_truth
val\images\1409191647-0006-R.jpg,1409191647-0006-R_crop_003.png,val,0,ring,1516,198,1603,282,ground_truth
val\images\1409191647-0006-R.jpg,1409191647-0006-R_crop_004.png,val,0,ring,2219,1557,2314,1644,ground_truth
val\images\1409191647-0009-R.jpg,1409191647-0009-R_crop_000.png,val,0,ring,103,1147,199,1252,ground_truth
val\images\1409191647-0009-R.jpg,1409191647-0009-R_crop_001.png,val,0,ring,190,442,259,511,ground_truth
val\images\1409191647-0009-R.jpg,1409191647-0009-R_crop_002.png,val,0,ring,450,1097,536,1198,ground_truth
val\images\1409191647-0009-R.jpg,1409191647-0009-R_crop_003.png,val,0,ring,1178,562,1268,666,ground_truth
val\images\1409191647-0009-R.jpg,1409191647-0009-R_crop_004.png,val,0,ring,1228,890,1298,978,ground_truth
val\images\1409191647-0009-R.jpg,1409191647-0009-R_crop_005.png,val,0,ring,1232,547,1293,627,ground_truth
val\images\1409191647-0009-R.jpg,1409191647-0009-R_crop_006.png,val,0,ring,1936,909,2037,1019,ground_truth
val\images\1603223711-0003-G_R.jpg,1603223711-0003-G_R_crop_000.png,val,0,ring,1024,1330,1213,1446,ground_truth
val\images\1603223711-0003-G_R.jpg,1603223711-0003-G_R_crop_001.png,val,0,ring,1534,557,1578,604,ground_truth
val\images\1603223711-0004-R.jpg,1603223711-0004-R_crop_000.png,val,0,ring,883,1192,942,1249,ground_truth
val\images\1603223711-0004-R.jpg,1603223711-0004-R_crop_001.png,val,0,ring,2149,800,2197,845,ground_truth
val\images\1701151546-0001-R_T_S.jpg,1701151546-0001-R_T_S_crop_000.png,val,0,ring,6,1779,63,1825,ground_truth
val\images\1701151546-0001-R_T_S.jpg,1701151546-0001-R_T_S_crop_001.png,val,0,ring,144,1123,185,1163,ground_truth
val\images\1701151546-0001-R_T_S.jpg,1701151546-0001-R_T_S_crop_002.png,val,0,ring,308,1048,372,1108,ground_truth
val\images\1701151546-0001-R_T_S.jpg,1701151546-0001-R_T_S_crop_003.png,val,0,ring,550,1291,609,1336,ground_truth
val\images\1701151546-0001-R_T_S.jpg,1701151546-0001-R_T_S_crop_004.png,val,0,ring,609,1874,655,1924,ground_truth
val\images\1701151546-0001-R_T_S.jpg,1701151546-0001-R_T_S_crop_005.png,val,0,ring,1013,1572,1049,1608,ground_truth
val\images\1701151546-0001-R_T_S.jpg,1701151546-0001-R_T_S_crop_006.png,val,0,ring,1026,582,1069,626,ground_truth
val\images\1701151546-0001-R_T_S.jpg,1701151546-0001-R_T_S_crop_007.png,val,0,ring,1284,1011,1374,1120,ground_truth
val\images\1701151546-0001-R_T_S.jpg,1701151546-0001-R_T_S_crop_008.png,val,0,ring,1324,1803,1359,1842,ground_truth
val\images\1701151546-0001-R_T_S.jpg,1701151546-0001-R_T_S_crop_009.png,val,0,ring,1677,166,1708,196,ground_truth
val\images\1701151546-0001-R_T_S.jpg,1701151546-0001-R_T_S_crop_010.png,val,0,ring,1963,1088,2013,1137,ground_truth
val\images\1701151546-0001-R_T_S.jpg,1701151546-0001-R_T_S_crop_011.png,val,0,ring,2473,1657,2520,1688,ground_truth
val\images\1701151546-0001-R_T_S.jpg,1701151546-0001-R_T_S_crop_012.png,val,0,ring,2478,302,2554,367,ground_truth
val\images\1701151546-0008-R-T.jpg,1701151546-0008-R-T_crop_000.png,val,0,ring,218,1763,253,1798,ground_truth
val\images\1701151546-0008-R-T.jpg,1701151546-0008-R-T_crop_001.png,val,0,ring,321,1820,366,1864,ground_truth
val\images\1701151546-0008-R-T.jpg,1701151546-0008-R-T_crop_002.png,val,0,ring,412,1495,458,1542,ground_truth
val\images\1701151546-0008-R-T.jpg,1701151546-0008-R-T_crop_003.png,val,0,ring,422,1200,461,1239,ground_truth
val\images\1701151546-0008-R-T.jpg,1701151546-0008-R-T_crop_004.png,val,0,ring,549,1238,596,1285,ground_truth
val\images\1701151546-0008-R-T.jpg,1701151546-0008-R-T_crop_005.png,val,0,ring,751,1339,785,1373,ground_truth
val\images\1701151546-0008-R-T.jpg,1701151546-0008-R-T_crop_006.png,val,0,ring,929,1490,962,1522,ground_truth
val\images\1701151546-0008-R-T.jpg,1701151546-0008-R-T_crop_007.png,val,0,ring,1086,1475,1121,1510,ground_truth
val\images\1701151546-0008-R-T.jpg,1701151546-0008-R-T_crop_008.png,val,0,ring,1141,498,1208,567,ground_truth
val\images\1701151546-0008-R-T.jpg,1701151546-0008-R-T_crop_009.png,val,0,ring,1249,860,1288,900,ground_truth
val\images\1701151546-0008-R-T.jpg,1701151546-0008-R-T_crop_010.png,val,0,ring,1308,1366,1344,1401,ground_truth
val\images\1701151546-0008-R-T.jpg,1701151546-0008-R-T_crop_011.png,val,0,ring,1451,1496,1482,1527,ground_truth
val\images\1701151546-0008-R-T.jpg,1701151546-0008-R-T_crop_012.png,val,0,ring,1610,1762,1646,1797,ground_truth
val\images\1701151546-0008-R-T.jpg,1701151546-0008-R-T_crop_013.png,val,0,ring,2106,1537,2149,1579,ground_truth
val\images\1701151546-0008-R-T.jpg,1701151546-0008-R-T_crop_014.png,val,0,ring,2278,1257,2323,1301,ground_truth
val\images\1701151546-0010-R.jpg,1701151546-0010-R_crop_000.png,val,0,ring,23,815,63,863,ground_truth
val\images\1701151546-0010-R.jpg,1701151546-0010-R_crop_001.png,val,0,ring,83,1103,129,1138,ground_truth
val\images\1701151546-0010-R.jpg,1701151546-0010-R_crop_002.png,val,0,ring,138,1118,180,1157,ground_truth
val\images\1701151546-0010-R.jpg,1701151546-0010-R_crop_003.png,val,0,ring,382,1611,417,1661,ground_truth
val\images\1701151546-0010-R.jpg,1701151546-0010-R_crop_004.png,val,0,ring,390,1352,426,1389,ground_truth
val\images\1701151546-0010-R.jpg,1701151546-0010-R_crop_005.png,val,0,ring,507,390,533,421,ground_truth
val\images\1701151546-0010-R.jpg,1701151546-0010-R_crop_006.png,val,0,ring,544,381,580,399,ground_truth
val\images\1701151546-0010-R.jpg,1701151546-0010-R_crop_007.png,val,0,ring,549,395,588,419,ground_truth
val\images\1701151546-0010-R.jpg,1701151546-0010-R_crop_008.png,val,0,ring,558,1348,610,1388,ground_truth
val\images\1701151546-0010-R.jpg,1701151546-0010-R_crop_009.png,val,0,ring,682,1755,736,1795,ground_truth
val\images\1701151546-0010-R.jpg,1701151546-0010-R_crop_010.png,val,0,ring,1016,1438,1053,1482,ground_truth
val\images\1701151546-0010-R.jpg,1701151546-0010-R_crop_011.png,val,0,ring,1136,1524,1177,1568,ground_truth
val\images\1701151546-0010-R.jpg,1701151546-0010-R_crop_012.png,val,0,ring,1561,1604,1602,1639,ground_truth
val\images\1701151546-0010-R.jpg,1701151546-0010-R_crop_013.png,val,0,ring,1712,1810,1746,1850,ground_truth
val\images\1701151546-0010-R.jpg,1701151546-0010-R_crop_014.png,val,0,ring,1723,1160,1767,1194,ground_truth
val\images\1701151546-0010-R.jpg,1701151546-0010-R_crop_015.png,val,0,ring,1973,848,2020,887,ground_truth
val\images\1701151546-0010-R.jpg,1701151546-0010-R_crop_016.png,val,0,ring,2195,757,2236,800,ground_truth
val\images\1701151546-0010-R.jpg,1701151546-0010-R_crop_017.png,val,0,ring,2398,573,2435,619,ground_truth
val\images\1701151546-0010-R.jpg,1701151546-0010-R_crop_018.png,val,0,ring,2511,1039,2563,1073,ground_truth
val\images\1703121298-0001-G_R.jpg,1703121298-0001-G_R_crop_000.png,val,0,ring,621,794,822,924,ground_truth
val\images\1703121298-0001-G_R.jpg,1703121298-0001-G_R_crop_001.png,val,0,ring,1610,1073,1774,1242,ground_truth
val\images\1703121298-0001-G_R.jpg,1703121298-0001-G_R_crop_002.png,val,0,ring,2222,1268,2277,1326,ground_truth
val\images\1703121298-0012-G_R.jpg,1703121298-0012-G_R_crop_000.png,val,0,ring,802,260,980,419,ground_truth
val\images\1703121298-0012-G_R.jpg,1703121298-0012-G_R_crop_001.png,val,0,ring,1154,719,1261,798,ground_truth
val\images\1703121298-0015-R.jpg,1703121298-0015-R_crop_000.png,val,0,ring,1040,913,1132,1000,ground_truth
val\images\1703121298-0015-R.jpg,1703121298-0015-R_crop_001.png,val,0,ring,1126,195,1215,280,ground_truth
val\images\1703121298-0015-R.jpg,1703121298-0015-R_crop_002.png,val,0,ring,1426,711,1531,830,ground_truth
val\images\1703121298-0015-R.jpg,1703121298-0015-R_crop_003.png,val,0,ring,1538,753,1635,902,ground_truth
val\images\1703121298-0015-R.jpg,1703121298-0015-R_crop_004.png,val,0,ring,2250,708,2319,771,ground_truth
val\images\1704282807-0005-R.jpg,1704282807-0005-R_crop_000.png,val,0,ring,61,431,108,491,ground_truth
val\images\1704282807-0005-R.jpg,1704282807-0005-R_crop_001.png,val,0,ring,439,861,502,929,ground_truth
val\images\1704282807-0005-R.jpg,1704282807-0005-R_crop_002.png,val,0,ring,512,1845,559,1923,ground_truth
val\images\1704282807-0005-R.jpg,1704282807-0005-R_crop_003.png,val,0,ring,611,1587,691,1656,ground_truth
val\images\1704282807-0005-R.jpg,1704282807-0005-R_crop_004.png,val,0,ring,620,1093,697,1158,ground_truth
val\images\1704282807-0005-R.jpg,1704282807-0005-R_crop_005.png,val,0,ring,670,557,733,622,ground_truth
val\images\1704282807-0005-R.jpg,1704282807-0005-R_crop_006.png,val,0,ring,833,312,893,368,ground_truth
val\images\1704282807-0005-R.jpg,1704282807-0005-R_crop_007.png,val,0,ring,893,210,954,271,ground_truth
val\images\1704282807-0005-R.jpg,1704282807-0005-R_crop_008.png,val,0,ring,957,31,1025,93,ground_truth
val\images\1704282807-0005-R.jpg,1704282807-0005-R_crop_009.png,val,0,ring,1042,300,1101,359,ground_truth
val\images\1704282807-0005-R.jpg,1704282807-0005-R_crop_010.png,val,0,ring,1280,1540,1338,1614,ground_truth
val\images\1704282807-0005-R.jpg,1704282807-0005-R_crop_011.png,val,0,ring,1415,1337,1502,1404,ground_truth
val\images\1704282807-0005-R.jpg,1704282807-0005-R_crop_012.png,val,0,ring,1575,210,1639,268,ground_truth
val\images\1704282807-0005-R.jpg,1704282807-0005-R_crop_013.png,val,0,ring,1734,114,1785,176,ground_truth
val\images\1704282807-0005-R.jpg,1704282807-0005-R_crop_014.png,val,0,ring,2076,1715,2151,1783,ground_truth
val\images\1704282807-0005-R.jpg,1704282807-0005-R_crop_015.png,val,0,ring,2113,577,2169,630,ground_truth
val\images\1704282807-0005-R.jpg,1704282807-0005-R_crop_016.png,val,0,ring,2183,305,2260,360,ground_truth
val\images\1704282807-0005-R.jpg,1704282807-0005-R_crop_017.png,val,0,ring,2483,399,2553,449,ground_truth
val\images\1704282807-0011-R_T.jpg,1704282807-0011-R_T_crop_000.png,val,0,ring,267,369,340,434,ground_truth
val\images\1704282807-0011-R_T.jpg,1704282807-0011-R_T_crop_001.png,val,0,ring,275,710,343,772,ground_truth
val\images\1704282807-0011-R_T.jpg,1704282807-0011-R_T_crop_002.png,val,0,ring,284,17,368,81,ground_truth
val\images\1704282807-0011-R_T.jpg,1704282807-0011-R_T_crop_003.png,val,0,ring,372,1038,433,1088,ground_truth
val\images\1704282807-0011-R_T.jpg,1704282807-0011-R_T_crop_004.png,val,0,ring,458,1822,506,1881,ground_truth
val\images\1704282807-0011-R_T.jpg,1704282807-0011-R_T_crop_005.png,val,0,ring,499,1640,576,1705,ground_truth
val\images\1704282807-0011-R_T.jpg,1704282807-0011-R_T_crop_006.png,val,0,ring,604,1820,659,1877,ground_truth
val\images\1704282807-0011-R_T.jpg,1704282807-0011-R_T_crop_007.png,val,0,ring,870,925,927,979,ground_truth
val\images\1704282807-0011-R_T.jpg,1704282807-0011-R_T_crop_008.png,val,0,ring,902,1128,959,1200,ground_truth
val\images\1704282807-0011-R_T.jpg,1704282807-0011-R_T_crop_009.png,val,0,ring,1138,1235,1202,1310,ground_truth
val\images\1704282807-0011-R_T.jpg,1704282807-0011-R_T_crop_010.png,val,0,ring,1157,1469,1235,1537,ground_truth
val\images\1704282807-0011-R_T.jpg,1704282807-0011-R_T_crop_011.png,val,0,ring,1314,1210,1374,1272,ground_truth
val\images\1704282807-0011-R_T.jpg,1704282807-0011-R_T_crop_012.png,val,0,ring,1413,721,1474,790,ground_truth
val\images\1704282807-0011-R_T.jpg,1704282807-0011-R_T_crop_013.png,val,0,ring,1521,1206,1563,1268,ground_truth
val\images\1704282807-0011-R_T.jpg,1704282807-0011-R_T_crop_014.png,val,0,ring,1589,1199,1637,1252,ground_truth
val\images\1704282807-0011-R_T.jpg,1704282807-0011-R_T_crop_015.png,val,0,ring,1598,1056,1652,1105,ground_truth
val\images\1704282807-0020-R_T_S.jpg,1704282807-0020-R_T_S_crop_000.png,val,0,ring,32,860,93,930,ground_truth
val\images\1704282807-0020-R_T_S.jpg,1704282807-0020-R_T_S_crop_001.png,val,0,ring,61,769,140,843,ground_truth
val\images\1704282807-0020-R_T_S.jpg,1704282807-0020-R_T_S_crop_002.png,val,0,ring,372,458,422,533,ground_truth
val\images\1704282807-0020-R_T_S.jpg,1704282807-0020-R_T_S_crop_003.png,val,0,ring,432,442,504,535,ground_truth
val\images\1704282807-0020-R_T_S.jpg,1704282807-0020-R_T_S_crop_004.png,val,0,ring,686,1155,752,1279,ground_truth
val\images\1704282807-0020-R_T_S.jpg,1704282807-0020-R_T_S_crop_005.png,val,0,ring,884,1306,949,1376,ground_truth
val\images\1704282807-0020-R_T_S.jpg,1704282807-0020-R_T_S_crop_006.png,val,0,ring,934,898,1023,967,ground_truth
val\images\1704282807-0020-R_T_S.jpg,1704282807-0020-R_T_S_crop_007.png,val,0,ring,1173,1389,1232,1441,ground_truth
val\images\1704282807-0020-R_T_S.jpg,1704282807-0020-R_T_S_crop_008.png,val,0,ring,1203,956,1299,1070,ground_truth
val\images\1704282807-0020-R_T_S.jpg,1704282807-0020-R_T_S_crop_009.png,val,0,ring,1308,587,1373,662,ground_truth
val\images\1704282807-0020-R_T_S.jpg,1704282807-0020-R_T_S_crop_010.png,val,0,ring,1606,1541,1707,1622,ground_truth
val\images\1704282807-0020-R_T_S.jpg,1704282807-0020-R_T_S_crop_011.png,val,0,ring,1667,1440,1740,1515,ground_truth
val\images\1704282807-0020-R_T_S.jpg,1704282807-0020-R_T_S_crop_012.png,val,0,ring,1772,875,1826,964,ground_truth
val\images\1704282807-0020-R_T_S.jpg,1704282807-0020-R_T_S_crop_013.png,val,0,ring,1764,993,1851,1054,ground_truth
val\images\1707180816-0001-G_R.jpg,1707180816-0001-G_R_crop_000.png,val,0,ring,1006,523,1155,659,ground_truth
val\images\1707180816-0001-G_R.jpg,1707180816-0001-G_R_crop_001.png,val,0,ring,1555,620,1656,704,ground_truth
val\images\1707180816-0013-T.jpg,1707180816-0013-T_crop_000.png,val,0,ring,1290,1202,1407,1314,ground_truth
val\images\1708161076-0002-R.jpg,1708161076-0002-R_crop_000.png,val,0,ring,1333,555,1399,632,ground_truth
val\images\1708161076-0003-R.jpg,1708161076-0003-R_crop_000.png,val,0,ring,1207,884,1309,964,ground_truth
val\images\1708161076-0004-R.jpg,1708161076-0004-R_crop_000.png,val,0,ring,1289,796,1383,898,ground_truth
val\images\1708161076-0010-G.jpg,1708161076-0010-G_crop_000.png,val,0,ring,911,612,1069,784,ground_truth
val\images\1709041080-0015-R.jpg,1709041080-0015-R_crop_000.png,val,0,ring,1342,1618,1425,1693,ground_truth
val\images\1709041080-0018-R.jpg,1709041080-0018-R_crop_000.png,val,0,ring,1368,911,1451,1004,ground_truth
val\images\1709041080-0018-R.jpg,1709041080-0018-R_crop_001.png,val,0,ring,2044,451,2141,525,ground_truth
val\images\1709041080-0020-R.jpg,1709041080-0020-R_crop_000.png,val,0,ring,1268,979,1276,986,ground_truth
val\images\1709041080-0020-R.jpg,1709041080-0020-R_crop_001.png,val,0,ring,1267,938,1420,1055,ground_truth
val\images\1709041080-0028-T.jpg,1709041080-0028-T_crop_000.png,val,0,ring,1273,394,1423,543,ground_truth
val\images\1709041080-0038-S.jpg,1709041080-0038-S_crop_000.png,val,0,ring,1138,478,1269,624,ground_truth
test\images\1305121398-0012-S.jpg,1305121398-0012-S_crop_000.png,test,0,ring,1182,926,1261,1066,ground_truth
test\images\1305121398-0014-S.jpg,1305121398-0014-S_crop_000.png,test,0,ring,1094,1049,1203,1163,ground_truth
test\images\1305121398-0020-S.jpg,1305121398-0020-S_crop_000.png,test,0,ring,1054,1004,1155,1105,ground_truth
test\images\1307210661-0007-R.jpg,1307210661-0007-R_crop_000.png,test,0,ring,29,258,95,320,ground_truth
test\images\1307210661-0007-R.jpg,1307210661-0007-R_crop_001.png,test,0,ring,55,931,121,998,ground_truth
test\images\1307210661-0007-R.jpg,1307210661-0007-R_crop_002.png,test,0,ring,108,1279,173,1348,ground_truth
test\images\1307210661-0007-R.jpg,1307210661-0007-R_crop_003.png,test,0,ring,115,1577,179,1658,ground_truth
test\images\1307210661-0007-R.jpg,1307210661-0007-R_crop_004.png,test,0,ring,116,577,193,632,ground_truth
test\images\1307210661-0007-R.jpg,1307210661-0007-R_crop_005.png,test,0,ring,550,200,605,270,ground_truth
test\images\1307210661-0007-R.jpg,1307210661-0007-R_crop_006.png,test,0,ring,824,1456,895,1529,ground_truth
test\images\1307210661-0007-R.jpg,1307210661-0007-R_crop_007.png,test,0,ring,865,820,939,876,ground_truth
test\images\1307210661-0007-R.jpg,1307210661-0007-R_crop_008.png,test,0,ring,879,1229,979,1287,ground_truth
test\images\1307210661-0007-R.jpg,1307210661-0007-R_crop_009.png,test,0,ring,913,855,979,914,ground_truth
test\images\1307210661-0007-R.jpg,1307210661-0007-R_crop_010.png,test,0,ring,952,386,999,447,ground_truth
test\images\1307210661-0007-R.jpg,1307210661-0007-R_crop_011.png,test,0,ring,978,1509,1050,1572,ground_truth
test\images\1307210661-0007-R.jpg,1307210661-0007-R_crop_012.png,test,0,ring,1033,359,1100,414,ground_truth
test\images\1307210661-0007-R.jpg,1307210661-0007-R_crop_013.png,test,0,ring,1153,495,1232,565,ground_truth
test\images\1307210661-0007-R.jpg,1307210661-0007-R_crop_014.png,test,0,ring,1183,98,1244,175,ground_truth
test\images\1307210661-0007-R.jpg,1307210661-0007-R_crop_015.png,test,0,ring,1291,822,1343,867,ground_truth
test\images\1307210661-0007-R.jpg,1307210661-0007-R_crop_016.png,test,0,ring,1347,833,1404,892,ground_truth
test\images\1307210661-0007-R.jpg,1307210661-0007-R_crop_017.png,test,0,ring,1378,1100,1463,1160,ground_truth
test\images\1307210661-0007-R.jpg,1307210661-0007-R_crop_018.png,test,0,ring,1509,1080,1556,1162,ground_truth
test\images\1307210661-0007-R.jpg,1307210661-0007-R_crop_019.png,test,0,ring,1551,1358,1597,1422,ground_truth
test\images\1307210661-0007-R.jpg,1307210661-0007-R_crop_020.png,test,0,ring,1648,803,1703,892,ground_truth
test\images\1307210661-0007-R.jpg,1307210661-0007-R_crop_021.png,test,0,ring,1708,1753,1785,1794,ground_truth
test\images\1307210661-0007-R.jpg,1307210661-0007-R_crop_022.png,test,0,ring,1838,1232,1899,1311,ground_truth
test\images\1307210661-0007-R.jpg,1307210661-0007-R_crop_023.png,test,0,ring,1846,471,1906,525,ground_truth
test\images\1307210661-0007-R.jpg,1307210661-0007-R_crop_024.png,test,0,ring,1926,1607,1988,1675,ground_truth
test\images\1307210661-0007-R.jpg,1307210661-0007-R_crop_025.png,test,0,ring,1967,788,2036,853,ground_truth
test\images\1307210661-0007-R.jpg,1307210661-0007-R_crop_026.png,test,0,ring,2041,887,2104,951,ground_truth
test\images\1307210661-0007-R.jpg,1307210661-0007-R_crop_027.png,test,0,ring,2256,372,2317,441,ground_truth
test\images\1307210661-0007-R.jpg,1307210661-0007-R_crop_028.png,test,0,ring,2265,1812,2344,1897,ground_truth
test\images\1307210661-0007-R.jpg,1307210661-0007-R_crop_029.png,test,0,ring,2290,616,2350,678,ground_truth
test\images\1307210661-0007-R.jpg,1307210661-0007-R_crop_030.png,test,0,ring,2316,249,2375,324,ground_truth
test\images\1312132815-0009-G.jpg,1312132815-0009-G_crop_000.png,test,0,ring,1119,899,1247,1007,ground_truth
test\images\1312132815-0015-S.jpg,1312132815-0015-S_crop_000.png,test,0,ring,1157,1033,1272,1132,ground_truth
test\images\1312132815-0015-S.jpg,1312132815-0015-S_crop_001.png,test,0,ring,1869,1008,1913,1043,ground_truth
test\images\1312132815-0017-T.jpg,1312132815-0017-T_crop_000.png,test,0,ring,1228,1082,1335,1182,ground_truth
test\images\1401063467-0010-T.jpg,1401063467-0010-T_crop_000.png,test,0,ring,1116,943,1227,1029,ground_truth
test\images\1405022890-0003-R.jpg,1405022890-0003-R_crop_000.png,test,0,ring,27,317,93,414,ground_truth
test\images\1405022890-0003-R.jpg,1405022890-0003-R_crop_001.png,test,0,ring,46,1493,114,1561,ground_truth
test\images\1405022890-0003-R.jpg,1405022890-0003-R_crop_002.png,test,0,ring,238,203,304,267,ground_truth
test\images\1405022890-0003-R.jpg,1405022890-0003-R_crop_003.png,test,0,ring,250,723,315,803,ground_truth
test\images\1405022890-0003-R.jpg,1405022890-0003-R_crop_004.png,test,0,ring,287,772,351,854,ground_truth
test\images\1405022890-0003-R.jpg,1405022890-0003-R_crop_005.png,test,0,ring,447,225,519,299,ground_truth
test\images\1405022890-0003-R.jpg,1405022890-0003-R_crop_006.png,test,0,ring,750,840,818,910,ground_truth
test\images\1405022890-0003-R.jpg,1405022890-0003-R_crop_007.png,test,0,ring,912,483,987,563,ground_truth
test\images\1405022890-0003-R.jpg,1405022890-0003-R_crop_008.png,test,0,ring,914,1410,994,1480,ground_truth
test\images\1405022890-0003-R.jpg,1405022890-0003-R_crop_009.png,test,0,ring,967,1673,1026,1733,ground_truth
test\images\1405022890-0003-R.jpg,1405022890-0003-R_crop_010.png,test,0,ring,1078,962,1143,1019,ground_truth
test\images\1405022890-0003-R.jpg,1405022890-0003-R_crop_011.png,test,0,ring,1124,1569,1182,1643,ground_truth
test\images\1405022890-0003-R.jpg,1405022890-0003-R_crop_012.png,test,0,ring,1183,1406,1251,1472,ground_truth
test\images\1405022890-0003-R.jpg,1405022890-0003-R_crop_013.png,test,0,ring,1354,520,1440,610,ground_truth
test\images\1405022890-0003-R.jpg,1405022890-0003-R_crop_014.png,test,0,ring,1448,384,1531,458,ground_truth
test\images\1405022890-0003-R.jpg,1405022890-0003-R_crop_015.png,test,0,ring,1756,638,1831,710,ground_truth
test\images\1405022890-0003-R.jpg,1405022890-0003-R_crop_016.png,test,0,ring,1789,714,1885,778,ground_truth
test\images\1405022890-0003-R.jpg,1405022890-0003-R_crop_017.png,test,0,ring,1824,637,1890,701,ground_truth
test\images\1405022890-0003-R.jpg,1405022890-0003-R_crop_018.png,test,0,ring,1866,233,1958,317,ground_truth
test\images\1405022890-0003-R.jpg,1405022890-0003-R_crop_019.png,test,0,ring,1895,1100,1970,1205,ground_truth
test\images\1405022890-0003-R.jpg,1405022890-0003-R_crop_020.png,test,0,ring,1971,64,2064,158,ground_truth
test\images\1405022890-0003-R.jpg,1405022890-0003-R_crop_021.png,test,0,ring,2078,1143,2155,1234,ground_truth
test\images\1405022890-0003-R.jpg,1405022890-0003-R_crop_022.png,test,0,ring,2210,637,2291,706,ground_truth
test\images\1405022890-0003-R.jpg,1405022890-0003-R_crop_023.png,test,0,ring,2477,362,2543,432,ground_truth
test\images\1405022890-0005-R.jpg,1405022890-0005-R_crop_000.png,test,0,ring,446,1575,527,1644,ground_truth
test\images\1405022890-0005-R.jpg,1405022890-0005-R_crop_001.png,test,0,ring,555,1192,648,1262,ground_truth
test\images\1405022890-0005-R.jpg,1405022890-0005-R_crop_002.png,test,0,ring,691,503,767,603,ground_truth
test\images\1405022890-0005-R.jpg,1405022890-0005-R_crop_003.png,test,0,ring,806,671,881,760,ground_truth
test\images\1405022890-0005-R.jpg,1405022890-0005-R_crop_004.png,test,0,ring,819,1787,898,1869,ground_truth
test\images\1405022890-0005-R.jpg,1405022890-0005-R_crop_005.png,test,0,ring,1571,835,1654,906,ground_truth
test\images\1405022890-0005-R.jpg,1405022890-0005-R_crop_006.png,test,0,ring,1583,406,1690,490,ground_truth
test\images\1405022890-0005-R.jpg,1405022890-0005-R_crop_007.png,test,0,ring,1754,450,1840,527,ground_truth
test\images\1405022890-0005-R.jpg,1405022890-0005-R_crop_008.png,test,0,ring,1963,1445,2078,1520,ground_truth
test\images\1405022890-0005-R.jpg,1405022890-0005-R_crop_009.png,test,0,ring,2016,17,2106,96,ground_truth
test\images\1405022890-0005-R.jpg,1405022890-0005-R_crop_010.png,test,0,ring,2052,241,2110,298,ground_truth
test\images\1405022890-0005-R.jpg,1405022890-0005-R_crop_011.png,test,0,ring,2119,279,2178,352,ground_truth
test\images\1405022890-0005-R.jpg,1405022890-0005-R_crop_012.png,test,0,ring,2154,1274,2230,1338,ground_truth
test\images\1405022890-0005-R.jpg,1405022890-0005-R_crop_013.png,test,0,ring,2240,1405,2322,1480,ground_truth
test\images\1405022890-0005-R.jpg,1405022890-0005-R_crop_014.png,test,0,ring,2256,1051,2331,1120,ground_truth
test\images\1405022890-0005-R.jpg,1405022890-0005-R_crop_015.png,test,0,ring,2259,1597,2337,1677,ground_truth
test\images\1405022890-0005-R.jpg,1405022890-0005-R_crop_016.png,test,0,ring,2456,882,2528,961,ground_truth
test\images\1408290968-0002-R.jpg,1408290968-0002-R_crop_000.png,test,0,ring,1327,892,1404,991,ground_truth
test\images\1409171742-0002-R.jpg,1409171742-0002-R_crop_000.png,test,0,ring,1157,257,1248,327,ground_truth
test\images\1409171742-0002-R.jpg,1409171742-0002-R_crop_001.png,test,0,ring,1205,1714,1271,1795,ground_truth
test\images\1409171742-0002-R.jpg,1409171742-0002-R_crop_002.png,test,0,ring,2198,1185,2286,1255,ground_truth
test\images\1603223711-0001-G.jpg,1603223711-0001-G_crop_000.png,test,0,ring,1148,917,1372,991,ground_truth
test\images\1603223711-0005-G.jpg,1603223711-0005-G_crop_000.png,test,0,ring,1046,610,1222,703,ground_truth
test\images\1701151546-0003-R.jpg,1701151546-0003-R_crop_000.png,test,0,ring,62,466,104,505,ground_truth
test\images\1701151546-0003-R.jpg,1701151546-0003-R_crop_001.png,test,0,ring,83,1075,123,1115,ground_truth
test\images\1701151546-0003-R.jpg,1701151546-0003-R_crop_002.png,test,0,ring,246,1473,296,1524,ground_truth
test\images\1701151546-0003-R.jpg,1701151546-0003-R_crop_003.png,test,0,ring,472,18,508,54,ground_truth
test\images\1701151546-0003-R.jpg,1701151546-0003-R_crop_004.png,test,0,ring,476,987,515,1022,ground_truth
test\images\1701151546-0003-R.jpg,1701151546-0003-R_crop_005.png,test,0,ring,666,933,713,991,ground_truth
test\images\1701151546-0003-R.jpg,1701151546-0003-R_crop_006.png,test,0,ring,1057,855,1087,884,ground_truth
test\images\1701151546-0003-R.jpg,1701151546-0003-R_crop_007.png,test,0,ring,1296,5,1342,44,ground_truth
test\images\1701151546-0003-R.jpg,1701151546-0003-R_crop_008.png,test,0,ring,1318,968,1362,1018,ground_truth
test\images\1701151546-0003-R.jpg,1701151546-0003-R_crop_009.png,test,0,ring,1719,897,1769,946,ground_truth
test\images\1701151546-0003-R.jpg,1701151546-0003-R_crop_010.png,test,0,ring,1806,1839,1831,1872,ground_truth
test\images\1701151546-0003-R.jpg,1701151546-0003-R_crop_011.png,test,0,ring,1973,900,2027,945,ground_truth
test\images\1701151546-0003-R.jpg,1701151546-0003-R_crop_012.png,test,0,ring,2118,1718,2160,1757,ground_truth
test\images\1701151546-0003-R.jpg,1701151546-0003-R_crop_013.png,test,0,ring,2407,1771,2453,1813,ground_truth
test\images\1701151546-0003-R.jpg,1701151546-0003-R_crop_014.png,test,0,ring,2452,1788,2496,1825,ground_truth
test\images\1701151546-0006-R_T.jpg,1701151546-0006-R_T_crop_000.png,test,0,ring,452,161,513,220,ground_truth
test\images\1701151546-0006-R_T.jpg,1701151546-0006-R_T_crop_001.png,test,0,ring,539,1735,588,1792,ground_truth
test\images\1701151546-0006-R_T.jpg,1701151546-0006-R_T_crop_002.png,test,0,ring,679,1651,726,1696,ground_truth
test\images\1701151546-0006-R_T.jpg,1701151546-0006-R_T_crop_003.png,test,0,ring,704,332,746,373,ground_truth
test\images\1701151546-0006-R_T.jpg,1701151546-0006-R_T_crop_004.png,test,0,ring,720,939,774,984,ground_truth
test\images\1701151546-0006-R_T.jpg,1701151546-0006-R_T_crop_005.png,test,0,ring,884,49,913,84,ground_truth
test\images\1701151546-0006-R_T.jpg,1701151546-0006-R_T_crop_006.png,test,0,ring,1006,173,1051,213,ground_truth
test\images\1701151546-0006-R_T.jpg,1701151546-0006-R_T_crop_007.png,test,0,ring,1195,600,1227,644,ground_truth
test\images\1701151546-0006-R_T.jpg,1701151546-0006-R_T_crop_008.png,test,0,ring,1368,860,1422,902,ground_truth
test\images\1701151546-0006-R_T.jpg,1701151546-0006-R_T_crop_009.png,test,0,ring,1389,1495,1433,1540,ground_truth
test\images\1701151546-0006-R_T.jpg,1701151546-0006-R_T_crop_010.png,test,0,ring,1414,845,1455,885,ground_truth
test\images\1701151546-0006-R_T.jpg,1701151546-0006-R_T_crop_011.png,test,0,ring,1532,458,1565,493,ground_truth
test\images\1701151546-0006-R_T.jpg,1701151546-0006-R_T_crop_012.png,test,0,ring,1542,1805,1588,1840,ground_truth
test\images\1701151546-0006-R_T.jpg,1701151546-0006-R_T_crop_013.png,test,0,ring,1749,680,1829,752,ground_truth
test\images\1701151546-0006-R_T.jpg,1701151546-0006-R_T_crop_014.png,test,0,ring,1794,1030,1819,1077,ground_truth
test\images\1701151546-0006-R_T.jpg,1701151546-0006-R_T_crop_015.png,test,0,ring,1885,1008,1921,1056,ground_truth
test\images\1701151546-0006-R_T.jpg,1701151546-0006-R_T_crop_016.png,test,0,ring,2150,1650,2200,1702,ground_truth
test\images\1701151546-0006-R_T.jpg,1701151546-0006-R_T_crop_017.png,test,0,ring,2279,12,2325,61,ground_truth
test\images\1701151546-0006-R_T.jpg,1701151546-0006-R_T_crop_018.png,test,0,ring,2326,1,2378,48,ground_truth
test\images\1701151546-0007-R.jpg,1701151546-0007-R_crop_000.png,test,0,ring,15,1145,59,1190,ground_truth
test\images\1701151546-0007-R.jpg,1701151546-0007-R_crop_001.png,test,0,ring,68,736,113,778,ground_truth
test\images\1701151546-0007-R.jpg,1701151546-0007-R_crop_002.png,test,0,ring,161,1133,215,1183,ground_truth
test\images\1701151546-0007-R.jpg,1701151546-0007-R_crop_003.png,test,0,ring,296,1542,340,1588,ground_truth
test\images\1701151546-0007-R.jpg,1701151546-0007-R_crop_004.png,test,0,ring,353,597,389,637,ground_truth
test\images\1701151546-0007-R.jpg,1701151546-0007-R_crop_005.png,test,0,ring,356,1527,402,1577,ground_truth
test\images\1701151546-0007-R.jpg,1701151546-0007-R_crop_006.png,test,0,ring,387,430,437,466,ground_truth
test\images\1701151546-0007-R.jpg,1701151546-0007-R_crop_007.png,test,0,ring,471,1091,513,1130,ground_truth
test\images\1701151546-0007-R.jpg,1701151546-0007-R_crop_008.png,test,0,ring,502,1887,558,1931,ground_truth
test\images\1701151546-0007-R.jpg,1701151546-0007-R_crop_009.png,test,0,ring,522,1128,565,1170,ground_truth
test\images\1701151546-0007-R.jpg,1701151546-0007-R_crop_010.png,test,0,ring,571,15,615,61,ground_truth
test\images\1701151546-0007-R.jpg,1701151546-0007-R_crop_011.png,test,0,ring,712,553,766,594,ground_truth
test\images\1701151546-0007-R.jpg,1701151546-0007-R_crop_012.png,test,0,ring,824,379,866,409,ground_truth
test\images\1701151546-0007-R.jpg,1701151546-0007-R_crop_013.png,test,0,ring,884,721,930,766,ground_truth
test\images\1701151546-0007-R.jpg,1701151546-0007-R_crop_014.png,test,0,ring,929,861,973,910,ground_truth
test\images\1701151546-0007-R.jpg,1701151546-0007-R_crop_015.png,test,0,ring,996,981,1045,1029,ground_truth
test\images\1701151546-0007-R.jpg,1701151546-0007-R_crop_016.png,test,0,ring,1046,577,1096,632,ground_truth
test\images\1701151546-0007-R.jpg,1701151546-0007-R_crop_017.png,test,0,ring,1112,1207,1150,1246,ground_truth
test\images\1701151546-0007-R.jpg,1701151546-0007-R_crop_018.png,test,0,ring,1364,1144,1395,1181,ground_truth
test\images\1701151546-0007-R.jpg,1701151546-0007-R_crop_019.png,test,0,ring,1374,1179,1415,1217,ground_truth
test\images\1701151546-0007-R.jpg,1701151546-0007-R_crop_020.png,test,0,ring,1875,1314,1920,1349,ground_truth
test\images\1701151546-0007-R.jpg,1701151546-0007-R_crop_021.png,test,0,ring,1922,430,1963,473,ground_truth
test\images\1701151546-0007-R.jpg,1701151546-0007-R_crop_022.png,test,0,ring,1963,89,2012,134,ground_truth
test\images\1701151546-0007-R.jpg,1701151546-0007-R_crop_023.png,test,0,ring,2074,46,2132,99,ground_truth
test\images\1701151546-0007-R.jpg,1701151546-0007-R_crop_024.png,test,0,ring,2203,366,2250,415,ground_truth
test\images\1701151546-0007-R.jpg,1701151546-0007-R_crop_025.png,test,0,ring,2285,1020,2325,1065,ground_truth
test\images\1701151546-0007-R.jpg,1701151546-0007-R_crop_026.png,test,0,ring,2475,1507,2522,1540,ground_truth
test\images\1701151546-0009-R.jpg,1701151546-0009-R_crop_000.png,test,0,ring,242,825,286,867,ground_truth
test\images\1701151546-0009-R.jpg,1701151546-0009-R_crop_001.png,test,0,ring,425,1689,472,1731,ground_truth
test\images\1701151546-0009-R.jpg,1701151546-0009-R_crop_002.png,test,0,ring,459,758,503,803,ground_truth
test\images\1701151546-0009-R.jpg,1701151546-0009-R_crop_003.png,test,0,ring,529,284,566,329,ground_truth
test\images\1701151546-0009-R.jpg,1701151546-0009-R_crop_004.png,test,0,ring,539,739,581,788,ground_truth
test\images\1701151546-0009-R.jpg,1701151546-0009-R_crop_005.png,test,0,ring,584,1745,631,1788,ground_truth
test\images\1701151546-0009-R.jpg,1701151546-0009-R_crop_006.png,test,0,ring,589,1008,633,1048,ground_truth
test\images\1701151546-0009-R.jpg,1701151546-0009-R_crop_007.png,test,0,ring,667,1185,691,1219,ground_truth
test\images\1701151546-0009-R.jpg,1701151546-0009-R_crop_008.png,test,0,ring,867,1254,910,1296,ground_truth
test\images\1701151546-0009-R.jpg,1701151546-0009-R_crop_009.png,test,0,ring,1374,1100,1425,1148,ground_truth
test\images\1701151546-0009-R.jpg,1701151546-0009-R_crop_010.png,test,0,ring,1413,827,1462,875,ground_truth
test\images\1701151546-0009-R.jpg,1701151546-0009-R_crop_011.png,test,0,ring,1523,1143,1566,1187,ground_truth
test\images\1701151546-0009-R.jpg,1701151546-0009-R_crop_012.png,test,0,ring,1548,1348,1591,1390,ground_truth
test\images\1701151546-0009-R.jpg,1701151546-0009-R_crop_013.png,test,0,ring,1609,944,1676,999,ground_truth
test\images\1701151546-0009-R.jpg,1701151546-0009-R_crop_014.png,test,0,ring,1657,344,1702,386,ground_truth
test\images\1701151546-0009-R.jpg,1701151546-0009-R_crop_015.png,test,0,ring,1677,394,1713,427,ground_truth
test\images\1701151546-0009-R.jpg,1701151546-0009-R_crop_016.png,test,0,ring,1833,739,1877,788,ground_truth
test\images\1701151546-0009-R.jpg,1701151546-0009-R_crop_017.png,test,0,ring,1878,743,1904,775,ground_truth
test\images\1701151546-0009-R.jpg,1701151546-0009-R_crop_018.png,test,0,ring,1887,1666,1939,1750,ground_truth
test\images\1701151546-0009-R.jpg,1701151546-0009-R_crop_019.png,test,0,ring,1912,988,1951,1025,ground_truth
test\images\1701151546-0009-R.jpg,1701151546-0009-R_crop_020.png,test,0,ring,1953,839,1999,889,ground_truth
test\images\1701151546-0009-R.jpg,1701151546-0009-R_crop_021.png,test,0,ring,2207,800,2262,850,ground_truth
test\images\1701151546-0009-R.jpg,1701151546-0009-R_crop_022.png,test,0,ring,2228,1651,2272,1691,ground_truth
test\images\1701151546-0009-R.jpg,1701151546-0009-R_crop_023.png,test,0,ring,2307,1143,2350,1187,ground_truth
test\images\1701151546-0012-R.jpg,1701151546-0012-R_crop_000.png,test,0,ring,6,1454,59,1486,ground_truth
test\images\1701151546-0012-R.jpg,1701151546-0012-R_crop_001.png,test,0,ring,42,1003,78,1045,ground_truth
test\images\1701151546-0012-R.jpg,1701151546-0012-R_crop_002.png,test,0,ring,68,1539,108,1579,ground_truth
test\images\1701151546-0012-R.jpg,1701151546-0012-R_crop_003.png,test,0,ring,90,162,133,204,ground_truth
test\images\1701151546-0012-R.jpg,1701151546-0012-R_crop_004.png,test,0,ring,98,108,144,148,ground_truth
test\images\1701151546-0012-R.jpg,1701151546-0012-R_crop_005.png,test,0,ring,180,1131,220,1180,ground_truth
test\images\1701151546-0012-R.jpg,1701151546-0012-R_crop_006.png,test,0,ring,755,737,796,781,ground_truth
test\images\1701151546-0012-R.jpg,1701151546-0012-R_crop_007.png,test,0,ring,785,98,827,147,ground_truth
test\images\1701151546-0012-R.jpg,1701151546-0012-R_crop_008.png,test,0,ring,821,1728,851,1763,ground_truth
test\images\1701151546-0012-R.jpg,1701151546-0012-R_crop_009.png,test,0,ring,838,935,874,969,ground_truth
test\images\1701151546-0012-R.jpg,1701151546-0012-R_crop_010.png,test,0,ring,1087,867,1136,912,ground_truth
test\images\1701151546-0012-R.jpg,1701151546-0012-R_crop_011.png,test,0,ring,1209,1368,1253,1409,ground_truth
test\images\1701151546-0012-R.jpg,1701151546-0012-R_crop_012.png,test,0,ring,1407,1753,1441,1783,ground_truth
test\images\1701151546-0012-R.jpg,1701151546-0012-R_crop_013.png,test,0,ring,1443,1626,1480,1664,ground_truth
test\images\1701151546-0012-R.jpg,1701151546-0012-R_crop_014.png,test,0,ring,1501,1102,1547,1159,ground_truth
test\images\1701151546-0012-R.jpg,1701151546-0012-R_crop_015.png,test,0,ring,1524,688,1570,724,ground_truth
test\images\1701151546-0012-R.jpg,1701151546-0012-R_crop_016.png,test,0,ring,1755,1549,1794,1586,ground_truth
test\images\1701151546-0012-R.jpg,1701151546-0012-R_crop_017.png,test,0,ring,1940,624,1976,664,ground_truth
test\images\1701151546-0012-R.jpg,1701151546-0012-R_crop_018.png,test,0,ring,1958,487,1998,519,ground_truth
test\images\1701151546-0012-R.jpg,1701151546-0012-R_crop_019.png,test,0,ring,1985,1100,2028,1130,ground_truth
test\images\1701151546-0012-R.jpg,1701151546-0012-R_crop_020.png,test,0,ring,2223,961,2245,982,ground_truth
test\images\1701151546-0012-R.jpg,1701151546-0012-R_crop_021.png,test,0,ring,2341,151,2378,190,ground_truth
test\images\1703121298-0007-R.jpg,1703121298-0007-R_crop_000.png,test,0,ring,1087,874,1170,960,ground_truth
test\images\1703121298-0010-G.jpg,1703121298-0010-G_crop_000.png,test,0,ring,1086,838,1223,1031,ground_truth
test\images\1703121298-0010-G.jpg,1703121298-0010-G_crop_001.png,test,0,ring,1580,694,1734,867,ground_truth
test\images\1704282807-0002-R.jpg,1704282807-0002-R_crop_000.png,test,0,ring,70,1356,126,1400,ground_truth
test\images\1704282807-0002-R.jpg,1704282807-0002-R_crop_001.png,test,0,ring,337,481,387,544,ground_truth
test\images\1704282807-0002-R.jpg,1704282807-0002-R_crop_002.png,test,0,ring,358,650,415,703,ground_truth
test\images\1704282807-0002-R.jpg,1704282807-0002-R_crop_003.png,test,0,ring,371,1244,408,1309,ground_truth
test\images\1704282807-0002-R.jpg,1704282807-0002-R_crop_004.png,test,0,ring,462,91,526,154,ground_truth
test\images\1704282807-0002-R.jpg,1704282807-0002-R_crop_005.png,test,0,ring,785,308,853,367,ground_truth
test\images\1704282807-0002-R.jpg,1704282807-0002-R_crop_006.png,test,0,ring,908,1038,974,1093,ground_truth
test\images\1704282807-0002-R.jpg,1704282807-0002-R_crop_007.png,test,0,ring,944,81,995,136,ground_truth
test\images\1704282807-0002-R.jpg,1704282807-0002-R_crop_008.png,test,0,ring,1208,1706,1279,1783,ground_truth
test\images\1704282807-0002-R.jpg,1704282807-0002-R_crop_009.png,test,0,ring,1379,625,1442,689,ground_truth
test\images\1704282807-0002-R.jpg,1704282807-0002-R_crop_010.png,test,0,ring,1488,523,1554,580,ground_truth
test\images\1704282807-0002-R.jpg,1704282807-0002-R_crop_011.png,test,0,ring,1526,128,1596,183,ground_truth
test\images\1704282807-0002-R.jpg,1704282807-0002-R_crop_012.png,test,0,ring,1536,1033,1595,1093,ground_truth
test\images\1704282807-0002-R.jpg,1704282807-0002-R_crop_013.png,test,0,ring,1687,1105,1759,1161,ground_truth
test\images\1704282807-0002-R.jpg,1704282807-0002-R_crop_014.png,test,0,ring,2154,87,2203,159,ground_truth
test\images\1704282807-0002-R.jpg,1704282807-0002-R_crop_015.png,test,0,ring,2231,1230,2294,1287,ground_truth
test\images\1704282807-0002-R.jpg,1704282807-0002-R_crop_016.png,test,0,ring,2271,1182,2324,1237,ground_truth
test\images\1704282807-0002-R.jpg,1704282807-0002-R_crop_017.png,test,0,ring,2315,605,2382,669,ground_truth
test\images\1704282807-0002-R.jpg,1704282807-0002-R_crop_018.png,test,0,ring,2428,609,2492,672,ground_truth
test\images\1704282807-0003-R.jpg,1704282807-0003-R_crop_000.png,test,0,ring,142,1629,217,1688,ground_truth
test\images\1704282807-0003-R.jpg,1704282807-0003-R_crop_001.png,test,0,ring,276,523,335,578,ground_truth
test\images\1704282807-0003-R.jpg,1704282807-0003-R_crop_002.png,test,0,ring,341,575,363,612,ground_truth
test\images\1704282807-0003-R.jpg,1704282807-0003-R_crop_003.png,test,0,ring,341,530,380,570,ground_truth
test\images\1704282807-0003-R.jpg,1704282807-0003-R_crop_004.png,test,0,ring,353,1333,393,1375,ground_truth
test\images\1704282807-0003-R.jpg,1704282807-0003-R_crop_005.png,test,0,ring,393,1829,443,1903,ground_truth
test\images\1704282807-0003-R.jpg,1704282807-0003-R_crop_006.png,test,0,ring,392,917,464,981,ground_truth
test\images\1704282807-0003-R.jpg,1704282807-0003-R_crop_007.png,test,0,ring,712,974,736,1013,ground_truth
test\images\1704282807-0003-R.jpg,1704282807-0003-R_crop_008.png,test,0,ring,1013,567,1070,627,ground_truth
test\images\1704282807-0003-R.jpg,1704282807-0003-R_crop_009.png,test,0,ring,1029,1103,1112,1147,ground_truth
test\images\1704282807-0003-R.jpg,1704282807-0003-R_crop_010.png,test,0,ring,1269,1357,1330,1429,ground_truth
test\images\1704282807-0003-R.jpg,1704282807-0003-R_crop_011.png,test,0,ring,1620,265,1675,334,ground_truth
test\images\1704282807-0003-R.jpg,1704282807-0003-R_crop_012.png,test,0,ring,1745,143,1811,195,ground_truth
test\images\1704282807-0003-R.jpg,1704282807-0003-R_crop_013.png,test,0,ring,1796,1041,1825,1066,ground_truth
test\images\1704282807-0003-R.jpg,1704282807-0003-R_crop_014.png,test,0,ring,1869,1797,1936,1848,ground_truth
test\images\1704282807-0003-R.jpg,1704282807-0003-R_crop_015.png,test,0,ring,2153,536,2214,593,ground_truth
test\images\1704282807-0003-R.jpg,1704282807-0003-R_crop_016.png,test,0,ring,2400,537,2486,623,ground_truth
test\images\1704282807-0006-R.jpg,1704282807-0006-R_crop_000.png,test,0,ring,275,125,336,192,ground_truth
test\images\1704282807-0006-R.jpg,1704282807-0006-R_crop_001.png,test,0,ring,315,1149,373,1206,ground_truth
test\images\1704282807-0006-R.jpg,1704282807-0006-R_crop_002.png,test,0,ring,326,1771,395,1828,ground_truth
test\images\1704282807-0006-R.jpg,1704282807-0006-R_crop_003.png,test,0,ring,973,243,1045,297,ground_truth
test\images\1704282807-0006-R.jpg,1704282807-0006-R_crop_004.png,test,0,ring,992,506,1049,565,ground_truth
test\images\1704282807-0006-R.jpg,1704282807-0006-R_crop_005.png,test,0,ring,1070,1576,1131,1636,ground_truth
test\images\1704282807-0006-R.jpg,1704282807-0006-R_crop_006.png,test,0,ring,1082,724,1142,803,ground_truth
test\images\1704282807-0006-R.jpg,1704282807-0006-R_crop_007.png,test,0,ring,1120,826,1172,893,ground_truth
test\images\1704282807-0006-R.jpg,1704282807-0006-R_crop_008.png,test,0,ring,1170,717,1251,783,ground_truth
test\images\1704282807-0006-R.jpg,1704282807-0006-R_crop_009.png,test,0,ring,1246,518,1302,587,ground_truth
test\images\1704282807-0006-R.jpg,1704282807-0006-R_crop_010.png,test,0,ring,1256,912,1321,973,ground_truth
test\images\1704282807-0006-R.jpg,1704282807-0006-R_crop_011.png,test,0,ring,1359,1353,1413,1408,ground_truth
test\images\1704282807-0006-R.jpg,1704282807-0006-R_crop_012.png,test,0,ring,1362,1046,1425,1105,ground_truth
test\images\1704282807-0006-R.jpg,1704282807-0006-R_crop_013.png,test,0,ring,1426,1073,1476,1143,ground_truth
test\images\1704282807-0006-R.jpg,1704282807-0006-R_crop_014.png,test,0,ring,1566,298,1633,359,ground_truth
test\images\1704282807-0006-R.jpg,1704282807-0006-R_crop_015.png,test,0,ring,2360,466,2418,527,ground_truth
test\images\1704282807-0010-R.jpg,1704282807-0010-R_crop_000.png,test,0,ring,98,1842,189,1892,ground_truth
test\images\1704282807-0010-R.jpg,1704282807-0010-R_crop_001.png,test,0,ring,327,1730,392,1800,ground_truth
test\images\1704282807-0010-R.jpg,1704282807-0010-R_crop_002.png,test,0,ring,564,1306,684,1400,ground_truth
test\images\1704282807-0010-R.jpg,1704282807-0010-R_crop_003.png,test,0,ring,650,669,735,738,ground_truth
test\images\1704282807-0010-R.jpg,1704282807-0010-R_crop_004.png,test,0,ring,719,163,794,233,ground_truth
test\images\1704282807-0010-R.jpg,1704282807-0010-R_crop_005.png,test,0,ring,746,1375,802,1442,ground_truth
test\images\1704282807-0010-R.jpg,1704282807-0010-R_crop_006.png,test,0,ring,766,1341,822,1396,ground_truth
test\images\1704282807-0010-R.jpg,1704282807-0010-R_crop_007.png,test,0,ring,755,449,848,503,ground_truth
test\images\1704282807-0010-R.jpg,1704282807-0010-R_crop_008.png,test,0,ring,922,32,993,108,ground_truth
test\images\1704282807-0010-R.jpg,1704282807-0010-R_crop_009.png,test,0,ring,1090,533,1164,587,ground_truth
test\images\1704282807-0010-R.jpg,1704282807-0010-R_crop_010.png,test,0,ring,1657,480,1720,553,ground_truth
test\images\1704282807-0010-R.jpg,1704282807-0010-R_crop_011.png,test,0,ring,1939,1183,2003,1244,ground_truth
test\images\1704282807-0010-R.jpg,1704282807-0010-R_crop_012.png,test,0,ring,2132,1567,2184,1616,ground_truth
test\images\1704282807-0010-R.jpg,1704282807-0010-R_crop_013.png,test,0,ring,2302,195,2368,263,ground_truth
test\images\1704282807-0012-R_T.jpg,1704282807-0012-R_T_crop_000.png,test,0,ring,3,411,60,466,ground_truth
test\images\1704282807-0012-R_T.jpg,1704282807-0012-R_T_crop_001.png,test,0,ring,68,1471,123,1518,ground_truth
test\images\1704282807-0012-R_T.jpg,1704282807-0012-R_T_crop_002.png,test,0,ring,238,646,301,701,ground_truth
test\images\1704282807-0012-R_T.jpg,1704282807-0012-R_T_crop_003.png,test,0,ring,285,74,352,127,ground_truth
test\images\1704282807-0012-R_T.jpg,1704282807-0012-R_T_crop_004.png,test,0,ring,507,1823,583,1900,ground_truth
test\images\1704282807-0012-R_T.jpg,1704282807-0012-R_T_crop_005.png,test,0,ring,640,896,675,933,ground_truth
test\images\1704282807-0012-R_T.jpg,1704282807-0012-R_T_crop_006.png,test,0,ring,685,875,733,934,ground_truth
test\images\1704282807-0012-R_T.jpg,1704282807-0012-R_T_crop_007.png,test,0,ring,772,1061,829,1121,ground_truth
test\images\1704282807-0012-R_T.jpg,1704282807-0012-R_T_crop_008.png,test,0,ring,807,1881,867,1941,ground_truth
test\images\1704282807-0012-R_T.jpg,1704282807-0012-R_T_crop_009.png,test,0,ring,887,1512,947,1576,ground_truth
test\images\1704282807-0012-R_T.jpg,1704282807-0012-R_T_crop_010.png,test,0,ring,966,1185,1032,1238,ground_truth
test\images\1704282807-0012-R_T.jpg,1704282807-0012-R_T_crop_011.png,test,0,ring,985,1431,1055,1502,ground_truth
test\images\1704282807-0012-R_T.jpg,1704282807-0012-R_T_crop_012.png,test,0,ring,985,108,1059,177,ground_truth
test\images\1704282807-0012-R_T.jpg,1704282807-0012-R_T_crop_013.png,test,0,ring,1015,1706,1060,1773,ground_truth
test\images\1704282807-0012-R_T.jpg,1704282807-0012-R_T_crop_014.png,test,0,ring,1079,275,1134,334,ground_truth
test\images\1704282807-0012-R_T.jpg,1704282807-0012-R_T_crop_015.png,test,0,ring,1295,730,1357,786,ground_truth
test\images\1704282807-0012-R_T.jpg,1704282807-0012-R_T_crop_016.png,test,0,ring,1451,704,1571,803,ground_truth
test\images\1704282807-0012-R_T.jpg,1704282807-0012-R_T_crop_017.png,test,0,ring,1525,1286,1588,1332,ground_truth
test\images\1704282807-0012-R_T.jpg,1704282807-0012-R_T_crop_018.png,test,0,ring,1564,1470,1631,1534,ground_truth
test\images\1704282807-0012-R_T.jpg,1704282807-0012-R_T_crop_019.png,test,0,ring,1759,1494,1816,1542,ground_truth
test\images\1704282807-0012-R_T.jpg,1704282807-0012-R_T_crop_020.png,test,0,ring,1794,1190,1851,1240,ground_truth
test\images\1704282807-0012-R_T.jpg,1704282807-0012-R_T_crop_021.png,test,0,ring,1962,22,2018,69,ground_truth
test\images\1704282807-0012-R_T.jpg,1704282807-0012-R_T_crop_022.png,test,0,ring,1990,733,2022,765,ground_truth
test\images\1704282807-0012-R_T.jpg,1704282807-0012-R_T_crop_023.png,test,0,ring,2059,657,2123,721,ground_truth
test\images\1704282807-0012-R_T.jpg,1704282807-0012-R_T_crop_024.png,test,0,ring,2115,1728,2177,1797,ground_truth
test\images\1704282807-0012-R_T.jpg,1704282807-0012-R_T_crop_025.png,test,0,ring,2156,99,2243,161,ground_truth
test\images\1704282807-0012-R_T.jpg,1704282807-0012-R_T_crop_026.png,test,0,ring,2223,1303,2259,1340,ground_truth
test\images\1704282807-0016-R.jpg,1704282807-0016-R_crop_000.png,test,0,ring,61,1269,125,1324,ground_truth
test\images\1704282807-0016-R.jpg,1704282807-0016-R_crop_001.png,test,0,ring,255,464,315,518,ground_truth
test\images\1704282807-0016-R.jpg,1704282807-0016-R_crop_002.png,test,0,ring,382,999,436,1059,ground_truth
test\images\1704282807-0016-R.jpg,1704282807-0016-R_crop_003.png,test,0,ring,406,1156,456,1213,ground_truth
test\images\1704282807-0016-R.jpg,1704282807-0016-R_crop_004.png,test,0,ring,415,218,463,272,ground_truth
test\images\1704282807-0016-R.jpg,1704282807-0016-R_crop_005.png,test,0,ring,574,1097,631,1148,ground_truth
test\images\1704282807-0016-R.jpg,1704282807-0016-R_crop_006.png,test,0,ring,637,618,692,674,ground_truth
test\images\1704282807-0016-R.jpg,1704282807-0016-R_crop_007.png,test,0,ring,767,1195,825,1242,ground_truth
test\images\1704282807-0016-R.jpg,1704282807-0016-R_crop_008.png,test,0,ring,803,413,864,466,ground_truth
test\images\1704282807-0016-R.jpg,1704282807-0016-R_crop_009.png,test,0,ring,889,614,912,635,ground_truth
test\images\1704282807-0016-R.jpg,1704282807-0016-R_crop_010.png,test,0,ring,1046,1400,1112,1465,ground_truth
test\images\1704282807-0016-R.jpg,1704282807-0016-R_crop_011.png,test,0,ring,1252,816,1294,857,ground_truth
test\images\1704282807-0016-R.jpg,1704282807-0016-R_crop_012.png,test,0,ring,1378,1583,1431,1634,ground_truth
test\images\1704282807-0016-R.jpg,1704282807-0016-R_crop_013.png,test,0,ring,1414,572,1466,622,ground_truth
test\images\1704282807-0016-R.jpg,1704282807-0016-R_crop_014.png,test,0,ring,1655,329,1689,361,ground_truth
test\images\1704282807-0016-R.jpg,1704282807-0016-R_crop_015.png,test,0,ring,1719,356,1786,430,ground_truth
test\images\1704282807-0016-R.jpg,1704282807-0016-R_crop_016.png,test,0,ring,1864,83,1956,169,ground_truth
test\images\1704282807-0016-R.jpg,1704282807-0016-R_crop_017.png,test,0,ring,2044,1661,2103,1720,ground_truth
test\images\1704282807-0016-R.jpg,1704282807-0016-R_crop_018.png,test,0,ring,2059,211,2123,250,ground_truth
test\images\1704282807-0016-R.jpg,1704282807-0016-R_crop_019.png,test,0,ring,2134,520,2189,575,ground_truth
test\images\1704282807-0016-R.jpg,1704282807-0016-R_crop_020.png,test,0,ring,2198,741,2223,775,ground_truth
test\images\1704282807-0016-R.jpg,1704282807-0016-R_crop_021.png,test,0,ring,2216,756,2246,790,ground_truth
test\images\1704282807-0016-R.jpg,1704282807-0016-R_crop_022.png,test,0,ring,2277,1273,2326,1343,ground_truth
test\images\1704282807-0016-R.jpg,1704282807-0016-R_crop_023.png,test,0,ring,2306,905,2377,972,ground_truth
test\images\1704282807-0016-R.jpg,1704282807-0016-R_crop_024.png,test,0,ring,2336,1016,2392,1091,ground_truth
test\images\1704282807-0016-R.jpg,1704282807-0016-R_crop_025.png,test,0,ring,2366,1847,2418,1902,ground_truth
test\images\1704282807-0016-R.jpg,1704282807-0016-R_crop_026.png,test,0,ring,2492,1856,2547,1906,ground_truth
test\images\1704282807-0016-R.jpg,1704282807-0016-R_crop_027.png,test,0,ring,2500,417,2559,461,ground_truth
test\images\1704282807-0016-R.jpg,1704282807-0016-R_crop_028.png,test,0,ring,2502,1410,2554,1470,ground_truth
test\images\1704282807-0019-R_G.jpg,1704282807-0019-R_G_crop_000.png,test,0,ring,35,1792,109,1857,ground_truth
test\images\1704282807-0019-R_G.jpg,1704282807-0019-R_G_crop_001.png,test,0,ring,144,255,198,323,ground_truth
test\images\1704282807-0019-R_G.jpg,1704282807-0019-R_G_crop_002.png,test,0,ring,293,1763,346,1815,ground_truth
test\images\1704282807-0019-R_G.jpg,1704282807-0019-R_G_crop_003.png,test,0,ring,396,704,437,747,ground_truth
test\images\1704282807-0019-R_G.jpg,1704282807-0019-R_G_crop_004.png,test,0,ring,473,7,532,58,ground_truth
test\images\1704282807-0019-R_G.jpg,1704282807-0019-R_G_crop_005.png,test,0,ring,588,879,640,935,ground_truth
test\images\1704282807-0019-R_G.jpg,1704282807-0019-R_G_crop_006.png,test,0,ring,586,530,641,591,ground_truth
test\images\1704282807-0019-R_G.jpg,1704282807-0019-R_G_crop_007.png,test,0,ring,614,1594,670,1648,ground_truth
test\images\1704282807-0019-R_G.jpg,1704282807-0019-R_G_crop_008.png,test,0,ring,632,1549,679,1601,ground_truth
test\images\1704282807-0019-R_G.jpg,1704282807-0019-R_G_crop_009.png,test,0,ring,753,1145,807,1200,ground_truth
test\images\1704282807-0019-R_G.jpg,1704282807-0019-R_G_crop_010.png,test,0,ring,770,1182,829,1242,ground_truth
test\images\1704282807-0019-R_G.jpg,1704282807-0019-R_G_crop_011.png,test,0,ring,858,39,929,89,ground_truth
test\images\1704282807-0019-R_G.jpg,1704282807-0019-R_G_crop_012.png,test,0,ring,891,480,934,533,ground_truth
test\images\1704282807-0019-R_G.jpg,1704282807-0019-R_G_crop_013.png,test,0,ring,891,986,945,1036,ground_truth
test\images\1704282807-0019-R_G.jpg,1704282807-0019-R_G_crop_014.png,test,0,ring,950,840,1003,895,ground_truth
test\images\1704282807-0019-R_G.jpg,1704282807-0019-R_G_crop_015.png,test,0,ring,962,502,1029,564,ground_truth
test\images\1704282807-0019-R_G.jpg,1704282807-0019-R_G_crop_016.png,test,0,ring,1076,240,1146,304,ground_truth
test\images\1704282807-0019-R_G.jpg,1704282807-0019-R_G_crop_017.png,test,0,ring,1180,813,1327,962,ground_truth
test\images\1704282807-0019-R_G.jpg,1704282807-0019-R_G_crop_018.png,test,0,ring,1237,1569,1308,1648,ground_truth
test\images\1704282807-0019-R_G.jpg,1704282807-0019-R_G_crop_019.png,test,0,ring,1486,1508,1542,1572,ground_truth
test\images\1704282807-0019-R_G.jpg,1704282807-0019-R_G_crop_020.png,test,0,ring,1486,217,1542,251,ground_truth
test\images\1704282807-0019-R_G.jpg,1704282807-0019-R_G_crop_021.png,test,0,ring,1510,1032,1562,1080,ground_truth
test\images\1704282807-0019-R_G.jpg,1704282807-0019-R_G_crop_022.png,test,0,ring,1564,181,1631,253,ground_truth
test\images\1704282807-0019-R_G.jpg,1704282807-0019-R_G_crop_023.png,test,0,ring,1618,1820,1681,1878,ground_truth
test\images\1704282807-0019-R_G.jpg,1704282807-0019-R_G_crop_024.png,test,0,ring,1662,1323,1717,1359,ground_truth
test\images\1704282807-0019-R_G.jpg,1704282807-0019-R_G_crop_025.png,test,0,ring,1678,1794,1717,1865,ground_truth
test\images\1704282807-0019-R_G.jpg,1704282807-0019-R_G_crop_026.png,test,0,ring,1733,1111,1799,1167,ground_truth
test\images\1704282807-0019-R_G.jpg,1704282807-0019-R_G_crop_027.png,test,0,ring,1757,1200,1814,1248,ground_truth
test\images\1704282807-0019-R_G.jpg,1704282807-0019-R_G_crop_028.png,test,0,ring,1843,257,1901,312,ground_truth
test\images\1704282807-0019-R_G.jpg,1704282807-0019-R_G_crop_029.png,test,0,ring,2010,1246,2072,1302,ground_truth
test\images\1704282807-0019-R_G.jpg,1704282807-0019-R_G_crop_030.png,test,0,ring,2076,1187,2138,1261,ground_truth
test\images\1704282807-0019-R_G.jpg,1704282807-0019-R_G_crop_031.png,test,0,ring,2153,626,2208,689,ground_truth
test\images\1704282807-0019-R_G.jpg,1704282807-0019-R_G_crop_032.png,test,0,ring,2162,557,2225,608,ground_truth
test\images\1704282807-0019-R_G.jpg,1704282807-0019-R_G_crop_033.png,test,0,ring,2185,1056,2265,1132,ground_truth
test\images\1704282807-0019-R_G.jpg,1704282807-0019-R_G_crop_034.png,test,0,ring,2225,617,2279,676,ground_truth
test\images\1704282807-0019-R_G.jpg,1704282807-0019-R_G_crop_035.png,test,0,ring,2285,612,2358,681,ground_truth
test\images\1704282807-0019-R_G.jpg,1704282807-0019-R_G_crop_036.png,test,0,ring,2340,1172,2385,1227,ground_truth
test\images\1704282807-0019-R_G.jpg,1704282807-0019-R_G_crop_037.png,test,0,ring,2334,580,2397,645,ground_truth
test\images\1704282807-0019-R_G.jpg,1704282807-0019-R_G_crop_038.png,test,0,ring,2347,326,2402,366,ground_truth
test\images\1704282807-0019-R_G.jpg,1704282807-0019-R_G_crop_039.png,test,0,ring,2355,1537,2422,1596,ground_truth
test\images\1704282807-0019-R_G.jpg,1704282807-0019-R_G_crop_040.png,test,0,ring,2523,369,2568,413,ground_truth
test\images\1707180816-0006-T.jpg,1707180816-0006-T_crop_000.png,test,0,ring,1460,694,1562,823,ground_truth
test\images\1707180816-0007-T.jpg,1707180816-0007-T_crop_000.png,test,0,ring,1238,907,1340,1008,ground_truth
test\images\1707180816-0009-T.jpg,1707180816-0009-T_crop_000.png,test,0,ring,1163,841,1317,943,ground_truth
test\images\1707180816-0015-T.jpg,1707180816-0015-T_crop_000.png,test,0,ring,765,713,957,829,ground_truth
test\images\1707180816-0016-R.jpg,1707180816-0016-R_crop_000.png,test,0,ring,1079,601,1177,706,ground_truth
test\images\1708161076-0001-R.jpg,1708161076-0001-R_crop_000.png,test,0,ring,1448,786,1533,875,ground_truth
test\images\1708161076-0007-R.jpg,1708161076-0007-R_crop_000.png,test,0,ring,1247,738,1324,823,ground_truth
test\images\1709041080-0013-R.jpg,1709041080-0013-R_crop_000.png,test,0,ring,1308,761,1430,889,ground_truth
test\images\1709041080-0024-R.jpg,1709041080-0024-R_crop_000.png,test,0,ring,1399,858,1495,964,ground_truth
test\images\1709041080-0024-R.jpg,1709041080-0024-R_crop_001.png,test,0,ring,1501,250,1588,334,ground_truth
test\images\1709041080-0025-R_T.jpg,1709041080-0025-R_T_crop_000.png,test,0,ring,447,1470,530,1604,ground_truth
test\images\1709041080-0025-R_T.jpg,1709041080-0025-R_T_crop_001.png,test,0,ring,1037,701,1153,798,ground_truth
test\images\1709041080-0025-R_T.jpg,1709041080-0025-R_T_crop_002.png,test,0,ring,1234,613,1384,753,ground_truth
test\images\1709041080-0025-R_T.jpg,1709041080-0025-R_T_crop_003.png,test,0,ring,1530,557,1610,617,ground_truth
test\images\1709041080-0029-T.jpg,1709041080-0029-T_crop_000.png,test,0,ring,981,1121,1127,1304,ground_truth
test\images\1709041080-0031-S.jpg,1709041080-0031-S_crop_000.png,test,0,ring,1188,706,1370,884,ground_truth
test\images\1709041080-0033-S.jpg,1709041080-0033-S_crop_000.png,test,0,ring,1288,394,1433,528,ground_truth
test\images\1709041080-0036-S_R.jpg,1709041080-0036-S_R_crop_000.png,test,0,ring,1313,473,1481,627,ground_truth
test\images\1709041080-0036-S_R.jpg,1709041080-0036-S_R_crop_001.png,test,0,ring,1469,955,1540,1029,ground_truth
