original_image,crop_filename,split,class_id,class_name,bbox_x1,bbox_y1,bbox_x2,bbox_y2,source
images/Trip 017 Day 1 19-10-05 Image 14 add_1.png,Trip 017 Day 1 19-10-05 Image 14 add_1_crop_000.png,val,1,schizont,680,715,771,811,ground_truth
images/Trip 017 Day 1 19-10-05 Image 14 add_1.png,Trip 017 Day 1 19-10-05 Image 14 add_1_crop_001.png,val,1,schizont,1210,250,1301,346,ground_truth
images/Trip 017 Day 1 19-10-05 Image 14 add_1.png,Trip 017 Day 1 19-10-05 Image 14 add_1_crop_002.png,val,1,schizont,107,612,198,708,ground_truth
images/Trip 017 Day 1 19-10-05 Image 14 add_1.png,Trip 017 Day 1 19-10-05 Image 14 add_1_crop_003.png,val,2,trophozoite,128,481,199,551,ground_truth
images/Trip 017 Day 1 19-10-05 Image 14 add_10.png,Trip 017 Day 1 19-10-05 Image 14 add_10_crop_000.png,train,1,schizont,411,555,502,651,ground_truth
images/Trip 017 Day 1 19-10-05 Image 14 add_10.png,Trip 017 Day 1 19-10-05 Image 14 add_10_crop_001.png,train,0,ring,1163,121,1203,157,ground_truth
images/Trip 017 Day 1 19-10-05 Image 14 add_10.png,Trip 017 Day 1 19-10-05 Image 14 add_10_crop_002.png,train,0,ring,655,0,696,32,ground_truth
images/Trip 017 Day 1 19-10-05 Image 14 add_11.png,Trip 017 Day 1 19-10-05 Image 14 add_11_crop_000.png,test,0,ring,305,385,346,420,ground_truth
images/Trip 017 Day 1 19-10-05 Image 14 add_11.png,Trip 017 Day 1 19-10-05 Image 14 add_11_crop_001.png,test,0,ring,1195,832,1235,868,ground_truth
images/Trip 017 Day 1 19-10-05 Image 14 add_11.png,Trip 017 Day 1 19-10-05 Image 14 add_11_crop_002.png,test,0,ring,536,140,577,175,ground_truth
images/Trip 017 Day 1 19-10-05 Image 14 add_12.png,Trip 017 Day 1 19-10-05 Image 14 add_12_crop_000.png,train,1,schizont,787,215,878,311,ground_truth
images/Trip 017 Day 1 19-10-05 Image 14 add_12.png,Trip 017 Day 1 19-10-05 Image 14 add_12_crop_001.png,train,1,schizont,784,290,875,386,ground_truth
images/Trip 017 Day 1 19-10-05 Image 14 add_13.png,Trip 017 Day 1 19-10-05 Image 14 add_13_crop_000.png,train,1,schizont,0,751,62,848,ground_truth
images/Trip 017 Day 1 19-10-05 Image 14 add_14.png,Trip 017 Day 1 19-10-05 Image 14 add_14_crop_000.png,train,1,schizont,2,769,93,865,ground_truth
images/Trip 017 Day 1 19-10-05 Image 14 add_14.png,Trip 017 Day 1 19-10-05 Image 14 add_14_crop_001.png,train,2,trophozoite,1232,349,1303,419,ground_truth
images/Trip 017 Day 1 19-10-05 Image 14 add_14.png,Trip 017 Day 1 19-10-05 Image 14 add_14_crop_002.png,train,0,ring,663,860,704,895,ground_truth
images/Trip 017 Day 1 19-10-05 Image 14 add_15.png,Trip 017 Day 1 19-10-05 Image 14 add_15_crop_000.png,val,1,schizont,1177,837,1268,933,ground_truth
images/Trip 017 Day 1 19-10-05 Image 14 add_15.png,Trip 017 Day 1 19-10-05 Image 14 add_15_crop_001.png,val,2,trophozoite,0,420,55,490,ground_truth
images/Trip 017 Day 1 19-10-05 Image 14 add_16.png,Trip 017 Day 1 19-10-05 Image 14 add_16_crop_000.png,test,1,schizont,251,777,342,873,ground_truth
images/Trip 017 Day 1 19-10-05 Image 14 add_16.png,Trip 017 Day 1 19-10-05 Image 14 add_16_crop_001.png,test,1,schizont,1034,940,1125,1030,ground_truth
images/Trip 017 Day 1 19-10-05 Image 14 add_16.png,Trip 017 Day 1 19-10-05 Image 14 add_16_crop_002.png,test,0,ring,188,931,228,966,ground_truth
images/Trip 017 Day 1 19-10-05 Image 14 add_2.png,Trip 017 Day 1 19-10-05 Image 14 add_2_crop_000.png,val,1,schizont,432,527,523,623,ground_truth
images/Trip 017 Day 1 19-10-05 Image 14 add_2.png,Trip 017 Day 1 19-10-05 Image 14 add_2_crop_001.png,val,1,schizont,163,234,254,330,ground_truth
images/Trip 017 Day 1 19-10-05 Image 14 add_2.png,Trip 017 Day 1 19-10-05 Image 14 add_2_crop_002.png,val,1,schizont,601,558,692,654,ground_truth
images/Trip 017 Day 1 19-10-05 Image 14 add_2.png,Trip 017 Day 1 19-10-05 Image 14 add_2_crop_003.png,val,0,ring,302,476,342,512,ground_truth
images/Trip 017 Day 1 19-10-05 Image 14 add_3.png,Trip 017 Day 1 19-10-05 Image 14 add_3_crop_000.png,test,2,trophozoite,904,672,975,742,ground_truth
images/Trip 017 Day 1 19-10-05 Image 14 add_4.png,Trip 017 Day 1 19-10-05 Image 14 add_4_crop_000.png,val,0,ring,572,911,612,947,ground_truth
images/Trip 017 Day 1 19-10-05 Image 14 add_4.png,Trip 017 Day 1 19-10-05 Image 14 add_4_crop_001.png,val,1,schizont,321,779,412,875,ground_truth
images/Trip 017 Day 1 19-10-05 Image 14 add_5.png,Trip 017 Day 1 19-10-05 Image 14 add_5_crop_000.png,train,1,schizont,721,571,812,667,ground_truth
images/Trip 017 Day 1 19-10-05 Image 14 add_5.png,Trip 017 Day 1 19-10-05 Image 14 add_5_crop_001.png,train,1,schizont,1233,639,1324,735,ground_truth
images/Trip 017 Day 1 19-10-05 Image 14 add_6.png,Trip 017 Day 1 19-10-05 Image 14 add_6_crop_000.png,train,1,schizont,56,51,147,147,ground_truth
images/Trip 017 Day 1 19-10-05 Image 14 add_6.png,Trip 017 Day 1 19-10-05 Image 14 add_6_crop_001.png,train,1,schizont,552,830,643,927,ground_truth
images/Trip 017 Day 1 19-10-05 Image 14 add_6.png,Trip 017 Day 1 19-10-05 Image 14 add_6_crop_002.png,train,1,schizont,1183,145,1274,241,ground_truth
images/Trip 017 Day 1 19-10-05 Image 14 add_6.png,Trip 017 Day 1 19-10-05 Image 14 add_6_crop_003.png,train,0,ring,348,1006,388,1030,ground_truth
images/Trip 017 Day 1 19-10-05 Image 14 add_7.png,Trip 017 Day 1 19-10-05 Image 14 add_7_crop_000.png,train,0,ring,1178,984,1219,1020,ground_truth
images/Trip 017 Day 1 19-10-05 Image 14 add_7.png,Trip 017 Day 1 19-10-05 Image 14 add_7_crop_001.png,train,0,ring,1015,771,1056,807,ground_truth
images/Trip 017 Day 1 19-10-05 Image 14 add_8.png,Trip 017 Day 1 19-10-05 Image 14 add_8_crop_000.png,train,1,schizont,1279,74,1370,170,ground_truth
images/Trip 017 Day 1 19-10-05 Image 14 add_8.png,Trip 017 Day 1 19-10-05 Image 14 add_8_crop_001.png,train,1,schizont,1266,740,1357,836,ground_truth
images/Trip 017 Day 1 19-10-05 Image 14 add_8.png,Trip 017 Day 1 19-10-05 Image 14 add_8_crop_002.png,train,0,ring,144,366,184,402,ground_truth
images/Trip 017 Day 1 19-10-05 Image 14 add_9.png,Trip 017 Day 1 19-10-05 Image 14 add_9_crop_000.png,train,1,schizont,959,0,1050,93,ground_truth
images/Trip 017 Day 1 19-10-05 Image 14 add_9.png,Trip 017 Day 1 19-10-05 Image 14 add_9_crop_001.png,train,0,ring,110,465,150,500,ground_truth
images/Trip 017 Day 1 19-10-05 Image 14 add_9.png,Trip 017 Day 1 19-10-05 Image 14 add_9_crop_002.png,train,2,trophozoite,1246,195,1317,264,ground_truth
images/Trip 017 Day 1 19-10-05 Image 15 add_1.png,Trip 017 Day 1 19-10-05 Image 15 add_1_crop_000.png,train,1,schizont,1124,178,1215,274,ground_truth
images/Trip 017 Day 1 19-10-05 Image 15 add_1.png,Trip 017 Day 1 19-10-05 Image 15 add_1_crop_001.png,train,1,schizont,320,266,411,362,ground_truth
images/Trip 017 Day 1 19-10-05 Image 15 add_1.png,Trip 017 Day 1 19-10-05 Image 15 add_1_crop_002.png,train,0,ring,49,861,89,896,ground_truth
images/Trip 017 Day 1 19-10-05 Image 15 add_1.png,Trip 017 Day 1 19-10-05 Image 15 add_1_crop_003.png,train,1,schizont,601,36,692,132,ground_truth
images/Trip 017 Day 1 19-10-05 Image 15 add_1.png,Trip 017 Day 1 19-10-05 Image 15 add_1_crop_004.png,train,0,ring,209,604,249,640,ground_truth
images/Trip 017 Day 1 19-10-05 Image 15 add_1.png,Trip 017 Day 1 19-10-05 Image 15 add_1_crop_005.png,train,1,schizont,414,658,505,754,ground_truth
images/Trip 017 Day 1 19-10-05 Image 15 add_10.png,Trip 017 Day 1 19-10-05 Image 15 add_10_crop_000.png,train,2,trophozoite,802,395,873,465,ground_truth
images/Trip 017 Day 1 19-10-05 Image 15 add_10.png,Trip 017 Day 1 19-10-05 Image 15 add_10_crop_001.png,train,0,ring,1193,477,1234,513,ground_truth
images/Trip 017 Day 1 19-10-05 Image 15 add_11.png,Trip 017 Day 1 19-10-05 Image 15 add_11_crop_000.png,train,1,schizont,376,9,467,105,ground_truth
images/Trip 017 Day 1 19-10-05 Image 15 add_12.png,Trip 017 Day 1 19-10-05 Image 15 add_12_crop_000.png,val,1,schizont,918,940,1009,1030,ground_truth
images/Trip 017 Day 1 19-10-05 Image 15 add_12.png,Trip 017 Day 1 19-10-05 Image 15 add_12_crop_001.png,val,0,ring,983,72,1023,108,ground_truth
images/Trip 017 Day 1 19-10-05 Image 15 add_12.png,Trip 017 Day 1 19-10-05 Image 15 add_12_crop_002.png,val,1,schizont,255,716,346,812,ground_truth
images/Trip 017 Day 1 19-10-05 Image 15 add_12.png,Trip 017 Day 1 19-10-05 Image 15 add_12_crop_003.png,val,0,ring,736,347,777,382,ground_truth
images/Trip 017 Day 1 19-10-05 Image 15 add_13.png,Trip 017 Day 1 19-10-05 Image 15 add_13_crop_000.png,train,1,schizont,1318,929,1382,1025,ground_truth
images/Trip 017 Day 1 19-10-05 Image 15 add_13.png,Trip 017 Day 1 19-10-05 Image 15 add_13_crop_001.png,train,0,ring,865,715,906,751,ground_truth
images/Trip 017 Day 1 19-10-05 Image 15 add_13.png,Trip 017 Day 1 19-10-05 Image 15 add_13_crop_002.png,train,1,schizont,1188,389,1279,485,ground_truth
images/Trip 017 Day 1 19-10-05 Image 15 add_13.png,Trip 017 Day 1 19-10-05 Image 15 add_13_crop_003.png,train,1,schizont,1100,21,1191,117,ground_truth
images/Trip 017 Day 1 19-10-05 Image 15 add_13.png,Trip 017 Day 1 19-10-05 Image 15 add_13_crop_004.png,train,0,ring,1329,434,1369,469,ground_truth
images/Trip 017 Day 1 19-10-05 Image 15 add_14.png,Trip 017 Day 1 19-10-05 Image 15 add_14_crop_000.png,test,1,schizont,484,117,575,214,ground_truth
images/Trip 017 Day 1 19-10-05 Image 15 add_14.png,Trip 017 Day 1 19-10-05 Image 15 add_14_crop_001.png,test,1,schizont,509,605,600,701,ground_truth
images/Trip 017 Day 1 19-10-05 Image 15 add_14.png,Trip 017 Day 1 19-10-05 Image 15 add_14_crop_002.png,test,1,schizont,873,284,964,381,ground_truth
images/Trip 017 Day 1 19-10-05 Image 15 add_14.png,Trip 017 Day 1 19-10-05 Image 15 add_14_crop_003.png,test,2,trophozoite,796,737,867,807,ground_truth
images/Trip 017 Day 1 19-10-05 Image 15 add_14.png,Trip 017 Day 1 19-10-05 Image 15 add_14_crop_004.png,test,0,ring,79,15,120,50,ground_truth
images/Trip 017 Day 1 19-10-05 Image 15 add_14.png,Trip 017 Day 1 19-10-05 Image 15 add_14_crop_005.png,test,1,schizont,754,40,845,136,ground_truth
images/Trip 017 Day 1 19-10-05 Image 15 add_14.png,Trip 017 Day 1 19-10-05 Image 15 add_14_crop_006.png,test,1,schizont,0,913,62,1009,ground_truth
images/Trip 017 Day 1 19-10-05 Image 15 add_15.png,Trip 017 Day 1 19-10-05 Image 15 add_15_crop_000.png,test,0,ring,1176,327,1217,363,ground_truth
images/Trip 017 Day 1 19-10-05 Image 15 add_15.png,Trip 017 Day 1 19-10-05 Image 15 add_15_crop_001.png,test,0,ring,574,1002,614,1030,ground_truth
images/Trip 017 Day 1 19-10-05 Image 15 add_16.png,Trip 017 Day 1 19-10-05 Image 15 add_16_crop_000.png,train,1,schizont,235,761,326,857,ground_truth
images/Trip 017 Day 1 19-10-05 Image 15 add_16.png,Trip 017 Day 1 19-10-05 Image 15 add_16_crop_001.png,train,1,schizont,775,746,866,842,ground_truth
images/Trip 017 Day 1 19-10-05 Image 15 add_16.png,Trip 017 Day 1 19-10-05 Image 15 add_16_crop_002.png,train,1,schizont,855,727,946,824,ground_truth
images/Trip 017 Day 1 19-10-05 Image 15 add_2.png,Trip 017 Day 1 19-10-05 Image 15 add_2_crop_000.png,train,1,schizont,529,947,620,1030,ground_truth
images/Trip 017 Day 1 19-10-05 Image 15 add_2.png,Trip 017 Day 1 19-10-05 Image 15 add_2_crop_001.png,train,1,schizont,938,410,1029,506,ground_truth
images/Trip 017 Day 1 19-10-05 Image 15 add_2.png,Trip 017 Day 1 19-10-05 Image 15 add_2_crop_002.png,train,1,schizont,465,409,556,505,ground_truth
images/Trip 017 Day 1 19-10-05 Image 15 add_2.png,Trip 017 Day 1 19-10-05 Image 15 add_2_crop_003.png,train,1,schizont,240,86,331,183,ground_truth
images/Trip 017 Day 1 19-10-05 Image 15 add_3.png,Trip 017 Day 1 19-10-05 Image 15 add_3_crop_000.png,train,1,schizont,952,423,1043,519,ground_truth
images/Trip 017 Day 1 19-10-05 Image 15 add_4.png,Trip 017 Day 1 19-10-05 Image 15 add_4_crop_000.png,val,2,trophozoite,981,62,1052,132,ground_truth
images/Trip 017 Day 1 19-10-05 Image 15 add_4.png,Trip 017 Day 1 19-10-05 Image 15 add_4_crop_001.png,val,1,schizont,1151,775,1242,872,ground_truth
images/Trip 017 Day 1 19-10-05 Image 15 add_5.png,Trip 017 Day 1 19-10-05 Image 15 add_5_crop_000.png,train,1,schizont,336,0,427,95,ground_truth
images/Trip 017 Day 1 19-10-05 Image 15 add_5.png,Trip 017 Day 1 19-10-05 Image 15 add_5_crop_001.png,train,0,ring,587,215,628,251,ground_truth
images/Trip 017 Day 1 19-10-05 Image 15 add_5.png,Trip 017 Day 1 19-10-05 Image 15 add_5_crop_002.png,train,0,ring,10,840,50,876,ground_truth
images/Trip 017 Day 1 19-10-05 Image 15 add_5.png,Trip 017 Day 1 19-10-05 Image 15 add_5_crop_003.png,train,0,ring,852,385,893,420,ground_truth
images/Trip 017 Day 1 19-10-05 Image 15 add_6.png,Trip 017 Day 1 19-10-05 Image 15 add_6_crop_000.png,test,1,schizont,0,312,88,408,ground_truth
images/Trip 017 Day 1 19-10-05 Image 15 add_6.png,Trip 017 Day 1 19-10-05 Image 15 add_6_crop_001.png,test,1,schizont,537,0,628,59,ground_truth
images/Trip 017 Day 1 19-10-05 Image 15 add_8.png,Trip 017 Day 1 19-10-05 Image 15 add_8_crop_000.png,train,1,schizont,304,734,395,830,ground_truth
images/Trip 017 Day 1 19-10-05 Image 15 add_8.png,Trip 017 Day 1 19-10-05 Image 15 add_8_crop_001.png,train,1,schizont,497,824,588,920,ground_truth
images/Trip 017 Day 1 19-10-05 Image 15 add_8.png,Trip 017 Day 1 19-10-05 Image 15 add_8_crop_002.png,train,1,schizont,289,927,380,1023,ground_truth
images/Trip 017 Day 1 19-10-05 Image 15 add_8.png,Trip 017 Day 1 19-10-05 Image 15 add_8_crop_003.png,train,1,schizont,997,905,1088,1001,ground_truth
images/Trip 017 Day 1 19-10-05 Image 15 add_8.png,Trip 017 Day 1 19-10-05 Image 15 add_8_crop_004.png,train,0,ring,263,437,303,473,ground_truth
images/Trip 017 Day 1 19-10-05 Image 15 add_9.png,Trip 017 Day 1 19-10-05 Image 15 add_9_crop_000.png,train,1,schizont,1229,38,1320,135,ground_truth
images/Trip 017 Day 1 19-10-05 Image 15 add_9.png,Trip 017 Day 1 19-10-05 Image 15 add_9_crop_001.png,train,0,ring,10,5,50,40,ground_truth
images/Trip 017 Day 1 19-10-05 Image 16 add_1.png,Trip 017 Day 1 19-10-05 Image 16 add_1_crop_000.png,test,1,schizont,1095,781,1186,877,ground_truth
images/Trip 017 Day 1 19-10-05 Image 16 add_1.png,Trip 017 Day 1 19-10-05 Image 16 add_1_crop_001.png,test,1,schizont,1259,297,1350,393,ground_truth
images/Trip 017 Day 1 19-10-05 Image 16 add_1.png,Trip 017 Day 1 19-10-05 Image 16 add_1_crop_002.png,test,1,schizont,544,54,635,151,ground_truth
images/Trip 017 Day 1 19-10-05 Image 16 add_1.png,Trip 017 Day 1 19-10-05 Image 16 add_1_crop_003.png,test,1,schizont,211,836,302,932,ground_truth
images/Trip 017 Day 1 19-10-05 Image 16 add_10.png,Trip 017 Day 1 19-10-05 Image 16 add_10_crop_000.png,train,1,schizont,687,328,778,424,ground_truth
images/Trip 017 Day 1 19-10-05 Image 16 add_10.png,Trip 017 Day 1 19-10-05 Image 16 add_10_crop_001.png,train,0,ring,623,66,663,102,ground_truth
images/Trip 017 Day 1 19-10-05 Image 16 add_13.png,Trip 017 Day 1 19-10-05 Image 16 add_13_crop_000.png,train,0,ring,794,719,835,754,ground_truth
images/Trip 017 Day 1 19-10-05 Image 16 add_14.png,Trip 017 Day 1 19-10-05 Image 16 add_14_crop_000.png,test,0,ring,1073,979,1113,1014,ground_truth
images/Trip 017 Day 1 19-10-05 Image 16 add_14.png,Trip 017 Day 1 19-10-05 Image 16 add_14_crop_001.png,test,0,ring,0,508,40,544,ground_truth
images/Trip 017 Day 1 19-10-05 Image 16 add_15.png,Trip 017 Day 1 19-10-05 Image 16 add_15_crop_000.png,test,1,schizont,1195,227,1286,323,ground_truth
images/Trip 017 Day 1 19-10-05 Image 16 add_15.png,Trip 017 Day 1 19-10-05 Image 16 add_15_crop_001.png,test,0,ring,196,98,237,134,ground_truth
images/Trip 017 Day 1 19-10-05 Image 16 add_15.png,Trip 017 Day 1 19-10-05 Image 16 add_15_crop_002.png,test,0,ring,910,260,950,295,ground_truth
images/Trip 017 Day 1 19-10-05 Image 16 add_2.png,Trip 017 Day 1 19-10-05 Image 16 add_2_crop_000.png,train,1,schizont,1084,595,1175,691,ground_truth
images/Trip 017 Day 1 19-10-05 Image 16 add_2.png,Trip 017 Day 1 19-10-05 Image 16 add_2_crop_001.png,train,0,ring,312,262,353,298,ground_truth
images/Trip 017 Day 1 19-10-05 Image 16 add_3.png,Trip 017 Day 1 19-10-05 Image 16 add_3_crop_000.png,train,1,schizont,571,495,662,591,ground_truth
images/Trip 017 Day 1 19-10-05 Image 16 add_3.png,Trip 017 Day 1 19-10-05 Image 16 add_3_crop_001.png,train,0,ring,1248,912,1288,948,ground_truth
images/Trip 017 Day 1 19-10-05 Image 16 add_5.png,Trip 017 Day 1 19-10-05 Image 16 add_5_crop_000.png,train,1,schizont,762,805,853,901,ground_truth
images/Trip 017 Day 1 19-10-05 Image 16 add_7.png,Trip 017 Day 1 19-10-05 Image 16 add_7_crop_000.png,test,1,schizont,270,584,361,680,ground_truth
images/Trip 017 Day 1 19-10-05 Image 16 add_7.png,Trip 017 Day 1 19-10-05 Image 16 add_7_crop_001.png,test,0,ring,348,680,388,715,ground_truth
images/Trip 017 Day 1 19-10-05 Image 16 add_8.png,Trip 017 Day 1 19-10-05 Image 16 add_8_crop_000.png,train,1,schizont,639,209,730,305,ground_truth
images/Trip 017 Day 1 19-10-05 Image 16 add_8.png,Trip 017 Day 1 19-10-05 Image 16 add_8_crop_001.png,train,0,ring,1112,331,1152,366,ground_truth
images/Trip 017 Day 1 19-10-05 Image 17 add_1.png,Trip 017 Day 1 19-10-05 Image 17 add_1_crop_000.png,test,1,schizont,33,571,124,667,ground_truth
images/Trip 017 Day 1 19-10-05 Image 17 add_1.png,Trip 017 Day 1 19-10-05 Image 17 add_1_crop_001.png,test,1,schizont,1107,96,1198,192,ground_truth
images/Trip 017 Day 1 19-10-05 Image 17 add_1.png,Trip 017 Day 1 19-10-05 Image 17 add_1_crop_002.png,test,1,schizont,140,675,231,771,ground_truth
images/Trip 017 Day 1 19-10-05 Image 17 add_1.png,Trip 017 Day 1 19-10-05 Image 17 add_1_crop_003.png,test,1,schizont,1080,218,1171,314,ground_truth
images/Trip 017 Day 1 19-10-05 Image 17 add_10.png,Trip 017 Day 1 19-10-05 Image 17 add_10_crop_000.png,train,0,ring,1305,283,1346,318,ground_truth
images/Trip 017 Day 1 19-10-05 Image 17 add_11.png,Trip 017 Day 1 19-10-05 Image 17 add_11_crop_000.png,val,0,ring,962,940,1003,975,ground_truth
images/Trip 017 Day 1 19-10-05 Image 17 add_13.png,Trip 017 Day 1 19-10-05 Image 17 add_13_crop_000.png,train,1,schizont,1205,906,1296,1002,ground_truth
images/Trip 017 Day 1 19-10-05 Image 17 add_14.png,Trip 017 Day 1 19-10-05 Image 17 add_14_crop_000.png,train,1,schizont,1179,391,1270,487,ground_truth
images/Trip 017 Day 1 19-10-05 Image 17 add_14.png,Trip 017 Day 1 19-10-05 Image 17 add_14_crop_001.png,train,2,trophozoite,9,507,80,577,ground_truth
images/Trip 017 Day 1 19-10-05 Image 17 add_14.png,Trip 017 Day 1 19-10-05 Image 17 add_14_crop_002.png,train,1,schizont,634,579,725,675,ground_truth
images/Trip 017 Day 1 19-10-05 Image 17 add_14.png,Trip 017 Day 1 19-10-05 Image 17 add_14_crop_003.png,train,1,schizont,778,702,869,798,ground_truth
images/Trip 017 Day 1 19-10-05 Image 17 add_14.png,Trip 017 Day 1 19-10-05 Image 17 add_14_crop_004.png,train,0,ring,614,922,655,958,ground_truth
images/Trip 017 Day 1 19-10-05 Image 17 add_15.png,Trip 017 Day 1 19-10-05 Image 17 add_15_crop_000.png,train,1,schizont,1145,470,1236,566,ground_truth
images/Trip 017 Day 1 19-10-05 Image 17 add_16.png,Trip 017 Day 1 19-10-05 Image 17 add_16_crop_000.png,test,1,schizont,961,0,1052,75,ground_truth
images/Trip 017 Day 1 19-10-05 Image 17 add_2.png,Trip 017 Day 1 19-10-05 Image 17 add_2_crop_000.png,test,1,schizont,198,85,289,181,ground_truth
images/Trip 017 Day 1 19-10-05 Image 17 add_2.png,Trip 017 Day 1 19-10-05 Image 17 add_2_crop_001.png,test,1,schizont,198,85,289,181,ground_truth
images/Trip 017 Day 1 19-10-05 Image 17 add_3.png,Trip 017 Day 1 19-10-05 Image 17 add_3_crop_000.png,train,1,schizont,60,455,151,551,ground_truth
images/Trip 017 Day 1 19-10-05 Image 17 add_3.png,Trip 017 Day 1 19-10-05 Image 17 add_3_crop_001.png,train,1,schizont,60,455,151,551,ground_truth
images/Trip 017 Day 1 19-10-05 Image 17 add_3.png,Trip 017 Day 1 19-10-05 Image 17 add_3_crop_002.png,train,0,ring,203,74,244,110,ground_truth
images/Trip 017 Day 1 19-10-05 Image 17 add_4.png,Trip 017 Day 1 19-10-05 Image 17 add_4_crop_000.png,test,0,ring,579,340,619,375,ground_truth
images/Trip 017 Day 1 19-10-05 Image 17 add_6.png,Trip 017 Day 1 19-10-05 Image 17 add_6_crop_000.png,train,0,ring,733,207,773,243,ground_truth
images/Trip 017 Day 1 19-10-05 Image 17 add_7.png,Trip 017 Day 1 19-10-05 Image 17 add_7_crop_000.png,train,1,schizont,1134,295,1225,391,ground_truth
images/Trip 017 Day 1 19-10-05 Image 17 add_7.png,Trip 017 Day 1 19-10-05 Image 17 add_7_crop_001.png,train,0,ring,995,181,1035,216,ground_truth
images/Trip 017 Day 1 19-10-05 Image 17 add_7.png,Trip 017 Day 1 19-10-05 Image 17 add_7_crop_002.png,train,1,schizont,1328,814,1382,910,ground_truth
images/Trip 017 Day 1 19-10-05 Image 17 add_8.png,Trip 017 Day 1 19-10-05 Image 17 add_8_crop_000.png,train,1,schizont,1043,843,1134,939,ground_truth
images/Trip 017 Day 1 19-10-05 Image 17 add_8.png,Trip 017 Day 1 19-10-05 Image 17 add_8_crop_001.png,train,1,schizont,616,296,707,392,ground_truth
images/Trip 017 Day 1 19-10-05 Image 17 add_8.png,Trip 017 Day 1 19-10-05 Image 17 add_8_crop_002.png,train,1,schizont,0,810,77,906,ground_truth
images/Trip 022 Day 1 08-11-05 Image 10 add_1.png,Trip 022 Day 1 08-11-05 Image 10 add_1_crop_000.png,train,1,schizont,870,836,961,932,ground_truth
images/Trip 022 Day 1 08-11-05 Image 10 add_1.png,Trip 022 Day 1 08-11-05 Image 10 add_1_crop_001.png,train,1,schizont,830,296,921,392,ground_truth
images/Trip 022 Day 1 08-11-05 Image 10 add_1.png,Trip 022 Day 1 08-11-05 Image 10 add_1_crop_002.png,train,1,schizont,686,592,777,688,ground_truth
images/Trip 022 Day 1 08-11-05 Image 10 add_1.png,Trip 022 Day 1 08-11-05 Image 10 add_1_crop_003.png,train,1,schizont,168,206,259,302,ground_truth
images/Trip 022 Day 1 08-11-05 Image 10 add_1.png,Trip 022 Day 1 08-11-05 Image 10 add_1_crop_004.png,train,1,schizont,36,498,127,595,ground_truth
images/Trip 022 Day 1 08-11-05 Image 10 add_1.png,Trip 022 Day 1 08-11-05 Image 10 add_1_crop_005.png,train,2,trophozoite,324,77,395,147,ground_truth
images/Trip 022 Day 1 08-11-05 Image 10 add_1.png,Trip 022 Day 1 08-11-05 Image 10 add_1_crop_006.png,train,0,ring,450,14,490,49,ground_truth
images/Trip 022 Day 1 08-11-05 Image 10 add_1.png,Trip 022 Day 1 08-11-05 Image 10 add_1_crop_007.png,train,0,ring,253,802,293,838,ground_truth
images/Trip 022 Day 1 08-11-05 Image 10 add_10.png,Trip 022 Day 1 08-11-05 Image 10 add_10_crop_000.png,val,1,schizont,100,423,191,519,ground_truth
images/Trip 022 Day 1 08-11-05 Image 10 add_10.png,Trip 022 Day 1 08-11-05 Image 10 add_10_crop_001.png,val,0,ring,993,865,1033,901,ground_truth
images/Trip 022 Day 1 08-11-05 Image 10 add_10.png,Trip 022 Day 1 08-11-05 Image 10 add_10_crop_002.png,val,0,ring,638,818,679,854,ground_truth
images/Trip 022 Day 1 08-11-05 Image 10 add_11.png,Trip 022 Day 1 08-11-05 Image 10 add_11_crop_000.png,train,1,schizont,500,286,591,382,ground_truth
images/Trip 022 Day 1 08-11-05 Image 10 add_11.png,Trip 022 Day 1 08-11-05 Image 10 add_11_crop_001.png,train,1,schizont,848,902,939,999,ground_truth
images/Trip 022 Day 1 08-11-05 Image 10 add_11.png,Trip 022 Day 1 08-11-05 Image 10 add_11_crop_002.png,train,1,schizont,1109,471,1200,567,ground_truth
images/Trip 022 Day 1 08-11-05 Image 10 add_11.png,Trip 022 Day 1 08-11-05 Image 10 add_11_crop_003.png,train,1,schizont,630,550,721,646,ground_truth
images/Trip 022 Day 1 08-11-05 Image 10 add_11.png,Trip 022 Day 1 08-11-05 Image 10 add_11_crop_004.png,train,0,ring,261,232,302,268,ground_truth
images/Trip 022 Day 1 08-11-05 Image 10 add_11.png,Trip 022 Day 1 08-11-05 Image 10 add_11_crop_005.png,train,0,ring,959,478,999,514,ground_truth
images/Trip 022 Day 1 08-11-05 Image 10 add_11.png,Trip 022 Day 1 08-11-05 Image 10 add_11_crop_006.png,train,1,schizont,502,542,593,638,ground_truth
images/Trip 022 Day 1 08-11-05 Image 10 add_11.png,Trip 022 Day 1 08-11-05 Image 10 add_11_crop_007.png,train,0,ring,753,766,794,801,ground_truth
images/Trip 022 Day 1 08-11-05 Image 10 add_12.png,Trip 022 Day 1 08-11-05 Image 10 add_12_crop_000.png,train,0,ring,372,508,412,544,ground_truth
images/Trip 022 Day 1 08-11-05 Image 10 add_12.png,Trip 022 Day 1 08-11-05 Image 10 add_12_crop_001.png,train,0,ring,299,199,339,235,ground_truth
images/Trip 022 Day 1 08-11-05 Image 10 add_13.png,Trip 022 Day 1 08-11-05 Image 10 add_13_crop_000.png,train,0,ring,1156,226,1196,261,ground_truth
images/Trip 022 Day 1 08-11-05 Image 10 add_13.png,Trip 022 Day 1 08-11-05 Image 10 add_13_crop_001.png,train,0,ring,317,1000,358,1029,ground_truth
images/Trip 022 Day 1 08-11-05 Image 10 add_13.png,Trip 022 Day 1 08-11-05 Image 10 add_13_crop_002.png,train,0,ring,382,414,422,450,ground_truth
images/Trip 022 Day 1 08-11-05 Image 10 add_14.png,Trip 022 Day 1 08-11-05 Image 10 add_14_crop_000.png,val,2,trophozoite,390,921,461,991,ground_truth
images/Trip 022 Day 1 08-11-05 Image 10 add_14.png,Trip 022 Day 1 08-11-05 Image 10 add_14_crop_001.png,val,1,schizont,89,906,180,1002,ground_truth
images/Trip 022 Day 1 08-11-05 Image 10 add_15.png,Trip 022 Day 1 08-11-05 Image 10 add_15_crop_000.png,train,0,ring,266,567,307,602,ground_truth
images/Trip 022 Day 1 08-11-05 Image 10 add_15.png,Trip 022 Day 1 08-11-05 Image 10 add_15_crop_001.png,train,0,ring,387,836,427,871,ground_truth
images/Trip 022 Day 1 08-11-05 Image 10 add_16.png,Trip 022 Day 1 08-11-05 Image 10 add_16_crop_000.png,train,1,schizont,1137,614,1228,710,ground_truth
images/Trip 022 Day 1 08-11-05 Image 10 add_16.png,Trip 022 Day 1 08-11-05 Image 10 add_16_crop_001.png,train,0,ring,592,825,633,861,ground_truth
images/Trip 022 Day 1 08-11-05 Image 10 add_16.png,Trip 022 Day 1 08-11-05 Image 10 add_16_crop_002.png,train,2,trophozoite,225,30,296,100,ground_truth
images/Trip 022 Day 1 08-11-05 Image 10 add_16.png,Trip 022 Day 1 08-11-05 Image 10 add_16_crop_003.png,train,2,trophozoite,675,301,746,371,ground_truth
images/Trip 022 Day 1 08-11-05 Image 10 add_16.png,Trip 022 Day 1 08-11-05 Image 10 add_16_crop_004.png,train,0,ring,621,215,661,251,ground_truth
images/Trip 022 Day 1 08-11-05 Image 10 add_2.png,Trip 022 Day 1 08-11-05 Image 10 add_2_crop_000.png,train,1,schizont,637,885,728,981,ground_truth
images/Trip 022 Day 1 08-11-05 Image 10 add_2.png,Trip 022 Day 1 08-11-05 Image 10 add_2_crop_001.png,train,1,schizont,546,470,637,566,ground_truth
images/Trip 022 Day 1 08-11-05 Image 10 add_2.png,Trip 022 Day 1 08-11-05 Image 10 add_2_crop_002.png,train,0,ring,828,109,869,144,ground_truth
images/Trip 022 Day 1 08-11-05 Image 10 add_2.png,Trip 022 Day 1 08-11-05 Image 10 add_2_crop_003.png,train,0,ring,28,390,69,426,ground_truth
images/Trip 022 Day 1 08-11-05 Image 10 add_3.png,Trip 022 Day 1 08-11-05 Image 10 add_3_crop_000.png,train,1,schizont,761,859,852,955,ground_truth
images/Trip 022 Day 1 08-11-05 Image 10 add_3.png,Trip 022 Day 1 08-11-05 Image 10 add_3_crop_001.png,train,1,schizont,1015,19,1106,115,ground_truth
images/Trip 022 Day 1 08-11-05 Image 10 add_3.png,Trip 022 Day 1 08-11-05 Image 10 add_3_crop_002.png,train,1,schizont,476,949,567,1030,ground_truth
images/Trip 022 Day 1 08-11-05 Image 10 add_4.png,Trip 022 Day 1 08-11-05 Image 10 add_4_crop_000.png,train,1,schizont,842,763,933,859,ground_truth
images/Trip 022 Day 1 08-11-05 Image 10 add_4.png,Trip 022 Day 1 08-11-05 Image 10 add_4_crop_001.png,train,2,trophozoite,536,546,607,616,ground_truth
images/Trip 022 Day 1 08-11-05 Image 10 add_4.png,Trip 022 Day 1 08-11-05 Image 10 add_4_crop_002.png,train,0,ring,1113,258,1154,293,ground_truth
images/Trip 022 Day 1 08-11-05 Image 10 add_5.png,Trip 022 Day 1 08-11-05 Image 10 add_5_crop_000.png,test,1,schizont,891,138,982,234,ground_truth
images/Trip 022 Day 1 08-11-05 Image 10 add_5.png,Trip 022 Day 1 08-11-05 Image 10 add_5_crop_001.png,test,1,schizont,557,379,648,476,ground_truth
images/Trip 022 Day 1 08-11-05 Image 10 add_5.png,Trip 022 Day 1 08-11-05 Image 10 add_5_crop_002.png,test,1,schizont,1154,384,1245,480,ground_truth
images/Trip 022 Day 1 08-11-05 Image 10 add_5.png,Trip 022 Day 1 08-11-05 Image 10 add_5_crop_003.png,test,0,ring,376,549,417,585,ground_truth
images/Trip 022 Day 1 08-11-05 Image 10 add_5.png,Trip 022 Day 1 08-11-05 Image 10 add_5_crop_004.png,test,1,schizont,0,199,60,295,ground_truth
images/Trip 022 Day 1 08-11-05 Image 10 add_5.png,Trip 022 Day 1 08-11-05 Image 10 add_5_crop_005.png,test,1,schizont,1016,589,1107,685,ground_truth
images/Trip 022 Day 1 08-11-05 Image 10 add_6.png,Trip 022 Day 1 08-11-05 Image 10 add_6_crop_000.png,train,0,ring,1123,80,1164,116,ground_truth
images/Trip 022 Day 1 08-11-05 Image 10 add_6.png,Trip 022 Day 1 08-11-05 Image 10 add_6_crop_001.png,train,0,ring,1144,798,1185,833,ground_truth
images/Trip 022 Day 1 08-11-05 Image 10 add_6.png,Trip 022 Day 1 08-11-05 Image 10 add_6_crop_002.png,train,0,ring,833,794,874,830,ground_truth
images/Trip 022 Day 1 08-11-05 Image 10 add_6.png,Trip 022 Day 1 08-11-05 Image 10 add_6_crop_003.png,train,1,schizont,42,329,133,425,ground_truth
images/Trip 022 Day 1 08-11-05 Image 10 add_6.png,Trip 022 Day 1 08-11-05 Image 10 add_6_crop_004.png,train,0,ring,0,806,40,841,ground_truth
images/Trip 022 Day 1 08-11-05 Image 10 add_7.png,Trip 022 Day 1 08-11-05 Image 10 add_7_crop_000.png,val,0,ring,758,904,799,940,ground_truth
images/Trip 022 Day 1 08-11-05 Image 10 add_7.png,Trip 022 Day 1 08-11-05 Image 10 add_7_crop_001.png,val,2,trophozoite,1330,12,1382,81,ground_truth
images/Trip 022 Day 1 08-11-05 Image 10 add_7.png,Trip 022 Day 1 08-11-05 Image 10 add_7_crop_002.png,val,1,schizont,1284,515,1375,611,ground_truth
images/Trip 022 Day 1 08-11-05 Image 10 add_7.png,Trip 022 Day 1 08-11-05 Image 10 add_7_crop_003.png,val,1,schizont,310,60,401,156,ground_truth
images/Trip 022 Day 1 08-11-05 Image 10 add_8.png,Trip 022 Day 1 08-11-05 Image 10 add_8_crop_000.png,test,1,schizont,536,65,627,161,ground_truth
images/Trip 022 Day 1 08-11-05 Image 10 add_8.png,Trip 022 Day 1 08-11-05 Image 10 add_8_crop_001.png,test,1,schizont,919,629,1010,725,ground_truth
images/Trip 022 Day 1 08-11-05 Image 10 add_8.png,Trip 022 Day 1 08-11-05 Image 10 add_8_crop_002.png,test,1,schizont,856,484,947,580,ground_truth
images/Trip 022 Day 1 08-11-05 Image 10 add_8.png,Trip 022 Day 1 08-11-05 Image 10 add_8_crop_003.png,test,1,schizont,43,143,134,239,ground_truth
images/Trip 022 Day 1 08-11-05 Image 10 add_8.png,Trip 022 Day 1 08-11-05 Image 10 add_8_crop_004.png,test,1,schizont,14,734,105,830,ground_truth
images/Trip 022 Day 1 08-11-05 Image 10 add_8.png,Trip 022 Day 1 08-11-05 Image 10 add_8_crop_005.png,test,0,ring,0,294,40,330,ground_truth
images/Trip 022 Day 1 08-11-05 Image 10 add_8.png,Trip 022 Day 1 08-11-05 Image 10 add_8_crop_006.png,test,0,ring,1309,715,1349,751,ground_truth
images/Trip 022 Day 1 08-11-05 Image 10 add_8.png,Trip 022 Day 1 08-11-05 Image 10 add_8_crop_007.png,test,0,ring,665,884,706,919,ground_truth
images/Trip 022 Day 1 08-11-05 Image 10 add_9.png,Trip 022 Day 1 08-11-05 Image 10 add_9_crop_000.png,test,1,schizont,1120,959,1211,1030,ground_truth
images/Trip 022 Day 1 08-11-05 Image 10 add_9.png,Trip 022 Day 1 08-11-05 Image 10 add_9_crop_001.png,test,1,schizont,1044,152,1135,248,ground_truth
images/Trip 022 Day 1 08-11-05 Image 10 add_9.png,Trip 022 Day 1 08-11-05 Image 10 add_9_crop_002.png,test,2,trophozoite,257,548,328,618,ground_truth
images/Trip 022 Day 1 08-11-05 Image 10 add_9.png,Trip 022 Day 1 08-11-05 Image 10 add_9_crop_003.png,test,0,ring,579,445,619,481,ground_truth
images/Trip 022 Day 1 08-11-05 Image 10 add_9.png,Trip 022 Day 1 08-11-05 Image 10 add_9_crop_004.png,test,1,schizont,749,508,840,604,ground_truth
images/Trip 022 Day 1 08-11-05 Image 11 add_1.png,Trip 022 Day 1 08-11-05 Image 11 add_1_crop_000.png,test,1,schizont,606,64,697,160,ground_truth
images/Trip 022 Day 1 08-11-05 Image 11 add_1.png,Trip 022 Day 1 08-11-05 Image 11 add_1_crop_001.png,test,0,ring,916,126,957,161,ground_truth
images/Trip 022 Day 1 08-11-05 Image 11 add_1.png,Trip 022 Day 1 08-11-05 Image 11 add_1_crop_002.png,test,1,schizont,35,714,126,810,ground_truth
images/Trip 022 Day 1 08-11-05 Image 11 add_10.png,Trip 022 Day 1 08-11-05 Image 11 add_10_crop_000.png,train,1,schizont,1288,343,1379,439,ground_truth
images/Trip 022 Day 1 08-11-05 Image 11 add_10.png,Trip 022 Day 1 08-11-05 Image 11 add_10_crop_001.png,train,0,ring,1224,276,1264,311,ground_truth
images/Trip 022 Day 1 08-11-05 Image 11 add_11.png,Trip 022 Day 1 08-11-05 Image 11 add_11_crop_000.png,train,1,schizont,111,954,202,1030,ground_truth
images/Trip 022 Day 1 08-11-05 Image 11 add_11.png,Trip 022 Day 1 08-11-05 Image 11 add_11_crop_001.png,train,1,schizont,597,176,688,272,ground_truth
images/Trip 022 Day 1 08-11-05 Image 11 add_11.png,Trip 022 Day 1 08-11-05 Image 11 add_11_crop_002.png,train,2,trophozoite,1228,603,1299,673,ground_truth
images/Trip 022 Day 1 08-11-05 Image 11 add_11.png,Trip 022 Day 1 08-11-05 Image 11 add_11_crop_003.png,train,0,ring,966,865,1006,901,ground_truth
images/Trip 022 Day 1 08-11-05 Image 11 add_12.png,Trip 022 Day 1 08-11-05 Image 11 add_12_crop_000.png,train,1,schizont,668,555,759,651,ground_truth
images/Trip 022 Day 1 08-11-05 Image 11 add_12.png,Trip 022 Day 1 08-11-05 Image 11 add_12_crop_001.png,train,1,schizont,471,490,562,587,ground_truth
images/Trip 022 Day 1 08-11-05 Image 11 add_12.png,Trip 022 Day 1 08-11-05 Image 11 add_12_crop_002.png,train,0,ring,842,564,882,600,ground_truth
images/Trip 022 Day 1 08-11-05 Image 11 add_13.png,Trip 022 Day 1 08-11-05 Image 11 add_13_crop_000.png,train,1,schizont,681,298,772,394,ground_truth
images/Trip 022 Day 1 08-11-05 Image 11 add_13.png,Trip 022 Day 1 08-11-05 Image 11 add_13_crop_001.png,train,1,schizont,705,94,796,191,ground_truth
images/Trip 022 Day 1 08-11-05 Image 11 add_13.png,Trip 022 Day 1 08-11-05 Image 11 add_13_crop_002.png,train,1,schizont,1105,968,1196,1030,ground_truth
images/Trip 022 Day 1 08-11-05 Image 11 add_14.png,Trip 022 Day 1 08-11-05 Image 11 add_14_crop_000.png,train,0,ring,794,781,835,816,ground_truth
images/Trip 022 Day 1 08-11-05 Image 11 add_15.png,Trip 022 Day 1 08-11-05 Image 11 add_15_crop_000.png,train,1,schizont,1035,492,1126,588,ground_truth
images/Trip 022 Day 1 08-11-05 Image 11 add_15.png,Trip 022 Day 1 08-11-05 Image 11 add_15_crop_001.png,train,2,trophozoite,249,268,320,338,ground_truth
images/Trip 022 Day 1 08-11-05 Image 11 add_15.png,Trip 022 Day 1 08-11-05 Image 11 add_15_crop_002.png,train,0,ring,884,218,925,253,ground_truth
images/Trip 022 Day 1 08-11-05 Image 11 add_16.png,Trip 022 Day 1 08-11-05 Image 11 add_16_crop_000.png,train,1,schizont,949,715,1040,811,ground_truth
images/Trip 022 Day 1 08-11-05 Image 11 add_16.png,Trip 022 Day 1 08-11-05 Image 11 add_16_crop_001.png,train,1,schizont,689,893,780,989,ground_truth
images/Trip 022 Day 1 08-11-05 Image 11 add_16.png,Trip 022 Day 1 08-11-05 Image 11 add_16_crop_002.png,train,1,schizont,822,741,913,837,ground_truth
images/Trip 022 Day 1 08-11-05 Image 11 add_16.png,Trip 022 Day 1 08-11-05 Image 11 add_16_crop_003.png,train,1,schizont,860,566,951,662,ground_truth
images/Trip 022 Day 1 08-11-05 Image 11 add_16.png,Trip 022 Day 1 08-11-05 Image 11 add_16_crop_004.png,train,0,ring,1085,474,1125,509,ground_truth
images/Trip 022 Day 1 08-11-05 Image 11 add_2.png,Trip 022 Day 1 08-11-05 Image 11 add_2_crop_000.png,train,0,ring,0,280,40,316,ground_truth
images/Trip 022 Day 1 08-11-05 Image 11 add_2.png,Trip 022 Day 1 08-11-05 Image 11 add_2_crop_001.png,train,0,ring,106,422,147,458,ground_truth
images/Trip 022 Day 1 08-11-05 Image 11 add_2.png,Trip 022 Day 1 08-11-05 Image 11 add_2_crop_002.png,train,1,schizont,1081,394,1172,490,ground_truth
images/Trip 022 Day 1 08-11-05 Image 11 add_2.png,Trip 022 Day 1 08-11-05 Image 11 add_2_crop_003.png,train,1,schizont,1040,486,1131,582,ground_truth
images/Trip 022 Day 1 08-11-05 Image 11 add_2.png,Trip 022 Day 1 08-11-05 Image 11 add_2_crop_004.png,train,1,schizont,548,885,639,981,ground_truth
images/Trip 022 Day 1 08-11-05 Image 11 add_4.png,Trip 022 Day 1 08-11-05 Image 11 add_4_crop_000.png,test,0,ring,1046,226,1086,261,ground_truth
images/Trip 022 Day 1 08-11-05 Image 11 add_5.png,Trip 022 Day 1 08-11-05 Image 11 add_5_crop_000.png,train,1,schizont,615,240,706,336,ground_truth
images/Trip 022 Day 1 08-11-05 Image 11 add_5.png,Trip 022 Day 1 08-11-05 Image 11 add_5_crop_001.png,train,1,schizont,192,614,283,710,ground_truth
images/Trip 022 Day 1 08-11-05 Image 11 add_5.png,Trip 022 Day 1 08-11-05 Image 11 add_5_crop_002.png,train,1,schizont,1177,296,1268,392,ground_truth
images/Trip 022 Day 1 08-11-05 Image 11 add_6.png,Trip 022 Day 1 08-11-05 Image 11 add_6_crop_000.png,train,0,ring,512,0,553,27,ground_truth
images/Trip 022 Day 1 08-11-05 Image 11 add_6.png,Trip 022 Day 1 08-11-05 Image 11 add_6_crop_001.png,train,1,schizont,41,463,132,559,ground_truth
images/Trip 022 Day 1 08-11-05 Image 11 add_6.png,Trip 022 Day 1 08-11-05 Image 11 add_6_crop_002.png,train,0,ring,497,435,537,470,ground_truth
images/Trip 022 Day 1 08-11-05 Image 11 add_7.png,Trip 022 Day 1 08-11-05 Image 11 add_7_crop_000.png,train,0,ring,942,208,983,244,ground_truth
images/Trip 022 Day 1 08-11-05 Image 11 add_7.png,Trip 022 Day 1 08-11-05 Image 11 add_7_crop_001.png,train,1,schizont,141,587,232,683,ground_truth
images/Trip 022 Day 1 08-11-05 Image 11 add_7.png,Trip 022 Day 1 08-11-05 Image 11 add_7_crop_002.png,train,0,ring,61,809,101,845,ground_truth
images/Trip 022 Day 1 08-11-05 Image 11 add_7.png,Trip 022 Day 1 08-11-05 Image 11 add_7_crop_003.png,train,1,schizont,889,854,980,951,ground_truth
images/Trip 022 Day 1 08-11-05 Image 11 add_7.png,Trip 022 Day 1 08-11-05 Image 11 add_7_crop_004.png,train,0,ring,1202,963,1242,998,ground_truth
images/Trip 022 Day 1 08-11-05 Image 11 add_8.png,Trip 022 Day 1 08-11-05 Image 11 add_8_crop_000.png,train,0,ring,651,29,692,64,ground_truth
images/Trip 022 Day 1 08-11-05 Image 11 add_8.png,Trip 022 Day 1 08-11-05 Image 11 add_8_crop_001.png,train,0,ring,236,951,276,987,ground_truth
images/Trip 022 Day 1 08-11-05 Image 11 add_9.png,Trip 022 Day 1 08-11-05 Image 11 add_9_crop_000.png,train,1,schizont,1160,621,1251,717,ground_truth
images/Trip 022 Day 1 08-11-05 Image 11 add_9.png,Trip 022 Day 1 08-11-05 Image 11 add_9_crop_001.png,train,1,schizont,1291,445,1382,541,ground_truth
images/Trip 022 Day 1 08-11-05 Image 11 add_9.png,Trip 022 Day 1 08-11-05 Image 11 add_9_crop_002.png,train,2,trophozoite,1124,460,1195,530,ground_truth
images/Trip 022 Day 1 08-11-05 Image 11 add_9.png,Trip 022 Day 1 08-11-05 Image 11 add_9_crop_003.png,train,0,ring,582,255,623,291,ground_truth
images/Trip 022 Day 1 08-11-05 Image 11 add_9.png,Trip 022 Day 1 08-11-05 Image 11 add_9_crop_004.png,train,0,ring,1202,163,1242,198,ground_truth
images/Trip 022 Day 1 08-11-05 Image 11 add_9.png,Trip 022 Day 1 08-11-05 Image 11 add_9_crop_005.png,train,0,ring,531,52,571,87,ground_truth
images/Trip 022 Day 1 08-11-05 Image 9 add_1.png,Trip 022 Day 1 08-11-05 Image 9 add_1_crop_000.png,test,1,schizont,126,608,217,704,ground_truth
images/Trip 022 Day 1 08-11-05 Image 9 add_1.png,Trip 022 Day 1 08-11-05 Image 9 add_1_crop_001.png,test,1,schizont,1022,412,1113,508,ground_truth
images/Trip 022 Day 1 08-11-05 Image 9 add_1.png,Trip 022 Day 1 08-11-05 Image 9 add_1_crop_002.png,test,2,trophozoite,631,877,702,947,ground_truth
images/Trip 022 Day 1 08-11-05 Image 9 add_1.png,Trip 022 Day 1 08-11-05 Image 9 add_1_crop_003.png,test,1,schizont,341,286,432,382,ground_truth
images/Trip 022 Day 1 08-11-05 Image 9 add_1.png,Trip 022 Day 1 08-11-05 Image 9 add_1_crop_004.png,test,1,schizont,489,886,580,983,ground_truth
images/Trip 022 Day 1 08-11-05 Image 9 add_1.png,Trip 022 Day 1 08-11-05 Image 9 add_1_crop_005.png,test,1,schizont,417,249,508,345,ground_truth
images/Trip 022 Day 1 08-11-05 Image 9 add_1.png,Trip 022 Day 1 08-11-05 Image 9 add_1_crop_006.png,test,0,ring,697,698,738,734,ground_truth
images/Trip 022 Day 1 08-11-05 Image 9 add_10.png,Trip 022 Day 1 08-11-05 Image 9 add_10_crop_000.png,test,1,schizont,576,580,667,676,ground_truth
images/Trip 022 Day 1 08-11-05 Image 9 add_10.png,Trip 022 Day 1 08-11-05 Image 9 add_10_crop_001.png,test,1,schizont,126,963,217,1030,ground_truth
images/Trip 022 Day 1 08-11-05 Image 9 add_10.png,Trip 022 Day 1 08-11-05 Image 9 add_10_crop_002.png,test,1,schizont,870,327,961,423,ground_truth
images/Trip 022 Day 1 08-11-05 Image 9 add_10.png,Trip 022 Day 1 08-11-05 Image 9 add_10_crop_003.png,test,1,schizont,835,434,926,531,ground_truth
images/Trip 022 Day 1 08-11-05 Image 9 add_10.png,Trip 022 Day 1 08-11-05 Image 9 add_10_crop_004.png,test,0,ring,1339,603,1380,639,ground_truth
images/Trip 022 Day 1 08-11-05 Image 9 add_12.png,Trip 022 Day 1 08-11-05 Image 9 add_12_crop_000.png,train,1,schizont,794,82,885,178,ground_truth
images/Trip 022 Day 1 08-11-05 Image 9 add_13.png,Trip 022 Day 1 08-11-05 Image 9 add_13_crop_000.png,test,1,schizont,988,0,1079,80,ground_truth
images/Trip 022 Day 1 08-11-05 Image 9 add_13.png,Trip 022 Day 1 08-11-05 Image 9 add_13_crop_001.png,test,1,schizont,672,503,763,599,ground_truth
images/Trip 022 Day 1 08-11-05 Image 9 add_13.png,Trip 022 Day 1 08-11-05 Image 9 add_13_crop_002.png,test,1,schizont,363,359,454,455,ground_truth
images/Trip 022 Day 1 08-11-05 Image 9 add_13.png,Trip 022 Day 1 08-11-05 Image 9 add_13_crop_003.png,test,0,ring,98,943,139,979,ground_truth
images/Trip 022 Day 1 08-11-05 Image 9 add_14.png,Trip 022 Day 1 08-11-05 Image 9 add_14_crop_000.png,train,1,schizont,602,513,693,609,ground_truth
images/Trip 022 Day 1 08-11-05 Image 9 add_14.png,Trip 022 Day 1 08-11-05 Image 9 add_14_crop_001.png,train,1,schizont,147,0,238,57,ground_truth
images/Trip 022 Day 1 08-11-05 Image 9 add_14.png,Trip 022 Day 1 08-11-05 Image 9 add_14_crop_002.png,train,0,ring,34,632,74,667,ground_truth
images/Trip 022 Day 1 08-11-05 Image 9 add_15.png,Trip 022 Day 1 08-11-05 Image 9 add_15_crop_000.png,test,0,ring,1078,206,1118,242,ground_truth
images/Trip 022 Day 1 08-11-05 Image 9 add_16.png,Trip 022 Day 1 08-11-05 Image 9 add_16_crop_000.png,test,1,schizont,445,124,536,220,ground_truth
images/Trip 022 Day 1 08-11-05 Image 9 add_16.png,Trip 022 Day 1 08-11-05 Image 9 add_16_crop_001.png,test,0,ring,220,749,261,784,ground_truth
images/Trip 022 Day 1 08-11-05 Image 9 add_16.png,Trip 022 Day 1 08-11-05 Image 9 add_16_crop_002.png,test,0,ring,1265,654,1305,689,ground_truth
images/Trip 022 Day 1 08-11-05 Image 9 add_16.png,Trip 022 Day 1 08-11-05 Image 9 add_16_crop_003.png,test,1,schizont,818,958,909,1030,ground_truth
images/Trip 022 Day 1 08-11-05 Image 9 add_2.png,Trip 022 Day 1 08-11-05 Image 9 add_2_crop_000.png,train,1,schizont,225,146,316,242,ground_truth
images/Trip 022 Day 1 08-11-05 Image 9 add_2.png,Trip 022 Day 1 08-11-05 Image 9 add_2_crop_001.png,train,0,ring,414,821,454,856,ground_truth
images/Trip 022 Day 1 08-11-05 Image 9 add_2.png,Trip 022 Day 1 08-11-05 Image 9 add_2_crop_002.png,train,1,schizont,1168,666,1259,762,ground_truth
images/Trip 022 Day 1 08-11-05 Image 9 add_2.png,Trip 022 Day 1 08-11-05 Image 9 add_2_crop_003.png,train,1,schizont,1210,141,1301,238,ground_truth
images/Trip 022 Day 1 08-11-05 Image 9 add_2.png,Trip 022 Day 1 08-11-05 Image 9 add_2_crop_004.png,train,0,ring,551,760,592,795,ground_truth
images/Trip 022 Day 1 08-11-05 Image 9 add_2.png,Trip 022 Day 1 08-11-05 Image 9 add_2_crop_005.png,train,0,ring,219,719,259,754,ground_truth
images/Trip 022 Day 1 08-11-05 Image 9 add_2.png,Trip 022 Day 1 08-11-05 Image 9 add_2_crop_006.png,train,0,ring,558,838,599,873,ground_truth
images/Trip 022 Day 1 08-11-05 Image 9 add_3.png,Trip 022 Day 1 08-11-05 Image 9 add_3_crop_000.png,test,1,schizont,1167,952,1258,1030,ground_truth
images/Trip 022 Day 1 08-11-05 Image 9 add_3.png,Trip 022 Day 1 08-11-05 Image 9 add_3_crop_001.png,test,1,schizont,407,280,498,376,ground_truth
images/Trip 022 Day 1 08-11-05 Image 9 add_3.png,Trip 022 Day 1 08-11-05 Image 9 add_3_crop_002.png,test,2,trophozoite,1192,710,1263,779,ground_truth
images/Trip 022 Day 1 08-11-05 Image 9 add_3.png,Trip 022 Day 1 08-11-05 Image 9 add_3_crop_003.png,test,0,ring,0,299,39,334,ground_truth
images/Trip 022 Day 1 08-11-05 Image 9 add_5.png,Trip 022 Day 1 08-11-05 Image 9 add_5_crop_000.png,train,1,schizont,43,400,134,496,ground_truth
images/Trip 022 Day 1 08-11-05 Image 9 add_6.png,Trip 022 Day 1 08-11-05 Image 9 add_6_crop_000.png,val,1,schizont,1253,480,1344,576,ground_truth
images/Trip 022 Day 1 08-11-05 Image 9 add_6.png,Trip 022 Day 1 08-11-05 Image 9 add_6_crop_001.png,val,1,schizont,322,5,413,101,ground_truth
images/Trip 022 Day 1 08-11-05 Image 9 add_7.png,Trip 022 Day 1 08-11-05 Image 9 add_7_crop_000.png,train,1,schizont,1018,344,1109,440,ground_truth
images/Trip 022 Day 1 08-11-05 Image 9 add_7.png,Trip 022 Day 1 08-11-05 Image 9 add_7_crop_001.png,train,1,schizont,1208,567,1299,663,ground_truth
images/Trip 022 Day 1 08-11-05 Image 9 add_7.png,Trip 022 Day 1 08-11-05 Image 9 add_7_crop_002.png,train,1,schizont,978,96,1069,192,ground_truth
images/Trip 022 Day 1 08-11-05 Image 9 add_7.png,Trip 022 Day 1 08-11-05 Image 9 add_7_crop_003.png,train,0,ring,190,220,230,255,ground_truth
images/Trip 022 Day 1 08-11-05 Image 9 add_7.png,Trip 022 Day 1 08-11-05 Image 9 add_7_crop_004.png,train,0,ring,617,136,658,172,ground_truth
images/Trip 022 Day 1 08-11-05 Image 9 add_7.png,Trip 022 Day 1 08-11-05 Image 9 add_7_crop_005.png,train,0,ring,385,760,425,795,ground_truth
images/Trip 022 Day 1 08-11-05 Image 9 add_7.png,Trip 022 Day 1 08-11-05 Image 9 add_7_crop_006.png,train,1,schizont,489,656,580,753,ground_truth
images/Trip 022 Day 1 08-11-05 Image 9 add_7.png,Trip 022 Day 1 08-11-05 Image 9 add_7_crop_007.png,train,0,ring,617,136,658,172,ground_truth
images/Trip 022 Day 1 08-11-05 Image 9 add_8.png,Trip 022 Day 1 08-11-05 Image 9 add_8_crop_000.png,test,1,schizont,841,647,932,743,ground_truth
images/Trip 022 Day 1 08-11-05 Image 9 add_8.png,Trip 022 Day 1 08-11-05 Image 9 add_8_crop_001.png,test,1,schizont,713,571,804,667,ground_truth
images/Trip 022 Day 1 08-11-05 Image 9 add_8.png,Trip 022 Day 1 08-11-05 Image 9 add_8_crop_002.png,test,1,schizont,212,97,303,193,ground_truth
images/Trip 029 Day 1 22-11-05 Image 10 add_1.png,Trip 029 Day 1 22-11-05 Image 10 add_1_crop_000.png,train,1,schizont,129,89,220,185,ground_truth
images/Trip 029 Day 1 22-11-05 Image 10 add_1.png,Trip 029 Day 1 22-11-05 Image 10 add_1_crop_001.png,train,2,trophozoite,375,515,446,585,ground_truth
images/Trip 029 Day 1 22-11-05 Image 10 add_10.png,Trip 029 Day 1 22-11-05 Image 10 add_10_crop_000.png,test,0,ring,300,324,341,359,ground_truth
images/Trip 029 Day 1 22-11-05 Image 10 add_10.png,Trip 029 Day 1 22-11-05 Image 10 add_10_crop_001.png,test,0,ring,1261,683,1301,719,ground_truth
images/Trip 029 Day 1 22-11-05 Image 10 add_10.png,Trip 029 Day 1 22-11-05 Image 10 add_10_crop_002.png,test,0,ring,837,892,877,927,ground_truth
images/Trip 029 Day 1 22-11-05 Image 10 add_12.png,Trip 029 Day 1 22-11-05 Image 10 add_12_crop_000.png,val,0,ring,1281,459,1322,494,ground_truth
images/Trip 029 Day 1 22-11-05 Image 10 add_12.png,Trip 029 Day 1 22-11-05 Image 10 add_12_crop_001.png,val,2,trophozoite,756,469,827,539,ground_truth
images/Trip 029 Day 1 22-11-05 Image 10 add_14.png,Trip 029 Day 1 22-11-05 Image 10 add_14_crop_000.png,train,2,trophozoite,1147,706,1218,776,ground_truth
images/Trip 029 Day 1 22-11-05 Image 10 add_14.png,Trip 029 Day 1 22-11-05 Image 10 add_14_crop_001.png,train,2,trophozoite,365,367,436,437,ground_truth
images/Trip 029 Day 1 22-11-05 Image 10 add_14.png,Trip 029 Day 1 22-11-05 Image 10 add_14_crop_002.png,train,0,ring,241,991,281,1027,ground_truth
images/Trip 029 Day 1 22-11-05 Image 10 add_2.png,Trip 029 Day 1 22-11-05 Image 10 add_2_crop_000.png,train,0,ring,59,947,99,982,ground_truth
images/Trip 029 Day 1 22-11-05 Image 10 add_2.png,Trip 029 Day 1 22-11-05 Image 10 add_2_crop_001.png,train,0,ring,737,450,777,485,ground_truth
images/Trip 029 Day 1 22-11-05 Image 10 add_2.png,Trip 029 Day 1 22-11-05 Image 10 add_2_crop_002.png,train,2,trophozoite,502,259,573,329,ground_truth
images/Trip 029 Day 1 22-11-05 Image 10 add_2.png,Trip 029 Day 1 22-11-05 Image 10 add_2_crop_003.png,train,2,trophozoite,177,543,248,612,ground_truth
images/Trip 029 Day 1 22-11-05 Image 10 add_3.png,Trip 029 Day 1 22-11-05 Image 10 add_3_crop_000.png,train,1,schizont,0,652,61,748,ground_truth
images/Trip 029 Day 1 22-11-05 Image 10 add_4.png,Trip 029 Day 1 22-11-05 Image 10 add_4_crop_000.png,test,2,trophozoite,748,509,819,579,ground_truth
images/Trip 029 Day 1 22-11-05 Image 10 add_5.png,Trip 029 Day 1 22-11-05 Image 10 add_5_crop_000.png,train,2,trophozoite,753,727,824,797,ground_truth
images/Trip 029 Day 1 22-11-05 Image 10 add_6.png,Trip 029 Day 1 22-11-05 Image 10 add_6_crop_000.png,train,1,schizont,481,479,572,575,ground_truth
images/Trip 029 Day 1 22-11-05 Image 10 add_6.png,Trip 029 Day 1 22-11-05 Image 10 add_6_crop_001.png,train,0,ring,1096,81,1137,117,ground_truth
images/Trip 029 Day 1 22-11-05 Image 10 add_6.png,Trip 029 Day 1 22-11-05 Image 10 add_6_crop_002.png,train,2,trophozoite,889,145,960,215,ground_truth
images/Trip 029 Day 1 22-11-05 Image 10 add_6.png,Trip 029 Day 1 22-11-05 Image 10 add_6_crop_003.png,train,0,ring,455,771,495,807,ground_truth
images/Trip 029 Day 1 22-11-05 Image 10 add_8.png,Trip 029 Day 1 22-11-05 Image 10 add_8_crop_000.png,test,0,ring,507,936,548,972,ground_truth
images/Trip 029 Day 1 22-11-05 Image 10 add_9.png,Trip 029 Day 1 22-11-05 Image 10 add_9_crop_000.png,train,1,schizont,627,463,718,559,ground_truth
images/Trip 029 Day 1 22-11-05 Image 10 add_9.png,Trip 029 Day 1 22-11-05 Image 10 add_9_crop_001.png,train,1,schizont,1283,795,1374,891,ground_truth
images/Trip 029 Day 1 22-11-05 Image 10 add_9.png,Trip 029 Day 1 22-11-05 Image 10 add_9_crop_002.png,train,0,ring,448,893,488,928,ground_truth
images/Trip 029 Day 1 22-11-05 Image 10 add_9.png,Trip 029 Day 1 22-11-05 Image 10 add_9_crop_003.png,train,1,schizont,174,716,265,812,ground_truth
images/Trip 029 Day 1 22-11-05 Image 11 add_1.png,Trip 029 Day 1 22-11-05 Image 11 add_1_crop_000.png,test,1,schizont,10,287,101,383,ground_truth
images/Trip 029 Day 1 22-11-05 Image 11 add_1.png,Trip 029 Day 1 22-11-05 Image 11 add_1_crop_001.png,test,1,schizont,888,395,979,492,ground_truth
images/Trip 029 Day 1 22-11-05 Image 11 add_1.png,Trip 029 Day 1 22-11-05 Image 11 add_1_crop_002.png,test,0,ring,1341,338,1381,373,ground_truth
images/Trip 029 Day 1 22-11-05 Image 11 add_1.png,Trip 029 Day 1 22-11-05 Image 11 add_1_crop_003.png,test,0,ring,1112,650,1152,686,ground_truth
images/Trip 029 Day 1 22-11-05 Image 11 add_1.png,Trip 029 Day 1 22-11-05 Image 11 add_1_crop_004.png,test,2,trophozoite,670,937,741,1007,ground_truth
images/Trip 029 Day 1 22-11-05 Image 11 add_10.png,Trip 029 Day 1 22-11-05 Image 11 add_10_crop_000.png,test,0,ring,1308,770,1349,806,ground_truth
images/Trip 029 Day 1 22-11-05 Image 11 add_11.png,Trip 029 Day 1 22-11-05 Image 11 add_11_crop_000.png,test,1,schizont,691,747,782,843,ground_truth
images/Trip 029 Day 1 22-11-05 Image 11 add_11.png,Trip 029 Day 1 22-11-05 Image 11 add_11_crop_001.png,test,0,ring,80,995,120,1030,ground_truth
images/Trip 029 Day 1 22-11-05 Image 11 add_12.png,Trip 029 Day 1 22-11-05 Image 11 add_12_crop_000.png,test,1,schizont,1324,961,1382,1030,ground_truth
images/Trip 029 Day 1 22-11-05 Image 11 add_13.png,Trip 029 Day 1 22-11-05 Image 11 add_13_crop_000.png,train,1,schizont,757,194,848,290,ground_truth
images/Trip 029 Day 1 22-11-05 Image 11 add_13.png,Trip 029 Day 1 22-11-05 Image 11 add_13_crop_001.png,train,0,ring,505,754,546,790,ground_truth
images/Trip 029 Day 1 22-11-05 Image 11 add_13.png,Trip 029 Day 1 22-11-05 Image 11 add_13_crop_002.png,train,2,trophozoite,606,238,677,308,ground_truth
images/Trip 029 Day 1 22-11-05 Image 11 add_13.png,Trip 029 Day 1 22-11-05 Image 11 add_13_crop_003.png,train,2,trophozoite,136,243,207,313,ground_truth
images/Trip 029 Day 1 22-11-05 Image 11 add_13.png,Trip 029 Day 1 22-11-05 Image 11 add_13_crop_004.png,train,0,ring,990,905,1030,941,ground_truth
images/Trip 029 Day 1 22-11-05 Image 11 add_14.png,Trip 029 Day 1 22-11-05 Image 11 add_14_crop_000.png,val,0,ring,28,78,69,113,ground_truth
images/Trip 029 Day 1 22-11-05 Image 11 add_15.png,Trip 029 Day 1 22-11-05 Image 11 add_15_crop_000.png,test,2,trophozoite,48,882,119,952,ground_truth
images/Trip 029 Day 1 22-11-05 Image 11 add_15.png,Trip 029 Day 1 22-11-05 Image 11 add_15_crop_001.png,test,0,ring,1110,921,1151,957,ground_truth
images/Trip 029 Day 1 22-11-05 Image 11 add_15.png,Trip 029 Day 1 22-11-05 Image 11 add_15_crop_002.png,test,0,ring,205,523,246,559,ground_truth
images/Trip 029 Day 1 22-11-05 Image 11 add_2.png,Trip 029 Day 1 22-11-05 Image 11 add_2_crop_000.png,test,1,schizont,1050,281,1141,377,ground_truth
images/Trip 029 Day 1 22-11-05 Image 11 add_2.png,Trip 029 Day 1 22-11-05 Image 11 add_2_crop_001.png,test,2,trophozoite,1100,365,1171,435,ground_truth
images/Trip 029 Day 1 22-11-05 Image 11 add_2.png,Trip 029 Day 1 22-11-05 Image 11 add_2_crop_002.png,test,2,trophozoite,236,896,307,966,ground_truth
images/Trip 029 Day 1 22-11-05 Image 11 add_2.png,Trip 029 Day 1 22-11-05 Image 11 add_2_crop_003.png,test,0,ring,409,46,449,81,ground_truth
images/Trip 029 Day 1 22-11-05 Image 11 add_2.png,Trip 029 Day 1 22-11-05 Image 11 add_2_crop_004.png,test,0,ring,1040,828,1081,863,ground_truth
images/Trip 029 Day 1 22-11-05 Image 11 add_4.png,Trip 029 Day 1 22-11-05 Image 11 add_4_crop_000.png,val,2,trophozoite,615,863,686,933,ground_truth
images/Trip 029 Day 1 22-11-05 Image 11 add_4.png,Trip 029 Day 1 22-11-05 Image 11 add_4_crop_001.png,val,2,trophozoite,155,494,226,564,ground_truth
images/Trip 029 Day 1 22-11-05 Image 11 add_4.png,Trip 029 Day 1 22-11-05 Image 11 add_4_crop_002.png,val,0,ring,793,841,833,877,ground_truth
images/Trip 029 Day 1 22-11-05 Image 11 add_4.png,Trip 029 Day 1 22-11-05 Image 11 add_4_crop_003.png,val,2,trophozoite,1239,244,1310,314,ground_truth
images/Trip 029 Day 1 22-11-05 Image 11 add_5.png,Trip 029 Day 1 22-11-05 Image 11 add_5_crop_000.png,train,1,schizont,937,779,1028,875,ground_truth
images/Trip 029 Day 1 22-11-05 Image 11 add_5.png,Trip 029 Day 1 22-11-05 Image 11 add_5_crop_001.png,train,0,ring,624,244,665,279,ground_truth
images/Trip 029 Day 1 22-11-05 Image 11 add_5.png,Trip 029 Day 1 22-11-05 Image 11 add_5_crop_002.png,train,2,trophozoite,689,742,760,811,ground_truth
images/Trip 029 Day 1 22-11-05 Image 11 add_5.png,Trip 029 Day 1 22-11-05 Image 11 add_5_crop_003.png,train,0,ring,71,98,112,134,ground_truth
images/Trip 029 Day 1 22-11-05 Image 11 add_5.png,Trip 029 Day 1 22-11-05 Image 11 add_5_crop_004.png,train,0,ring,0,151,33,187,ground_truth
images/Trip 029 Day 1 22-11-05 Image 11 add_7.png,Trip 029 Day 1 22-11-05 Image 11 add_7_crop_000.png,train,1,schizont,377,672,468,769,ground_truth
images/Trip 029 Day 1 22-11-05 Image 11 add_7.png,Trip 029 Day 1 22-11-05 Image 11 add_7_crop_001.png,train,1,schizont,131,80,222,176,ground_truth
images/Trip 029 Day 1 22-11-05 Image 11 add_7.png,Trip 029 Day 1 22-11-05 Image 11 add_7_crop_002.png,train,0,ring,560,711,600,746,ground_truth
images/Trip 029 Day 1 22-11-05 Image 11 add_7.png,Trip 029 Day 1 22-11-05 Image 11 add_7_crop_003.png,train,2,trophozoite,606,623,677,692,ground_truth
images/Trip 029 Day 1 22-11-05 Image 11 add_8.png,Trip 029 Day 1 22-11-05 Image 11 add_8_crop_000.png,test,1,schizont,128,58,219,154,ground_truth
images/Trip 029 Day 1 22-11-05 Image 11 add_8.png,Trip 029 Day 1 22-11-05 Image 11 add_8_crop_001.png,test,2,trophozoite,923,48,994,118,ground_truth
images/Trip 029 Day 1 22-11-05 Image 11 add_8.png,Trip 029 Day 1 22-11-05 Image 11 add_8_crop_002.png,test,2,trophozoite,1119,127,1190,197,ground_truth
images/Trip 029 Day 1 22-11-05 Image 11 add_8.png,Trip 029 Day 1 22-11-05 Image 11 add_8_crop_003.png,test,0,ring,1321,723,1361,759,ground_truth
images/Trip 029 Day 1 22-11-05 Image 11 add_8.png,Trip 029 Day 1 22-11-05 Image 11 add_8_crop_004.png,test,2,trophozoite,1327,837,1382,906,ground_truth
images/Trip 029 Day 1 22-11-05 Image 11 add_9.png,Trip 029 Day 1 22-11-05 Image 11 add_9_crop_000.png,val,1,schizont,782,365,873,461,ground_truth
images/Trip 029 Day 1 22-11-05 Image 12 add_1.png,Trip 029 Day 1 22-11-05 Image 12 add_1_crop_000.png,train,1,schizont,130,99,221,195,ground_truth
images/Trip 029 Day 1 22-11-05 Image 12 add_1.png,Trip 029 Day 1 22-11-05 Image 12 add_1_crop_001.png,train,0,ring,1171,651,1212,687,ground_truth
images/Trip 029 Day 1 22-11-05 Image 12 add_1.png,Trip 029 Day 1 22-11-05 Image 12 add_1_crop_002.png,train,2,trophozoite,544,723,615,793,ground_truth
images/Trip 029 Day 1 22-11-05 Image 12 add_1.png,Trip 029 Day 1 22-11-05 Image 12 add_1_crop_003.png,train,2,trophozoite,273,211,344,280,ground_truth
images/Trip 029 Day 1 22-11-05 Image 12 add_1.png,Trip 029 Day 1 22-11-05 Image 12 add_1_crop_004.png,train,2,trophozoite,304,805,375,874,ground_truth
images/Trip 029 Day 1 22-11-05 Image 12 add_1.png,Trip 029 Day 1 22-11-05 Image 12 add_1_crop_005.png,train,0,ring,602,330,643,365,ground_truth
images/Trip 029 Day 1 22-11-05 Image 12 add_10.png,Trip 029 Day 1 22-11-05 Image 12 add_10_crop_000.png,train,0,ring,42,343,83,379,ground_truth
images/Trip 029 Day 1 22-11-05 Image 12 add_12.png,Trip 029 Day 1 22-11-05 Image 12 add_12_crop_000.png,train,0,ring,132,203,173,238,ground_truth
images/Trip 029 Day 1 22-11-05 Image 12 add_12.png,Trip 029 Day 1 22-11-05 Image 12 add_12_crop_001.png,train,2,trophozoite,100,801,171,871,ground_truth
images/Trip 029 Day 1 22-11-05 Image 12 add_12.png,Trip 029 Day 1 22-11-05 Image 12 add_12_crop_002.png,train,0,ring,1033,367,1074,403,ground_truth
images/Trip 029 Day 1 22-11-05 Image 12 add_12.png,Trip 029 Day 1 22-11-05 Image 12 add_12_crop_003.png,train,0,ring,1198,310,1239,346,ground_truth
images/Trip 029 Day 1 22-11-05 Image 12 add_12.png,Trip 029 Day 1 22-11-05 Image 12 add_12_crop_004.png,train,0,ring,952,991,993,1027,ground_truth
images/Trip 029 Day 1 22-11-05 Image 12 add_13.png,Trip 029 Day 1 22-11-05 Image 12 add_13_crop_000.png,train,2,trophozoite,1219,630,1290,699,ground_truth
images/Trip 029 Day 1 22-11-05 Image 12 add_14.png,Trip 029 Day 1 22-11-05 Image 12 add_14_crop_000.png,train,0,ring,1200,57,1241,93,ground_truth
images/Trip 029 Day 1 22-11-05 Image 12 add_14.png,Trip 029 Day 1 22-11-05 Image 12 add_14_crop_001.png,train,2,trophozoite,1267,515,1338,585,ground_truth
images/Trip 029 Day 1 22-11-05 Image 12 add_14.png,Trip 029 Day 1 22-11-05 Image 12 add_14_crop_002.png,train,2,trophozoite,33,0,104,59,ground_truth
images/Trip 029 Day 1 22-11-05 Image 12 add_14.png,Trip 029 Day 1 22-11-05 Image 12 add_14_crop_003.png,train,2,trophozoite,623,581,694,651,ground_truth
images/Trip 029 Day 1 22-11-05 Image 12 add_14.png,Trip 029 Day 1 22-11-05 Image 12 add_14_crop_004.png,train,0,ring,217,453,257,489,ground_truth
images/Trip 029 Day 1 22-11-05 Image 12 add_16.png,Trip 029 Day 1 22-11-05 Image 12 add_16_crop_000.png,train,2,trophozoite,989,181,1060,251,ground_truth
images/Trip 029 Day 1 22-11-05 Image 12 add_16.png,Trip 029 Day 1 22-11-05 Image 12 add_16_crop_001.png,train,1,schizont,544,597,635,693,ground_truth
images/Trip 029 Day 1 22-11-05 Image 12 add_2.png,Trip 029 Day 1 22-11-05 Image 12 add_2_crop_000.png,test,1,schizont,992,115,1083,211,ground_truth
images/Trip 029 Day 1 22-11-05 Image 12 add_2.png,Trip 029 Day 1 22-11-05 Image 12 add_2_crop_001.png,test,0,ring,220,403,261,438,ground_truth
images/Trip 029 Day 1 22-11-05 Image 12 add_2.png,Trip 029 Day 1 22-11-05 Image 12 add_2_crop_002.png,test,0,ring,220,403,261,438,ground_truth
images/Trip 029 Day 1 22-11-05 Image 12 add_3.png,Trip 029 Day 1 22-11-05 Image 12 add_3_crop_000.png,test,1,schizont,165,147,256,243,ground_truth
images/Trip 029 Day 1 22-11-05 Image 12 add_3.png,Trip 029 Day 1 22-11-05 Image 12 add_3_crop_001.png,test,0,ring,999,15,1040,50,ground_truth
images/Trip 029 Day 1 22-11-05 Image 12 add_4.png,Trip 029 Day 1 22-11-05 Image 12 add_4_crop_000.png,train,2,trophozoite,545,826,616,896,ground_truth
images/Trip 029 Day 1 22-11-05 Image 12 add_4.png,Trip 029 Day 1 22-11-05 Image 12 add_4_crop_001.png,train,0,ring,1243,656,1283,691,ground_truth
images/Trip 029 Day 1 22-11-05 Image 12 add_5.png,Trip 029 Day 1 22-11-05 Image 12 add_5_crop_000.png,train,0,ring,118,627,159,663,ground_truth
images/Trip 029 Day 1 22-11-05 Image 12 add_5.png,Trip 029 Day 1 22-11-05 Image 12 add_5_crop_001.png,train,2,trophozoite,459,66,530,136,ground_truth
images/Trip 029 Day 1 22-11-05 Image 12 add_5.png,Trip 029 Day 1 22-11-05 Image 12 add_5_crop_002.png,train,0,ring,1299,839,1339,874,ground_truth
images/Trip 029 Day 1 22-11-05 Image 12 add_5.png,Trip 029 Day 1 22-11-05 Image 12 add_5_crop_003.png,train,0,ring,407,1,447,37,ground_truth
images/Trip 029 Day 1 22-11-05 Image 12 add_6.png,Trip 029 Day 1 22-11-05 Image 12 add_6_crop_000.png,train,0,ring,365,237,405,272,ground_truth
images/Trip 029 Day 1 22-11-05 Image 12 add_6.png,Trip 029 Day 1 22-11-05 Image 12 add_6_crop_001.png,train,2,trophozoite,17,235,88,304,ground_truth
images/Trip 029 Day 1 22-11-05 Image 12 add_6.png,Trip 029 Day 1 22-11-05 Image 12 add_6_crop_002.png,train,0,ring,1102,992,1142,1028,ground_truth
images/Trip 029 Day 1 22-11-05 Image 12 add_6.png,Trip 029 Day 1 22-11-05 Image 12 add_6_crop_003.png,train,0,ring,1102,992,1142,1028,ground_truth
images/Trip 029 Day 1 22-11-05 Image 12 add_6.png,Trip 029 Day 1 22-11-05 Image 12 add_6_crop_004.png,train,0,ring,1123,700,1164,736,ground_truth
images/Trip 029 Day 1 22-11-05 Image 12 add_6.png,Trip 029 Day 1 22-11-05 Image 12 add_6_crop_005.png,train,0,ring,959,26,999,62,ground_truth
images/Trip 029 Day 1 22-11-05 Image 12 add_7.png,Trip 029 Day 1 22-11-05 Image 12 add_7_crop_000.png,test,2,trophozoite,404,153,475,223,ground_truth
images/Trip 029 Day 1 22-11-05 Image 12 add_7.png,Trip 029 Day 1 22-11-05 Image 12 add_7_crop_001.png,test,1,schizont,1330,259,1382,355,ground_truth
images/Trip 029 Day 1 22-11-05 Image 12 add_7.png,Trip 029 Day 1 22-11-05 Image 12 add_7_crop_002.png,test,2,trophozoite,649,816,720,886,ground_truth
images/Trip 029 Day 1 22-11-05 Image 12 add_7.png,Trip 029 Day 1 22-11-05 Image 12 add_7_crop_003.png,test,0,ring,1078,879,1118,914,ground_truth
images/Trip 029 Day 1 22-11-05 Image 12 add_8.png,Trip 029 Day 1 22-11-05 Image 12 add_8_crop_000.png,val,1,schizont,0,243,67,339,ground_truth
images/Trip 029 Day 1 22-11-05 Image 12 add_8.png,Trip 029 Day 1 22-11-05 Image 12 add_8_crop_001.png,val,2,trophozoite,212,472,283,541,ground_truth
images/Trip 029 Day 1 22-11-05 Image 12 add_8.png,Trip 029 Day 1 22-11-05 Image 12 add_8_crop_002.png,val,0,ring,422,650,463,686,ground_truth
images/Trip 029 Day 1 22-11-05 Image 12 add_8.png,Trip 029 Day 1 22-11-05 Image 12 add_8_crop_003.png,val,2,trophozoite,1221,143,1292,213,ground_truth
images/Trip 029 Day 1 22-11-05 Image 12 add_9.png,Trip 029 Day 1 22-11-05 Image 12 add_9_crop_000.png,train,2,trophozoite,113,886,184,956,ground_truth
images/Trip 029 Day 1 22-11-05 Image 12 add_9.png,Trip 029 Day 1 22-11-05 Image 12 add_9_crop_001.png,train,2,trophozoite,913,975,984,1030,ground_truth
images/Trip 029 Day 1 22-11-05 Image 12 add_9.png,Trip 029 Day 1 22-11-05 Image 12 add_9_crop_002.png,train,2,trophozoite,608,469,679,539,ground_truth
images/Trip 029 Day 1 22-11-05 Image 12 add_9.png,Trip 029 Day 1 22-11-05 Image 12 add_9_crop_003.png,train,0,ring,684,361,724,396,ground_truth
images/Trip 029 Day 1 22-11-05 Image 9 add_1.png,Trip 029 Day 1 22-11-05 Image 9 add_1_crop_000.png,train,0,ring,616,425,656,460,ground_truth
images/Trip 029 Day 1 22-11-05 Image 9 add_1.png,Trip 029 Day 1 22-11-05 Image 9 add_1_crop_001.png,train,0,ring,684,775,724,810,ground_truth
images/Trip 029 Day 1 22-11-05 Image 9 add_1.png,Trip 029 Day 1 22-11-05 Image 9 add_1_crop_002.png,train,2,trophozoite,1158,182,1229,252,ground_truth
images/Trip 029 Day 1 22-11-05 Image 9 add_1.png,Trip 029 Day 1 22-11-05 Image 9 add_1_crop_003.png,train,2,trophozoite,189,387,260,457,ground_truth
images/Trip 029 Day 1 22-11-05 Image 9 add_1.png,Trip 029 Day 1 22-11-05 Image 9 add_1_crop_004.png,train,0,ring,612,570,653,605,ground_truth
images/Trip 029 Day 1 22-11-05 Image 9 add_1.png,Trip 029 Day 1 22-11-05 Image 9 add_1_crop_005.png,train,0,ring,613,569,653,604,ground_truth
images/Trip 029 Day 1 22-11-05 Image 9 add_1.png,Trip 029 Day 1 22-11-05 Image 9 add_1_crop_006.png,train,0,ring,633,288,673,324,ground_truth
images/Trip 029 Day 1 22-11-05 Image 9 add_10.png,Trip 029 Day 1 22-11-05 Image 9 add_10_crop_000.png,train,1,schizont,385,936,476,1030,ground_truth
images/Trip 029 Day 1 22-11-05 Image 9 add_11.png,Trip 029 Day 1 22-11-05 Image 9 add_11_crop_000.png,test,1,schizont,339,956,430,1030,ground_truth
images/Trip 029 Day 1 22-11-05 Image 9 add_11.png,Trip 029 Day 1 22-11-05 Image 9 add_11_crop_001.png,test,2,trophozoite,1038,762,1109,832,ground_truth
images/Trip 029 Day 1 22-11-05 Image 9 add_11.png,Trip 029 Day 1 22-11-05 Image 9 add_11_crop_002.png,test,0,ring,1113,142,1154,177,ground_truth
images/Trip 029 Day 1 22-11-05 Image 9 add_12.png,Trip 029 Day 1 22-11-05 Image 9 add_12_crop_000.png,train,2,trophozoite,380,742,451,811,ground_truth
images/Trip 029 Day 1 22-11-05 Image 9 add_12.png,Trip 029 Day 1 22-11-05 Image 9 add_12_crop_001.png,train,0,ring,1297,849,1337,885,ground_truth
images/Trip 029 Day 1 22-11-05 Image 9 add_13.png,Trip 029 Day 1 22-11-05 Image 9 add_13_crop_000.png,train,2,trophozoite,924,814,995,884,ground_truth
images/Trip 029 Day 1 22-11-05 Image 9 add_13.png,Trip 029 Day 1 22-11-05 Image 9 add_13_crop_001.png,train,2,trophozoite,1304,325,1375,395,ground_truth
images/Trip 029 Day 1 22-11-05 Image 9 add_14.png,Trip 029 Day 1 22-11-05 Image 9 add_14_crop_000.png,train,0,ring,852,754,893,790,ground_truth
images/Trip 029 Day 1 22-11-05 Image 9 add_15.png,Trip 029 Day 1 22-11-05 Image 9 add_15_crop_000.png,train,2,trophozoite,1010,436,1081,506,ground_truth
images/Trip 029 Day 1 22-11-05 Image 9 add_15.png,Trip 029 Day 1 22-11-05 Image 9 add_15_crop_001.png,train,0,ring,1292,887,1332,922,ground_truth
images/Trip 029 Day 1 22-11-05 Image 9 add_2.png,Trip 029 Day 1 22-11-05 Image 9 add_2_crop_000.png,train,0,ring,112,494,152,530,ground_truth
images/Trip 029 Day 1 22-11-05 Image 9 add_2.png,Trip 029 Day 1 22-11-05 Image 9 add_2_crop_001.png,train,0,ring,134,750,174,785,ground_truth
images/Trip 029 Day 1 22-11-05 Image 9 add_2.png,Trip 029 Day 1 22-11-05 Image 9 add_2_crop_002.png,train,1,schizont,941,748,1032,844,ground_truth
images/Trip 029 Day 1 22-11-05 Image 9 add_3.png,Trip 029 Day 1 22-11-05 Image 9 add_3_crop_000.png,train,1,schizont,207,1,298,97,ground_truth
images/Trip 029 Day 1 22-11-05 Image 9 add_3.png,Trip 029 Day 1 22-11-05 Image 9 add_3_crop_001.png,train,2,trophozoite,1225,452,1296,522,ground_truth
images/Trip 029 Day 1 22-11-05 Image 9 add_3.png,Trip 029 Day 1 22-11-05 Image 9 add_3_crop_002.png,train,2,trophozoite,608,556,679,626,ground_truth
images/Trip 029 Day 1 22-11-05 Image 9 add_3.png,Trip 029 Day 1 22-11-05 Image 9 add_3_crop_003.png,train,0,ring,767,152,808,188,ground_truth
images/Trip 029 Day 1 22-11-05 Image 9 add_4.png,Trip 029 Day 1 22-11-05 Image 9 add_4_crop_000.png,train,2,trophozoite,129,218,200,287,ground_truth
images/Trip 029 Day 1 22-11-05 Image 9 add_5.png,Trip 029 Day 1 22-11-05 Image 9 add_5_crop_000.png,train,1,schizont,2,325,93,421,ground_truth
images/Trip 029 Day 1 22-11-05 Image 9 add_5.png,Trip 029 Day 1 22-11-05 Image 9 add_5_crop_001.png,train,0,ring,582,730,622,766,ground_truth
images/Trip 029 Day 1 22-11-05 Image 9 add_5.png,Trip 029 Day 1 22-11-05 Image 9 add_5_crop_002.png,train,0,ring,879,117,920,152,ground_truth
images/Trip 029 Day 1 22-11-05 Image 9 add_5.png,Trip 029 Day 1 22-11-05 Image 9 add_5_crop_003.png,train,0,ring,1336,655,1376,690,ground_truth
images/Trip 029 Day 1 22-11-05 Image 9 add_6.png,Trip 029 Day 1 22-11-05 Image 9 add_6_crop_000.png,test,1,schizont,1126,439,1217,535,ground_truth
images/Trip 029 Day 1 22-11-05 Image 9 add_6.png,Trip 029 Day 1 22-11-05 Image 9 add_6_crop_001.png,test,0,ring,1235,168,1276,204,ground_truth
images/Trip 029 Day 1 22-11-05 Image 9 add_6.png,Trip 029 Day 1 22-11-05 Image 9 add_6_crop_002.png,test,2,trophozoite,435,532,506,602,ground_truth
images/Trip 029 Day 1 22-11-05 Image 9 add_6.png,Trip 029 Day 1 22-11-05 Image 9 add_6_crop_003.png,test,0,ring,631,1000,672,1029,ground_truth
images/Trip 029 Day 1 22-11-05 Image 9 add_7.png,Trip 029 Day 1 22-11-05 Image 9 add_7_crop_000.png,train,0,ring,779,147,820,182,ground_truth
images/Trip 029 Day 1 22-11-05 Image 9 add_7.png,Trip 029 Day 1 22-11-05 Image 9 add_7_crop_001.png,train,2,trophozoite,107,647,178,716,ground_truth
images/Trip 029 Day 1 22-11-05 Image 9 add_7.png,Trip 029 Day 1 22-11-05 Image 9 add_7_crop_002.png,train,2,trophozoite,0,371,64,441,ground_truth
images/Trip 029 Day 1 22-11-05 Image 9 add_7.png,Trip 029 Day 1 22-11-05 Image 9 add_7_crop_003.png,train,2,trophozoite,1159,357,1230,427,ground_truth
images/Trip 029 Day 1 22-11-05 Image 9 add_8.png,Trip 029 Day 1 22-11-05 Image 9 add_8_crop_000.png,val,0,ring,1227,79,1268,115,ground_truth
images/Trip 029 Day 1 22-11-05 Image 9 add_9.png,Trip 029 Day 1 22-11-05 Image 9 add_9_crop_000.png,val,1,schizont,1198,589,1289,685,ground_truth
images/Trip 029 Day 1 22-11-05 Image 9 add_9.png,Trip 029 Day 1 22-11-05 Image 9 add_9_crop_001.png,val,0,ring,628,81,668,117,ground_truth
images/Trip 038 Day 1 01-12-05 Image 10 add_1.png,Trip 038 Day 1 01-12-05 Image 10 add_1_crop_000.png,val,1,schizont,442,232,533,328,ground_truth
images/Trip 038 Day 1 01-12-05 Image 10 add_1.png,Trip 038 Day 1 01-12-05 Image 10 add_1_crop_001.png,val,0,ring,565,477,605,513,ground_truth
images/Trip 038 Day 1 01-12-05 Image 10 add_1.png,Trip 038 Day 1 01-12-05 Image 10 add_1_crop_002.png,val,1,schizont,292,878,383,975,ground_truth
images/Trip 038 Day 1 01-12-05 Image 10 add_10.png,Trip 038 Day 1 01-12-05 Image 10 add_10_crop_000.png,train,1,schizont,1074,719,1165,815,ground_truth
images/Trip 038 Day 1 01-12-05 Image 10 add_11.png,Trip 038 Day 1 01-12-05 Image 10 add_11_crop_000.png,train,2,trophozoite,162,826,233,896,ground_truth
images/Trip 038 Day 1 01-12-05 Image 10 add_13.png,Trip 038 Day 1 01-12-05 Image 10 add_13_crop_000.png,train,1,schizont,56,317,147,413,ground_truth
images/Trip 038 Day 1 01-12-05 Image 10 add_14.png,Trip 038 Day 1 01-12-05 Image 10 add_14_crop_000.png,train,0,ring,972,393,1013,428,ground_truth
images/Trip 038 Day 1 01-12-05 Image 10 add_16.png,Trip 038 Day 1 01-12-05 Image 10 add_16_crop_000.png,train,1,schizont,446,809,537,905,ground_truth
images/Trip 038 Day 1 01-12-05 Image 10 add_5.png,Trip 038 Day 1 01-12-05 Image 10 add_5_crop_000.png,train,1,schizont,1226,892,1317,988,ground_truth
images/Trip 038 Day 1 01-12-05 Image 10 add_5.png,Trip 038 Day 1 01-12-05 Image 10 add_5_crop_001.png,train,2,trophozoite,421,435,492,505,ground_truth
images/Trip 038 Day 1 01-12-05 Image 10 add_6.png,Trip 038 Day 1 01-12-05 Image 10 add_6_crop_000.png,test,2,trophozoite,109,152,180,222,ground_truth
images/Trip 038 Day 1 01-12-05 Image 10 add_7.png,Trip 038 Day 1 01-12-05 Image 10 add_7_crop_000.png,train,1,schizont,1046,119,1137,215,ground_truth
images/Trip 038 Day 1 01-12-05 Image 10 add_7.png,Trip 038 Day 1 01-12-05 Image 10 add_7_crop_001.png,train,2,trophozoite,1232,931,1303,1000,ground_truth
images/Trip 038 Day 1 01-12-05 Image 10 add_7.png,Trip 038 Day 1 01-12-05 Image 10 add_7_crop_002.png,train,0,ring,1220,93,1261,128,ground_truth
images/Trip 038 Day 1 01-12-05 Image 10 add_8.png,Trip 038 Day 1 01-12-05 Image 10 add_8_crop_000.png,train,2,trophozoite,38,506,109,576,ground_truth
images/Trip 038 Day 1 01-12-05 Image 11 add_1.png,Trip 038 Day 1 01-12-05 Image 11 add_1_crop_000.png,val,0,ring,971,73,1011,109,ground_truth
images/Trip 038 Day 1 01-12-05 Image 11 add_1.png,Trip 038 Day 1 01-12-05 Image 11 add_1_crop_001.png,val,2,trophozoite,641,383,712,453,ground_truth
images/Trip 038 Day 1 01-12-05 Image 11 add_1.png,Trip 038 Day 1 01-12-05 Image 11 add_1_crop_002.png,val,1,schizont,6,333,97,429,ground_truth
images/Trip 038 Day 1 01-12-05 Image 11 add_1.png,Trip 038 Day 1 01-12-05 Image 11 add_1_crop_003.png,val,1,schizont,1285,505,1376,601,ground_truth
images/Trip 038 Day 1 01-12-05 Image 11 add_11.png,Trip 038 Day 1 01-12-05 Image 11 add_11_crop_000.png,train,1,schizont,944,868,1035,964,ground_truth
images/Trip 038 Day 1 01-12-05 Image 11 add_11.png,Trip 038 Day 1 01-12-05 Image 11 add_11_crop_001.png,train,2,trophozoite,836,280,907,350,ground_truth
images/Trip 038 Day 1 01-12-05 Image 11 add_4.png,Trip 038 Day 1 01-12-05 Image 11 add_4_crop_000.png,train,1,schizont,914,972,1005,1030,ground_truth
images/Trip 038 Day 1 01-12-05 Image 11 add_5.png,Trip 038 Day 1 01-12-05 Image 11 add_5_crop_000.png,train,2,trophozoite,802,124,873,193,ground_truth
images/Trip 038 Day 1 01-12-05 Image 11 add_7.png,Trip 038 Day 1 01-12-05 Image 11 add_7_crop_000.png,train,0,ring,394,64,434,100,ground_truth
images/Trip 038 Day 1 01-12-05 Image 11 add_8.png,Trip 038 Day 1 01-12-05 Image 11 add_8_crop_000.png,train,1,schizont,930,0,1021,77,ground_truth
images/Trip 038 Day 1 01-12-05 Image 18 add_1.png,Trip 038 Day 1 01-12-05 Image 18 add_1_crop_000.png,train,1,schizont,944,885,1035,981,ground_truth
images/Trip 038 Day 1 01-12-05 Image 18 add_1.png,Trip 038 Day 1 01-12-05 Image 18 add_1_crop_001.png,train,2,trophozoite,758,70,829,140,ground_truth
images/Trip 038 Day 1 01-12-05 Image 18 add_1.png,Trip 038 Day 1 01-12-05 Image 18 add_1_crop_002.png,train,1,schizont,204,259,295,355,ground_truth
images/Trip 038 Day 1 01-12-05 Image 18 add_12.png,Trip 038 Day 1 01-12-05 Image 18 add_12_crop_000.png,val,2,trophozoite,20,155,91,224,ground_truth
images/Trip 038 Day 1 01-12-05 Image 18 add_2.png,Trip 038 Day 1 01-12-05 Image 18 add_2_crop_000.png,train,1,schizont,367,970,458,1030,ground_truth
images/Trip 038 Day 1 01-12-05 Image 18 add_4.png,Trip 038 Day 1 01-12-05 Image 18 add_4_crop_000.png,train,1,schizont,1252,690,1343,786,ground_truth
images/Trip 038 Day 1 01-12-05 Image 18 add_5.png,Trip 038 Day 1 01-12-05 Image 18 add_5_crop_000.png,train,2,trophozoite,322,745,393,815,ground_truth
images/Trip 038 Day 1 01-12-05 Image 18 add_6.png,Trip 038 Day 1 01-12-05 Image 18 add_6_crop_000.png,train,1,schizont,368,0,459,89,ground_truth
images/Trip 038 Day 1 01-12-05 Image 19 add_1.png,Trip 038 Day 1 01-12-05 Image 19 add_1_crop_000.png,val,2,trophozoite,755,442,826,512,ground_truth
images/Trip 038 Day 1 01-12-05 Image 19 add_11.png,Trip 038 Day 1 01-12-05 Image 19 add_11_crop_000.png,train,2,trophozoite,128,357,199,427,ground_truth
images/Trip 038 Day 1 01-12-05 Image 19 add_11.png,Trip 038 Day 1 01-12-05 Image 19 add_11_crop_001.png,train,1,schizont,618,872,709,968,ground_truth
images/Trip 038 Day 1 01-12-05 Image 19 add_3.png,Trip 038 Day 1 01-12-05 Image 19 add_3_crop_000.png,train,2,trophozoite,799,9,870,79,ground_truth
images/Trip 038 Day 1 01-12-05 Image 19 add_5.png,Trip 038 Day 1 01-12-05 Image 19 add_5_crop_000.png,train,2,trophozoite,1175,332,1246,402,ground_truth
images/Trip 038 Day 1 01-12-05 Image 19 add_5.png,Trip 038 Day 1 01-12-05 Image 19 add_5_crop_001.png,train,1,schizont,1291,377,1382,473,ground_truth
images/Trip 038 Day 1 01-12-05 Image 19 add_6.png,Trip 038 Day 1 01-12-05 Image 19 add_6_crop_000.png,train,1,schizont,0,367,54,463,ground_truth
images/Trip 038 Day 1 01-12-05 Image 19 add_9.png,Trip 038 Day 1 01-12-05 Image 19 add_9_crop_000.png,train,1,schizont,1210,0,1301,84,ground_truth
images/Trip 038 Day 1 01-12-05 Image 20 add_1.png,Trip 038 Day 1 01-12-05 Image 20 add_1_crop_000.png,train,2,trophozoite,273,774,344,844,ground_truth
images/Trip 038 Day 1 01-12-05 Image 20 add_1.png,Trip 038 Day 1 01-12-05 Image 20 add_1_crop_001.png,train,1,schizont,360,518,451,614,ground_truth
images/Trip 038 Day 1 01-12-05 Image 20 add_1.png,Trip 038 Day 1 01-12-05 Image 20 add_1_crop_002.png,train,2,trophozoite,937,282,1008,351,ground_truth
images/Trip 038 Day 1 01-12-05 Image 20 add_14.png,Trip 038 Day 1 01-12-05 Image 20 add_14_crop_000.png,train,0,ring,913,121,953,157,ground_truth
images/Trip 038 Day 1 01-12-05 Image 20 add_14.png,Trip 038 Day 1 01-12-05 Image 20 add_14_crop_001.png,train,2,trophozoite,5,697,76,767,ground_truth
images/Trip 038 Day 1 01-12-05 Image 20 add_15.png,Trip 038 Day 1 01-12-05 Image 20 add_15_crop_000.png,train,1,schizont,891,128,982,224,ground_truth
images/Trip 038 Day 1 01-12-05 Image 20 add_15.png,Trip 038 Day 1 01-12-05 Image 20 add_15_crop_001.png,train,1,schizont,891,128,982,224,ground_truth
images/Trip 038 Day 1 01-12-05 Image 20 add_15.png,Trip 038 Day 1 01-12-05 Image 20 add_15_crop_002.png,train,2,trophozoite,400,721,471,791,ground_truth
images/Trip 038 Day 1 01-12-05 Image 20 add_3.png,Trip 038 Day 1 01-12-05 Image 20 add_3_crop_000.png,train,2,trophozoite,904,226,975,295,ground_truth
images/Trip 038 Day 1 01-12-05 Image 20 add_3.png,Trip 038 Day 1 01-12-05 Image 20 add_3_crop_001.png,train,1,schizont,1005,970,1096,1030,ground_truth
images/Trip 038 Day 1 01-12-05 Image 20 add_4.png,Trip 038 Day 1 01-12-05 Image 20 add_4_crop_000.png,train,0,ring,349,345,390,380,ground_truth
images/Trip 038 Day 1 01-12-05 Image 20 add_4.png,Trip 038 Day 1 01-12-05 Image 20 add_4_crop_001.png,train,1,schizont,1324,296,1382,392,ground_truth
images/Trip 038 Day 1 01-12-05 Image 20 add_7.png,Trip 038 Day 1 01-12-05 Image 20 add_7_crop_000.png,train,1,schizont,977,367,1068,463,ground_truth
images/Trip 038 Day 1 01-12-05 Image 20 add_7.png,Trip 038 Day 1 01-12-05 Image 20 add_7_crop_001.png,train,1,schizont,977,368,1068,464,ground_truth
images/Trip 038 Day 1 01-12-05 Image 20 add_7.png,Trip 038 Day 1 01-12-05 Image 20 add_7_crop_002.png,train,1,schizont,989,0,1080,61,ground_truth
images/Trip 038 Day 1 01-12-05 Image 21 add_1.png,Trip 038 Day 1 01-12-05 Image 21 add_1_crop_000.png,train,1,schizont,156,82,247,178,ground_truth
images/Trip 038 Day 1 01-12-05 Image 21 add_1.png,Trip 038 Day 1 01-12-05 Image 21 add_1_crop_001.png,train,2,trophozoite,1122,461,1193,531,ground_truth
images/Trip 038 Day 1 01-12-05 Image 21 add_12.png,Trip 038 Day 1 01-12-05 Image 21 add_12_crop_000.png,train,1,schizont,191,185,282,281,ground_truth
images/Trip 038 Day 1 01-12-05 Image 21 add_15.png,Trip 038 Day 1 01-12-05 Image 21 add_15_crop_000.png,test,2,trophozoite,25,753,96,823,ground_truth
images/Trip 038 Day 1 01-12-05 Image 21 add_2.png,Trip 038 Day 1 01-12-05 Image 21 add_2_crop_000.png,train,1,schizont,614,235,705,331,ground_truth
images/Trip 038 Day 1 01-12-05 Image 21 add_8.png,Trip 038 Day 1 01-12-05 Image 21 add_8_crop_000.png,train,1,schizont,629,279,720,375,ground_truth
images/Trip 038 Day 1 01-12-05 Image 21 add_9.png,Trip 038 Day 1 01-12-05 Image 21 add_9_crop_000.png,train,1,schizont,23,900,114,996,ground_truth
images/Trip 038 Day 1 01-12-05 Image 21 add_9.png,Trip 038 Day 1 01-12-05 Image 21 add_9_crop_001.png,train,1,schizont,1067,820,1158,916,ground_truth
images/Trip 038 Day 1 01-12-05 Image 22 add_1.png,Trip 038 Day 1 01-12-05 Image 22 add_1_crop_000.png,val,1,schizont,848,42,939,138,ground_truth
images/Trip 038 Day 1 01-12-05 Image 22 add_1.png,Trip 038 Day 1 01-12-05 Image 22 add_1_crop_001.png,val,2,trophozoite,44,935,115,1005,ground_truth
images/Trip 038 Day 1 01-12-05 Image 22 add_1.png,Trip 038 Day 1 01-12-05 Image 22 add_1_crop_002.png,val,2,trophozoite,261,972,332,1030,ground_truth
images/Trip 038 Day 1 01-12-05 Image 22 add_12.png,Trip 038 Day 1 01-12-05 Image 22 add_12_crop_000.png,train,2,trophozoite,361,49,432,119,ground_truth
images/Trip 038 Day 1 01-12-05 Image 22 add_13.png,Trip 038 Day 1 01-12-05 Image 22 add_13_crop_000.png,train,2,trophozoite,108,627,179,697,ground_truth
images/Trip 038 Day 1 01-12-05 Image 22 add_14.png,Trip 038 Day 1 01-12-05 Image 22 add_14_crop_000.png,train,1,schizont,1313,959,1382,1030,ground_truth
images/Trip 038 Day 1 01-12-05 Image 22 add_15.png,Trip 038 Day 1 01-12-05 Image 22 add_15_crop_000.png,train,1,schizont,0,959,58,1029,ground_truth
images/Trip 038 Day 1 01-12-05 Image 22 add_16.png,Trip 038 Day 1 01-12-05 Image 22 add_16_crop_000.png,train,0,ring,1249,236,1290,271,ground_truth
images/Trip 038 Day 1 01-12-05 Image 22 add_3.png,Trip 038 Day 1 01-12-05 Image 22 add_3_crop_000.png,test,2,trophozoite,967,872,1038,942,ground_truth
images/Trip 038 Day 1 01-12-05 Image 22 add_4.png,Trip 038 Day 1 01-12-05 Image 22 add_4_crop_000.png,train,2,trophozoite,514,889,585,959,ground_truth
images/Trip 038 Day 1 01-12-05 Image 22 add_5.png,Trip 038 Day 1 01-12-05 Image 22 add_5_crop_000.png,train,1,schizont,255,0,346,64,ground_truth
images/Trip 038 Day 1 01-12-05 Image 22 add_5.png,Trip 038 Day 1 01-12-05 Image 22 add_5_crop_001.png,train,1,schizont,1327,756,1382,852,ground_truth
images/Trip 038 Day 1 01-12-05 Image 22 add_6.png,Trip 038 Day 1 01-12-05 Image 22 add_6_crop_000.png,train,1,schizont,922,761,1013,857,ground_truth
images/Trip 038 Day 1 01-12-05 Image 22 add_6.png,Trip 038 Day 1 01-12-05 Image 22 add_6_crop_001.png,train,1,schizont,0,755,86,851,ground_truth
images/Trip 038 Day 1 01-12-05 Image 23 add_1.png,Trip 038 Day 1 01-12-05 Image 23 add_1_crop_000.png,test,1,schizont,390,114,481,210,ground_truth
images/Trip 038 Day 1 01-12-05 Image 23 add_1.png,Trip 038 Day 1 01-12-05 Image 23 add_1_crop_001.png,test,1,schizont,598,266,689,362,ground_truth
images/Trip 038 Day 1 01-12-05 Image 23 add_1.png,Trip 038 Day 1 01-12-05 Image 23 add_1_crop_002.png,test,2,trophozoite,796,910,867,980,ground_truth
images/Trip 038 Day 1 01-12-05 Image 23 add_1.png,Trip 038 Day 1 01-12-05 Image 23 add_1_crop_003.png,test,0,ring,1185,635,1225,671,ground_truth
images/Trip 038 Day 1 01-12-05 Image 23 add_10.png,Trip 038 Day 1 01-12-05 Image 23 add_10_crop_000.png,train,1,schizont,665,117,756,214,ground_truth
images/Trip 038 Day 1 01-12-05 Image 23 add_11.png,Trip 038 Day 1 01-12-05 Image 23 add_11_crop_000.png,train,0,ring,838,630,879,665,ground_truth
images/Trip 038 Day 1 01-12-05 Image 23 add_14.png,Trip 038 Day 1 01-12-05 Image 23 add_14_crop_000.png,val,1,schizont,110,544,201,640,ground_truth
images/Trip 038 Day 1 01-12-05 Image 23 add_14.png,Trip 038 Day 1 01-12-05 Image 23 add_14_crop_001.png,val,0,ring,356,945,397,981,ground_truth
images/Trip 038 Day 1 01-12-05 Image 23 add_15.png,Trip 038 Day 1 01-12-05 Image 23 add_15_crop_000.png,train,1,schizont,762,515,853,611,ground_truth
images/Trip 038 Day 1 01-12-05 Image 23 add_16.png,Trip 038 Day 1 01-12-05 Image 23 add_16_crop_000.png,train,2,trophozoite,585,744,656,814,ground_truth
images/Trip 038 Day 1 01-12-05 Image 23 add_2.png,Trip 038 Day 1 01-12-05 Image 23 add_2_crop_000.png,val,1,schizont,641,334,732,430,ground_truth
images/Trip 038 Day 1 01-12-05 Image 23 add_4.png,Trip 038 Day 1 01-12-05 Image 23 add_4_crop_000.png,val,1,schizont,1081,653,1172,749,ground_truth
images/Trip 038 Day 1 01-12-05 Image 23 add_7.png,Trip 038 Day 1 01-12-05 Image 23 add_7_crop_000.png,test,1,schizont,937,338,1028,434,ground_truth
images/Trip 038 Day 1 01-12-05 Image 23 add_9.png,Trip 038 Day 1 01-12-05 Image 23 add_9_crop_000.png,test,2,trophozoite,1240,846,1311,916,ground_truth
images/Trip 038 Day 1 01-12-05 Image 26 add_1.png,Trip 038 Day 1 01-12-05 Image 26 add_1_crop_000.png,train,2,trophozoite,561,64,632,134,ground_truth
images/Trip 038 Day 1 01-12-05 Image 26 add_1.png,Trip 038 Day 1 01-12-05 Image 26 add_1_crop_001.png,train,2,trophozoite,575,858,646,928,ground_truth
images/Trip 038 Day 1 01-12-05 Image 26 add_15.png,Trip 038 Day 1 01-12-05 Image 26 add_15_crop_000.png,train,1,schizont,895,81,986,177,ground_truth
images/Trip 038 Day 1 01-12-05 Image 26 add_16.png,Trip 038 Day 1 01-12-05 Image 26 add_16_crop_000.png,test,1,schizont,907,489,998,585,ground_truth
images/Trip 038 Day 1 01-12-05 Image 26 add_16.png,Trip 038 Day 1 01-12-05 Image 26 add_16_crop_001.png,test,1,schizont,866,199,957,295,ground_truth
images/Trip 038 Day 1 01-12-05 Image 26 add_3.png,Trip 038 Day 1 01-12-05 Image 26 add_3_crop_000.png,val,0,ring,349,163,390,198,ground_truth
images/Trip 038 Day 1 01-12-05 Image 26 add_8.png,Trip 038 Day 1 01-12-05 Image 26 add_8_crop_000.png,train,0,ring,675,329,716,364,ground_truth
images/Trip 038 Day 1 01-12-05 Image 26 add_9.png,Trip 038 Day 1 01-12-05 Image 26 add_9_crop_000.png,val,0,ring,263,871,303,906,ground_truth
images/Trip 038 Day 1 01-12-05 Image 27 add_1.png,Trip 038 Day 1 01-12-05 Image 27 add_1_crop_000.png,train,1,schizont,781,339,872,436,ground_truth
images/Trip 038 Day 1 01-12-05 Image 27 add_1.png,Trip 038 Day 1 01-12-05 Image 27 add_1_crop_001.png,train,1,schizont,182,185,273,281,ground_truth
images/Trip 038 Day 1 01-12-05 Image 27 add_11.png,Trip 038 Day 1 01-12-05 Image 27 add_11_crop_000.png,test,2,trophozoite,533,277,604,347,ground_truth
images/Trip 038 Day 1 01-12-05 Image 27 add_12.png,Trip 038 Day 1 01-12-05 Image 27 add_12_crop_000.png,train,0,ring,484,679,524,714,ground_truth
images/Trip 038 Day 1 01-12-05 Image 27 add_15.png,Trip 038 Day 1 01-12-05 Image 27 add_15_crop_000.png,val,1,schizont,1092,14,1183,111,ground_truth
images/Trip 038 Day 1 01-12-05 Image 27 add_16.png,Trip 038 Day 1 01-12-05 Image 27 add_16_crop_000.png,train,1,schizont,132,936,223,1029,ground_truth
images/Trip 038 Day 1 01-12-05 Image 27 add_8.png,Trip 038 Day 1 01-12-05 Image 27 add_8_crop_000.png,train,1,schizont,1011,153,1102,249,ground_truth
images/Trip 038 Day 1 01-12-05 Image 27 add_8.png,Trip 038 Day 1 01-12-05 Image 27 add_8_crop_001.png,train,0,ring,1141,193,1181,229,ground_truth
images/Trip 038 Day 1 01-12-05 Image 30 add_1.png,Trip 038 Day 1 01-12-05 Image 30 add_1_crop_000.png,train,1,schizont,863,40,954,136,ground_truth
images/Trip 038 Day 1 01-12-05 Image 30 add_1.png,Trip 038 Day 1 01-12-05 Image 30 add_1_crop_001.png,train,2,trophozoite,725,116,796,185,ground_truth
images/Trip 038 Day 1 01-12-05 Image 30 add_1.png,Trip 038 Day 1 01-12-05 Image 30 add_1_crop_002.png,train,0,ring,716,914,756,950,ground_truth
images/Trip 038 Day 1 01-12-05 Image 30 add_1.png,Trip 038 Day 1 01-12-05 Image 30 add_1_crop_003.png,train,2,trophozoite,103,120,174,190,ground_truth
images/Trip 038 Day 1 01-12-05 Image 30 add_10.png,Trip 038 Day 1 01-12-05 Image 30 add_10_crop_000.png,val,1,schizont,0,146,68,242,ground_truth
images/Trip 038 Day 1 01-12-05 Image 30 add_10.png,Trip 038 Day 1 01-12-05 Image 30 add_10_crop_001.png,val,1,schizont,1295,631,1382,727,ground_truth
images/Trip 038 Day 1 01-12-05 Image 30 add_10.png,Trip 038 Day 1 01-12-05 Image 30 add_10_crop_002.png,val,0,ring,908,920,948,956,ground_truth
images/Trip 038 Day 1 01-12-05 Image 30 add_12.png,Trip 038 Day 1 01-12-05 Image 30 add_12_crop_000.png,train,2,trophozoite,701,882,772,952,ground_truth
images/Trip 038 Day 1 01-12-05 Image 30 add_2.png,Trip 038 Day 1 01-12-05 Image 30 add_2_crop_000.png,train,1,schizont,778,812,869,908,ground_truth
images/Trip 038 Day 1 01-12-05 Image 30 add_2.png,Trip 038 Day 1 01-12-05 Image 30 add_2_crop_001.png,train,2,trophozoite,471,121,542,191,ground_truth
images/Trip 038 Day 1 01-12-05 Image 30 add_2.png,Trip 038 Day 1 01-12-05 Image 30 add_2_crop_002.png,train,2,trophozoite,471,121,542,191,ground_truth
images/Trip 038 Day 1 01-12-05 Image 30 add_5.png,Trip 038 Day 1 01-12-05 Image 30 add_5_crop_000.png,val,1,schizont,1086,0,1177,84,ground_truth
images/Trip 038 Day 1 01-12-05 Image 30 add_6.png,Trip 038 Day 1 01-12-05 Image 30 add_6_crop_000.png,train,1,schizont,98,704,189,801,ground_truth
images/Trip 038 Day 1 01-12-05 Image 30 add_6.png,Trip 038 Day 1 01-12-05 Image 30 add_6_crop_001.png,train,1,schizont,785,208,876,304,ground_truth
images/Trip 038 Day 1 01-12-05 Image 30 add_6.png,Trip 038 Day 1 01-12-05 Image 30 add_6_crop_002.png,train,0,ring,765,965,806,1000,ground_truth
images/Trip 038 Day 1 01-12-05 Image 30 add_6.png,Trip 038 Day 1 01-12-05 Image 30 add_6_crop_003.png,train,1,schizont,287,75,378,171,ground_truth
images/Trip 038 Day 1 01-12-05 Image 30 add_9.png,Trip 038 Day 1 01-12-05 Image 30 add_9_crop_000.png,val,1,schizont,997,688,1088,785,ground_truth
images/Trip 038 Day 1 01-12-05 Image 30 add_9.png,Trip 038 Day 1 01-12-05 Image 30 add_9_crop_001.png,val,1,schizont,1327,154,1382,250,ground_truth
images/Trip 043 Day 2 24-10-05 Image 11 add_1.png,Trip 043 Day 2 24-10-05 Image 11 add_1_crop_000.png,train,1,schizont,48,905,139,1001,ground_truth
images/Trip 043 Day 2 24-10-05 Image 11 add_1.png,Trip 043 Day 2 24-10-05 Image 11 add_1_crop_001.png,train,0,ring,1175,445,1215,481,ground_truth
images/Trip 043 Day 2 24-10-05 Image 11 add_1.png,Trip 043 Day 2 24-10-05 Image 11 add_1_crop_002.png,train,0,ring,312,166,352,201,ground_truth
images/Trip 043 Day 2 24-10-05 Image 11 add_1.png,Trip 043 Day 2 24-10-05 Image 11 add_1_crop_003.png,train,2,trophozoite,1216,359,1287,429,ground_truth
images/Trip 043 Day 2 24-10-05 Image 11 add_1.png,Trip 043 Day 2 24-10-05 Image 11 add_1_crop_004.png,train,0,ring,1185,69,1225,104,ground_truth
images/Trip 043 Day 2 24-10-05 Image 11 add_1.png,Trip 043 Day 2 24-10-05 Image 11 add_1_crop_005.png,train,0,ring,940,414,981,450,ground_truth
images/Trip 043 Day 2 24-10-05 Image 11 add_1.png,Trip 043 Day 2 24-10-05 Image 11 add_1_crop_006.png,train,0,ring,591,549,631,585,ground_truth
images/Trip 043 Day 2 24-10-05 Image 11 add_1.png,Trip 043 Day 2 24-10-05 Image 11 add_1_crop_007.png,train,0,ring,441,905,482,941,ground_truth
images/Trip 043 Day 2 24-10-05 Image 11 add_1.png,Trip 043 Day 2 24-10-05 Image 11 add_1_crop_008.png,train,0,ring,940,414,981,450,ground_truth
images/Trip 043 Day 2 24-10-05 Image 11 add_10.png,Trip 043 Day 2 24-10-05 Image 11 add_10_crop_000.png,train,2,trophozoite,0,389,64,459,ground_truth
images/Trip 043 Day 2 24-10-05 Image 11 add_10.png,Trip 043 Day 2 24-10-05 Image 11 add_10_crop_001.png,train,1,schizont,522,397,613,493,ground_truth
images/Trip 043 Day 2 24-10-05 Image 11 add_10.png,Trip 043 Day 2 24-10-05 Image 11 add_10_crop_002.png,train,2,trophozoite,672,357,743,427,ground_truth
images/Trip 043 Day 2 24-10-05 Image 11 add_10.png,Trip 043 Day 2 24-10-05 Image 11 add_10_crop_003.png,train,0,ring,39,730,79,766,ground_truth
images/Trip 043 Day 2 24-10-05 Image 11 add_11.png,Trip 043 Day 2 24-10-05 Image 11 add_11_crop_000.png,train,2,trophozoite,652,378,723,448,ground_truth
images/Trip 043 Day 2 24-10-05 Image 11 add_12.png,Trip 043 Day 2 24-10-05 Image 11 add_12_crop_000.png,test,0,ring,1222,456,1262,491,ground_truth
images/Trip 043 Day 2 24-10-05 Image 11 add_13.png,Trip 043 Day 2 24-10-05 Image 11 add_13_crop_000.png,train,2,trophozoite,1052,222,1123,292,ground_truth
images/Trip 043 Day 2 24-10-05 Image 11 add_14.png,Trip 043 Day 2 24-10-05 Image 11 add_14_crop_000.png,train,1,schizont,156,894,247,991,ground_truth
images/Trip 043 Day 2 24-10-05 Image 11 add_14.png,Trip 043 Day 2 24-10-05 Image 11 add_14_crop_001.png,train,1,schizont,395,447,486,543,ground_truth
images/Trip 043 Day 2 24-10-05 Image 11 add_14.png,Trip 043 Day 2 24-10-05 Image 11 add_14_crop_002.png,train,0,ring,930,874,970,910,ground_truth
images/Trip 043 Day 2 24-10-05 Image 11 add_15.png,Trip 043 Day 2 24-10-05 Image 11 add_15_crop_000.png,val,1,schizont,299,704,390,801,ground_truth
images/Trip 043 Day 2 24-10-05 Image 11 add_15.png,Trip 043 Day 2 24-10-05 Image 11 add_15_crop_001.png,val,0,ring,275,416,315,451,ground_truth
images/Trip 043 Day 2 24-10-05 Image 11 add_15.png,Trip 043 Day 2 24-10-05 Image 11 add_15_crop_002.png,val,0,ring,477,94,517,129,ground_truth
images/Trip 043 Day 2 24-10-05 Image 11 add_15.png,Trip 043 Day 2 24-10-05 Image 11 add_15_crop_003.png,val,0,ring,208,610,249,646,ground_truth
images/Trip 043 Day 2 24-10-05 Image 11 add_16.png,Trip 043 Day 2 24-10-05 Image 11 add_16_crop_000.png,test,1,schizont,1145,540,1236,636,ground_truth
images/Trip 043 Day 2 24-10-05 Image 11 add_16.png,Trip 043 Day 2 24-10-05 Image 11 add_16_crop_001.png,test,0,ring,1178,104,1218,140,ground_truth
images/Trip 043 Day 2 24-10-05 Image 11 add_16.png,Trip 043 Day 2 24-10-05 Image 11 add_16_crop_002.png,test,0,ring,1271,323,1312,358,ground_truth
images/Trip 043 Day 2 24-10-05 Image 11 add_2.png,Trip 043 Day 2 24-10-05 Image 11 add_2_crop_000.png,train,0,ring,925,824,966,860,ground_truth
images/Trip 043 Day 2 24-10-05 Image 11 add_2.png,Trip 043 Day 2 24-10-05 Image 11 add_2_crop_001.png,train,0,ring,188,191,229,227,ground_truth
images/Trip 043 Day 2 24-10-05 Image 11 add_2.png,Trip 043 Day 2 24-10-05 Image 11 add_2_crop_002.png,train,0,ring,993,160,1033,196,ground_truth
images/Trip 043 Day 2 24-10-05 Image 11 add_2.png,Trip 043 Day 2 24-10-05 Image 11 add_2_crop_003.png,train,0,ring,1057,135,1098,171,ground_truth
images/Trip 043 Day 2 24-10-05 Image 11 add_2.png,Trip 043 Day 2 24-10-05 Image 11 add_2_crop_004.png,train,0,ring,723,357,764,393,ground_truth
images/Trip 043 Day 2 24-10-05 Image 11 add_3.png,Trip 043 Day 2 24-10-05 Image 11 add_3_crop_000.png,val,2,trophozoite,134,737,205,807,ground_truth
images/Trip 043 Day 2 24-10-05 Image 11 add_3.png,Trip 043 Day 2 24-10-05 Image 11 add_3_crop_001.png,val,0,ring,798,698,838,734,ground_truth
images/Trip 043 Day 2 24-10-05 Image 11 add_3.png,Trip 043 Day 2 24-10-05 Image 11 add_3_crop_002.png,val,0,ring,1258,853,1298,888,ground_truth
images/Trip 043 Day 2 24-10-05 Image 11 add_3.png,Trip 043 Day 2 24-10-05 Image 11 add_3_crop_003.png,val,0,ring,799,698,840,734,ground_truth
images/Trip 043 Day 2 24-10-05 Image 11 add_4.png,Trip 043 Day 2 24-10-05 Image 11 add_4_crop_000.png,test,2,trophozoite,416,499,487,569,ground_truth
images/Trip 043 Day 2 24-10-05 Image 11 add_4.png,Trip 043 Day 2 24-10-05 Image 11 add_4_crop_001.png,test,1,schizont,817,848,908,944,ground_truth
images/Trip 043 Day 2 24-10-05 Image 11 add_5.png,Trip 043 Day 2 24-10-05 Image 11 add_5_crop_000.png,train,0,ring,1231,941,1271,976,ground_truth
images/Trip 043 Day 2 24-10-05 Image 11 add_5.png,Trip 043 Day 2 24-10-05 Image 11 add_5_crop_001.png,train,0,ring,34,308,74,343,ground_truth
images/Trip 043 Day 2 24-10-05 Image 11 add_6.png,Trip 043 Day 2 24-10-05 Image 11 add_6_crop_000.png,train,1,schizont,0,734,71,830,ground_truth
images/Trip 043 Day 2 24-10-05 Image 11 add_6.png,Trip 043 Day 2 24-10-05 Image 11 add_6_crop_001.png,train,2,trophozoite,768,483,839,553,ground_truth
images/Trip 043 Day 2 24-10-05 Image 11 add_6.png,Trip 043 Day 2 24-10-05 Image 11 add_6_crop_002.png,train,2,trophozoite,955,165,1026,235,ground_truth
images/Trip 043 Day 2 24-10-05 Image 11 add_6.png,Trip 043 Day 2 24-10-05 Image 11 add_6_crop_003.png,train,1,schizont,1290,674,1381,770,ground_truth
images/Trip 043 Day 2 24-10-05 Image 11 add_6.png,Trip 043 Day 2 24-10-05 Image 11 add_6_crop_004.png,train,0,ring,940,109,981,144,ground_truth
images/Trip 043 Day 2 24-10-05 Image 11 add_7.png,Trip 043 Day 2 24-10-05 Image 11 add_7_crop_000.png,train,0,ring,419,950,459,985,ground_truth
images/Trip 043 Day 2 24-10-05 Image 11 add_7.png,Trip 043 Day 2 24-10-05 Image 11 add_7_crop_001.png,train,2,trophozoite,1315,357,1382,427,ground_truth
images/Trip 043 Day 2 24-10-05 Image 11 add_8.png,Trip 043 Day 2 24-10-05 Image 11 add_8_crop_000.png,test,0,ring,258,140,298,175,ground_truth
images/Trip 043 Day 2 24-10-05 Image 11 add_8.png,Trip 043 Day 2 24-10-05 Image 11 add_8_crop_001.png,test,0,ring,383,739,424,775,ground_truth
images/Trip 043 Day 2 24-10-05 Image 11 add_9.png,Trip 043 Day 2 24-10-05 Image 11 add_9_crop_000.png,train,0,ring,392,298,432,333,ground_truth
images/Trip 043 Day 2 24-10-05 Image 11 add_9.png,Trip 043 Day 2 24-10-05 Image 11 add_9_crop_001.png,train,0,ring,1215,335,1256,371,ground_truth
images/Trip 043 Day 2 24-10-05 Image 11 add_9.png,Trip 043 Day 2 24-10-05 Image 11 add_9_crop_002.png,train,1,schizont,1319,401,1382,497,ground_truth
images/Trip 043 Day 2 24-10-05 Image 11 add_9.png,Trip 043 Day 2 24-10-05 Image 11 add_9_crop_003.png,train,0,ring,1265,735,1305,770,ground_truth
images/Trip 043 Day 2 24-10-05 Image 12 add_1.png,Trip 043 Day 2 24-10-05 Image 12 add_1_crop_000.png,train,1,schizont,1278,589,1369,685,ground_truth
images/Trip 043 Day 2 24-10-05 Image 12 add_1.png,Trip 043 Day 2 24-10-05 Image 12 add_1_crop_001.png,train,2,trophozoite,242,71,313,141,ground_truth
images/Trip 043 Day 2 24-10-05 Image 12 add_1.png,Trip 043 Day 2 24-10-05 Image 12 add_1_crop_002.png,train,1,schizont,179,191,270,287,ground_truth
images/Trip 043 Day 2 24-10-05 Image 12 add_1.png,Trip 043 Day 2 24-10-05 Image 12 add_1_crop_003.png,train,0,ring,891,337,931,372,ground_truth
images/Trip 043 Day 2 24-10-05 Image 12 add_10.png,Trip 043 Day 2 24-10-05 Image 12 add_10_crop_000.png,train,0,ring,389,730,429,766,ground_truth
images/Trip 043 Day 2 24-10-05 Image 12 add_11.png,Trip 043 Day 2 24-10-05 Image 12 add_11_crop_000.png,train,0,ring,840,231,881,267,ground_truth
images/Trip 043 Day 2 24-10-05 Image 12 add_11.png,Trip 043 Day 2 24-10-05 Image 12 add_11_crop_001.png,train,0,ring,988,193,1028,229,ground_truth
images/Trip 043 Day 2 24-10-05 Image 12 add_11.png,Trip 043 Day 2 24-10-05 Image 12 add_11_crop_002.png,train,0,ring,655,244,695,279,ground_truth
images/Trip 043 Day 2 24-10-05 Image 12 add_11.png,Trip 043 Day 2 24-10-05 Image 12 add_11_crop_003.png,train,0,ring,200,786,241,822,ground_truth
images/Trip 043 Day 2 24-10-05 Image 12 add_11.png,Trip 043 Day 2 24-10-05 Image 12 add_11_crop_004.png,train,0,ring,197,895,237,931,ground_truth
images/Trip 043 Day 2 24-10-05 Image 12 add_11.png,Trip 043 Day 2 24-10-05 Image 12 add_11_crop_005.png,train,0,ring,655,244,695,279,ground_truth
images/Trip 043 Day 2 24-10-05 Image 12 add_12.png,Trip 043 Day 2 24-10-05 Image 12 add_12_crop_000.png,train,0,ring,421,815,461,850,ground_truth
images/Trip 043 Day 2 24-10-05 Image 12 add_13.png,Trip 043 Day 2 24-10-05 Image 12 add_13_crop_000.png,test,0,ring,701,952,741,988,ground_truth
images/Trip 043 Day 2 24-10-05 Image 12 add_13.png,Trip 043 Day 2 24-10-05 Image 12 add_13_crop_001.png,test,1,schizont,438,961,529,1029,ground_truth
images/Trip 043 Day 2 24-10-05 Image 12 add_13.png,Trip 043 Day 2 24-10-05 Image 12 add_13_crop_002.png,test,0,ring,1314,885,1354,920,ground_truth
images/Trip 043 Day 2 24-10-05 Image 12 add_14.png,Trip 043 Day 2 24-10-05 Image 12 add_14_crop_000.png,train,1,schizont,707,13,798,109,ground_truth
images/Trip 043 Day 2 24-10-05 Image 12 add_14.png,Trip 043 Day 2 24-10-05 Image 12 add_14_crop_001.png,train,0,ring,1210,568,1251,603,ground_truth
images/Trip 043 Day 2 24-10-05 Image 12 add_15.png,Trip 043 Day 2 24-10-05 Image 12 add_15_crop_000.png,train,0,ring,611,193,651,229,ground_truth
images/Trip 043 Day 2 24-10-05 Image 12 add_15.png,Trip 043 Day 2 24-10-05 Image 12 add_15_crop_001.png,train,0,ring,867,206,908,242,ground_truth
images/Trip 043 Day 2 24-10-05 Image 12 add_15.png,Trip 043 Day 2 24-10-05 Image 12 add_15_crop_002.png,train,0,ring,1297,172,1337,207,ground_truth
images/Trip 043 Day 2 24-10-05 Image 12 add_15.png,Trip 043 Day 2 24-10-05 Image 12 add_15_crop_003.png,train,0,ring,865,207,906,243,ground_truth
images/Trip 043 Day 2 24-10-05 Image 12 add_15.png,Trip 043 Day 2 24-10-05 Image 12 add_15_crop_004.png,train,0,ring,1331,588,1371,624,ground_truth
images/Trip 043 Day 2 24-10-05 Image 12 add_15.png,Trip 043 Day 2 24-10-05 Image 12 add_15_crop_005.png,train,0,ring,1239,734,1280,769,ground_truth
images/Trip 043 Day 2 24-10-05 Image 12 add_16.png,Trip 043 Day 2 24-10-05 Image 12 add_16_crop_000.png,test,0,ring,30,181,71,216,ground_truth
images/Trip 043 Day 2 24-10-05 Image 12 add_16.png,Trip 043 Day 2 24-10-05 Image 12 add_16_crop_001.png,test,0,ring,283,287,324,323,ground_truth
images/Trip 043 Day 2 24-10-05 Image 12 add_16.png,Trip 043 Day 2 24-10-05 Image 12 add_16_crop_002.png,test,0,ring,455,287,495,323,ground_truth
images/Trip 043 Day 2 24-10-05 Image 12 add_2.png,Trip 043 Day 2 24-10-05 Image 12 add_2_crop_000.png,val,0,ring,338,167,378,203,ground_truth
images/Trip 043 Day 2 24-10-05 Image 12 add_3.png,Trip 043 Day 2 24-10-05 Image 12 add_3_crop_000.png,train,0,ring,787,123,828,158,ground_truth
images/Trip 043 Day 2 24-10-05 Image 12 add_3.png,Trip 043 Day 2 24-10-05 Image 12 add_3_crop_001.png,train,0,ring,1265,226,1305,261,ground_truth
images/Trip 043 Day 2 24-10-05 Image 12 add_3.png,Trip 043 Day 2 24-10-05 Image 12 add_3_crop_002.png,train,0,ring,896,556,937,592,ground_truth
images/Trip 043 Day 2 24-10-05 Image 12 add_3.png,Trip 043 Day 2 24-10-05 Image 12 add_3_crop_003.png,train,0,ring,640,215,680,251,ground_truth
images/Trip 043 Day 2 24-10-05 Image 12 add_3.png,Trip 043 Day 2 24-10-05 Image 12 add_3_crop_004.png,train,0,ring,896,556,937,592,ground_truth
images/Trip 043 Day 2 24-10-05 Image 12 add_3.png,Trip 043 Day 2 24-10-05 Image 12 add_3_crop_005.png,train,0,ring,7,922,47,958,ground_truth
images/Trip 043 Day 2 24-10-05 Image 12 add_4.png,Trip 043 Day 2 24-10-05 Image 12 add_4_crop_000.png,test,0,ring,721,345,762,380,ground_truth
images/Trip 043 Day 2 24-10-05 Image 12 add_4.png,Trip 043 Day 2 24-10-05 Image 12 add_4_crop_001.png,test,0,ring,636,5,677,40,ground_truth
images/Trip 043 Day 2 24-10-05 Image 12 add_4.png,Trip 043 Day 2 24-10-05 Image 12 add_4_crop_002.png,test,0,ring,346,492,387,528,ground_truth
images/Trip 043 Day 2 24-10-05 Image 12 add_4.png,Trip 043 Day 2 24-10-05 Image 12 add_4_crop_003.png,test,0,ring,346,493,386,529,ground_truth
images/Trip 043 Day 2 24-10-05 Image 12 add_4.png,Trip 043 Day 2 24-10-05 Image 12 add_4_crop_004.png,test,0,ring,572,536,612,571,ground_truth
images/Trip 043 Day 2 24-10-05 Image 12 add_4.png,Trip 043 Day 2 24-10-05 Image 12 add_4_crop_005.png,test,0,ring,808,744,848,779,ground_truth
images/Trip 043 Day 2 24-10-05 Image 12 add_4.png,Trip 043 Day 2 24-10-05 Image 12 add_4_crop_006.png,test,0,ring,1316,562,1356,597,ground_truth
images/Trip 043 Day 2 24-10-05 Image 12 add_4.png,Trip 043 Day 2 24-10-05 Image 12 add_4_crop_007.png,test,0,ring,168,939,208,974,ground_truth
images/Trip 043 Day 2 24-10-05 Image 12 add_4.png,Trip 043 Day 2 24-10-05 Image 12 add_4_crop_008.png,test,0,ring,808,744,848,779,ground_truth
images/Trip 043 Day 2 24-10-05 Image 12 add_5.png,Trip 043 Day 2 24-10-05 Image 12 add_5_crop_000.png,test,0,ring,445,991,485,1027,ground_truth
images/Trip 043 Day 2 24-10-05 Image 12 add_5.png,Trip 043 Day 2 24-10-05 Image 12 add_5_crop_001.png,test,0,ring,531,469,572,505,ground_truth
images/Trip 043 Day 2 24-10-05 Image 12 add_6.png,Trip 043 Day 2 24-10-05 Image 12 add_6_crop_000.png,train,1,schizont,1269,691,1360,787,ground_truth
images/Trip 043 Day 2 24-10-05 Image 12 add_6.png,Trip 043 Day 2 24-10-05 Image 12 add_6_crop_001.png,train,0,ring,163,280,203,316,ground_truth
images/Trip 043 Day 2 24-10-05 Image 12 add_6.png,Trip 043 Day 2 24-10-05 Image 12 add_6_crop_002.png,train,0,ring,465,379,505,414,ground_truth
images/Trip 043 Day 2 24-10-05 Image 12 add_7.png,Trip 043 Day 2 24-10-05 Image 12 add_7_crop_000.png,train,0,ring,684,180,724,215,ground_truth
images/Trip 043 Day 2 24-10-05 Image 12 add_7.png,Trip 043 Day 2 24-10-05 Image 12 add_7_crop_001.png,train,0,ring,1136,979,1176,1014,ground_truth
images/Trip 043 Day 2 24-10-05 Image 12 add_7.png,Trip 043 Day 2 24-10-05 Image 12 add_7_crop_002.png,train,0,ring,811,865,852,901,ground_truth
images/Trip 043 Day 2 24-10-05 Image 12 add_8.png,Trip 043 Day 2 24-10-05 Image 12 add_8_crop_000.png,train,1,schizont,932,517,1023,613,ground_truth
images/Trip 043 Day 2 24-10-05 Image 12 add_8.png,Trip 043 Day 2 24-10-05 Image 12 add_8_crop_001.png,train,2,trophozoite,848,396,919,466,ground_truth
images/Trip 043 Day 2 24-10-05 Image 12 add_8.png,Trip 043 Day 2 24-10-05 Image 12 add_8_crop_002.png,train,2,trophozoite,500,113,571,183,ground_truth
images/Trip 043 Day 2 24-10-05 Image 12 add_8.png,Trip 043 Day 2 24-10-05 Image 12 add_8_crop_003.png,train,0,ring,752,951,792,987,ground_truth
images/Trip 043 Day 2 24-10-05 Image 12 add_9.png,Trip 043 Day 2 24-10-05 Image 12 add_9_crop_000.png,train,1,schizont,114,144,205,240,ground_truth
images/Trip 043 Day 2 24-10-05 Image 1_1.png,Trip 043 Day 2 24-10-05 Image 1_1_crop_000.png,train,1,schizont,27,289,118,385,ground_truth
images/Trip 043 Day 2 24-10-05 Image 1_1.png,Trip 043 Day 2 24-10-05 Image 1_1_crop_001.png,train,2,trophozoite,1327,180,1382,250,ground_truth
images/Trip 043 Day 2 24-10-05 Image 1_1.png,Trip 043 Day 2 24-10-05 Image 1_1_crop_002.png,train,1,schizont,310,789,401,885,ground_truth
images/Trip 043 Day 2 24-10-05 Image 1_10.png,Trip 043 Day 2 24-10-05 Image 1_10_crop_000.png,train,0,ring,299,358,339,394,ground_truth
images/Trip 043 Day 2 24-10-05 Image 1_11.png,Trip 043 Day 2 24-10-05 Image 1_11_crop_000.png,test,2,trophozoite,600,683,671,753,ground_truth
images/Trip 043 Day 2 24-10-05 Image 1_11.png,Trip 043 Day 2 24-10-05 Image 1_11_crop_001.png,test,0,ring,125,456,166,491,ground_truth
images/Trip 043 Day 2 24-10-05 Image 1_11.png,Trip 043 Day 2 24-10-05 Image 1_11_crop_002.png,test,0,ring,298,338,339,373,ground_truth
images/Trip 043 Day 2 24-10-05 Image 1_11.png,Trip 043 Day 2 24-10-05 Image 1_11_crop_003.png,test,0,ring,178,609,218,644,ground_truth
images/Trip 043 Day 2 24-10-05 Image 1_11.png,Trip 043 Day 2 24-10-05 Image 1_11_crop_004.png,test,0,ring,570,822,610,857,ground_truth
images/Trip 043 Day 2 24-10-05 Image 1_12.png,Trip 043 Day 2 24-10-05 Image 1_12_crop_000.png,train,1,schizont,393,707,484,803,ground_truth
images/Trip 043 Day 2 24-10-05 Image 1_12.png,Trip 043 Day 2 24-10-05 Image 1_12_crop_001.png,train,1,schizont,682,771,773,867,ground_truth
images/Trip 043 Day 2 24-10-05 Image 1_12.png,Trip 043 Day 2 24-10-05 Image 1_12_crop_002.png,train,1,schizont,175,84,266,180,ground_truth
images/Trip 043 Day 2 24-10-05 Image 1_13.png,Trip 043 Day 2 24-10-05 Image 1_13_crop_000.png,train,0,ring,1316,293,1356,329,ground_truth
images/Trip 043 Day 2 24-10-05 Image 1_13.png,Trip 043 Day 2 24-10-05 Image 1_13_crop_001.png,train,0,ring,1156,477,1196,513,ground_truth
images/Trip 043 Day 2 24-10-05 Image 1_14.png,Trip 043 Day 2 24-10-05 Image 1_14_crop_000.png,train,0,ring,1222,252,1262,287,ground_truth
images/Trip 043 Day 2 24-10-05 Image 1_15.png,Trip 043 Day 2 24-10-05 Image 1_15_crop_000.png,train,1,schizont,39,819,130,915,ground_truth
images/Trip 043 Day 2 24-10-05 Image 1_15.png,Trip 043 Day 2 24-10-05 Image 1_15_crop_001.png,train,0,ring,1297,738,1337,774,ground_truth
images/Trip 043 Day 2 24-10-05 Image 1_15.png,Trip 043 Day 2 24-10-05 Image 1_15_crop_002.png,train,0,ring,928,461,969,497,ground_truth
images/Trip 043 Day 2 24-10-05 Image 1_2.png,Trip 043 Day 2 24-10-05 Image 1_2_crop_000.png,train,0,ring,322,221,363,256,ground_truth
images/Trip 043 Day 2 24-10-05 Image 1_2.png,Trip 043 Day 2 24-10-05 Image 1_2_crop_001.png,train,1,schizont,0,154,56,250,ground_truth
images/Trip 043 Day 2 24-10-05 Image 1_3.png,Trip 043 Day 2 24-10-05 Image 1_3_crop_000.png,train,2,trophozoite,832,555,903,625,ground_truth
images/Trip 043 Day 2 24-10-05 Image 1_3.png,Trip 043 Day 2 24-10-05 Image 1_3_crop_001.png,train,0,ring,1324,12,1365,47,ground_truth
images/Trip 043 Day 2 24-10-05 Image 1_3.png,Trip 043 Day 2 24-10-05 Image 1_3_crop_002.png,train,0,ring,436,230,476,266,ground_truth
images/Trip 043 Day 2 24-10-05 Image 1_3.png,Trip 043 Day 2 24-10-05 Image 1_3_crop_003.png,train,0,ring,1246,361,1286,396,ground_truth
images/Trip 043 Day 2 24-10-05 Image 1_3.png,Trip 043 Day 2 24-10-05 Image 1_3_crop_004.png,train,0,ring,582,847,622,882,ground_truth
images/Trip 043 Day 2 24-10-05 Image 1_4.png,Trip 043 Day 2 24-10-05 Image 1_4_crop_000.png,train,0,ring,28,302,69,338,ground_truth
images/Trip 043 Day 2 24-10-05 Image 1_4.png,Trip 043 Day 2 24-10-05 Image 1_4_crop_001.png,train,2,trophozoite,1314,56,1382,126,ground_truth
images/Trip 043 Day 2 24-10-05 Image 1_4.png,Trip 043 Day 2 24-10-05 Image 1_4_crop_002.png,train,0,ring,1030,761,1071,797,ground_truth
images/Trip 043 Day 2 24-10-05 Image 1_5.png,Trip 043 Day 2 24-10-05 Image 1_5_crop_000.png,train,1,schizont,841,545,932,642,ground_truth
images/Trip 043 Day 2 24-10-05 Image 1_5.png,Trip 043 Day 2 24-10-05 Image 1_5_crop_001.png,train,0,ring,355,557,395,593,ground_truth
images/Trip 043 Day 2 24-10-05 Image 1_5.png,Trip 043 Day 2 24-10-05 Image 1_5_crop_002.png,train,0,ring,54,618,94,654,ground_truth
images/Trip 043 Day 2 24-10-05 Image 1_6.png,Trip 043 Day 2 24-10-05 Image 1_6_crop_000.png,train,0,ring,801,515,842,551,ground_truth
images/Trip 043 Day 2 24-10-05 Image 1_6.png,Trip 043 Day 2 24-10-05 Image 1_6_crop_001.png,train,0,ring,780,271,821,307,ground_truth
images/Trip 043 Day 2 24-10-05 Image 1_6.png,Trip 043 Day 2 24-10-05 Image 1_6_crop_002.png,train,0,ring,1205,472,1246,507,ground_truth
images/Trip 043 Day 2 24-10-05 Image 1_7.png,Trip 043 Day 2 24-10-05 Image 1_7_crop_000.png,val,1,schizont,817,276,908,373,ground_truth
images/Trip 043 Day 2 24-10-05 Image 1_7.png,Trip 043 Day 2 24-10-05 Image 1_7_crop_001.png,val,1,schizont,222,629,313,725,ground_truth
images/Trip 043 Day 2 24-10-05 Image 1_7.png,Trip 043 Day 2 24-10-05 Image 1_7_crop_002.png,val,0,ring,1350,65,1382,101,ground_truth
images/Trip 043 Day 2 24-10-05 Image 1_8.png,Trip 043 Day 2 24-10-05 Image 1_8_crop_000.png,train,1,schizont,298,344,389,440,ground_truth
images/Trip 043 Day 2 24-10-05 Image 1_8.png,Trip 043 Day 2 24-10-05 Image 1_8_crop_001.png,train,2,trophozoite,1177,341,1248,411,ground_truth
images/Trip 043 Day 2 24-10-05 Image 1_8.png,Trip 043 Day 2 24-10-05 Image 1_8_crop_002.png,train,0,ring,76,755,117,791,ground_truth
images/Trip 043 Day 2 24-10-05 Image 1_9.png,Trip 043 Day 2 24-10-05 Image 1_9_crop_000.png,train,1,schizont,209,146,300,242,ground_truth
images/Trip 043 Day 2 24-10-05 Image 1_9.png,Trip 043 Day 2 24-10-05 Image 1_9_crop_001.png,train,0,ring,539,1000,580,1029,ground_truth
images/Trip 043 Day 2 24-10-05 Image 1_9.png,Trip 043 Day 2 24-10-05 Image 1_9_crop_002.png,train,0,ring,380,722,420,758,ground_truth
images/Trip 043 Day 2 24-10-05 Image 1_9.png,Trip 043 Day 2 24-10-05 Image 1_9_crop_003.png,train,0,ring,304,761,344,797,ground_truth
images/Trip 043 Day 2 24-10-05 Image 2_1.png,Trip 043 Day 2 24-10-05 Image 2_1_crop_000.png,val,2,trophozoite,66,28,137,97,ground_truth
images/Trip 043 Day 2 24-10-05 Image 2_1.png,Trip 043 Day 2 24-10-05 Image 2_1_crop_001.png,val,1,schizont,536,908,627,1004,ground_truth
images/Trip 043 Day 2 24-10-05 Image 2_1.png,Trip 043 Day 2 24-10-05 Image 2_1_crop_002.png,val,1,schizont,358,304,449,400,ground_truth
images/Trip 043 Day 2 24-10-05 Image 2_1.png,Trip 043 Day 2 24-10-05 Image 2_1_crop_003.png,val,0,ring,385,411,425,446,ground_truth
images/Trip 043 Day 2 24-10-05 Image 2_1.png,Trip 043 Day 2 24-10-05 Image 2_1_crop_004.png,val,0,ring,942,418,983,453,ground_truth
images/Trip 043 Day 2 24-10-05 Image 2_1.png,Trip 043 Day 2 24-10-05 Image 2_1_crop_005.png,val,0,ring,934,280,974,316,ground_truth
images/Trip 043 Day 2 24-10-05 Image 2_1.png,Trip 043 Day 2 24-10-05 Image 2_1_crop_006.png,val,0,ring,898,602,938,638,ground_truth
images/Trip 043 Day 2 24-10-05 Image 2_1.png,Trip 043 Day 2 24-10-05 Image 2_1_crop_007.png,val,0,ring,178,659,218,695,ground_truth
images/Trip 043 Day 2 24-10-05 Image 2_10.png,Trip 043 Day 2 24-10-05 Image 2_10_crop_000.png,train,0,ring,419,482,459,517,ground_truth
images/Trip 043 Day 2 24-10-05 Image 2_10.png,Trip 043 Day 2 24-10-05 Image 2_10_crop_001.png,train,0,ring,1151,334,1191,370,ground_truth
images/Trip 043 Day 2 24-10-05 Image 2_11.png,Trip 043 Day 2 24-10-05 Image 2_11_crop_000.png,test,2,trophozoite,432,223,503,293,ground_truth
images/Trip 043 Day 2 24-10-05 Image 2_11.png,Trip 043 Day 2 24-10-05 Image 2_11_crop_001.png,test,0,ring,1050,976,1091,1012,ground_truth
images/Trip 043 Day 2 24-10-05 Image 2_11.png,Trip 043 Day 2 24-10-05 Image 2_11_crop_002.png,test,1,schizont,954,972,1045,1030,ground_truth
images/Trip 043 Day 2 24-10-05 Image 2_11.png,Trip 043 Day 2 24-10-05 Image 2_11_crop_003.png,test,0,ring,1050,976,1091,1012,ground_truth
images/Trip 043 Day 2 24-10-05 Image 2_12.png,Trip 043 Day 2 24-10-05 Image 2_12_crop_000.png,train,2,trophozoite,910,959,981,1029,ground_truth
images/Trip 043 Day 2 24-10-05 Image 2_12.png,Trip 043 Day 2 24-10-05 Image 2_12_crop_001.png,train,0,ring,1329,933,1370,968,ground_truth
images/Trip 043 Day 2 24-10-05 Image 2_13.png,Trip 043 Day 2 24-10-05 Image 2_13_crop_000.png,train,0,ring,103,239,144,275,ground_truth
images/Trip 043 Day 2 24-10-05 Image 2_13.png,Trip 043 Day 2 24-10-05 Image 2_13_crop_001.png,train,0,ring,397,208,437,244,ground_truth
images/Trip 043 Day 2 24-10-05 Image 2_13.png,Trip 043 Day 2 24-10-05 Image 2_13_crop_002.png,train,1,schizont,1302,273,1381,369,ground_truth
images/Trip 043 Day 2 24-10-05 Image 2_13.png,Trip 043 Day 2 24-10-05 Image 2_13_crop_003.png,train,0,ring,1059,961,1100,997,ground_truth
images/Trip 043 Day 2 24-10-05 Image 2_14.png,Trip 043 Day 2 24-10-05 Image 2_14_crop_000.png,train,0,ring,69,572,110,608,ground_truth
images/Trip 043 Day 2 24-10-05 Image 2_14.png,Trip 043 Day 2 24-10-05 Image 2_14_crop_001.png,train,0,ring,83,968,123,1004,ground_truth
images/Trip 043 Day 2 24-10-05 Image 2_14.png,Trip 043 Day 2 24-10-05 Image 2_14_crop_002.png,train,1,schizont,904,573,995,669,ground_truth
images/Trip 043 Day 2 24-10-05 Image 2_15.png,Trip 043 Day 2 24-10-05 Image 2_15_crop_000.png,train,1,schizont,952,0,1043,75,ground_truth
images/Trip 043 Day 2 24-10-05 Image 2_15.png,Trip 043 Day 2 24-10-05 Image 2_15_crop_001.png,train,1,schizont,320,605,411,701,ground_truth
images/Trip 043 Day 2 24-10-05 Image 2_15.png,Trip 043 Day 2 24-10-05 Image 2_15_crop_002.png,train,0,ring,168,37,208,72,ground_truth
images/Trip 043 Day 2 24-10-05 Image 2_16.png,Trip 043 Day 2 24-10-05 Image 2_16_crop_000.png,train,0,ring,487,544,527,579,ground_truth
images/Trip 043 Day 2 24-10-05 Image 2_3.png,Trip 043 Day 2 24-10-05 Image 2_3_crop_000.png,val,0,ring,1175,945,1215,981,ground_truth
images/Trip 043 Day 2 24-10-05 Image 2_3.png,Trip 043 Day 2 24-10-05 Image 2_3_crop_001.png,val,0,ring,241,300,281,335,ground_truth
images/Trip 043 Day 2 24-10-05 Image 2_3.png,Trip 043 Day 2 24-10-05 Image 2_3_crop_002.png,val,0,ring,1044,865,1084,901,ground_truth
images/Trip 043 Day 2 24-10-05 Image 2_3.png,Trip 043 Day 2 24-10-05 Image 2_3_crop_003.png,val,0,ring,285,857,325,893,ground_truth
images/Trip 043 Day 2 24-10-05 Image 2_4.png,Trip 043 Day 2 24-10-05 Image 2_4_crop_000.png,val,0,ring,130,81,171,117,ground_truth
images/Trip 043 Day 2 24-10-05 Image 2_5.png,Trip 043 Day 2 24-10-05 Image 2_5_crop_000.png,val,0,ring,383,944,424,980,ground_truth
images/Trip 043 Day 2 24-10-05 Image 2_5.png,Trip 043 Day 2 24-10-05 Image 2_5_crop_001.png,val,0,ring,1214,777,1254,813,ground_truth
images/Trip 043 Day 2 24-10-05 Image 2_6.png,Trip 043 Day 2 24-10-05 Image 2_6_crop_000.png,val,0,ring,217,725,257,760,ground_truth
images/Trip 043 Day 2 24-10-05 Image 2_6.png,Trip 043 Day 2 24-10-05 Image 2_6_crop_001.png,val,0,ring,1016,759,1057,794,ground_truth
images/Trip 043 Day 2 24-10-05 Image 2_6.png,Trip 043 Day 2 24-10-05 Image 2_6_crop_002.png,val,0,ring,1280,828,1320,863,ground_truth
images/Trip 043 Day 2 24-10-05 Image 2_6.png,Trip 043 Day 2 24-10-05 Image 2_6_crop_003.png,val,0,ring,494,0,534,27,ground_truth
images/Trip 043 Day 2 24-10-05 Image 2_7.png,Trip 043 Day 2 24-10-05 Image 2_7_crop_000.png,train,1,schizont,135,757,226,853,ground_truth
images/Trip 043 Day 2 24-10-05 Image 2_7.png,Trip 043 Day 2 24-10-05 Image 2_7_crop_001.png,train,0,ring,536,23,577,58,ground_truth
images/Trip 043 Day 2 24-10-05 Image 2_8.png,Trip 043 Day 2 24-10-05 Image 2_8_crop_000.png,val,2,trophozoite,61,640,132,710,ground_truth
images/Trip 043 Day 2 24-10-05 Image 2_8.png,Trip 043 Day 2 24-10-05 Image 2_8_crop_001.png,val,2,trophozoite,426,325,497,395,ground_truth
images/Trip 043 Day 2 24-10-05 Image 2_8.png,Trip 043 Day 2 24-10-05 Image 2_8_crop_002.png,val,2,trophozoite,146,222,217,292,ground_truth
images/Trip 043 Day 2 24-10-05 Image 2_8.png,Trip 043 Day 2 24-10-05 Image 2_8_crop_003.png,val,0,ring,174,71,215,107,ground_truth
images/Trip 043 Day 2 24-10-05 Image 2_8.png,Trip 043 Day 2 24-10-05 Image 2_8_crop_004.png,val,0,ring,431,695,471,730,ground_truth
images/Trip 043 Day 2 24-10-05 Image 2_8.png,Trip 043 Day 2 24-10-05 Image 2_8_crop_005.png,val,0,ring,438,690,478,726,ground_truth
images/Trip 043 Day 2 24-10-05 Image 2_9.png,Trip 043 Day 2 24-10-05 Image 2_9_crop_000.png,test,0,ring,1225,813,1266,848,ground_truth
images/Trip 043 Day 2 24-10-05 Image 2_9.png,Trip 043 Day 2 24-10-05 Image 2_9_crop_001.png,test,0,ring,166,493,207,529,ground_truth
images/Trip 043 Day 2 24-10-05 Image 2_9.png,Trip 043 Day 2 24-10-05 Image 2_9_crop_002.png,test,0,ring,787,963,828,998,ground_truth
images/Trip 043 Day 2 24-10-05 Image 2_9.png,Trip 043 Day 2 24-10-05 Image 2_9_crop_003.png,test,0,ring,1089,953,1130,989,ground_truth
images/Trip 043 Day 2 24-10-05 Image 3_1.png,Trip 043 Day 2 24-10-05 Image 3_1_crop_000.png,train,2,trophozoite,56,174,127,244,ground_truth
images/Trip 043 Day 2 24-10-05 Image 3_1.png,Trip 043 Day 2 24-10-05 Image 3_1_crop_001.png,train,2,trophozoite,739,811,810,881,ground_truth
images/Trip 043 Day 2 24-10-05 Image 3_1.png,Trip 043 Day 2 24-10-05 Image 3_1_crop_002.png,train,2,trophozoite,1087,211,1158,280,ground_truth
images/Trip 043 Day 2 24-10-05 Image 3_10.png,Trip 043 Day 2 24-10-05 Image 3_10_crop_000.png,val,2,trophozoite,1114,266,1185,335,ground_truth
images/Trip 043 Day 2 24-10-05 Image 3_10.png,Trip 043 Day 2 24-10-05 Image 3_10_crop_001.png,val,1,schizont,402,975,493,1030,ground_truth
images/Trip 043 Day 2 24-10-05 Image 3_11.png,Trip 043 Day 2 24-10-05 Image 3_11_crop_000.png,train,1,schizont,1110,317,1201,413,ground_truth
images/Trip 043 Day 2 24-10-05 Image 3_11.png,Trip 043 Day 2 24-10-05 Image 3_11_crop_001.png,train,0,ring,1239,655,1279,690,ground_truth
images/Trip 043 Day 2 24-10-05 Image 3_11.png,Trip 043 Day 2 24-10-05 Image 3_11_crop_002.png,train,1,schizont,1203,777,1294,873,ground_truth
images/Trip 043 Day 2 24-10-05 Image 3_11.png,Trip 043 Day 2 24-10-05 Image 3_11_crop_003.png,train,0,ring,672,703,713,738,ground_truth
images/Trip 043 Day 2 24-10-05 Image 3_12.png,Trip 043 Day 2 24-10-05 Image 3_12_crop_000.png,train,0,ring,202,792,242,828,ground_truth
images/Trip 043 Day 2 24-10-05 Image 3_12.png,Trip 043 Day 2 24-10-05 Image 3_12_crop_001.png,train,0,ring,1304,0,1344,36,ground_truth
images/Trip 043 Day 2 24-10-05 Image 3_13.png,Trip 043 Day 2 24-10-05 Image 3_13_crop_000.png,test,1,schizont,847,376,938,472,ground_truth
images/Trip 043 Day 2 24-10-05 Image 3_14.png,Trip 043 Day 2 24-10-05 Image 3_14_crop_000.png,train,1,schizont,398,0,489,70,ground_truth
images/Trip 043 Day 2 24-10-05 Image 3_14.png,Trip 043 Day 2 24-10-05 Image 3_14_crop_001.png,train,0,ring,1236,98,1276,134,ground_truth
images/Trip 043 Day 2 24-10-05 Image 3_14.png,Trip 043 Day 2 24-10-05 Image 3_14_crop_002.png,train,0,ring,1209,751,1249,786,ground_truth
images/Trip 043 Day 2 24-10-05 Image 3_15.png,Trip 043 Day 2 24-10-05 Image 3_15_crop_000.png,train,0,ring,229,42,269,78,ground_truth
images/Trip 043 Day 2 24-10-05 Image 3_15.png,Trip 043 Day 2 24-10-05 Image 3_15_crop_001.png,train,0,ring,573,382,614,418,ground_truth
images/Trip 043 Day 2 24-10-05 Image 3_15.png,Trip 043 Day 2 24-10-05 Image 3_15_crop_002.png,train,0,ring,1231,956,1271,991,ground_truth
images/Trip 043 Day 2 24-10-05 Image 3_2.png,Trip 043 Day 2 24-10-05 Image 3_2_crop_000.png,train,2,trophozoite,373,855,444,925,ground_truth
images/Trip 043 Day 2 24-10-05 Image 3_5.png,Trip 043 Day 2 24-10-05 Image 3_5_crop_000.png,train,2,trophozoite,883,555,954,625,ground_truth
images/Trip 043 Day 2 24-10-05 Image 3_5.png,Trip 043 Day 2 24-10-05 Image 3_5_crop_001.png,train,1,schizont,575,853,666,949,ground_truth
images/Trip 043 Day 2 24-10-05 Image 3_5.png,Trip 043 Day 2 24-10-05 Image 3_5_crop_002.png,train,0,ring,433,1000,473,1029,ground_truth
images/Trip 043 Day 2 24-10-05 Image 3_6.png,Trip 043 Day 2 24-10-05 Image 3_6_crop_000.png,train,0,ring,1348,173,1382,208,ground_truth
images/Trip 043 Day 2 24-10-05 Image 3_6.png,Trip 043 Day 2 24-10-05 Image 3_6_crop_001.png,train,0,ring,978,787,1018,823,ground_truth
images/Trip 043 Day 2 24-10-05 Image 3_6.png,Trip 043 Day 2 24-10-05 Image 3_6_crop_002.png,train,0,ring,106,498,147,533,ground_truth
images/Trip 043 Day 2 24-10-05 Image 3_8.png,Trip 043 Day 2 24-10-05 Image 3_8_crop_000.png,train,0,ring,840,738,881,774,ground_truth
images/Trip 043 Day 2 24-10-05 Image 3_8.png,Trip 043 Day 2 24-10-05 Image 3_8_crop_001.png,train,0,ring,887,836,928,871,ground_truth
images/Trip 043 Day 2 24-10-05 Image 4_1.png,Trip 043 Day 2 24-10-05 Image 4_1_crop_000.png,train,2,trophozoite,823,617,894,687,ground_truth
images/Trip 043 Day 2 24-10-05 Image 4_1.png,Trip 043 Day 2 24-10-05 Image 4_1_crop_001.png,train,2,trophozoite,956,765,1027,834,ground_truth
images/Trip 043 Day 2 24-10-05 Image 4_1.png,Trip 043 Day 2 24-10-05 Image 4_1_crop_002.png,train,1,schizont,848,164,939,260,ground_truth
images/Trip 043 Day 2 24-10-05 Image 4_1.png,Trip 043 Day 2 24-10-05 Image 4_1_crop_003.png,train,2,trophozoite,183,229,254,299,ground_truth
images/Trip 043 Day 2 24-10-05 Image 4_1.png,Trip 043 Day 2 24-10-05 Image 4_1_crop_004.png,train,2,trophozoite,820,78,891,148,ground_truth
images/Trip 043 Day 2 24-10-05 Image 4_10.png,Trip 043 Day 2 24-10-05 Image 4_10_crop_000.png,train,0,ring,1103,339,1144,374,ground_truth
images/Trip 043 Day 2 24-10-05 Image 4_10.png,Trip 043 Day 2 24-10-05 Image 4_10_crop_001.png,train,2,trophozoite,41,814,112,884,ground_truth
images/Trip 043 Day 2 24-10-05 Image 4_10.png,Trip 043 Day 2 24-10-05 Image 4_10_crop_002.png,train,0,ring,769,66,809,102,ground_truth
images/Trip 043 Day 2 24-10-05 Image 4_11.png,Trip 043 Day 2 24-10-05 Image 4_11_crop_000.png,train,0,ring,80,776,120,811,ground_truth
images/Trip 043 Day 2 24-10-05 Image 4_11.png,Trip 043 Day 2 24-10-05 Image 4_11_crop_001.png,train,0,ring,1156,79,1196,115,ground_truth
images/Trip 043 Day 2 24-10-05 Image 4_13.png,Trip 043 Day 2 24-10-05 Image 4_13_crop_000.png,train,2,trophozoite,885,787,956,857,ground_truth
images/Trip 043 Day 2 24-10-05 Image 4_13.png,Trip 043 Day 2 24-10-05 Image 4_13_crop_001.png,train,0,ring,67,406,108,442,ground_truth
images/Trip 043 Day 2 24-10-05 Image 4_14.png,Trip 043 Day 2 24-10-05 Image 4_14_crop_000.png,val,0,ring,977,688,1018,723,ground_truth
images/Trip 043 Day 2 24-10-05 Image 4_14.png,Trip 043 Day 2 24-10-05 Image 4_14_crop_001.png,val,0,ring,12,833,52,869,ground_truth
images/Trip 043 Day 2 24-10-05 Image 4_2.png,Trip 043 Day 2 24-10-05 Image 4_2_crop_000.png,train,0,ring,363,177,403,213,ground_truth
images/Trip 043 Day 2 24-10-05 Image 4_6.png,Trip 043 Day 2 24-10-05 Image 4_6_crop_000.png,train,2,trophozoite,661,287,732,357,ground_truth
images/Trip 043 Day 2 24-10-05 Image 4_6.png,Trip 043 Day 2 24-10-05 Image 4_6_crop_001.png,train,0,ring,1084,784,1125,819,ground_truth
images/Trip 043 Day 2 24-10-05 Image 4_8.png,Trip 043 Day 2 24-10-05 Image 4_8_crop_000.png,train,2,trophozoite,925,103,996,173,ground_truth
images/Trip 043 Day 2 24-10-05 Image 4_8.png,Trip 043 Day 2 24-10-05 Image 4_8_crop_001.png,train,0,ring,28,428,69,464,ground_truth
images/Trip 043 Day 2 24-10-05 Image 4_8.png,Trip 043 Day 2 24-10-05 Image 4_8_crop_002.png,train,0,ring,668,42,709,78,ground_truth
images/Trip 043 Day 2 24-10-05 Image 4_9.png,Trip 043 Day 2 24-10-05 Image 4_9_crop_000.png,train,1,schizont,0,192,71,288,ground_truth
images/Trip 043 Day 2 24-10-05 Image 9 add_1.png,Trip 043 Day 2 24-10-05 Image 9 add_1_crop_000.png,test,1,schizont,434,581,525,677,ground_truth
images/Trip 043 Day 2 24-10-05 Image 9 add_1.png,Trip 043 Day 2 24-10-05 Image 9 add_1_crop_001.png,test,1,schizont,297,618,388,714,ground_truth
images/Trip 043 Day 2 24-10-05 Image 9 add_1.png,Trip 043 Day 2 24-10-05 Image 9 add_1_crop_002.png,test,0,ring,979,459,1020,494,ground_truth
images/Trip 043 Day 2 24-10-05 Image 9 add_1.png,Trip 043 Day 2 24-10-05 Image 9 add_1_crop_003.png,test,0,ring,966,41,1006,77,ground_truth
images/Trip 043 Day 2 24-10-05 Image 9 add_1.png,Trip 043 Day 2 24-10-05 Image 9 add_1_crop_004.png,test,0,ring,351,411,391,446,ground_truth
images/Trip 043 Day 2 24-10-05 Image 9 add_1.png,Trip 043 Day 2 24-10-05 Image 9 add_1_crop_005.png,test,0,ring,93,7,133,42,ground_truth
images/Trip 043 Day 2 24-10-05 Image 9 add_1.png,Trip 043 Day 2 24-10-05 Image 9 add_1_crop_006.png,test,0,ring,297,715,337,751,ground_truth
images/Trip 043 Day 2 24-10-05 Image 9 add_1.png,Trip 043 Day 2 24-10-05 Image 9 add_1_crop_007.png,test,0,ring,686,630,726,665,ground_truth
images/Trip 043 Day 2 24-10-05 Image 9 add_1.png,Trip 043 Day 2 24-10-05 Image 9 add_1_crop_008.png,test,0,ring,1120,605,1161,641,ground_truth
images/Trip 043 Day 2 24-10-05 Image 9 add_10.png,Trip 043 Day 2 24-10-05 Image 9 add_10_crop_000.png,train,1,schizont,1176,391,1267,487,ground_truth
images/Trip 043 Day 2 24-10-05 Image 9 add_10.png,Trip 043 Day 2 24-10-05 Image 9 add_10_crop_001.png,train,0,ring,562,646,602,681,ground_truth
images/Trip 043 Day 2 24-10-05 Image 9 add_10.png,Trip 043 Day 2 24-10-05 Image 9 add_10_crop_002.png,train,0,ring,482,334,522,370,ground_truth
images/Trip 043 Day 2 24-10-05 Image 9 add_10.png,Trip 043 Day 2 24-10-05 Image 9 add_10_crop_003.png,train,0,ring,925,101,965,136,ground_truth
images/Trip 043 Day 2 24-10-05 Image 9 add_10.png,Trip 043 Day 2 24-10-05 Image 9 add_10_crop_004.png,train,0,ring,650,775,690,810,ground_truth
images/Trip 043 Day 2 24-10-05 Image 9 add_11.png,Trip 043 Day 2 24-10-05 Image 9 add_11_crop_000.png,val,1,schizont,329,278,420,374,ground_truth
images/Trip 043 Day 2 24-10-05 Image 9 add_11.png,Trip 043 Day 2 24-10-05 Image 9 add_11_crop_001.png,val,0,ring,377,656,417,691,ground_truth
images/Trip 043 Day 2 24-10-05 Image 9 add_11.png,Trip 043 Day 2 24-10-05 Image 9 add_11_crop_002.png,val,0,ring,504,466,544,501,ground_truth
images/Trip 043 Day 2 24-10-05 Image 9 add_11.png,Trip 043 Day 2 24-10-05 Image 9 add_11_crop_003.png,val,2,trophozoite,363,639,434,708,ground_truth
images/Trip 043 Day 2 24-10-05 Image 9 add_11.png,Trip 043 Day 2 24-10-05 Image 9 add_11_crop_004.png,val,0,ring,613,945,653,981,ground_truth
images/Trip 043 Day 2 24-10-05 Image 9 add_12.png,Trip 043 Day 2 24-10-05 Image 9 add_12_crop_000.png,train,1,schizont,438,520,529,616,ground_truth
images/Trip 043 Day 2 24-10-05 Image 9 add_12.png,Trip 043 Day 2 24-10-05 Image 9 add_12_crop_001.png,train,2,trophozoite,392,181,463,251,ground_truth
images/Trip 043 Day 2 24-10-05 Image 9 add_12.png,Trip 043 Day 2 24-10-05 Image 9 add_12_crop_002.png,train,0,ring,222,188,262,223,ground_truth
images/Trip 043 Day 2 24-10-05 Image 9 add_12.png,Trip 043 Day 2 24-10-05 Image 9 add_12_crop_003.png,train,0,ring,492,421,532,457,ground_truth
images/Trip 043 Day 2 24-10-05 Image 9 add_12.png,Trip 043 Day 2 24-10-05 Image 9 add_12_crop_004.png,train,0,ring,876,840,916,876,ground_truth
images/Trip 043 Day 2 24-10-05 Image 9 add_13.png,Trip 043 Day 2 24-10-05 Image 9 add_13_crop_000.png,val,0,ring,823,952,864,988,ground_truth
images/Trip 043 Day 2 24-10-05 Image 9 add_13.png,Trip 043 Day 2 24-10-05 Image 9 add_13_crop_001.png,val,2,trophozoite,537,53,608,123,ground_truth
images/Trip 043 Day 2 24-10-05 Image 9 add_13.png,Trip 043 Day 2 24-10-05 Image 9 add_13_crop_002.png,val,0,ring,949,157,989,192,ground_truth
images/Trip 043 Day 2 24-10-05 Image 9 add_14.png,Trip 043 Day 2 24-10-05 Image 9 add_14_crop_000.png,train,1,schizont,1299,448,1382,544,ground_truth
images/Trip 043 Day 2 24-10-05 Image 9 add_16.png,Trip 043 Day 2 24-10-05 Image 9 add_16_crop_000.png,train,2,trophozoite,171,903,242,973,ground_truth
images/Trip 043 Day 2 24-10-05 Image 9 add_16.png,Trip 043 Day 2 24-10-05 Image 9 add_16_crop_001.png,train,0,ring,1022,727,1062,762,ground_truth
images/Trip 043 Day 2 24-10-05 Image 9 add_16.png,Trip 043 Day 2 24-10-05 Image 9 add_16_crop_002.png,train,0,ring,153,687,193,722,ground_truth
images/Trip 043 Day 2 24-10-05 Image 9 add_2.png,Trip 043 Day 2 24-10-05 Image 9 add_2_crop_000.png,train,1,schizont,963,105,1054,201,ground_truth
images/Trip 043 Day 2 24-10-05 Image 9 add_2.png,Trip 043 Day 2 24-10-05 Image 9 add_2_crop_001.png,train,0,ring,261,277,302,313,ground_truth
images/Trip 043 Day 2 24-10-05 Image 9 add_2.png,Trip 043 Day 2 24-10-05 Image 9 add_2_crop_002.png,train,0,ring,140,0,181,32,ground_truth
images/Trip 043 Day 2 24-10-05 Image 9 add_2.png,Trip 043 Day 2 24-10-05 Image 9 add_2_crop_003.png,train,0,ring,662,727,702,762,ground_truth
images/Trip 043 Day 2 24-10-05 Image 9 add_2.png,Trip 043 Day 2 24-10-05 Image 9 add_2_crop_004.png,train,0,ring,978,387,1018,422,ground_truth
images/Trip 043 Day 2 24-10-05 Image 9 add_3.png,Trip 043 Day 2 24-10-05 Image 9 add_3_crop_000.png,test,1,schizont,1108,576,1199,672,ground_truth
images/Trip 043 Day 2 24-10-05 Image 9 add_3.png,Trip 043 Day 2 24-10-05 Image 9 add_3_crop_001.png,test,0,ring,1052,823,1093,858,ground_truth
images/Trip 043 Day 2 24-10-05 Image 9 add_3.png,Trip 043 Day 2 24-10-05 Image 9 add_3_crop_002.png,test,0,ring,662,583,702,618,ground_truth
images/Trip 043 Day 2 24-10-05 Image 9 add_3.png,Trip 043 Day 2 24-10-05 Image 9 add_3_crop_003.png,test,0,ring,1132,608,1173,643,ground_truth
images/Trip 043 Day 2 24-10-05 Image 9 add_3.png,Trip 043 Day 2 24-10-05 Image 9 add_3_crop_004.png,test,0,ring,614,410,655,445,ground_truth
images/Trip 043 Day 2 24-10-05 Image 9 add_4.png,Trip 043 Day 2 24-10-05 Image 9 add_4_crop_000.png,train,0,ring,643,654,684,689,ground_truth
images/Trip 043 Day 2 24-10-05 Image 9 add_4.png,Trip 043 Day 2 24-10-05 Image 9 add_4_crop_001.png,train,1,schizont,1108,970,1199,1030,ground_truth
images/Trip 043 Day 2 24-10-05 Image 9 add_5.png,Trip 043 Day 2 24-10-05 Image 9 add_5_crop_000.png,train,1,schizont,364,968,455,1030,ground_truth
images/Trip 043 Day 2 24-10-05 Image 9 add_5.png,Trip 043 Day 2 24-10-05 Image 9 add_5_crop_001.png,train,0,ring,83,943,123,979,ground_truth
images/Trip 043 Day 2 24-10-05 Image 9 add_5.png,Trip 043 Day 2 24-10-05 Image 9 add_5_crop_002.png,train,0,ring,1229,625,1269,660,ground_truth
images/Trip 043 Day 2 24-10-05 Image 9 add_5.png,Trip 043 Day 2 24-10-05 Image 9 add_5_crop_003.png,train,0,ring,1173,889,1213,925,ground_truth
images/Trip 043 Day 2 24-10-05 Image 9 add_5.png,Trip 043 Day 2 24-10-05 Image 9 add_5_crop_004.png,train,0,ring,1292,86,1332,121,ground_truth
images/Trip 043 Day 2 24-10-05 Image 9 add_5.png,Trip 043 Day 2 24-10-05 Image 9 add_5_crop_005.png,train,0,ring,312,810,352,846,ground_truth
images/Trip 043 Day 2 24-10-05 Image 9 add_6.png,Trip 043 Day 2 24-10-05 Image 9 add_6_crop_000.png,train,0,ring,186,187,227,222,ground_truth
images/Trip 043 Day 2 24-10-05 Image 9 add_6.png,Trip 043 Day 2 24-10-05 Image 9 add_6_crop_001.png,train,0,ring,609,231,650,267,ground_truth
images/Trip 043 Day 2 24-10-05 Image 9 add_6.png,Trip 043 Day 2 24-10-05 Image 9 add_6_crop_002.png,train,0,ring,609,231,650,267,ground_truth
images/Trip 043 Day 2 24-10-05 Image 9 add_6.png,Trip 043 Day 2 24-10-05 Image 9 add_6_crop_003.png,train,0,ring,1261,573,1301,609,ground_truth
images/Trip 043 Day 2 24-10-05 Image 9 add_6.png,Trip 043 Day 2 24-10-05 Image 9 add_6_crop_004.png,train,1,schizont,62,799,153,896,ground_truth
images/Trip 043 Day 2 24-10-05 Image 9 add_6.png,Trip 043 Day 2 24-10-05 Image 9 add_6_crop_005.png,train,0,ring,248,886,288,921,ground_truth
images/Trip 043 Day 2 24-10-05 Image 9 add_7.png,Trip 043 Day 2 24-10-05 Image 9 add_7_crop_000.png,test,0,ring,1161,397,1202,433,ground_truth
images/Trip 043 Day 2 24-10-05 Image 9 add_7.png,Trip 043 Day 2 24-10-05 Image 9 add_7_crop_001.png,test,0,ring,512,73,553,109,ground_truth
images/Trip 043 Day 2 24-10-05 Image 9 add_7.png,Trip 043 Day 2 24-10-05 Image 9 add_7_crop_002.png,test,0,ring,977,743,1018,778,ground_truth
images/Trip 043 Day 2 24-10-05 Image 9 add_7.png,Trip 043 Day 2 24-10-05 Image 9 add_7_crop_003.png,test,0,ring,304,799,344,834,ground_truth
images/Trip 043 Day 2 24-10-05 Image 9 add_8.png,Trip 043 Day 2 24-10-05 Image 9 add_8_crop_000.png,test,1,schizont,976,513,1067,609,ground_truth
images/Trip 043 Day 2 24-10-05 Image 9 add_8.png,Trip 043 Day 2 24-10-05 Image 9 add_8_crop_001.png,test,1,schizont,1132,0,1223,68,ground_truth
images/Trip 043 Day 2 24-10-05 Image 9 add_8.png,Trip 043 Day 2 24-10-05 Image 9 add_8_crop_002.png,test,0,ring,180,81,220,117,ground_truth
images/Trip 043 Day 2 24-10-05 Image 9 add_8.png,Trip 043 Day 2 24-10-05 Image 9 add_8_crop_003.png,test,0,ring,20,207,60,243,ground_truth
images/Trip 043 Day 2 24-10-05 Image 9 add_9.png,Trip 043 Day 2 24-10-05 Image 9 add_9_crop_000.png,train,1,schizont,234,176,325,272,ground_truth
images/Trip 043 Day 2 24-10-05 Image 9 add_9.png,Trip 043 Day 2 24-10-05 Image 9 add_9_crop_001.png,train,0,ring,275,16,315,52,ground_truth
images/Trip 053 Day 2 19-11-05 Image 10 add_1.png,Trip 053 Day 2 19-11-05 Image 10 add_1_crop_000.png,val,1,schizont,58,225,149,321,ground_truth
images/Trip 053 Day 2 19-11-05 Image 10 add_1.png,Trip 053 Day 2 19-11-05 Image 10 add_1_crop_001.png,val,1,schizont,609,11,700,107,ground_truth
images/Trip 053 Day 2 19-11-05 Image 10 add_1.png,Trip 053 Day 2 19-11-05 Image 10 add_1_crop_002.png,val,1,schizont,949,559,1040,655,ground_truth
images/Trip 053 Day 2 19-11-05 Image 10 add_1.png,Trip 053 Day 2 19-11-05 Image 10 add_1_crop_003.png,val,2,trophozoite,143,786,214,856,ground_truth
images/Trip 053 Day 2 19-11-05 Image 10 add_10.png,Trip 053 Day 2 19-11-05 Image 10 add_10_crop_000.png,train,1,schizont,214,652,305,748,ground_truth
images/Trip 053 Day 2 19-11-05 Image 10 add_10.png,Trip 053 Day 2 19-11-05 Image 10 add_10_crop_001.png,train,1,schizont,968,861,1059,957,ground_truth
images/Trip 053 Day 2 19-11-05 Image 10 add_10.png,Trip 053 Day 2 19-11-05 Image 10 add_10_crop_002.png,train,1,schizont,865,187,956,283,ground_truth
images/Trip 053 Day 2 19-11-05 Image 10 add_10.png,Trip 053 Day 2 19-11-05 Image 10 add_10_crop_003.png,train,2,trophozoite,240,872,311,942,ground_truth
images/Trip 053 Day 2 19-11-05 Image 10 add_10.png,Trip 053 Day 2 19-11-05 Image 10 add_10_crop_004.png,train,2,trophozoite,604,831,675,901,ground_truth
images/Trip 053 Day 2 19-11-05 Image 10 add_10.png,Trip 053 Day 2 19-11-05 Image 10 add_10_crop_005.png,train,1,schizont,602,725,693,821,ground_truth
images/Trip 053 Day 2 19-11-05 Image 10 add_11.png,Trip 053 Day 2 19-11-05 Image 10 add_11_crop_000.png,val,2,trophozoite,238,121,309,191,ground_truth
images/Trip 053 Day 2 19-11-05 Image 10 add_12.png,Trip 053 Day 2 19-11-05 Image 10 add_12_crop_000.png,test,1,schizont,369,155,460,251,ground_truth
images/Trip 053 Day 2 19-11-05 Image 10 add_12.png,Trip 053 Day 2 19-11-05 Image 10 add_12_crop_001.png,test,0,ring,752,151,792,187,ground_truth
images/Trip 053 Day 2 19-11-05 Image 10 add_12.png,Trip 053 Day 2 19-11-05 Image 10 add_12_crop_002.png,test,1,schizont,1166,177,1257,273,ground_truth
images/Trip 053 Day 2 19-11-05 Image 10 add_12.png,Trip 053 Day 2 19-11-05 Image 10 add_12_crop_003.png,test,2,trophozoite,561,972,632,1030,ground_truth
images/Trip 053 Day 2 19-11-05 Image 10 add_14.png,Trip 053 Day 2 19-11-05 Image 10 add_14_crop_000.png,train,1,schizont,177,361,268,457,ground_truth
images/Trip 053 Day 2 19-11-05 Image 10 add_14.png,Trip 053 Day 2 19-11-05 Image 10 add_14_crop_001.png,train,1,schizont,570,257,661,353,ground_truth
images/Trip 053 Day 2 19-11-05 Image 10 add_14.png,Trip 053 Day 2 19-11-05 Image 10 add_14_crop_002.png,train,0,ring,869,974,910,1009,ground_truth
images/Trip 053 Day 2 19-11-05 Image 10 add_15.png,Trip 053 Day 2 19-11-05 Image 10 add_15_crop_000.png,val,1,schizont,982,943,1073,1030,ground_truth
images/Trip 053 Day 2 19-11-05 Image 10 add_16.png,Trip 053 Day 2 19-11-05 Image 10 add_16_crop_000.png,val,1,schizont,1155,270,1246,366,ground_truth
images/Trip 053 Day 2 19-11-05 Image 10 add_16.png,Trip 053 Day 2 19-11-05 Image 10 add_16_crop_001.png,val,0,ring,1290,604,1331,640,ground_truth
images/Trip 053 Day 2 19-11-05 Image 10 add_16.png,Trip 053 Day 2 19-11-05 Image 10 add_16_crop_002.png,val,1,schizont,1074,908,1165,1004,ground_truth
images/Trip 053 Day 2 19-11-05 Image 10 add_2.png,Trip 053 Day 2 19-11-05 Image 10 add_2_crop_000.png,test,1,schizont,928,909,1019,1005,ground_truth
images/Trip 053 Day 2 19-11-05 Image 10 add_3.png,Trip 053 Day 2 19-11-05 Image 10 add_3_crop_000.png,val,0,ring,164,927,205,963,ground_truth
images/Trip 053 Day 2 19-11-05 Image 10 add_3.png,Trip 053 Day 2 19-11-05 Image 10 add_3_crop_001.png,val,2,trophozoite,396,972,467,1030,ground_truth
images/Trip 053 Day 2 19-11-05 Image 10 add_3.png,Trip 053 Day 2 19-11-05 Image 10 add_3_crop_002.png,val,0,ring,1287,940,1327,975,ground_truth
images/Trip 053 Day 2 19-11-05 Image 10 add_4.png,Trip 053 Day 2 19-11-05 Image 10 add_4_crop_000.png,test,1,schizont,23,51,114,147,ground_truth
images/Trip 053 Day 2 19-11-05 Image 10 add_4.png,Trip 053 Day 2 19-11-05 Image 10 add_4_crop_001.png,test,1,schizont,3,197,94,294,ground_truth
images/Trip 053 Day 2 19-11-05 Image 10 add_4.png,Trip 053 Day 2 19-11-05 Image 10 add_4_crop_002.png,test,1,schizont,327,82,418,178,ground_truth
images/Trip 053 Day 2 19-11-05 Image 10 add_4.png,Trip 053 Day 2 19-11-05 Image 10 add_4_crop_003.png,test,1,schizont,380,231,471,327,ground_truth
images/Trip 053 Day 2 19-11-05 Image 10 add_4.png,Trip 053 Day 2 19-11-05 Image 10 add_4_crop_004.png,test,1,schizont,821,186,912,282,ground_truth
images/Trip 053 Day 2 19-11-05 Image 10 add_4.png,Trip 053 Day 2 19-11-05 Image 10 add_4_crop_005.png,test,1,schizont,1202,267,1293,363,ground_truth
images/Trip 053 Day 2 19-11-05 Image 10 add_4.png,Trip 053 Day 2 19-11-05 Image 10 add_4_crop_006.png,test,1,schizont,1243,0,1334,77,ground_truth
images/Trip 053 Day 2 19-11-05 Image 10 add_4.png,Trip 053 Day 2 19-11-05 Image 10 add_4_crop_007.png,test,1,schizont,657,468,748,564,ground_truth
images/Trip 053 Day 2 19-11-05 Image 10 add_4.png,Trip 053 Day 2 19-11-05 Image 10 add_4_crop_008.png,test,1,schizont,415,512,506,608,ground_truth
images/Trip 053 Day 2 19-11-05 Image 10 add_4.png,Trip 053 Day 2 19-11-05 Image 10 add_4_crop_009.png,test,1,schizont,161,523,252,619,ground_truth
images/Trip 053 Day 2 19-11-05 Image 10 add_4.png,Trip 053 Day 2 19-11-05 Image 10 add_4_crop_010.png,test,1,schizont,571,968,662,1030,ground_truth
images/Trip 053 Day 2 19-11-05 Image 10 add_4.png,Trip 053 Day 2 19-11-05 Image 10 add_4_crop_011.png,test,0,ring,1078,876,1118,911,ground_truth
images/Trip 053 Day 2 19-11-05 Image 10 add_5.png,Trip 053 Day 2 19-11-05 Image 10 add_5_crop_000.png,test,0,ring,657,119,697,155,ground_truth
images/Trip 053 Day 2 19-11-05 Image 10 add_5.png,Trip 053 Day 2 19-11-05 Image 10 add_5_crop_001.png,test,1,schizont,111,748,202,844,ground_truth
images/Trip 053 Day 2 19-11-05 Image 10 add_5.png,Trip 053 Day 2 19-11-05 Image 10 add_5_crop_002.png,test,1,schizont,518,889,609,985,ground_truth
images/Trip 053 Day 2 19-11-05 Image 10 add_5.png,Trip 053 Day 2 19-11-05 Image 10 add_5_crop_003.png,test,1,schizont,518,889,609,985,ground_truth
images/Trip 053 Day 2 19-11-05 Image 10 add_6.png,Trip 053 Day 2 19-11-05 Image 10 add_6_crop_000.png,test,1,schizont,402,409,493,505,ground_truth
images/Trip 053 Day 2 19-11-05 Image 10 add_7.png,Trip 053 Day 2 19-11-05 Image 10 add_7_crop_000.png,train,1,schizont,344,630,435,726,ground_truth
images/Trip 053 Day 2 19-11-05 Image 10 add_7.png,Trip 053 Day 2 19-11-05 Image 10 add_7_crop_001.png,train,1,schizont,40,574,131,670,ground_truth
images/Trip 053 Day 2 19-11-05 Image 10 add_7.png,Trip 053 Day 2 19-11-05 Image 10 add_7_crop_002.png,train,1,schizont,1137,463,1228,559,ground_truth
images/Trip 053 Day 2 19-11-05 Image 10 add_7.png,Trip 053 Day 2 19-11-05 Image 10 add_7_crop_003.png,train,2,trophozoite,1143,375,1214,445,ground_truth
images/Trip 053 Day 2 19-11-05 Image 10 add_7.png,Trip 053 Day 2 19-11-05 Image 10 add_7_crop_004.png,train,0,ring,920,667,960,703,ground_truth
images/Trip 053 Day 2 19-11-05 Image 10 add_7.png,Trip 053 Day 2 19-11-05 Image 10 add_7_crop_005.png,train,0,ring,256,412,296,448,ground_truth
images/Trip 053 Day 2 19-11-05 Image 10 add_8.png,Trip 053 Day 2 19-11-05 Image 10 add_8_crop_000.png,train,1,schizont,573,0,664,64,ground_truth
images/Trip 053 Day 2 19-11-05 Image 10 add_9.png,Trip 053 Day 2 19-11-05 Image 10 add_9_crop_000.png,train,1,schizont,19,33,110,129,ground_truth
images/Trip 053 Day 2 19-11-05 Image 10 add_9.png,Trip 053 Day 2 19-11-05 Image 10 add_9_crop_001.png,train,1,schizont,883,539,974,635,ground_truth
images/Trip 053 Day 2 19-11-05 Image 1_1.png,Trip 053 Day 2 19-11-05 Image 1_1_crop_000.png,train,1,schizont,4,310,95,406,ground_truth
images/Trip 053 Day 2 19-11-05 Image 1_1.png,Trip 053 Day 2 19-11-05 Image 1_1_crop_001.png,train,2,trophozoite,266,672,337,742,ground_truth
images/Trip 053 Day 2 19-11-05 Image 1_1.png,Trip 053 Day 2 19-11-05 Image 1_1_crop_002.png,train,0,ring,506,800,546,836,ground_truth
images/Trip 053 Day 2 19-11-05 Image 1_1.png,Trip 053 Day 2 19-11-05 Image 1_1_crop_003.png,train,0,ring,567,828,607,863,ground_truth
images/Trip 053 Day 2 19-11-05 Image 1_1.png,Trip 053 Day 2 19-11-05 Image 1_1_crop_004.png,train,0,ring,696,635,736,671,ground_truth
images/Trip 053 Day 2 19-11-05 Image 1_1.png,Trip 053 Day 2 19-11-05 Image 1_1_crop_005.png,train,1,schizont,1021,700,1112,796,ground_truth
images/Trip 053 Day 2 19-11-05 Image 1_1.png,Trip 053 Day 2 19-11-05 Image 1_1_crop_006.png,train,1,schizont,1180,795,1271,891,ground_truth
images/Trip 053 Day 2 19-11-05 Image 1_10.png,Trip 053 Day 2 19-11-05 Image 1_10_crop_000.png,train,1,schizont,298,741,389,837,ground_truth
images/Trip 053 Day 2 19-11-05 Image 1_10.png,Trip 053 Day 2 19-11-05 Image 1_10_crop_001.png,train,1,schizont,158,966,249,1029,ground_truth
images/Trip 053 Day 2 19-11-05 Image 1_11.png,Trip 053 Day 2 19-11-05 Image 1_11_crop_000.png,train,2,trophozoite,959,505,1030,575,ground_truth
images/Trip 053 Day 2 19-11-05 Image 1_11.png,Trip 053 Day 2 19-11-05 Image 1_11_crop_001.png,train,1,schizont,696,445,787,541,ground_truth
images/Trip 053 Day 2 19-11-05 Image 1_12.png,Trip 053 Day 2 19-11-05 Image 1_12_crop_000.png,test,1,schizont,726,352,817,448,ground_truth
images/Trip 053 Day 2 19-11-05 Image 1_12.png,Trip 053 Day 2 19-11-05 Image 1_12_crop_001.png,test,1,schizont,38,669,129,765,ground_truth
images/Trip 053 Day 2 19-11-05 Image 1_12.png,Trip 053 Day 2 19-11-05 Image 1_12_crop_002.png,test,1,schizont,1275,168,1366,264,ground_truth
images/Trip 053 Day 2 19-11-05 Image 1_12.png,Trip 053 Day 2 19-11-05 Image 1_12_crop_003.png,test,1,schizont,1275,168,1366,264,ground_truth
images/Trip 053 Day 2 19-11-05 Image 1_12.png,Trip 053 Day 2 19-11-05 Image 1_12_crop_004.png,test,1,schizont,914,3,1005,99,ground_truth
images/Trip 053 Day 2 19-11-05 Image 1_12.png,Trip 053 Day 2 19-11-05 Image 1_12_crop_005.png,test,1,schizont,1139,75,1230,171,ground_truth
images/Trip 053 Day 2 19-11-05 Image 1_12.png,Trip 053 Day 2 19-11-05 Image 1_12_crop_006.png,test,1,schizont,1111,336,1202,432,ground_truth
images/Trip 053 Day 2 19-11-05 Image 1_12.png,Trip 053 Day 2 19-11-05 Image 1_12_crop_007.png,test,1,schizont,52,214,143,310,ground_truth
images/Trip 053 Day 2 19-11-05 Image 1_13.png,Trip 053 Day 2 19-11-05 Image 1_13_crop_000.png,train,1,schizont,548,845,639,941,ground_truth
images/Trip 053 Day 2 19-11-05 Image 1_13.png,Trip 053 Day 2 19-11-05 Image 1_13_crop_001.png,train,1,schizont,1322,642,1382,738,ground_truth
images/Trip 053 Day 2 19-11-05 Image 1_13.png,Trip 053 Day 2 19-11-05 Image 1_13_crop_002.png,train,0,ring,883,402,923,437,ground_truth
images/Trip 053 Day 2 19-11-05 Image 1_14.png,Trip 053 Day 2 19-11-05 Image 1_14_crop_000.png,train,1,schizont,0,643,61,739,ground_truth
images/Trip 053 Day 2 19-11-05 Image 1_14.png,Trip 053 Day 2 19-11-05 Image 1_14_crop_001.png,train,1,schizont,621,13,712,109,ground_truth
images/Trip 053 Day 2 19-11-05 Image 1_14.png,Trip 053 Day 2 19-11-05 Image 1_14_crop_002.png,train,2,trophozoite,950,236,1021,306,ground_truth
images/Trip 053 Day 2 19-11-05 Image 1_14.png,Trip 053 Day 2 19-11-05 Image 1_14_crop_003.png,train,1,schizont,1270,508,1361,604,ground_truth
images/Trip 053 Day 2 19-11-05 Image 1_14.png,Trip 053 Day 2 19-11-05 Image 1_14_crop_004.png,train,1,schizont,156,0,247,61,ground_truth
images/Trip 053 Day 2 19-11-05 Image 1_14.png,Trip 053 Day 2 19-11-05 Image 1_14_crop_005.png,train,1,schizont,1175,902,1266,999,ground_truth
images/Trip 053 Day 2 19-11-05 Image 1_15.png,Trip 053 Day 2 19-11-05 Image 1_15_crop_000.png,train,2,trophozoite,283,181,354,251,ground_truth
images/Trip 053 Day 2 19-11-05 Image 1_15.png,Trip 053 Day 2 19-11-05 Image 1_15_crop_001.png,train,1,schizont,0,807,83,904,ground_truth
images/Trip 053 Day 2 19-11-05 Image 1_15.png,Trip 053 Day 2 19-11-05 Image 1_15_crop_002.png,train,1,schizont,829,616,920,712,ground_truth
images/Trip 053 Day 2 19-11-05 Image 1_16.png,Trip 053 Day 2 19-11-05 Image 1_16_crop_000.png,train,1,schizont,959,326,1050,422,ground_truth
images/Trip 053 Day 2 19-11-05 Image 1_16.png,Trip 053 Day 2 19-11-05 Image 1_16_crop_001.png,train,1,schizont,51,817,142,913,ground_truth
images/Trip 053 Day 2 19-11-05 Image 1_16.png,Trip 053 Day 2 19-11-05 Image 1_16_crop_002.png,train,2,trophozoite,1023,418,1094,488,ground_truth
images/Trip 053 Day 2 19-11-05 Image 1_16.png,Trip 053 Day 2 19-11-05 Image 1_16_crop_003.png,train,0,ring,672,528,712,563,ground_truth
images/Trip 053 Day 2 19-11-05 Image 1_16.png,Trip 053 Day 2 19-11-05 Image 1_16_crop_004.png,train,0,ring,1298,817,1339,853,ground_truth
images/Trip 053 Day 2 19-11-05 Image 1_2.png,Trip 053 Day 2 19-11-05 Image 1_2_crop_000.png,test,0,ring,952,551,992,586,ground_truth
images/Trip 053 Day 2 19-11-05 Image 1_3.png,Trip 053 Day 2 19-11-05 Image 1_3_crop_000.png,train,1,schizont,216,367,307,463,ground_truth
images/Trip 053 Day 2 19-11-05 Image 1_3.png,Trip 053 Day 2 19-11-05 Image 1_3_crop_001.png,train,1,schizont,1319,80,1382,176,ground_truth
images/Trip 053 Day 2 19-11-05 Image 1_3.png,Trip 053 Day 2 19-11-05 Image 1_3_crop_002.png,train,1,schizont,387,93,478,189,ground_truth
images/Trip 053 Day 2 19-11-05 Image 1_3.png,Trip 053 Day 2 19-11-05 Image 1_3_crop_003.png,train,1,schizont,1061,787,1152,883,ground_truth
images/Trip 053 Day 2 19-11-05 Image 1_4.png,Trip 053 Day 2 19-11-05 Image 1_4_crop_000.png,train,1,schizont,134,264,225,360,ground_truth
images/Trip 053 Day 2 19-11-05 Image 1_4.png,Trip 053 Day 2 19-11-05 Image 1_4_crop_001.png,train,1,schizont,356,266,447,362,ground_truth
images/Trip 053 Day 2 19-11-05 Image 1_4.png,Trip 053 Day 2 19-11-05 Image 1_4_crop_002.png,train,1,schizont,47,10,138,106,ground_truth
images/Trip 053 Day 2 19-11-05 Image 1_4.png,Trip 053 Day 2 19-11-05 Image 1_4_crop_003.png,train,1,schizont,0,89,61,185,ground_truth
images/Trip 053 Day 2 19-11-05 Image 1_4.png,Trip 053 Day 2 19-11-05 Image 1_4_crop_004.png,train,1,schizont,1091,0,1182,68,ground_truth
images/Trip 053 Day 2 19-11-05 Image 1_4.png,Trip 053 Day 2 19-11-05 Image 1_4_crop_005.png,train,0,ring,246,814,286,849,ground_truth
images/Trip 053 Day 2 19-11-05 Image 1_4.png,Trip 053 Day 2 19-11-05 Image 1_4_crop_006.png,train,0,ring,1355,816,1381,852,ground_truth
images/Trip 053 Day 2 19-11-05 Image 1_6.png,Trip 053 Day 2 19-11-05 Image 1_6_crop_000.png,train,0,ring,1083,556,1123,592,ground_truth
images/Trip 053 Day 2 19-11-05 Image 1_6.png,Trip 053 Day 2 19-11-05 Image 1_6_crop_001.png,train,1,schizont,1238,788,1329,884,ground_truth
images/Trip 053 Day 2 19-11-05 Image 1_6.png,Trip 053 Day 2 19-11-05 Image 1_6_crop_002.png,train,0,ring,1123,326,1164,362,ground_truth
images/Trip 053 Day 2 19-11-05 Image 1_6.png,Trip 053 Day 2 19-11-05 Image 1_6_crop_003.png,train,0,ring,327,319,368,355,ground_truth
images/Trip 053 Day 2 19-11-05 Image 1_7.png,Trip 053 Day 2 19-11-05 Image 1_7_crop_000.png,train,1,schizont,440,318,531,414,ground_truth
images/Trip 053 Day 2 19-11-05 Image 1_7.png,Trip 053 Day 2 19-11-05 Image 1_7_crop_001.png,train,1,schizont,993,33,1084,129,ground_truth
images/Trip 053 Day 2 19-11-05 Image 1_7.png,Trip 053 Day 2 19-11-05 Image 1_7_crop_002.png,train,0,ring,0,546,32,581,ground_truth
images/Trip 053 Day 2 19-11-05 Image 1_8.png,Trip 053 Day 2 19-11-05 Image 1_8_crop_000.png,test,1,schizont,796,125,887,222,ground_truth
images/Trip 053 Day 2 19-11-05 Image 1_8.png,Trip 053 Day 2 19-11-05 Image 1_8_crop_001.png,test,1,schizont,145,597,236,693,ground_truth
images/Trip 053 Day 2 19-11-05 Image 1_8.png,Trip 053 Day 2 19-11-05 Image 1_8_crop_002.png,test,1,schizont,600,193,691,289,ground_truth
images/Trip 053 Day 2 19-11-05 Image 1_8.png,Trip 053 Day 2 19-11-05 Image 1_8_crop_003.png,test,2,trophozoite,736,12,807,81,ground_truth
images/Trip 053 Day 2 19-11-05 Image 1_8.png,Trip 053 Day 2 19-11-05 Image 1_8_crop_004.png,test,2,trophozoite,554,785,625,855,ground_truth
images/Trip 053 Day 2 19-11-05 Image 1_9.png,Trip 053 Day 2 19-11-05 Image 1_9_crop_000.png,train,1,schizont,790,454,881,550,ground_truth
images/Trip 053 Day 2 19-11-05 Image 1_9.png,Trip 053 Day 2 19-11-05 Image 1_9_crop_001.png,train,0,ring,901,731,942,767,ground_truth
images/Trip 053 Day 2 19-11-05 Image 2_1.png,Trip 053 Day 2 19-11-05 Image 2_1_crop_000.png,val,1,schizont,464,608,555,704,ground_truth
images/Trip 053 Day 2 19-11-05 Image 2_1.png,Trip 053 Day 2 19-11-05 Image 2_1_crop_001.png,val,1,schizont,65,424,156,520,ground_truth
images/Trip 053 Day 2 19-11-05 Image 2_1.png,Trip 053 Day 2 19-11-05 Image 2_1_crop_002.png,val,1,schizont,802,45,893,141,ground_truth
images/Trip 053 Day 2 19-11-05 Image 2_10.png,Trip 053 Day 2 19-11-05 Image 2_10_crop_000.png,val,1,schizont,919,791,1010,888,ground_truth
images/Trip 053 Day 2 19-11-05 Image 2_10.png,Trip 053 Day 2 19-11-05 Image 2_10_crop_001.png,val,0,ring,438,379,478,414,ground_truth
images/Trip 053 Day 2 19-11-05 Image 2_10.png,Trip 053 Day 2 19-11-05 Image 2_10_crop_002.png,val,1,schizont,682,653,773,749,ground_truth
images/Trip 053 Day 2 19-11-05 Image 2_11.png,Trip 053 Day 2 19-11-05 Image 2_11_crop_000.png,val,1,schizont,1047,600,1138,696,ground_truth
images/Trip 053 Day 2 19-11-05 Image 2_11.png,Trip 053 Day 2 19-11-05 Image 2_11_crop_001.png,val,1,schizont,1217,700,1308,796,ground_truth
images/Trip 053 Day 2 19-11-05 Image 2_12.png,Trip 053 Day 2 19-11-05 Image 2_12_crop_000.png,train,1,schizont,1196,21,1287,117,ground_truth
images/Trip 053 Day 2 19-11-05 Image 2_12.png,Trip 053 Day 2 19-11-05 Image 2_12_crop_001.png,train,1,schizont,1093,662,1184,758,ground_truth
images/Trip 053 Day 2 19-11-05 Image 2_12.png,Trip 053 Day 2 19-11-05 Image 2_12_crop_002.png,train,1,schizont,1312,466,1381,563,ground_truth
images/Trip 053 Day 2 19-11-05 Image 2_12.png,Trip 053 Day 2 19-11-05 Image 2_12_crop_003.png,train,1,schizont,1096,566,1187,662,ground_truth
images/Trip 053 Day 2 19-11-05 Image 2_13.png,Trip 053 Day 2 19-11-05 Image 2_13_crop_000.png,val,1,schizont,175,336,266,432,ground_truth
images/Trip 053 Day 2 19-11-05 Image 2_13.png,Trip 053 Day 2 19-11-05 Image 2_13_crop_001.png,val,1,schizont,179,615,270,711,ground_truth
images/Trip 053 Day 2 19-11-05 Image 2_13.png,Trip 053 Day 2 19-11-05 Image 2_13_crop_002.png,val,1,schizont,592,138,683,234,ground_truth
images/Trip 053 Day 2 19-11-05 Image 2_14.png,Trip 053 Day 2 19-11-05 Image 2_14_crop_000.png,val,1,schizont,389,826,480,922,ground_truth
images/Trip 053 Day 2 19-11-05 Image 2_14.png,Trip 053 Day 2 19-11-05 Image 2_14_crop_001.png,val,0,ring,601,909,641,944,ground_truth
images/Trip 053 Day 2 19-11-05 Image 2_15.png,Trip 053 Day 2 19-11-05 Image 2_15_crop_000.png,train,0,ring,526,279,566,315,ground_truth
images/Trip 053 Day 2 19-11-05 Image 2_15.png,Trip 053 Day 2 19-11-05 Image 2_15_crop_001.png,train,0,ring,343,873,383,909,ground_truth
images/Trip 053 Day 2 19-11-05 Image 2_15.png,Trip 053 Day 2 19-11-05 Image 2_15_crop_002.png,train,1,schizont,883,769,974,865,ground_truth
images/Trip 053 Day 2 19-11-05 Image 2_16.png,Trip 053 Day 2 19-11-05 Image 2_16_crop_000.png,train,1,schizont,750,593,841,690,ground_truth
images/Trip 053 Day 2 19-11-05 Image 2_16.png,Trip 053 Day 2 19-11-05 Image 2_16_crop_001.png,train,1,schizont,27,515,118,611,ground_truth
images/Trip 053 Day 2 19-11-05 Image 2_16.png,Trip 053 Day 2 19-11-05 Image 2_16_crop_002.png,train,1,schizont,333,748,424,844,ground_truth
images/Trip 053 Day 2 19-11-05 Image 2_16.png,Trip 053 Day 2 19-11-05 Image 2_16_crop_003.png,train,1,schizont,725,470,816,566,ground_truth
images/Trip 053 Day 2 19-11-05 Image 2_2.png,Trip 053 Day 2 19-11-05 Image 2_2_crop_000.png,train,1,schizont,193,347,284,444,ground_truth
images/Trip 053 Day 2 19-11-05 Image 2_2.png,Trip 053 Day 2 19-11-05 Image 2_2_crop_001.png,train,1,schizont,1011,169,1102,265,ground_truth
images/Trip 053 Day 2 19-11-05 Image 2_2.png,Trip 053 Day 2 19-11-05 Image 2_2_crop_002.png,train,0,ring,1326,837,1366,872,ground_truth
images/Trip 053 Day 2 19-11-05 Image 2_3.png,Trip 053 Day 2 19-11-05 Image 2_3_crop_000.png,test,1,schizont,1122,956,1213,1030,ground_truth
images/Trip 053 Day 2 19-11-05 Image 2_4.png,Trip 053 Day 2 19-11-05 Image 2_4_crop_000.png,val,0,ring,534,172,575,207,ground_truth
images/Trip 053 Day 2 19-11-05 Image 2_4.png,Trip 053 Day 2 19-11-05 Image 2_4_crop_001.png,val,0,ring,1117,199,1157,235,ground_truth
images/Trip 053 Day 2 19-11-05 Image 2_5.png,Trip 053 Day 2 19-11-05 Image 2_5_crop_000.png,val,1,schizont,826,90,917,186,ground_truth
images/Trip 053 Day 2 19-11-05 Image 2_5.png,Trip 053 Day 2 19-11-05 Image 2_5_crop_001.png,val,1,schizont,902,32,993,128,ground_truth
images/Trip 053 Day 2 19-11-05 Image 2_5.png,Trip 053 Day 2 19-11-05 Image 2_5_crop_002.png,val,1,schizont,290,936,381,1030,ground_truth
images/Trip 053 Day 2 19-11-05 Image 2_6.png,Trip 053 Day 2 19-11-05 Image 2_6_crop_000.png,train,1,schizont,851,494,942,590,ground_truth
images/Trip 053 Day 2 19-11-05 Image 2_6.png,Trip 053 Day 2 19-11-05 Image 2_6_crop_001.png,train,1,schizont,1130,652,1221,748,ground_truth
images/Trip 053 Day 2 19-11-05 Image 2_7.png,Trip 053 Day 2 19-11-05 Image 2_7_crop_000.png,train,1,schizont,101,858,192,954,ground_truth
images/Trip 053 Day 2 19-11-05 Image 2_7.png,Trip 053 Day 2 19-11-05 Image 2_7_crop_001.png,train,0,ring,529,517,570,553,ground_truth
images/Trip 053 Day 2 19-11-05 Image 2_7.png,Trip 053 Day 2 19-11-05 Image 2_7_crop_002.png,train,0,ring,745,744,786,779,ground_truth
images/Trip 053 Day 2 19-11-05 Image 2_7.png,Trip 053 Day 2 19-11-05 Image 2_7_crop_003.png,train,0,ring,265,37,305,72,ground_truth
images/Trip 053 Day 2 19-11-05 Image 2_8.png,Trip 053 Day 2 19-11-05 Image 2_8_crop_000.png,train,0,ring,225,544,266,579,ground_truth
images/Trip 053 Day 2 19-11-05 Image 2_9.png,Trip 053 Day 2 19-11-05 Image 2_9_crop_000.png,val,1,schizont,347,121,438,217,ground_truth
images/Trip 053 Day 2 19-11-05 Image 2_9.png,Trip 053 Day 2 19-11-05 Image 2_9_crop_001.png,val,2,trophozoite,401,42,472,112,ground_truth
images/Trip 053 Day 2 19-11-05 Image 2_9.png,Trip 053 Day 2 19-11-05 Image 2_9_crop_002.png,val,0,ring,497,128,538,164,ground_truth
images/Trip 053 Day 2 19-11-05 Image 3_1.png,Trip 053 Day 2 19-11-05 Image 3_1_crop_000.png,test,1,schizont,44,382,135,478,ground_truth
images/Trip 053 Day 2 19-11-05 Image 3_1.png,Trip 053 Day 2 19-11-05 Image 3_1_crop_001.png,test,1,schizont,925,621,1016,717,ground_truth
images/Trip 053 Day 2 19-11-05 Image 3_1.png,Trip 053 Day 2 19-11-05 Image 3_1_crop_002.png,test,1,schizont,978,534,1069,630,ground_truth
images/Trip 053 Day 2 19-11-05 Image 3_1.png,Trip 053 Day 2 19-11-05 Image 3_1_crop_003.png,test,1,schizont,1258,329,1349,425,ground_truth
images/Trip 053 Day 2 19-11-05 Image 3_10.png,Trip 053 Day 2 19-11-05 Image 3_10_crop_000.png,train,1,schizont,853,963,944,1030,ground_truth
images/Trip 053 Day 2 19-11-05 Image 3_10.png,Trip 053 Day 2 19-11-05 Image 3_10_crop_001.png,train,1,schizont,623,904,714,1000,ground_truth
images/Trip 053 Day 2 19-11-05 Image 3_10.png,Trip 053 Day 2 19-11-05 Image 3_10_crop_002.png,train,1,schizont,623,904,714,1000,ground_truth
images/Trip 053 Day 2 19-11-05 Image 3_11.png,Trip 053 Day 2 19-11-05 Image 3_11_crop_000.png,test,1,schizont,125,961,216,1029,ground_truth
images/Trip 053 Day 2 19-11-05 Image 3_13.png,Trip 053 Day 2 19-11-05 Image 3_13_crop_000.png,train,1,schizont,117,360,208,456,ground_truth
images/Trip 053 Day 2 19-11-05 Image 3_13.png,Trip 053 Day 2 19-11-05 Image 3_13_crop_001.png,train,1,schizont,841,302,932,398,ground_truth
images/Trip 053 Day 2 19-11-05 Image 3_14.png,Trip 053 Day 2 19-11-05 Image 3_14_crop_000.png,train,1,schizont,1306,874,1382,970,ground_truth
images/Trip 053 Day 2 19-11-05 Image 3_14.png,Trip 053 Day 2 19-11-05 Image 3_14_crop_001.png,train,1,schizont,120,814,211,910,ground_truth
images/Trip 053 Day 2 19-11-05 Image 3_14.png,Trip 053 Day 2 19-11-05 Image 3_14_crop_002.png,train,1,schizont,819,0,910,59,ground_truth
images/Trip 053 Day 2 19-11-05 Image 3_14.png,Trip 053 Day 2 19-11-05 Image 3_14_crop_003.png,train,1,schizont,1319,259,1382,355,ground_truth
images/Trip 053 Day 2 19-11-05 Image 3_15.png,Trip 053 Day 2 19-11-05 Image 3_15_crop_000.png,test,1,schizont,172,170,263,266,ground_truth
images/Trip 053 Day 2 19-11-05 Image 3_15.png,Trip 053 Day 2 19-11-05 Image 3_15_crop_001.png,test,1,schizont,135,0,226,66,ground_truth
images/Trip 053 Day 2 19-11-05 Image 3_15.png,Trip 053 Day 2 19-11-05 Image 3_15_crop_002.png,test,1,schizont,0,259,61,355,ground_truth
images/Trip 053 Day 2 19-11-05 Image 3_15.png,Trip 053 Day 2 19-11-05 Image 3_15_crop_003.png,test,0,ring,465,754,505,790,ground_truth
images/Trip 053 Day 2 19-11-05 Image 3_15.png,Trip 053 Day 2 19-11-05 Image 3_15_crop_004.png,test,1,schizont,0,866,55,962,ground_truth
images/Trip 053 Day 2 19-11-05 Image 3_16.png,Trip 053 Day 2 19-11-05 Image 3_16_crop_000.png,test,2,trophozoite,222,214,293,284,ground_truth
images/Trip 053 Day 2 19-11-05 Image 3_2.png,Trip 053 Day 2 19-11-05 Image 3_2_crop_000.png,train,0,ring,1193,310,1234,346,ground_truth
images/Trip 053 Day 2 19-11-05 Image 3_3.png,Trip 053 Day 2 19-11-05 Image 3_3_crop_000.png,train,1,schizont,560,817,651,913,ground_truth
images/Trip 053 Day 2 19-11-05 Image 3_3.png,Trip 053 Day 2 19-11-05 Image 3_3_crop_001.png,train,0,ring,933,33,974,69,ground_truth
images/Trip 053 Day 2 19-11-05 Image 3_3.png,Trip 053 Day 2 19-11-05 Image 3_3_crop_002.png,train,0,ring,5,857,45,893,ground_truth
images/Trip 053 Day 2 19-11-05 Image 3_4.png,Trip 053 Day 2 19-11-05 Image 3_4_crop_000.png,train,1,schizont,134,864,225,960,ground_truth
images/Trip 053 Day 2 19-11-05 Image 3_4.png,Trip 053 Day 2 19-11-05 Image 3_4_crop_001.png,train,1,schizont,672,272,763,368,ground_truth
images/Trip 053 Day 2 19-11-05 Image 3_4.png,Trip 053 Day 2 19-11-05 Image 3_4_crop_002.png,train,0,ring,499,822,539,857,ground_truth
images/Trip 053 Day 2 19-11-05 Image 3_4.png,Trip 053 Day 2 19-11-05 Image 3_4_crop_003.png,train,0,ring,1222,220,1263,255,ground_truth
images/Trip 053 Day 2 19-11-05 Image 3_6.png,Trip 053 Day 2 19-11-05 Image 3_6_crop_000.png,train,1,schizont,191,154,282,250,ground_truth
images/Trip 053 Day 2 19-11-05 Image 3_6.png,Trip 053 Day 2 19-11-05 Image 3_6_crop_001.png,train,0,ring,767,838,807,873,ground_truth
images/Trip 053 Day 2 19-11-05 Image 3_6.png,Trip 053 Day 2 19-11-05 Image 3_6_crop_002.png,train,0,ring,780,71,821,107,ground_truth
images/Trip 053 Day 2 19-11-05 Image 3_7.png,Trip 053 Day 2 19-11-05 Image 3_7_crop_000.png,train,1,schizont,911,559,1002,655,ground_truth
images/Trip 053 Day 2 19-11-05 Image 3_8.png,Trip 053 Day 2 19-11-05 Image 3_8_crop_000.png,train,1,schizont,729,146,820,242,ground_truth
images/Trip 053 Day 2 19-11-05 Image 3_8.png,Trip 053 Day 2 19-11-05 Image 3_8_crop_001.png,train,0,ring,769,284,809,319,ground_truth
images/Trip 061 Day 2 19-11-05 Image 11 add_1.png,Trip 061 Day 2 19-11-05 Image 11 add_1_crop_000.png,train,1,schizont,543,734,634,830,ground_truth
images/Trip 061 Day 2 19-11-05 Image 11 add_1.png,Trip 061 Day 2 19-11-05 Image 11 add_1_crop_001.png,train,1,schizont,1225,111,1316,207,ground_truth
images/Trip 061 Day 2 19-11-05 Image 11 add_1.png,Trip 061 Day 2 19-11-05 Image 11 add_1_crop_002.png,train,2,trophozoite,167,730,238,800,ground_truth
images/Trip 061 Day 2 19-11-05 Image 11 add_1.png,Trip 061 Day 2 19-11-05 Image 11 add_1_crop_003.png,train,2,trophozoite,136,544,207,613,ground_truth
images/Trip 061 Day 2 19-11-05 Image 11 add_1.png,Trip 061 Day 2 19-11-05 Image 11 add_1_crop_004.png,train,2,trophozoite,420,373,491,443,ground_truth
images/Trip 061 Day 2 19-11-05 Image 11 add_1.png,Trip 061 Day 2 19-11-05 Image 11 add_1_crop_005.png,train,2,trophozoite,488,125,559,195,ground_truth
images/Trip 061 Day 2 19-11-05 Image 11 add_1.png,Trip 061 Day 2 19-11-05 Image 11 add_1_crop_006.png,train,2,trophozoite,668,304,739,374,ground_truth
images/Trip 061 Day 2 19-11-05 Image 11 add_1.png,Trip 061 Day 2 19-11-05 Image 11 add_1_crop_007.png,train,2,trophozoite,1226,508,1297,578,ground_truth
images/Trip 061 Day 2 19-11-05 Image 11 add_10.png,Trip 061 Day 2 19-11-05 Image 11 add_10_crop_000.png,test,1,schizont,1296,463,1382,559,ground_truth
images/Trip 061 Day 2 19-11-05 Image 11 add_10.png,Trip 061 Day 2 19-11-05 Image 11 add_10_crop_001.png,test,1,schizont,998,366,1089,462,ground_truth
images/Trip 061 Day 2 19-11-05 Image 11 add_10.png,Trip 061 Day 2 19-11-05 Image 11 add_10_crop_002.png,test,1,schizont,1103,544,1194,640,ground_truth
images/Trip 061 Day 2 19-11-05 Image 11 add_10.png,Trip 061 Day 2 19-11-05 Image 11 add_10_crop_003.png,test,0,ring,365,839,405,874,ground_truth
images/Trip 061 Day 2 19-11-05 Image 11 add_10.png,Trip 061 Day 2 19-11-05 Image 11 add_10_crop_004.png,test,2,trophozoite,1282,240,1353,310,ground_truth
images/Trip 061 Day 2 19-11-05 Image 11 add_10.png,Trip 061 Day 2 19-11-05 Image 11 add_10_crop_005.png,test,2,trophozoite,1295,897,1366,967,ground_truth
images/Trip 061 Day 2 19-11-05 Image 11 add_10.png,Trip 061 Day 2 19-11-05 Image 11 add_10_crop_006.png,test,2,trophozoite,1194,872,1265,942,ground_truth
images/Trip 061 Day 2 19-11-05 Image 11 add_10.png,Trip 061 Day 2 19-11-05 Image 11 add_10_crop_007.png,test,2,trophozoite,891,975,962,1029,ground_truth
images/Trip 061 Day 2 19-11-05 Image 11 add_10.png,Trip 061 Day 2 19-11-05 Image 11 add_10_crop_008.png,test,0,ring,905,990,945,1025,ground_truth
images/Trip 061 Day 2 19-11-05 Image 11 add_11.png,Trip 061 Day 2 19-11-05 Image 11 add_11_crop_000.png,train,1,schizont,968,694,1059,790,ground_truth
images/Trip 061 Day 2 19-11-05 Image 11 add_11.png,Trip 061 Day 2 19-11-05 Image 11 add_11_crop_001.png,train,2,trophozoite,751,74,822,144,ground_truth
images/Trip 061 Day 2 19-11-05 Image 11 add_11.png,Trip 061 Day 2 19-11-05 Image 11 add_11_crop_002.png,train,2,trophozoite,35,271,106,341,ground_truth
images/Trip 061 Day 2 19-11-05 Image 11 add_11.png,Trip 061 Day 2 19-11-05 Image 11 add_11_crop_003.png,train,2,trophozoite,703,0,774,63,ground_truth
images/Trip 061 Day 2 19-11-05 Image 11 add_11.png,Trip 061 Day 2 19-11-05 Image 11 add_11_crop_004.png,train,1,schizont,588,0,679,61,ground_truth
images/Trip 061 Day 2 19-11-05 Image 11 add_11.png,Trip 061 Day 2 19-11-05 Image 11 add_11_crop_005.png,train,2,trophozoite,906,485,977,555,ground_truth
images/Trip 061 Day 2 19-11-05 Image 11 add_12.png,Trip 061 Day 2 19-11-05 Image 11 add_12_crop_000.png,train,1,schizont,779,19,870,115,ground_truth
images/Trip 061 Day 2 19-11-05 Image 11 add_12.png,Trip 061 Day 2 19-11-05 Image 11 add_12_crop_001.png,train,1,schizont,101,540,192,636,ground_truth
images/Trip 061 Day 2 19-11-05 Image 11 add_12.png,Trip 061 Day 2 19-11-05 Image 11 add_12_crop_002.png,train,0,ring,565,889,605,925,ground_truth
images/Trip 061 Day 2 19-11-05 Image 11 add_12.png,Trip 061 Day 2 19-11-05 Image 11 add_12_crop_003.png,train,1,schizont,758,452,849,548,ground_truth
images/Trip 061 Day 2 19-11-05 Image 11 add_12.png,Trip 061 Day 2 19-11-05 Image 11 add_12_crop_004.png,train,2,trophozoite,318,383,389,453,ground_truth
images/Trip 061 Day 2 19-11-05 Image 11 add_12.png,Trip 061 Day 2 19-11-05 Image 11 add_12_crop_005.png,train,2,trophozoite,819,554,890,624,ground_truth
images/Trip 061 Day 2 19-11-05 Image 11 add_12.png,Trip 061 Day 2 19-11-05 Image 11 add_12_crop_006.png,train,2,trophozoite,931,876,1002,945,ground_truth
images/Trip 061 Day 2 19-11-05 Image 11 add_12.png,Trip 061 Day 2 19-11-05 Image 11 add_12_crop_007.png,train,2,trophozoite,863,436,934,506,ground_truth
images/Trip 061 Day 2 19-11-05 Image 11 add_12.png,Trip 061 Day 2 19-11-05 Image 11 add_12_crop_008.png,train,2,trophozoite,848,152,919,222,ground_truth
images/Trip 061 Day 2 19-11-05 Image 11 add_13.png,Trip 061 Day 2 19-11-05 Image 11 add_13_crop_000.png,train,1,schizont,555,639,646,735,ground_truth
images/Trip 061 Day 2 19-11-05 Image 11 add_13.png,Trip 061 Day 2 19-11-05 Image 11 add_13_crop_001.png,train,0,ring,365,395,405,430,ground_truth
images/Trip 061 Day 2 19-11-05 Image 11 add_13.png,Trip 061 Day 2 19-11-05 Image 11 add_13_crop_002.png,train,2,trophozoite,1122,517,1193,587,ground_truth
images/Trip 061 Day 2 19-11-05 Image 11 add_13.png,Trip 061 Day 2 19-11-05 Image 11 add_13_crop_003.png,train,2,trophozoite,439,182,510,252,ground_truth
images/Trip 061 Day 2 19-11-05 Image 11 add_13.png,Trip 061 Day 2 19-11-05 Image 11 add_13_crop_004.png,train,0,ring,754,492,794,528,ground_truth
images/Trip 061 Day 2 19-11-05 Image 11 add_13.png,Trip 061 Day 2 19-11-05 Image 11 add_13_crop_005.png,train,0,ring,96,6,137,41,ground_truth
images/Trip 061 Day 2 19-11-05 Image 11 add_14.png,Trip 061 Day 2 19-11-05 Image 11 add_14_crop_000.png,train,1,schizont,323,630,414,726,ground_truth
images/Trip 061 Day 2 19-11-05 Image 11 add_14.png,Trip 061 Day 2 19-11-05 Image 11 add_14_crop_001.png,train,1,schizont,209,722,300,818,ground_truth
images/Trip 061 Day 2 19-11-05 Image 11 add_14.png,Trip 061 Day 2 19-11-05 Image 11 add_14_crop_002.png,train,1,schizont,397,368,488,464,ground_truth
images/Trip 061 Day 2 19-11-05 Image 11 add_14.png,Trip 061 Day 2 19-11-05 Image 11 add_14_crop_003.png,train,1,schizont,84,5,175,101,ground_truth
images/Trip 061 Day 2 19-11-05 Image 11 add_14.png,Trip 061 Day 2 19-11-05 Image 11 add_14_crop_004.png,train,1,schizont,784,361,875,457,ground_truth
images/Trip 061 Day 2 19-11-05 Image 11 add_14.png,Trip 061 Day 2 19-11-05 Image 11 add_14_crop_005.png,train,1,schizont,1170,218,1261,314,ground_truth
images/Trip 061 Day 2 19-11-05 Image 11 add_14.png,Trip 061 Day 2 19-11-05 Image 11 add_14_crop_006.png,train,2,trophozoite,921,64,992,134,ground_truth
images/Trip 061 Day 2 19-11-05 Image 11 add_15.png,Trip 061 Day 2 19-11-05 Image 11 add_15_crop_000.png,train,2,trophozoite,1007,476,1078,546,ground_truth
images/Trip 061 Day 2 19-11-05 Image 11 add_15.png,Trip 061 Day 2 19-11-05 Image 11 add_15_crop_001.png,train,2,trophozoite,579,29,650,98,ground_truth
images/Trip 061 Day 2 19-11-05 Image 11 add_15.png,Trip 061 Day 2 19-11-05 Image 11 add_15_crop_002.png,train,0,ring,1297,790,1337,825,ground_truth
images/Trip 061 Day 2 19-11-05 Image 11 add_16.png,Trip 061 Day 2 19-11-05 Image 11 add_16_crop_000.png,train,1,schizont,882,466,973,563,ground_truth
images/Trip 061 Day 2 19-11-05 Image 11 add_16.png,Trip 061 Day 2 19-11-05 Image 11 add_16_crop_001.png,train,2,trophozoite,52,694,123,763,ground_truth
images/Trip 061 Day 2 19-11-05 Image 11 add_16.png,Trip 061 Day 2 19-11-05 Image 11 add_16_crop_002.png,train,0,ring,1106,864,1147,900,ground_truth
images/Trip 061 Day 2 19-11-05 Image 11 add_2.png,Trip 061 Day 2 19-11-05 Image 11 add_2_crop_000.png,val,1,schizont,1244,265,1335,361,ground_truth
images/Trip 061 Day 2 19-11-05 Image 11 add_2.png,Trip 061 Day 2 19-11-05 Image 11 add_2_crop_001.png,val,1,schizont,305,398,396,494,ground_truth
images/Trip 061 Day 2 19-11-05 Image 11 add_2.png,Trip 061 Day 2 19-11-05 Image 11 add_2_crop_002.png,val,1,schizont,1252,635,1343,731,ground_truth
images/Trip 061 Day 2 19-11-05 Image 11 add_2.png,Trip 061 Day 2 19-11-05 Image 11 add_2_crop_003.png,val,2,trophozoite,817,644,888,714,ground_truth
images/Trip 061 Day 2 19-11-05 Image 11 add_2.png,Trip 061 Day 2 19-11-05 Image 11 add_2_crop_004.png,val,2,trophozoite,584,525,655,595,ground_truth
images/Trip 061 Day 2 19-11-05 Image 11 add_2.png,Trip 061 Day 2 19-11-05 Image 11 add_2_crop_005.png,val,2,trophozoite,391,256,462,326,ground_truth
images/Trip 061 Day 2 19-11-05 Image 11 add_2.png,Trip 061 Day 2 19-11-05 Image 11 add_2_crop_006.png,val,0,ring,599,543,640,578,ground_truth
images/Trip 061 Day 2 19-11-05 Image 11 add_3.png,Trip 061 Day 2 19-11-05 Image 11 add_3_crop_000.png,test,1,schizont,93,67,184,163,ground_truth
images/Trip 061 Day 2 19-11-05 Image 11 add_3.png,Trip 061 Day 2 19-11-05 Image 11 add_3_crop_001.png,test,1,schizont,919,621,1010,717,ground_truth
images/Trip 061 Day 2 19-11-05 Image 11 add_3.png,Trip 061 Day 2 19-11-05 Image 11 add_3_crop_002.png,test,2,trophozoite,370,198,441,268,ground_truth
images/Trip 061 Day 2 19-11-05 Image 11 add_3.png,Trip 061 Day 2 19-11-05 Image 11 add_3_crop_003.png,test,2,trophozoite,166,918,237,988,ground_truth
images/Trip 061 Day 2 19-11-05 Image 11 add_3.png,Trip 061 Day 2 19-11-05 Image 11 add_3_crop_004.png,test,2,trophozoite,262,972,333,1030,ground_truth
images/Trip 061 Day 2 19-11-05 Image 11 add_3.png,Trip 061 Day 2 19-11-05 Image 11 add_3_crop_005.png,test,2,trophozoite,1020,191,1091,261,ground_truth
images/Trip 061 Day 2 19-11-05 Image 11 add_3.png,Trip 061 Day 2 19-11-05 Image 11 add_3_crop_006.png,test,1,schizont,0,197,63,294,ground_truth
images/Trip 061 Day 2 19-11-05 Image 11 add_3.png,Trip 061 Day 2 19-11-05 Image 11 add_3_crop_007.png,test,2,trophozoite,0,460,71,530,ground_truth
images/Trip 061 Day 2 19-11-05 Image 11 add_3.png,Trip 061 Day 2 19-11-05 Image 11 add_3_crop_008.png,test,1,schizont,0,726,79,822,ground_truth
images/Trip 061 Day 2 19-11-05 Image 11 add_3.png,Trip 061 Day 2 19-11-05 Image 11 add_3_crop_009.png,test,0,ring,1213,976,1254,1012,ground_truth
images/Trip 061 Day 2 19-11-05 Image 11 add_3.png,Trip 061 Day 2 19-11-05 Image 11 add_3_crop_010.png,test,0,ring,742,976,782,1012,ground_truth
images/Trip 061 Day 2 19-11-05 Image 11 add_4.png,Trip 061 Day 2 19-11-05 Image 11 add_4_crop_000.png,train,1,schizont,820,422,911,518,ground_truth
images/Trip 061 Day 2 19-11-05 Image 11 add_4.png,Trip 061 Day 2 19-11-05 Image 11 add_4_crop_001.png,train,0,ring,1115,156,1156,191,ground_truth
images/Trip 061 Day 2 19-11-05 Image 11 add_4.png,Trip 061 Day 2 19-11-05 Image 11 add_4_crop_002.png,train,1,schizont,1071,228,1162,325,ground_truth
images/Trip 061 Day 2 19-11-05 Image 11 add_4.png,Trip 061 Day 2 19-11-05 Image 11 add_4_crop_003.png,train,2,trophozoite,1047,441,1118,510,ground_truth
images/Trip 061 Day 2 19-11-05 Image 11 add_4.png,Trip 061 Day 2 19-11-05 Image 11 add_4_crop_004.png,train,0,ring,85,435,125,470,ground_truth
images/Trip 061 Day 2 19-11-05 Image 11 add_5.png,Trip 061 Day 2 19-11-05 Image 11 add_5_crop_000.png,train,2,trophozoite,792,385,863,454,ground_truth
images/Trip 061 Day 2 19-11-05 Image 11 add_6.png,Trip 061 Day 2 19-11-05 Image 11 add_6_crop_000.png,val,1,schizont,1282,591,1373,687,ground_truth
images/Trip 061 Day 2 19-11-05 Image 11 add_6.png,Trip 061 Day 2 19-11-05 Image 11 add_6_crop_001.png,val,1,schizont,596,28,687,124,ground_truth
images/Trip 061 Day 2 19-11-05 Image 11 add_6.png,Trip 061 Day 2 19-11-05 Image 11 add_6_crop_002.png,val,1,schizont,724,950,815,1029,ground_truth
images/Trip 061 Day 2 19-11-05 Image 11 add_6.png,Trip 061 Day 2 19-11-05 Image 11 add_6_crop_003.png,val,2,trophozoite,735,575,806,644,ground_truth
images/Trip 061 Day 2 19-11-05 Image 11 add_6.png,Trip 061 Day 2 19-11-05 Image 11 add_6_crop_004.png,val,2,trophozoite,518,953,589,1023,ground_truth
images/Trip 061 Day 2 19-11-05 Image 11 add_6.png,Trip 061 Day 2 19-11-05 Image 11 add_6_crop_005.png,val,2,trophozoite,1263,151,1334,221,ground_truth
images/Trip 061 Day 2 19-11-05 Image 11 add_6.png,Trip 061 Day 2 19-11-05 Image 11 add_6_crop_006.png,val,2,trophozoite,770,0,841,66,ground_truth
images/Trip 061 Day 2 19-11-05 Image 11 add_6.png,Trip 061 Day 2 19-11-05 Image 11 add_6_crop_007.png,val,2,trophozoite,940,248,1011,318,ground_truth
images/Trip 061 Day 2 19-11-05 Image 11 add_6.png,Trip 061 Day 2 19-11-05 Image 11 add_6_crop_008.png,val,2,trophozoite,702,760,773,830,ground_truth
images/Trip 061 Day 2 19-11-05 Image 11 add_7.png,Trip 061 Day 2 19-11-05 Image 11 add_7_crop_000.png,train,1,schizont,721,719,812,815,ground_truth
images/Trip 061 Day 2 19-11-05 Image 11 add_7.png,Trip 061 Day 2 19-11-05 Image 11 add_7_crop_001.png,train,1,schizont,101,0,192,84,ground_truth
images/Trip 061 Day 2 19-11-05 Image 11 add_7.png,Trip 061 Day 2 19-11-05 Image 11 add_7_crop_002.png,train,2,trophozoite,1232,766,1303,836,ground_truth
images/Trip 061 Day 2 19-11-05 Image 11 add_7.png,Trip 061 Day 2 19-11-05 Image 11 add_7_crop_003.png,train,2,trophozoite,1185,528,1256,597,ground_truth
images/Trip 061 Day 2 19-11-05 Image 11 add_7.png,Trip 061 Day 2 19-11-05 Image 11 add_7_crop_004.png,train,2,trophozoite,633,848,704,918,ground_truth
images/Trip 061 Day 2 19-11-05 Image 11 add_7.png,Trip 061 Day 2 19-11-05 Image 11 add_7_crop_005.png,train,2,trophozoite,772,909,843,979,ground_truth
images/Trip 061 Day 2 19-11-05 Image 11 add_7.png,Trip 061 Day 2 19-11-05 Image 11 add_7_crop_006.png,train,0,ring,844,541,884,577,ground_truth
images/Trip 061 Day 2 19-11-05 Image 11 add_7.png,Trip 061 Day 2 19-11-05 Image 11 add_7_crop_007.png,train,1,schizont,594,972,685,1030,ground_truth
images/Trip 061 Day 2 19-11-05 Image 11 add_7.png,Trip 061 Day 2 19-11-05 Image 11 add_7_crop_008.png,train,1,schizont,945,478,1036,574,ground_truth
images/Trip 061 Day 2 19-11-05 Image 11 add_7.png,Trip 061 Day 2 19-11-05 Image 11 add_7_crop_009.png,train,0,ring,1325,140,1366,175,ground_truth
images/Trip 061 Day 2 19-11-05 Image 11 add_8.png,Trip 061 Day 2 19-11-05 Image 11 add_8_crop_000.png,train,1,schizont,252,408,343,504,ground_truth
images/Trip 061 Day 2 19-11-05 Image 11 add_8.png,Trip 061 Day 2 19-11-05 Image 11 add_8_crop_001.png,train,2,trophozoite,554,288,625,358,ground_truth
images/Trip 061 Day 2 19-11-05 Image 11 add_8.png,Trip 061 Day 2 19-11-05 Image 11 add_8_crop_002.png,train,1,schizont,445,397,536,493,ground_truth
images/Trip 061 Day 2 19-11-05 Image 11 add_8.png,Trip 061 Day 2 19-11-05 Image 11 add_8_crop_003.png,train,0,ring,601,809,641,845,ground_truth
images/Trip 061 Day 2 19-11-05 Image 11 add_9.png,Trip 061 Day 2 19-11-05 Image 11 add_9_crop_000.png,train,1,schizont,841,714,932,810,ground_truth
images/Trip 061 Day 2 19-11-05 Image 11 add_9.png,Trip 061 Day 2 19-11-05 Image 11 add_9_crop_001.png,train,2,trophozoite,358,744,429,814,ground_truth
images/Trip 061 Day 2 19-11-05 Image 11 add_9.png,Trip 061 Day 2 19-11-05 Image 11 add_9_crop_002.png,train,0,ring,358,65,398,101,ground_truth
images/Trip 061 Day 2 19-11-05 Image 1_1.png,Trip 061 Day 2 19-11-05 Image 1_1_crop_000.png,train,1,schizont,940,454,1031,550,ground_truth
images/Trip 061 Day 2 19-11-05 Image 1_1.png,Trip 061 Day 2 19-11-05 Image 1_1_crop_001.png,train,1,schizont,374,949,465,1030,ground_truth
images/Trip 061 Day 2 19-11-05 Image 1_1.png,Trip 061 Day 2 19-11-05 Image 1_1_crop_002.png,train,1,schizont,1160,346,1251,442,ground_truth
images/Trip 061 Day 2 19-11-05 Image 1_1.png,Trip 061 Day 2 19-11-05 Image 1_1_crop_003.png,train,1,schizont,269,185,360,281,ground_truth
images/Trip 061 Day 2 19-11-05 Image 1_1.png,Trip 061 Day 2 19-11-05 Image 1_1_crop_004.png,train,1,schizont,188,314,279,410,ground_truth
images/Trip 061 Day 2 19-11-05 Image 1_1.png,Trip 061 Day 2 19-11-05 Image 1_1_crop_005.png,train,0,ring,0,476,35,512,ground_truth
images/Trip 061 Day 2 19-11-05 Image 1_1.png,Trip 061 Day 2 19-11-05 Image 1_1_crop_006.png,train,1,schizont,893,389,984,485,ground_truth
images/Trip 061 Day 2 19-11-05 Image 1_1.png,Trip 061 Day 2 19-11-05 Image 1_1_crop_007.png,train,0,ring,1123,588,1164,624,ground_truth
images/Trip 061 Day 2 19-11-05 Image 1_10.png,Trip 061 Day 2 19-11-05 Image 1_10_crop_000.png,train,2,trophozoite,365,151,436,221,ground_truth
images/Trip 061 Day 2 19-11-05 Image 1_10.png,Trip 061 Day 2 19-11-05 Image 1_10_crop_001.png,train,0,ring,98,4,139,39,ground_truth
images/Trip 061 Day 2 19-11-05 Image 1_10.png,Trip 061 Day 2 19-11-05 Image 1_10_crop_002.png,train,0,ring,146,94,186,129,ground_truth
images/Trip 061 Day 2 19-11-05 Image 1_10.png,Trip 061 Day 2 19-11-05 Image 1_10_crop_003.png,train,0,ring,0,500,32,536,ground_truth
images/Trip 061 Day 2 19-11-05 Image 1_10.png,Trip 061 Day 2 19-11-05 Image 1_10_crop_004.png,train,1,schizont,1170,820,1261,916,ground_truth
images/Trip 061 Day 2 19-11-05 Image 1_11.png,Trip 061 Day 2 19-11-05 Image 1_11_crop_000.png,val,2,trophozoite,877,492,948,562,ground_truth
images/Trip 061 Day 2 19-11-05 Image 1_11.png,Trip 061 Day 2 19-11-05 Image 1_11_crop_001.png,val,2,trophozoite,919,417,990,486,ground_truth
images/Trip 061 Day 2 19-11-05 Image 1_11.png,Trip 061 Day 2 19-11-05 Image 1_11_crop_002.png,val,2,trophozoite,1036,204,1107,274,ground_truth
images/Trip 061 Day 2 19-11-05 Image 1_11.png,Trip 061 Day 2 19-11-05 Image 1_11_crop_003.png,val,2,trophozoite,595,389,666,459,ground_truth
images/Trip 061 Day 2 19-11-05 Image 1_12.png,Trip 061 Day 2 19-11-05 Image 1_12_crop_000.png,train,1,schizont,830,772,921,868,ground_truth
images/Trip 061 Day 2 19-11-05 Image 1_12.png,Trip 061 Day 2 19-11-05 Image 1_12_crop_001.png,train,1,schizont,1062,896,1153,992,ground_truth
images/Trip 061 Day 2 19-11-05 Image 1_13.png,Trip 061 Day 2 19-11-05 Image 1_13_crop_000.png,train,0,ring,623,391,663,427,ground_truth
images/Trip 061 Day 2 19-11-05 Image 1_13.png,Trip 061 Day 2 19-11-05 Image 1_13_crop_001.png,train,1,schizont,365,241,456,337,ground_truth
images/Trip 061 Day 2 19-11-05 Image 1_13.png,Trip 061 Day 2 19-11-05 Image 1_13_crop_002.png,train,2,trophozoite,654,293,725,363,ground_truth
images/Trip 061 Day 2 19-11-05 Image 1_13.png,Trip 061 Day 2 19-11-05 Image 1_13_crop_003.png,train,1,schizont,1314,810,1382,906,ground_truth
images/Trip 061 Day 2 19-11-05 Image 1_15.png,Trip 061 Day 2 19-11-05 Image 1_15_crop_000.png,train,1,schizont,601,470,692,566,ground_truth
images/Trip 061 Day 2 19-11-05 Image 1_15.png,Trip 061 Day 2 19-11-05 Image 1_15_crop_001.png,train,1,schizont,1317,611,1381,707,ground_truth
images/Trip 061 Day 2 19-11-05 Image 1_16.png,Trip 061 Day 2 19-11-05 Image 1_16_crop_000.png,train,2,trophozoite,308,346,379,416,ground_truth
images/Trip 061 Day 2 19-11-05 Image 1_16.png,Trip 061 Day 2 19-11-05 Image 1_16_crop_001.png,train,1,schizont,0,593,60,690,ground_truth
images/Trip 061 Day 2 19-11-05 Image 1_2.png,Trip 061 Day 2 19-11-05 Image 1_2_crop_000.png,train,1,schizont,958,543,1049,639,ground_truth
images/Trip 061 Day 2 19-11-05 Image 1_2.png,Trip 061 Day 2 19-11-05 Image 1_2_crop_001.png,train,2,trophozoite,1087,315,1158,385,ground_truth
images/Trip 061 Day 2 19-11-05 Image 1_2.png,Trip 061 Day 2 19-11-05 Image 1_2_crop_002.png,train,1,schizont,1313,24,1382,120,ground_truth
images/Trip 061 Day 2 19-11-05 Image 1_2.png,Trip 061 Day 2 19-11-05 Image 1_2_crop_003.png,train,0,ring,1100,611,1140,647,ground_truth
images/Trip 061 Day 2 19-11-05 Image 1_2.png,Trip 061 Day 2 19-11-05 Image 1_2_crop_004.png,train,0,ring,1302,752,1342,787,ground_truth
images/Trip 061 Day 2 19-11-05 Image 1_3.png,Trip 061 Day 2 19-11-05 Image 1_3_crop_000.png,train,2,trophozoite,1088,337,1159,406,ground_truth
images/Trip 061 Day 2 19-11-05 Image 1_3.png,Trip 061 Day 2 19-11-05 Image 1_3_crop_001.png,train,2,trophozoite,807,465,878,535,ground_truth
images/Trip 061 Day 2 19-11-05 Image 1_3.png,Trip 061 Day 2 19-11-05 Image 1_3_crop_002.png,train,2,trophozoite,695,208,766,278,ground_truth
images/Trip 061 Day 2 19-11-05 Image 1_3.png,Trip 061 Day 2 19-11-05 Image 1_3_crop_003.png,train,1,schizont,190,0,281,75,ground_truth
images/Trip 061 Day 2 19-11-05 Image 1_3.png,Trip 061 Day 2 19-11-05 Image 1_3_crop_004.png,train,1,schizont,0,30,55,127,ground_truth
images/Trip 061 Day 2 19-11-05 Image 1_3.png,Trip 061 Day 2 19-11-05 Image 1_3_crop_005.png,train,0,ring,991,112,1032,148,ground_truth
images/Trip 061 Day 2 19-11-05 Image 1_4.png,Trip 061 Day 2 19-11-05 Image 1_4_crop_000.png,val,1,schizont,796,938,887,1030,ground_truth
images/Trip 061 Day 2 19-11-05 Image 1_4.png,Trip 061 Day 2 19-11-05 Image 1_4_crop_001.png,val,2,trophozoite,568,517,639,587,ground_truth
images/Trip 061 Day 2 19-11-05 Image 1_4.png,Trip 061 Day 2 19-11-05 Image 1_4_crop_002.png,val,1,schizont,1297,141,1381,238,ground_truth
images/Trip 061 Day 2 19-11-05 Image 1_5.png,Trip 061 Day 2 19-11-05 Image 1_5_crop_000.png,train,1,schizont,1289,615,1380,711,ground_truth
images/Trip 061 Day 2 19-11-05 Image 1_5.png,Trip 061 Day 2 19-11-05 Image 1_5_crop_001.png,train,0,ring,1118,699,1159,735,ground_truth
images/Trip 061 Day 2 19-11-05 Image 1_5.png,Trip 061 Day 2 19-11-05 Image 1_5_crop_002.png,train,1,schizont,369,0,460,61,ground_truth
images/Trip 061 Day 2 19-11-05 Image 1_5.png,Trip 061 Day 2 19-11-05 Image 1_5_crop_003.png,train,0,ring,512,405,553,441,ground_truth
images/Trip 061 Day 2 19-11-05 Image 1_6.png,Trip 061 Day 2 19-11-05 Image 1_6_crop_000.png,val,0,ring,1303,722,1344,758,ground_truth
images/Trip 061 Day 2 19-11-05 Image 1_6.png,Trip 061 Day 2 19-11-05 Image 1_6_crop_001.png,val,2,trophozoite,1167,18,1238,88,ground_truth
images/Trip 061 Day 2 19-11-05 Image 1_7.png,Trip 061 Day 2 19-11-05 Image 1_7_crop_000.png,train,1,schizont,235,200,326,296,ground_truth
images/Trip 061 Day 2 19-11-05 Image 1_7.png,Trip 061 Day 2 19-11-05 Image 1_7_crop_001.png,train,2,trophozoite,847,697,918,767,ground_truth
images/Trip 061 Day 2 19-11-05 Image 1_7.png,Trip 061 Day 2 19-11-05 Image 1_7_crop_002.png,train,2,trophozoite,535,586,606,656,ground_truth
images/Trip 061 Day 2 19-11-05 Image 1_7.png,Trip 061 Day 2 19-11-05 Image 1_7_crop_003.png,train,2,trophozoite,121,175,192,245,ground_truth
images/Trip 061 Day 2 19-11-05 Image 1_7.png,Trip 061 Day 2 19-11-05 Image 1_7_crop_004.png,train,1,schizont,102,928,193,1024,ground_truth
images/Trip 061 Day 2 19-11-05 Image 1_8.png,Trip 061 Day 2 19-11-05 Image 1_8_crop_000.png,test,2,trophozoite,235,183,306,253,ground_truth
images/Trip 061 Day 2 19-11-05 Image 1_8.png,Trip 061 Day 2 19-11-05 Image 1_8_crop_001.png,test,1,schizont,335,272,426,368,ground_truth
images/Trip 061 Day 2 19-11-05 Image 1_8.png,Trip 061 Day 2 19-11-05 Image 1_8_crop_002.png,test,1,schizont,785,747,876,843,ground_truth
images/Trip 061 Day 2 19-11-05 Image 1_8.png,Trip 061 Day 2 19-11-05 Image 1_8_crop_003.png,test,1,schizont,748,812,839,908,ground_truth
images/Trip 061 Day 2 19-11-05 Image 1_8.png,Trip 061 Day 2 19-11-05 Image 1_8_crop_004.png,test,1,schizont,1133,950,1224,1029,ground_truth
images/Trip 061 Day 2 19-11-05 Image 1_9.png,Trip 061 Day 2 19-11-05 Image 1_9_crop_000.png,test,0,ring,27,191,67,227,ground_truth
images/Trip 061 Day 2 19-11-05 Image 1_9.png,Trip 061 Day 2 19-11-05 Image 1_9_crop_001.png,test,1,schizont,443,64,534,160,ground_truth
images/Trip 061 Day 2 19-11-05 Image 1_9.png,Trip 061 Day 2 19-11-05 Image 1_9_crop_002.png,test,2,trophozoite,832,449,903,519,ground_truth
images/Trip 061 Day 2 19-11-05 Image 1_9.png,Trip 061 Day 2 19-11-05 Image 1_9_crop_003.png,test,0,ring,307,508,347,544,ground_truth
images/Trip 061 Day 2 19-11-05 Image 3_1.png,Trip 061 Day 2 19-11-05 Image 3_1_crop_000.png,train,1,schizont,451,186,542,282,ground_truth
images/Trip 061 Day 2 19-11-05 Image 3_1.png,Trip 061 Day 2 19-11-05 Image 3_1_crop_001.png,train,1,schizont,1034,5,1125,101,ground_truth
images/Trip 061 Day 2 19-11-05 Image 3_1.png,Trip 061 Day 2 19-11-05 Image 3_1_crop_002.png,train,1,schizont,1025,943,1116,1030,ground_truth
images/Trip 061 Day 2 19-11-05 Image 3_1.png,Trip 061 Day 2 19-11-05 Image 3_1_crop_003.png,train,2,trophozoite,41,738,112,808,ground_truth
images/Trip 061 Day 2 19-11-05 Image 3_1.png,Trip 061 Day 2 19-11-05 Image 3_1_crop_004.png,train,2,trophozoite,876,203,947,272,ground_truth
images/Trip 061 Day 2 19-11-05 Image 3_1.png,Trip 061 Day 2 19-11-05 Image 3_1_crop_005.png,train,2,trophozoite,421,966,492,1029,ground_truth
images/Trip 061 Day 2 19-11-05 Image 3_1.png,Trip 061 Day 2 19-11-05 Image 3_1_crop_006.png,train,0,ring,315,886,356,921,ground_truth
images/Trip 061 Day 2 19-11-05 Image 3_10.png,Trip 061 Day 2 19-11-05 Image 3_10_crop_000.png,val,2,trophozoite,820,18,891,88,ground_truth
images/Trip 061 Day 2 19-11-05 Image 3_10.png,Trip 061 Day 2 19-11-05 Image 3_10_crop_001.png,val,1,schizont,295,204,386,300,ground_truth
images/Trip 061 Day 2 19-11-05 Image 3_10.png,Trip 061 Day 2 19-11-05 Image 3_10_crop_002.png,val,1,schizont,875,120,966,216,ground_truth
images/Trip 061 Day 2 19-11-05 Image 3_11.png,Trip 061 Day 2 19-11-05 Image 3_11_crop_000.png,test,2,trophozoite,1147,38,1218,108,ground_truth
images/Trip 061 Day 2 19-11-05 Image 3_11.png,Trip 061 Day 2 19-11-05 Image 3_11_crop_001.png,test,2,trophozoite,970,625,1041,695,ground_truth
images/Trip 061 Day 2 19-11-05 Image 3_11.png,Trip 061 Day 2 19-11-05 Image 3_11_crop_002.png,test,2,trophozoite,1103,755,1174,825,ground_truth
images/Trip 061 Day 2 19-11-05 Image 3_11.png,Trip 061 Day 2 19-11-05 Image 3_11_crop_003.png,test,1,schizont,143,101,234,197,ground_truth
images/Trip 061 Day 2 19-11-05 Image 3_12.png,Trip 061 Day 2 19-11-05 Image 3_12_crop_000.png,test,1,schizont,304,251,395,347,ground_truth
images/Trip 061 Day 2 19-11-05 Image 3_12.png,Trip 061 Day 2 19-11-05 Image 3_12_crop_001.png,test,2,trophozoite,929,10,1000,80,ground_truth
images/Trip 061 Day 2 19-11-05 Image 3_12.png,Trip 061 Day 2 19-11-05 Image 3_12_crop_002.png,test,1,schizont,933,810,1024,906,ground_truth
images/Trip 061 Day 2 19-11-05 Image 3_12.png,Trip 061 Day 2 19-11-05 Image 3_12_crop_003.png,test,0,ring,1329,284,1369,319,ground_truth
images/Trip 061 Day 2 19-11-05 Image 3_12.png,Trip 061 Day 2 19-11-05 Image 3_12_crop_004.png,test,0,ring,45,940,86,975,ground_truth
images/Trip 061 Day 2 19-11-05 Image 3_12.png,Trip 061 Day 2 19-11-05 Image 3_12_crop_005.png,test,0,ring,1149,285,1190,321,ground_truth
images/Trip 061 Day 2 19-11-05 Image 3_13.png,Trip 061 Day 2 19-11-05 Image 3_13_crop_000.png,train,1,schizont,625,288,716,384,ground_truth
images/Trip 061 Day 2 19-11-05 Image 3_13.png,Trip 061 Day 2 19-11-05 Image 3_13_crop_001.png,train,0,ring,499,50,539,86,ground_truth
images/Trip 061 Day 2 19-11-05 Image 3_13.png,Trip 061 Day 2 19-11-05 Image 3_13_crop_002.png,train,2,trophozoite,639,715,710,785,ground_truth
images/Trip 061 Day 2 19-11-05 Image 3_13.png,Trip 061 Day 2 19-11-05 Image 3_13_crop_003.png,train,2,trophozoite,1087,277,1158,347,ground_truth
images/Trip 061 Day 2 19-11-05 Image 3_13.png,Trip 061 Day 2 19-11-05 Image 3_13_crop_004.png,train,1,schizont,773,204,864,300,ground_truth
images/Trip 061 Day 2 19-11-05 Image 3_13.png,Trip 061 Day 2 19-11-05 Image 3_13_crop_005.png,train,2,trophozoite,839,695,910,765,ground_truth
images/Trip 061 Day 2 19-11-05 Image 3_14.png,Trip 061 Day 2 19-11-05 Image 3_14_crop_000.png,val,1,schizont,698,535,789,631,ground_truth
images/Trip 061 Day 2 19-11-05 Image 3_16.png,Trip 061 Day 2 19-11-05 Image 3_16_crop_000.png,train,1,schizont,910,9,1001,105,ground_truth
images/Trip 061 Day 2 19-11-05 Image 3_16.png,Trip 061 Day 2 19-11-05 Image 3_16_crop_001.png,train,2,trophozoite,45,89,116,159,ground_truth
images/Trip 061 Day 2 19-11-05 Image 3_16.png,Trip 061 Day 2 19-11-05 Image 3_16_crop_002.png,train,2,trophozoite,1030,41,1101,111,ground_truth
images/Trip 061 Day 2 19-11-05 Image 3_16.png,Trip 061 Day 2 19-11-05 Image 3_16_crop_003.png,train,2,trophozoite,1241,442,1312,512,ground_truth
images/Trip 061 Day 2 19-11-05 Image 3_16.png,Trip 061 Day 2 19-11-05 Image 3_16_crop_004.png,train,0,ring,487,936,528,972,ground_truth
images/Trip 061 Day 2 19-11-05 Image 3_2.png,Trip 061 Day 2 19-11-05 Image 3_2_crop_000.png,val,0,ring,1037,714,1078,750,ground_truth
images/Trip 061 Day 2 19-11-05 Image 3_2.png,Trip 061 Day 2 19-11-05 Image 3_2_crop_001.png,val,2,trophozoite,669,387,740,457,ground_truth
images/Trip 061 Day 2 19-11-05 Image 3_2.png,Trip 061 Day 2 19-11-05 Image 3_2_crop_002.png,val,1,schizont,453,949,544,1030,ground_truth
images/Trip 061 Day 2 19-11-05 Image 3_2.png,Trip 061 Day 2 19-11-05 Image 3_2_crop_003.png,val,0,ring,281,161,322,197,ground_truth
images/Trip 061 Day 2 19-11-05 Image 3_3.png,Trip 061 Day 2 19-11-05 Image 3_3_crop_000.png,train,1,schizont,799,251,890,347,ground_truth
images/Trip 061 Day 2 19-11-05 Image 3_3.png,Trip 061 Day 2 19-11-05 Image 3_3_crop_001.png,train,2,trophozoite,649,928,720,998,ground_truth
images/Trip 061 Day 2 19-11-05 Image 3_3.png,Trip 061 Day 2 19-11-05 Image 3_3_crop_002.png,train,2,trophozoite,0,514,71,584,ground_truth
images/Trip 061 Day 2 19-11-05 Image 3_4.png,Trip 061 Day 2 19-11-05 Image 3_4_crop_000.png,val,1,schizont,588,949,679,1030,ground_truth
images/Trip 061 Day 2 19-11-05 Image 3_4.png,Trip 061 Day 2 19-11-05 Image 3_4_crop_001.png,val,0,ring,1241,754,1281,790,ground_truth
images/Trip 061 Day 2 19-11-05 Image 3_5.png,Trip 061 Day 2 19-11-05 Image 3_5_crop_000.png,test,1,schizont,530,569,621,666,ground_truth
images/Trip 061 Day 2 19-11-05 Image 3_5.png,Trip 061 Day 2 19-11-05 Image 3_5_crop_001.png,test,1,schizont,797,177,888,273,ground_truth
images/Trip 061 Day 2 19-11-05 Image 3_5.png,Trip 061 Day 2 19-11-05 Image 3_5_crop_002.png,test,2,trophozoite,363,517,434,587,ground_truth
images/Trip 061 Day 2 19-11-05 Image 3_5.png,Trip 061 Day 2 19-11-05 Image 3_5_crop_003.png,test,0,ring,256,342,297,378,ground_truth
images/Trip 061 Day 2 19-11-05 Image 3_5.png,Trip 061 Day 2 19-11-05 Image 3_5_crop_004.png,test,1,schizont,431,583,522,679,ground_truth
images/Trip 061 Day 2 19-11-05 Image 3_6.png,Trip 061 Day 2 19-11-05 Image 3_6_crop_000.png,train,1,schizont,623,671,714,767,ground_truth
images/Trip 061 Day 2 19-11-05 Image 3_6.png,Trip 061 Day 2 19-11-05 Image 3_6_crop_001.png,train,2,trophozoite,718,697,789,767,ground_truth
images/Trip 061 Day 2 19-11-05 Image 3_7.png,Trip 061 Day 2 19-11-05 Image 3_7_crop_000.png,test,1,schizont,81,77,172,173,ground_truth
images/Trip 061 Day 2 19-11-05 Image 3_8.png,Trip 061 Day 2 19-11-05 Image 3_8_crop_000.png,train,1,schizont,827,468,918,564,ground_truth
images/Trip 061 Day 2 19-11-05 Image 3_8.png,Trip 061 Day 2 19-11-05 Image 3_8_crop_001.png,train,0,ring,524,271,565,307,ground_truth
images/Trip 061 Day 2 19-11-05 Image 3_8.png,Trip 061 Day 2 19-11-05 Image 3_8_crop_002.png,train,2,trophozoite,130,252,201,322,ground_truth
images/Trip 061 Day 2 19-11-05 Image 3_8.png,Trip 061 Day 2 19-11-05 Image 3_8_crop_003.png,train,0,ring,20,484,60,520,ground_truth
images/Trip 061 Day 2 19-11-05 Image 3_9.png,Trip 061 Day 2 19-11-05 Image 3_9_crop_000.png,train,1,schizont,106,796,197,892,ground_truth
images/Trip 061 Day 2 19-11-05 Image 3_9.png,Trip 061 Day 2 19-11-05 Image 3_9_crop_001.png,train,0,ring,789,794,829,830,ground_truth
images/Trip 061 Day 2 19-11-05 Image 3_9.png,Trip 061 Day 2 19-11-05 Image 3_9_crop_002.png,train,2,trophozoite,1243,586,1314,656,ground_truth
images/Trip 061 Day 2 19-11-05 Image 3_9.png,Trip 061 Day 2 19-11-05 Image 3_9_crop_003.png,train,1,schizont,941,849,1032,945,ground_truth
images/Trip 062 Day 1 02-11-05 Image 10 add_1.png,Trip 062 Day 1 02-11-05 Image 10 add_1_crop_000.png,train,1,schizont,75,558,166,654,ground_truth
images/Trip 062 Day 1 02-11-05 Image 10 add_1.png,Trip 062 Day 1 02-11-05 Image 10 add_1_crop_001.png,train,1,schizont,1012,464,1103,560,ground_truth
images/Trip 062 Day 1 02-11-05 Image 10 add_1.png,Trip 062 Day 1 02-11-05 Image 10 add_1_crop_002.png,train,0,ring,601,215,641,251,ground_truth
images/Trip 062 Day 1 02-11-05 Image 10 add_1.png,Trip 062 Day 1 02-11-05 Image 10 add_1_crop_003.png,train,2,trophozoite,314,412,385,482,ground_truth
images/Trip 062 Day 1 02-11-05 Image 10 add_10.png,Trip 062 Day 1 02-11-05 Image 10 add_10_crop_000.png,train,1,schizont,1035,294,1126,390,ground_truth
images/Trip 062 Day 1 02-11-05 Image 10 add_11.png,Trip 062 Day 1 02-11-05 Image 10 add_11_crop_000.png,test,1,schizont,91,757,182,853,ground_truth
images/Trip 062 Day 1 02-11-05 Image 10 add_13.png,Trip 062 Day 1 02-11-05 Image 10 add_13_crop_000.png,train,2,trophozoite,0,377,59,446,ground_truth
images/Trip 062 Day 1 02-11-05 Image 10 add_13.png,Trip 062 Day 1 02-11-05 Image 10 add_13_crop_001.png,train,0,ring,903,840,943,876,ground_truth
images/Trip 062 Day 1 02-11-05 Image 10 add_14.png,Trip 062 Day 1 02-11-05 Image 10 add_14_crop_000.png,val,2,trophozoite,553,277,624,347,ground_truth
images/Trip 062 Day 1 02-11-05 Image 10 add_15.png,Trip 062 Day 1 02-11-05 Image 10 add_15_crop_000.png,val,0,ring,195,411,235,446,ground_truth
images/Trip 062 Day 1 02-11-05 Image 10 add_15.png,Trip 062 Day 1 02-11-05 Image 10 add_15_crop_001.png,val,1,schizont,14,370,105,466,ground_truth
images/Trip 062 Day 1 02-11-05 Image 10 add_15.png,Trip 062 Day 1 02-11-05 Image 10 add_15_crop_002.png,val,2,trophozoite,1182,832,1253,902,ground_truth
images/Trip 062 Day 1 02-11-05 Image 10 add_15.png,Trip 062 Day 1 02-11-05 Image 10 add_15_crop_003.png,val,1,schizont,693,103,784,199,ground_truth
images/Trip 062 Day 1 02-11-05 Image 10 add_2.png,Trip 062 Day 1 02-11-05 Image 10 add_2_crop_000.png,train,2,trophozoite,448,461,519,531,ground_truth
images/Trip 062 Day 1 02-11-05 Image 10 add_3.png,Trip 062 Day 1 02-11-05 Image 10 add_3_crop_000.png,train,0,ring,1350,111,1382,147,ground_truth
images/Trip 062 Day 1 02-11-05 Image 10 add_4.png,Trip 062 Day 1 02-11-05 Image 10 add_4_crop_000.png,test,2,trophozoite,883,929,954,999,ground_truth
images/Trip 062 Day 1 02-11-05 Image 10 add_4.png,Trip 062 Day 1 02-11-05 Image 10 add_4_crop_001.png,test,2,trophozoite,1153,600,1224,670,ground_truth
images/Trip 062 Day 1 02-11-05 Image 10 add_5.png,Trip 062 Day 1 02-11-05 Image 10 add_5_crop_000.png,train,2,trophozoite,0,769,56,839,ground_truth
images/Trip 062 Day 1 02-11-05 Image 10 add_6.png,Trip 062 Day 1 02-11-05 Image 10 add_6_crop_000.png,train,2,trophozoite,0,679,71,749,ground_truth
images/Trip 062 Day 1 02-11-05 Image 10 add_6.png,Trip 062 Day 1 02-11-05 Image 10 add_6_crop_001.png,train,0,ring,1056,702,1096,737,ground_truth
images/Trip 062 Day 1 02-11-05 Image 10 add_9.png,Trip 062 Day 1 02-11-05 Image 10 add_9_crop_000.png,train,2,trophozoite,517,909,588,979,ground_truth
images/Trip 062 Day 1 02-11-05 Image 11 add_1.png,Trip 062 Day 1 02-11-05 Image 11 add_1_crop_000.png,train,1,schizont,215,101,306,197,ground_truth
images/Trip 062 Day 1 02-11-05 Image 11 add_1.png,Trip 062 Day 1 02-11-05 Image 11 add_1_crop_001.png,train,2,trophozoite,388,198,459,268,ground_truth
images/Trip 062 Day 1 02-11-05 Image 11 add_1.png,Trip 062 Day 1 02-11-05 Image 11 add_1_crop_002.png,train,1,schizont,609,487,700,583,ground_truth
images/Trip 062 Day 1 02-11-05 Image 11 add_1.png,Trip 062 Day 1 02-11-05 Image 11 add_1_crop_003.png,train,0,ring,928,832,969,868,ground_truth
images/Trip 062 Day 1 02-11-05 Image 11 add_1.png,Trip 062 Day 1 02-11-05 Image 11 add_1_crop_004.png,train,2,trophozoite,917,919,988,989,ground_truth
images/Trip 062 Day 1 02-11-05 Image 11 add_10.png,Trip 062 Day 1 02-11-05 Image 11 add_10_crop_000.png,train,0,ring,455,307,495,342,ground_truth
images/Trip 062 Day 1 02-11-05 Image 11 add_10.png,Trip 062 Day 1 02-11-05 Image 11 add_10_crop_001.png,train,1,schizont,436,75,527,171,ground_truth
images/Trip 062 Day 1 02-11-05 Image 11 add_11.png,Trip 062 Day 1 02-11-05 Image 11 add_11_crop_000.png,train,0,ring,1224,643,1264,679,ground_truth
images/Trip 062 Day 1 02-11-05 Image 11 add_11.png,Trip 062 Day 1 02-11-05 Image 11 add_11_crop_001.png,train,1,schizont,432,424,523,520,ground_truth
images/Trip 062 Day 1 02-11-05 Image 11 add_11.png,Trip 062 Day 1 02-11-05 Image 11 add_11_crop_002.png,train,1,schizont,326,559,417,655,ground_truth
images/Trip 062 Day 1 02-11-05 Image 11 add_11.png,Trip 062 Day 1 02-11-05 Image 11 add_11_crop_003.png,train,0,ring,1071,825,1111,861,ground_truth
images/Trip 062 Day 1 02-11-05 Image 11 add_13.png,Trip 062 Day 1 02-11-05 Image 11 add_13_crop_000.png,train,0,ring,195,79,235,115,ground_truth
images/Trip 062 Day 1 02-11-05 Image 11 add_13.png,Trip 062 Day 1 02-11-05 Image 11 add_13_crop_001.png,train,2,trophozoite,95,502,166,572,ground_truth
images/Trip 062 Day 1 02-11-05 Image 11 add_13.png,Trip 062 Day 1 02-11-05 Image 11 add_13_crop_002.png,train,2,trophozoite,576,232,647,302,ground_truth
images/Trip 062 Day 1 02-11-05 Image 11 add_14.png,Trip 062 Day 1 02-11-05 Image 11 add_14_crop_000.png,val,2,trophozoite,513,112,584,182,ground_truth
images/Trip 062 Day 1 02-11-05 Image 11 add_14.png,Trip 062 Day 1 02-11-05 Image 11 add_14_crop_001.png,val,1,schizont,338,271,429,367,ground_truth
images/Trip 062 Day 1 02-11-05 Image 11 add_14.png,Trip 062 Day 1 02-11-05 Image 11 add_14_crop_002.png,val,0,ring,986,1000,1026,1030,ground_truth
images/Trip 062 Day 1 02-11-05 Image 11 add_15.png,Trip 062 Day 1 02-11-05 Image 11 add_15_crop_000.png,val,0,ring,455,839,495,874,ground_truth
images/Trip 062 Day 1 02-11-05 Image 11 add_15.png,Trip 062 Day 1 02-11-05 Image 11 add_15_crop_001.png,val,0,ring,1151,556,1191,592,ground_truth
images/Trip 062 Day 1 02-11-05 Image 11 add_15.png,Trip 062 Day 1 02-11-05 Image 11 add_15_crop_002.png,val,2,trophozoite,804,0,875,61,ground_truth
images/Trip 062 Day 1 02-11-05 Image 11 add_2.png,Trip 062 Day 1 02-11-05 Image 11 add_2_crop_000.png,train,0,ring,1219,638,1259,673,ground_truth
images/Trip 062 Day 1 02-11-05 Image 11 add_4.png,Trip 062 Day 1 02-11-05 Image 11 add_4_crop_000.png,val,2,trophozoite,0,0,61,55,ground_truth
images/Trip 062 Day 1 02-11-05 Image 11 add_4.png,Trip 062 Day 1 02-11-05 Image 11 add_4_crop_001.png,val,0,ring,1181,251,1222,286,ground_truth
images/Trip 062 Day 1 02-11-05 Image 11 add_5.png,Trip 062 Day 1 02-11-05 Image 11 add_5_crop_000.png,train,2,trophozoite,237,362,308,432,ground_truth
images/Trip 062 Day 1 02-11-05 Image 11 add_5.png,Trip 062 Day 1 02-11-05 Image 11 add_5_crop_001.png,train,0,ring,380,922,421,958,ground_truth
images/Trip 062 Day 1 02-11-05 Image 11 add_7.png,Trip 062 Day 1 02-11-05 Image 11 add_7_crop_000.png,train,1,schizont,692,346,783,442,ground_truth
images/Trip 062 Day 1 02-11-05 Image 11 add_7.png,Trip 062 Day 1 02-11-05 Image 11 add_7_crop_001.png,train,1,schizont,901,171,992,267,ground_truth
images/Trip 062 Day 1 02-11-05 Image 3_1.png,Trip 062 Day 1 02-11-05 Image 3_1_crop_000.png,train,1,schizont,208,770,299,866,ground_truth
images/Trip 062 Day 1 02-11-05 Image 3_1.png,Trip 062 Day 1 02-11-05 Image 3_1_crop_001.png,train,1,schizont,1011,429,1102,525,ground_truth
images/Trip 062 Day 1 02-11-05 Image 3_1.png,Trip 062 Day 1 02-11-05 Image 3_1_crop_002.png,train,2,trophozoite,270,448,341,517,ground_truth
images/Trip 062 Day 1 02-11-05 Image 3_1.png,Trip 062 Day 1 02-11-05 Image 3_1_crop_003.png,train,0,ring,1118,152,1159,188,ground_truth
images/Trip 062 Day 1 02-11-05 Image 3_1.png,Trip 062 Day 1 02-11-05 Image 3_1_crop_004.png,train,0,ring,937,425,977,460,ground_truth
images/Trip 062 Day 1 02-11-05 Image 3_10.png,Trip 062 Day 1 02-11-05 Image 3_10_crop_000.png,val,2,trophozoite,760,215,831,285,ground_truth
images/Trip 062 Day 1 02-11-05 Image 3_10.png,Trip 062 Day 1 02-11-05 Image 3_10_crop_001.png,val,2,trophozoite,1070,800,1141,870,ground_truth
images/Trip 062 Day 1 02-11-05 Image 3_11.png,Trip 062 Day 1 02-11-05 Image 3_11_crop_000.png,train,0,ring,696,759,736,794,ground_truth
images/Trip 062 Day 1 02-11-05 Image 3_11.png,Trip 062 Day 1 02-11-05 Image 3_11_crop_001.png,train,1,schizont,592,793,683,889,ground_truth
images/Trip 062 Day 1 02-11-05 Image 3_12.png,Trip 062 Day 1 02-11-05 Image 3_12_crop_000.png,train,0,ring,1100,670,1140,705,ground_truth
images/Trip 062 Day 1 02-11-05 Image 3_12.png,Trip 062 Day 1 02-11-05 Image 3_12_crop_001.png,train,2,trophozoite,477,903,548,973,ground_truth
images/Trip 062 Day 1 02-11-05 Image 3_12.png,Trip 062 Day 1 02-11-05 Image 3_12_crop_002.png,train,2,trophozoite,607,802,678,872,ground_truth
images/Trip 062 Day 1 02-11-05 Image 3_13.png,Trip 062 Day 1 02-11-05 Image 3_13_crop_000.png,test,2,trophozoite,908,68,979,137,ground_truth
images/Trip 062 Day 1 02-11-05 Image 3_13.png,Trip 062 Day 1 02-11-05 Image 3_13_crop_001.png,test,0,ring,0,342,32,378,ground_truth
images/Trip 062 Day 1 02-11-05 Image 3_14.png,Trip 062 Day 1 02-11-05 Image 3_14_crop_000.png,train,2,trophozoite,843,768,914,838,ground_truth
images/Trip 062 Day 1 02-11-05 Image 3_15.png,Trip 062 Day 1 02-11-05 Image 3_15_crop_000.png,train,0,ring,327,476,368,512,ground_truth
images/Trip 062 Day 1 02-11-05 Image 3_15.png,Trip 062 Day 1 02-11-05 Image 3_15_crop_001.png,train,0,ring,373,762,414,798,ground_truth
images/Trip 062 Day 1 02-11-05 Image 3_15.png,Trip 062 Day 1 02-11-05 Image 3_15_crop_002.png,train,0,ring,679,976,719,1012,ground_truth
images/Trip 062 Day 1 02-11-05 Image 3_15.png,Trip 062 Day 1 02-11-05 Image 3_15_crop_003.png,train,1,schizont,1235,34,1326,130,ground_truth
images/Trip 062 Day 1 02-11-05 Image 3_3.png,Trip 062 Day 1 02-11-05 Image 3_3_crop_000.png,train,0,ring,1061,307,1101,342,ground_truth
images/Trip 062 Day 1 02-11-05 Image 3_4.png,Trip 062 Day 1 02-11-05 Image 3_4_crop_000.png,train,0,ring,375,587,415,623,ground_truth
images/Trip 062 Day 1 02-11-05 Image 3_5.png,Trip 062 Day 1 02-11-05 Image 3_5_crop_000.png,train,2,trophozoite,125,844,196,913,ground_truth
images/Trip 062 Day 1 02-11-05 Image 3_6.png,Trip 062 Day 1 02-11-05 Image 3_6_crop_000.png,train,1,schizont,63,246,154,342,ground_truth
images/Trip 062 Day 1 02-11-05 Image 3_6.png,Trip 062 Day 1 02-11-05 Image 3_6_crop_001.png,train,2,trophozoite,296,657,367,727,ground_truth
images/Trip 062 Day 1 02-11-05 Image 3_6.png,Trip 062 Day 1 02-11-05 Image 3_6_crop_002.png,train,0,ring,754,912,794,948,ground_truth
images/Trip 062 Day 1 02-11-05 Image 3_7.png,Trip 062 Day 1 02-11-05 Image 3_7_crop_000.png,train,1,schizont,102,0,193,80,ground_truth
images/Trip 062 Day 1 02-11-05 Image 3_7.png,Trip 062 Day 1 02-11-05 Image 3_7_crop_001.png,train,2,trophozoite,728,855,799,925,ground_truth
images/Trip 062 Day 1 02-11-05 Image 3_7.png,Trip 062 Day 1 02-11-05 Image 3_7_crop_002.png,train,1,schizont,1310,97,1382,193,ground_truth
images/Trip 062 Day 1 02-11-05 Image 3_8.png,Trip 062 Day 1 02-11-05 Image 3_8_crop_000.png,train,1,schizont,115,461,206,557,ground_truth
images/Trip 062 Day 1 02-11-05 Image 3_9.png,Trip 062 Day 1 02-11-05 Image 3_9_crop_000.png,train,0,ring,246,733,286,768,ground_truth
images/Trip 062 Day 1 02-11-05 Image 3_9.png,Trip 062 Day 1 02-11-05 Image 3_9_crop_001.png,train,0,ring,737,845,777,880,ground_truth
images/Trip 062 Day 1 02-11-05 Image 3_9.png,Trip 062 Day 1 02-11-05 Image 3_9_crop_002.png,train,0,ring,969,453,1010,489,ground_truth
images/Trip 062 Day 1 02-11-05 Image 9 add_1.png,Trip 062 Day 1 02-11-05 Image 9 add_1_crop_000.png,val,1,schizont,1139,500,1230,596,ground_truth
images/Trip 062 Day 1 02-11-05 Image 9 add_1.png,Trip 062 Day 1 02-11-05 Image 9 add_1_crop_001.png,val,1,schizont,73,391,164,487,ground_truth
images/Trip 062 Day 1 02-11-05 Image 9 add_1.png,Trip 062 Day 1 02-11-05 Image 9 add_1_crop_002.png,val,1,schizont,722,140,813,236,ground_truth
images/Trip 062 Day 1 02-11-05 Image 9 add_10.png,Trip 062 Day 1 02-11-05 Image 9 add_10_crop_000.png,val,1,schizont,1184,275,1275,371,ground_truth
images/Trip 062 Day 1 02-11-05 Image 9 add_10.png,Trip 062 Day 1 02-11-05 Image 9 add_10_crop_001.png,val,0,ring,730,782,770,817,ground_truth
images/Trip 062 Day 1 02-11-05 Image 9 add_12.png,Trip 062 Day 1 02-11-05 Image 9 add_12_crop_000.png,train,2,trophozoite,1297,364,1368,434,ground_truth
images/Trip 062 Day 1 02-11-05 Image 9 add_12.png,Trip 062 Day 1 02-11-05 Image 9 add_12_crop_001.png,train,2,trophozoite,458,665,529,735,ground_truth
images/Trip 062 Day 1 02-11-05 Image 9 add_13.png,Trip 062 Day 1 02-11-05 Image 9 add_13_crop_000.png,train,0,ring,762,214,802,250,ground_truth
images/Trip 062 Day 1 02-11-05 Image 9 add_13.png,Trip 062 Day 1 02-11-05 Image 9 add_13_crop_001.png,train,0,ring,711,998,751,1029,ground_truth
images/Trip 062 Day 1 02-11-05 Image 9 add_14.png,Trip 062 Day 1 02-11-05 Image 9 add_14_crop_000.png,train,1,schizont,1188,1,1279,97,ground_truth
images/Trip 062 Day 1 02-11-05 Image 9 add_15.png,Trip 062 Day 1 02-11-05 Image 9 add_15_crop_000.png,train,2,trophozoite,670,744,741,814,ground_truth
images/Trip 062 Day 1 02-11-05 Image 9 add_15.png,Trip 062 Day 1 02-11-05 Image 9 add_15_crop_001.png,train,2,trophozoite,1135,285,1206,355,ground_truth
images/Trip 062 Day 1 02-11-05 Image 9 add_2.png,Trip 062 Day 1 02-11-05 Image 9 add_2_crop_000.png,test,1,schizont,927,613,1018,709,ground_truth
images/Trip 062 Day 1 02-11-05 Image 9 add_2.png,Trip 062 Day 1 02-11-05 Image 9 add_2_crop_001.png,test,0,ring,1173,490,1213,525,ground_truth
images/Trip 062 Day 1 02-11-05 Image 9 add_2.png,Trip 062 Day 1 02-11-05 Image 9 add_2_crop_002.png,test,1,schizont,1108,0,1199,73,ground_truth
images/Trip 062 Day 1 02-11-05 Image 9 add_3.png,Trip 062 Day 1 02-11-05 Image 9 add_3_crop_000.png,train,1,schizont,1087,138,1178,234,ground_truth
images/Trip 062 Day 1 02-11-05 Image 9 add_3.png,Trip 062 Day 1 02-11-05 Image 9 add_3_crop_001.png,train,2,trophozoite,698,406,769,476,ground_truth
images/Trip 062 Day 1 02-11-05 Image 9 add_4.png,Trip 062 Day 1 02-11-05 Image 9 add_4_crop_000.png,train,0,ring,840,553,881,588,ground_truth
images/Trip 062 Day 1 02-11-05 Image 9 add_4.png,Trip 062 Day 1 02-11-05 Image 9 add_4_crop_001.png,train,2,trophozoite,706,797,777,866,ground_truth
images/Trip 062 Day 1 02-11-05 Image 9 add_5.png,Trip 062 Day 1 02-11-05 Image 9 add_5_crop_000.png,test,2,trophozoite,1004,833,1075,903,ground_truth
images/Trip 062 Day 1 02-11-05 Image 9 add_5.png,Trip 062 Day 1 02-11-05 Image 9 add_5_crop_001.png,test,1,schizont,438,963,529,1030,ground_truth
images/Trip 062 Day 1 02-11-05 Image 9 add_6.png,Trip 062 Day 1 02-11-05 Image 9 add_6_crop_000.png,val,2,trophozoite,0,211,71,280,ground_truth
images/Trip 062 Day 1 02-11-05 Image 9 add_6.png,Trip 062 Day 1 02-11-05 Image 9 add_6_crop_001.png,val,0,ring,49,699,89,735,ground_truth
images/Trip 062 Day 1 02-11-05 Image 9 add_6.png,Trip 062 Day 1 02-11-05 Image 9 add_6_crop_002.png,val,0,ring,1071,210,1112,245,ground_truth
images/Trip 062 Day 1 02-11-05 Image 9 add_7.png,Trip 062 Day 1 02-11-05 Image 9 add_7_crop_000.png,val,1,schizont,45,518,136,614,ground_truth
images/Trip 062 Day 1 02-11-05 Image 9 add_8.png,Trip 062 Day 1 02-11-05 Image 9 add_8_crop_000.png,test,2,trophozoite,400,150,471,220,ground_truth
images/Trip 062 Day 1 02-11-05 Image 9 add_8.png,Trip 062 Day 1 02-11-05 Image 9 add_8_crop_001.png,test,1,schizont,760,236,851,333,ground_truth
images/Trip 062 Day 1 02-11-05 Image 9 add_8.png,Trip 062 Day 1 02-11-05 Image 9 add_8_crop_002.png,test,1,schizont,887,390,978,486,ground_truth
images/Trip 062 Day 1 02-11-05 Image 9 add_9.png,Trip 062 Day 1 02-11-05 Image 9 add_9_crop_000.png,val,0,ring,847,490,887,525,ground_truth
images/Trip 062 Day 1 02-11-05 Image 9 add_9.png,Trip 062 Day 1 02-11-05 Image 9 add_9_crop_001.png,val,2,trophozoite,724,832,795,902,ground_truth
images/Trip 062 Day 1 02-11-05 Image 9 add_9.png,Trip 062 Day 1 02-11-05 Image 9 add_9_crop_002.png,val,1,schizont,455,0,546,59,ground_truth
images/Trip 064 Day 2 25-11-05 Image 5_1.png,Trip 064 Day 2 25-11-05 Image 5_1_crop_000.png,train,1,schizont,687,905,778,1001,ground_truth
images/Trip 064 Day 2 25-11-05 Image 5_1.png,Trip 064 Day 2 25-11-05 Image 5_1_crop_001.png,train,1,schizont,389,106,480,202,ground_truth
images/Trip 064 Day 2 25-11-05 Image 5_1.png,Trip 064 Day 2 25-11-05 Image 5_1_crop_002.png,train,1,schizont,984,122,1075,218,ground_truth
images/Trip 064 Day 2 25-11-05 Image 5_1.png,Trip 064 Day 2 25-11-05 Image 5_1_crop_003.png,train,1,schizont,924,661,1015,757,ground_truth
images/Trip 064 Day 2 25-11-05 Image 5_1.png,Trip 064 Day 2 25-11-05 Image 5_1_crop_004.png,train,1,schizont,179,235,270,331,ground_truth
images/Trip 064 Day 2 25-11-05 Image 5_10.png,Trip 064 Day 2 25-11-05 Image 5_10_crop_000.png,train,2,trophozoite,1296,785,1367,855,ground_truth
images/Trip 064 Day 2 25-11-05 Image 5_10.png,Trip 064 Day 2 25-11-05 Image 5_10_crop_001.png,train,2,trophozoite,236,856,307,926,ground_truth
images/Trip 064 Day 2 25-11-05 Image 5_10.png,Trip 064 Day 2 25-11-05 Image 5_10_crop_002.png,train,1,schizont,540,394,631,490,ground_truth
images/Trip 064 Day 2 25-11-05 Image 5_11.png,Trip 064 Day 2 25-11-05 Image 5_11_crop_000.png,train,1,schizont,285,16,376,112,ground_truth
images/Trip 064 Day 2 25-11-05 Image 5_11.png,Trip 064 Day 2 25-11-05 Image 5_11_crop_001.png,train,0,ring,809,72,850,108,ground_truth
images/Trip 064 Day 2 25-11-05 Image 5_11.png,Trip 064 Day 2 25-11-05 Image 5_11_crop_002.png,train,2,trophozoite,56,620,127,690,ground_truth
images/Trip 064 Day 2 25-11-05 Image 5_11.png,Trip 064 Day 2 25-11-05 Image 5_11_crop_003.png,train,2,trophozoite,1185,683,1256,753,ground_truth
images/Trip 064 Day 2 25-11-05 Image 5_11.png,Trip 064 Day 2 25-11-05 Image 5_11_crop_004.png,train,2,trophozoite,549,898,620,968,ground_truth
images/Trip 064 Day 2 25-11-05 Image 5_11.png,Trip 064 Day 2 25-11-05 Image 5_11_crop_005.png,train,2,trophozoite,369,657,440,727,ground_truth
images/Trip 064 Day 2 25-11-05 Image 5_11.png,Trip 064 Day 2 25-11-05 Image 5_11_crop_006.png,train,1,schizont,325,129,416,225,ground_truth
images/Trip 064 Day 2 25-11-05 Image 5_11.png,Trip 064 Day 2 25-11-05 Image 5_11_crop_007.png,train,0,ring,46,1,86,37,ground_truth
images/Trip 064 Day 2 25-11-05 Image 5_12.png,Trip 064 Day 2 25-11-05 Image 5_12_crop_000.png,train,0,ring,1089,323,1130,358,ground_truth
images/Trip 064 Day 2 25-11-05 Image 5_12.png,Trip 064 Day 2 25-11-05 Image 5_12_crop_001.png,train,2,trophozoite,813,356,884,426,ground_truth
images/Trip 064 Day 2 25-11-05 Image 5_12.png,Trip 064 Day 2 25-11-05 Image 5_12_crop_002.png,train,1,schizont,322,196,413,292,ground_truth
images/Trip 064 Day 2 25-11-05 Image 5_13.png,Trip 064 Day 2 25-11-05 Image 5_13_crop_000.png,train,1,schizont,999,156,1090,252,ground_truth
images/Trip 064 Day 2 25-11-05 Image 5_13.png,Trip 064 Day 2 25-11-05 Image 5_13_crop_001.png,train,1,schizont,1032,965,1123,1030,ground_truth
images/Trip 064 Day 2 25-11-05 Image 5_15.png,Trip 064 Day 2 25-11-05 Image 5_15_crop_000.png,val,1,schizont,1314,814,1382,910,ground_truth
images/Trip 064 Day 2 25-11-05 Image 5_15.png,Trip 064 Day 2 25-11-05 Image 5_15_crop_001.png,val,1,schizont,1040,515,1131,611,ground_truth
images/Trip 064 Day 2 25-11-05 Image 5_15.png,Trip 064 Day 2 25-11-05 Image 5_15_crop_002.png,val,2,trophozoite,919,343,990,413,ground_truth
images/Trip 064 Day 2 25-11-05 Image 5_16.png,Trip 064 Day 2 25-11-05 Image 5_16_crop_000.png,val,1,schizont,177,947,268,1030,ground_truth
images/Trip 064 Day 2 25-11-05 Image 5_16.png,Trip 064 Day 2 25-11-05 Image 5_16_crop_001.png,val,1,schizont,32,104,123,200,ground_truth
images/Trip 064 Day 2 25-11-05 Image 5_16.png,Trip 064 Day 2 25-11-05 Image 5_16_crop_002.png,val,1,schizont,1168,130,1259,226,ground_truth
images/Trip 064 Day 2 25-11-05 Image 5_16.png,Trip 064 Day 2 25-11-05 Image 5_16_crop_003.png,val,2,trophozoite,982,480,1053,549,ground_truth
images/Trip 064 Day 2 25-11-05 Image 5_16.png,Trip 064 Day 2 25-11-05 Image 5_16_crop_004.png,val,2,trophozoite,1031,406,1102,476,ground_truth
images/Trip 064 Day 2 25-11-05 Image 5_16.png,Trip 064 Day 2 25-11-05 Image 5_16_crop_005.png,val,2,trophozoite,803,712,874,782,ground_truth
images/Trip 064 Day 2 25-11-05 Image 5_2.png,Trip 064 Day 2 25-11-05 Image 5_2_crop_000.png,train,2,trophozoite,1197,40,1268,110,ground_truth
images/Trip 064 Day 2 25-11-05 Image 5_2.png,Trip 064 Day 2 25-11-05 Image 5_2_crop_001.png,train,1,schizont,174,711,265,807,ground_truth
images/Trip 064 Day 2 25-11-05 Image 5_3.png,Trip 064 Day 2 25-11-05 Image 5_3_crop_000.png,val,0,ring,613,631,653,666,ground_truth
images/Trip 064 Day 2 25-11-05 Image 5_3.png,Trip 064 Day 2 25-11-05 Image 5_3_crop_001.png,val,0,ring,1356,60,1382,95,ground_truth
images/Trip 064 Day 2 25-11-05 Image 5_3.png,Trip 064 Day 2 25-11-05 Image 5_3_crop_002.png,val,0,ring,1356,60,1382,95,ground_truth
images/Trip 064 Day 2 25-11-05 Image 5_3.png,Trip 064 Day 2 25-11-05 Image 5_3_crop_003.png,val,2,trophozoite,155,539,226,609,ground_truth
images/Trip 064 Day 2 25-11-05 Image 5_3.png,Trip 064 Day 2 25-11-05 Image 5_3_crop_004.png,val,1,schizont,208,185,299,281,ground_truth
images/Trip 064 Day 2 25-11-05 Image 5_3.png,Trip 064 Day 2 25-11-05 Image 5_3_crop_005.png,val,1,schizont,21,151,112,247,ground_truth
images/Trip 064 Day 2 25-11-05 Image 5_4.png,Trip 064 Day 2 25-11-05 Image 5_4_crop_000.png,val,1,schizont,340,228,431,325,ground_truth
images/Trip 064 Day 2 25-11-05 Image 5_4.png,Trip 064 Day 2 25-11-05 Image 5_4_crop_001.png,val,0,ring,117,904,157,940,ground_truth
images/Trip 064 Day 2 25-11-05 Image 5_4.png,Trip 064 Day 2 25-11-05 Image 5_4_crop_002.png,val,2,trophozoite,995,90,1066,160,ground_truth
images/Trip 064 Day 2 25-11-05 Image 5_4.png,Trip 064 Day 2 25-11-05 Image 5_4_crop_003.png,val,2,trophozoite,752,189,823,259,ground_truth
images/Trip 064 Day 2 25-11-05 Image 5_4.png,Trip 064 Day 2 25-11-05 Image 5_4_crop_004.png,val,2,trophozoite,0,40,46,110,ground_truth
images/Trip 064 Day 2 25-11-05 Image 5_4.png,Trip 064 Day 2 25-11-05 Image 5_4_crop_005.png,val,0,ring,180,287,220,323,ground_truth
images/Trip 064 Day 2 25-11-05 Image 5_5.png,Trip 064 Day 2 25-11-05 Image 5_5_crop_000.png,train,0,ring,76,490,117,525,ground_truth
images/Trip 064 Day 2 25-11-05 Image 5_5.png,Trip 064 Day 2 25-11-05 Image 5_5_crop_001.png,train,0,ring,106,963,147,998,ground_truth
images/Trip 064 Day 2 25-11-05 Image 5_5.png,Trip 064 Day 2 25-11-05 Image 5_5_crop_002.png,train,0,ring,535,576,575,611,ground_truth
images/Trip 064 Day 2 25-11-05 Image 5_5.png,Trip 064 Day 2 25-11-05 Image 5_5_crop_003.png,train,2,trophozoite,377,385,448,454,ground_truth
images/Trip 064 Day 2 25-11-05 Image 5_5.png,Trip 064 Day 2 25-11-05 Image 5_5_crop_004.png,train,2,trophozoite,1035,793,1106,863,ground_truth
images/Trip 064 Day 2 25-11-05 Image 5_5.png,Trip 064 Day 2 25-11-05 Image 5_5_crop_005.png,train,1,schizont,714,434,805,531,ground_truth
images/Trip 064 Day 2 25-11-05 Image 5_5.png,Trip 064 Day 2 25-11-05 Image 5_5_crop_006.png,train,1,schizont,0,263,77,359,ground_truth
images/Trip 064 Day 2 25-11-05 Image 5_5.png,Trip 064 Day 2 25-11-05 Image 5_5_crop_007.png,train,1,schizont,470,870,561,967,ground_truth
images/Trip 064 Day 2 25-11-05 Image 5_6.png,Trip 064 Day 2 25-11-05 Image 5_6_crop_000.png,train,1,schizont,166,906,257,1002,ground_truth
images/Trip 064 Day 2 25-11-05 Image 5_6.png,Trip 064 Day 2 25-11-05 Image 5_6_crop_001.png,train,1,schizont,963,623,1054,719,ground_truth
images/Trip 064 Day 2 25-11-05 Image 5_6.png,Trip 064 Day 2 25-11-05 Image 5_6_crop_002.png,train,2,trophozoite,452,220,523,290,ground_truth
images/Trip 064 Day 2 25-11-05 Image 5_6.png,Trip 064 Day 2 25-11-05 Image 5_6_crop_003.png,train,1,schizont,1304,890,1382,986,ground_truth
images/Trip 064 Day 2 25-11-05 Image 5_6.png,Trip 064 Day 2 25-11-05 Image 5_6_crop_004.png,train,1,schizont,998,945,1089,1029,ground_truth
images/Trip 064 Day 2 25-11-05 Image 5_6.png,Trip 064 Day 2 25-11-05 Image 5_6_crop_005.png,train,1,schizont,451,431,542,527,ground_truth
images/Trip 064 Day 2 25-11-05 Image 5_6.png,Trip 064 Day 2 25-11-05 Image 5_6_crop_006.png,train,1,schizont,355,464,446,560,ground_truth
images/Trip 064 Day 2 25-11-05 Image 5_6.png,Trip 064 Day 2 25-11-05 Image 5_6_crop_007.png,train,1,schizont,1134,743,1225,840,ground_truth
images/Trip 064 Day 2 25-11-05 Image 5_6.png,Trip 064 Day 2 25-11-05 Image 5_6_crop_008.png,train,2,trophozoite,1306,649,1377,719,ground_truth
images/Trip 064 Day 2 25-11-05 Image 5_7.png,Trip 064 Day 2 25-11-05 Image 5_7_crop_000.png,train,1,schizont,109,878,200,975,ground_truth
images/Trip 064 Day 2 25-11-05 Image 5_7.png,Trip 064 Day 2 25-11-05 Image 5_7_crop_001.png,train,1,schizont,434,463,525,559,ground_truth
images/Trip 064 Day 2 25-11-05 Image 5_7.png,Trip 064 Day 2 25-11-05 Image 5_7_crop_002.png,train,0,ring,185,97,225,133,ground_truth
images/Trip 064 Day 2 25-11-05 Image 5_7.png,Trip 064 Day 2 25-11-05 Image 5_7_crop_003.png,train,0,ring,185,97,225,133,ground_truth
images/Trip 064 Day 2 25-11-05 Image 5_7.png,Trip 064 Day 2 25-11-05 Image 5_7_crop_004.png,train,2,trophozoite,545,507,616,577,ground_truth
images/Trip 064 Day 2 25-11-05 Image 5_7.png,Trip 064 Day 2 25-11-05 Image 5_7_crop_005.png,train,2,trophozoite,548,860,619,929,ground_truth
images/Trip 064 Day 2 25-11-05 Image 5_8.png,Trip 064 Day 2 25-11-05 Image 5_8_crop_000.png,val,1,schizont,1188,235,1279,331,ground_truth
images/Trip 064 Day 2 25-11-05 Image 5_8.png,Trip 064 Day 2 25-11-05 Image 5_8_crop_001.png,val,0,ring,617,849,658,885,ground_truth
images/Trip 064 Day 2 25-11-05 Image 5_8.png,Trip 064 Day 2 25-11-05 Image 5_8_crop_002.png,val,0,ring,617,849,658,885,ground_truth
images/Trip 064 Day 2 25-11-05 Image 5_8.png,Trip 064 Day 2 25-11-05 Image 5_8_crop_003.png,val,2,trophozoite,154,438,225,508,ground_truth
images/Trip 064 Day 2 25-11-05 Image 5_8.png,Trip 064 Day 2 25-11-05 Image 5_8_crop_004.png,val,2,trophozoite,808,0,879,68,ground_truth
images/Trip 064 Day 2 25-11-05 Image 5_8.png,Trip 064 Day 2 25-11-05 Image 5_8_crop_005.png,val,0,ring,1139,500,1179,536,ground_truth
images/Trip 064 Day 2 25-11-05 Image 5_8.png,Trip 064 Day 2 25-11-05 Image 5_8_crop_006.png,val,0,ring,1243,624,1283,659,ground_truth
images/Trip 064 Day 2 25-11-05 Image 5_9.png,Trip 064 Day 2 25-11-05 Image 5_9_crop_000.png,train,2,trophozoite,292,0,363,66,ground_truth
images/Trip 064 Day 2 25-11-05 Image 5_9.png,Trip 064 Day 2 25-11-05 Image 5_9_crop_001.png,train,2,trophozoite,697,616,768,686,ground_truth
images/Trip 064 Day 2 25-11-05 Image 5_9.png,Trip 064 Day 2 25-11-05 Image 5_9_crop_002.png,train,1,schizont,669,48,760,144,ground_truth
images/Trip 064 Day 2 25-11-05 Image 7_1.png,Trip 064 Day 2 25-11-05 Image 7_1_crop_000.png,train,1,schizont,758,798,849,894,ground_truth
images/Trip 064 Day 2 25-11-05 Image 7_1.png,Trip 064 Day 2 25-11-05 Image 7_1_crop_001.png,train,1,schizont,708,461,799,557,ground_truth
images/Trip 064 Day 2 25-11-05 Image 7_1.png,Trip 064 Day 2 25-11-05 Image 7_1_crop_002.png,train,2,trophozoite,11,5,82,74,ground_truth
images/Trip 064 Day 2 25-11-05 Image 7_1.png,Trip 064 Day 2 25-11-05 Image 7_1_crop_003.png,train,2,trophozoite,240,29,311,98,ground_truth
images/Trip 064 Day 2 25-11-05 Image 7_10.png,Trip 064 Day 2 25-11-05 Image 7_10_crop_000.png,train,0,ring,859,747,899,783,ground_truth
images/Trip 064 Day 2 25-11-05 Image 7_10.png,Trip 064 Day 2 25-11-05 Image 7_10_crop_001.png,train,2,trophozoite,1030,181,1101,251,ground_truth
images/Trip 064 Day 2 25-11-05 Image 7_10.png,Trip 064 Day 2 25-11-05 Image 7_10_crop_002.png,train,1,schizont,259,325,350,421,ground_truth
images/Trip 064 Day 2 25-11-05 Image 7_10.png,Trip 064 Day 2 25-11-05 Image 7_10_crop_003.png,train,1,schizont,4,899,95,995,ground_truth
images/Trip 064 Day 2 25-11-05 Image 7_10.png,Trip 064 Day 2 25-11-05 Image 7_10_crop_004.png,train,0,ring,1225,625,1266,660,ground_truth
images/Trip 064 Day 2 25-11-05 Image 7_11.png,Trip 064 Day 2 25-11-05 Image 7_11_crop_000.png,train,1,schizont,1183,810,1274,906,ground_truth
images/Trip 064 Day 2 25-11-05 Image 7_11.png,Trip 064 Day 2 25-11-05 Image 7_11_crop_001.png,train,0,ring,894,746,935,782,ground_truth
images/Trip 064 Day 2 25-11-05 Image 7_12.png,Trip 064 Day 2 25-11-05 Image 7_12_crop_000.png,train,1,schizont,184,517,275,613,ground_truth
images/Trip 064 Day 2 25-11-05 Image 7_12.png,Trip 064 Day 2 25-11-05 Image 7_12_crop_001.png,train,1,schizont,1186,120,1277,216,ground_truth
images/Trip 064 Day 2 25-11-05 Image 7_12.png,Trip 064 Day 2 25-11-05 Image 7_12_crop_002.png,train,1,schizont,938,977,1029,1030,ground_truth
images/Trip 064 Day 2 25-11-05 Image 7_13.png,Trip 064 Day 2 25-11-05 Image 7_13_crop_000.png,train,2,trophozoite,1167,777,1238,847,ground_truth
images/Trip 064 Day 2 25-11-05 Image 7_13.png,Trip 064 Day 2 25-11-05 Image 7_13_crop_001.png,train,2,trophozoite,659,131,730,200,ground_truth
images/Trip 064 Day 2 25-11-05 Image 7_13.png,Trip 064 Day 2 25-11-05 Image 7_13_crop_002.png,train,2,trophozoite,1015,625,1086,695,ground_truth
images/Trip 064 Day 2 25-11-05 Image 7_13.png,Trip 064 Day 2 25-11-05 Image 7_13_crop_003.png,train,1,schizont,267,307,358,403,ground_truth
images/Trip 064 Day 2 25-11-05 Image 7_14.png,Trip 064 Day 2 25-11-05 Image 7_14_crop_000.png,train,1,schizont,489,835,580,931,ground_truth
images/Trip 064 Day 2 25-11-05 Image 7_14.png,Trip 064 Day 2 25-11-05 Image 7_14_crop_001.png,train,2,trophozoite,41,201,112,271,ground_truth
images/Trip 064 Day 2 25-11-05 Image 7_14.png,Trip 064 Day 2 25-11-05 Image 7_14_crop_002.png,train,0,ring,397,29,437,64,ground_truth
images/Trip 064 Day 2 25-11-05 Image 7_15.png,Trip 064 Day 2 25-11-05 Image 7_15_crop_000.png,train,1,schizont,1264,43,1355,139,ground_truth
images/Trip 064 Day 2 25-11-05 Image 7_15.png,Trip 064 Day 2 25-11-05 Image 7_15_crop_001.png,train,1,schizont,56,463,147,559,ground_truth
images/Trip 064 Day 2 25-11-05 Image 7_15.png,Trip 064 Day 2 25-11-05 Image 7_15_crop_002.png,train,1,schizont,281,920,372,1016,ground_truth
images/Trip 064 Day 2 25-11-05 Image 7_16.png,Trip 064 Day 2 25-11-05 Image 7_16_crop_000.png,train,1,schizont,6,161,97,257,ground_truth
images/Trip 064 Day 2 25-11-05 Image 7_16.png,Trip 064 Day 2 25-11-05 Image 7_16_crop_001.png,train,2,trophozoite,950,0,1021,59,ground_truth
images/Trip 064 Day 2 25-11-05 Image 7_16.png,Trip 064 Day 2 25-11-05 Image 7_16_crop_002.png,train,1,schizont,0,271,78,367,ground_truth
images/Trip 064 Day 2 25-11-05 Image 7_2.png,Trip 064 Day 2 25-11-05 Image 7_2_crop_000.png,train,1,schizont,1098,274,1189,370,ground_truth
images/Trip 064 Day 2 25-11-05 Image 7_2.png,Trip 064 Day 2 25-11-05 Image 7_2_crop_001.png,train,2,trophozoite,576,862,647,932,ground_truth
images/Trip 064 Day 2 25-11-05 Image 7_3.png,Trip 064 Day 2 25-11-05 Image 7_3_crop_000.png,train,0,ring,1102,848,1142,884,ground_truth
images/Trip 064 Day 2 25-11-05 Image 7_3.png,Trip 064 Day 2 25-11-05 Image 7_3_crop_001.png,train,2,trophozoite,1045,483,1116,553,ground_truth
images/Trip 064 Day 2 25-11-05 Image 7_3.png,Trip 064 Day 2 25-11-05 Image 7_3_crop_002.png,train,1,schizont,547,327,638,423,ground_truth
images/Trip 064 Day 2 25-11-05 Image 7_3.png,Trip 064 Day 2 25-11-05 Image 7_3_crop_003.png,train,2,trophozoite,367,120,438,190,ground_truth
images/Trip 064 Day 2 25-11-05 Image 7_3.png,Trip 064 Day 2 25-11-05 Image 7_3_crop_004.png,train,2,trophozoite,1077,296,1148,366,ground_truth
images/Trip 064 Day 2 25-11-05 Image 7_3.png,Trip 064 Day 2 25-11-05 Image 7_3_crop_005.png,train,2,trophozoite,972,538,1043,608,ground_truth
images/Trip 064 Day 2 25-11-05 Image 7_3.png,Trip 064 Day 2 25-11-05 Image 7_3_crop_006.png,train,1,schizont,446,970,537,1030,ground_truth
images/Trip 064 Day 2 25-11-05 Image 7_4.png,Trip 064 Day 2 25-11-05 Image 7_4_crop_000.png,train,1,schizont,1263,654,1354,750,ground_truth
images/Trip 064 Day 2 25-11-05 Image 7_4.png,Trip 064 Day 2 25-11-05 Image 7_4_crop_001.png,train,0,ring,146,877,186,912,ground_truth
images/Trip 064 Day 2 25-11-05 Image 7_4.png,Trip 064 Day 2 25-11-05 Image 7_4_crop_002.png,train,0,ring,957,570,998,605,ground_truth
images/Trip 064 Day 2 25-11-05 Image 7_5.png,Trip 064 Day 2 25-11-05 Image 7_5_crop_000.png,train,1,schizont,930,344,1021,440,ground_truth
images/Trip 064 Day 2 25-11-05 Image 7_5.png,Trip 064 Day 2 25-11-05 Image 7_5_crop_001.png,train,0,ring,905,44,945,79,ground_truth
images/Trip 064 Day 2 25-11-05 Image 7_5.png,Trip 064 Day 2 25-11-05 Image 7_5_crop_002.png,train,0,ring,312,623,352,658,ground_truth
images/Trip 064 Day 2 25-11-05 Image 7_5.png,Trip 064 Day 2 25-11-05 Image 7_5_crop_003.png,train,2,trophozoite,1328,103,1382,173,ground_truth
images/Trip 064 Day 2 25-11-05 Image 7_5.png,Trip 064 Day 2 25-11-05 Image 7_5_crop_004.png,train,1,schizont,956,357,1047,453,ground_truth
images/Trip 064 Day 2 25-11-05 Image 7_6.png,Trip 064 Day 2 25-11-05 Image 7_6_crop_000.png,val,1,schizont,1100,550,1191,646,ground_truth
images/Trip 064 Day 2 25-11-05 Image 7_6.png,Trip 064 Day 2 25-11-05 Image 7_6_crop_001.png,val,2,trophozoite,948,13,1019,82,ground_truth
images/Trip 064 Day 2 25-11-05 Image 7_6.png,Trip 064 Day 2 25-11-05 Image 7_6_crop_002.png,val,2,trophozoite,272,665,343,735,ground_truth
images/Trip 064 Day 2 25-11-05 Image 7_6.png,Trip 064 Day 2 25-11-05 Image 7_6_crop_003.png,val,2,trophozoite,114,223,185,293,ground_truth
images/Trip 064 Day 2 25-11-05 Image 7_6.png,Trip 064 Day 2 25-11-05 Image 7_6_crop_004.png,val,0,ring,913,140,954,175,ground_truth
images/Trip 064 Day 2 25-11-05 Image 7_7.png,Trip 064 Day 2 25-11-05 Image 7_7_crop_000.png,test,1,schizont,875,498,966,595,ground_truth
images/Trip 064 Day 2 25-11-05 Image 7_7.png,Trip 064 Day 2 25-11-05 Image 7_7_crop_001.png,test,0,ring,1270,88,1310,124,ground_truth
images/Trip 064 Day 2 25-11-05 Image 7_7.png,Trip 064 Day 2 25-11-05 Image 7_7_crop_002.png,test,2,trophozoite,470,8,541,78,ground_truth
images/Trip 064 Day 2 25-11-05 Image 7_7.png,Trip 064 Day 2 25-11-05 Image 7_7_crop_003.png,test,2,trophozoite,611,264,682,334,ground_truth
images/Trip 064 Day 2 25-11-05 Image 7_7.png,Trip 064 Day 2 25-11-05 Image 7_7_crop_004.png,test,1,schizont,454,179,545,275,ground_truth
images/Trip 064 Day 2 25-11-05 Image 7_7.png,Trip 064 Day 2 25-11-05 Image 7_7_crop_005.png,test,0,ring,808,847,848,882,ground_truth
images/Trip 064 Day 2 25-11-05 Image 7_8.png,Trip 064 Day 2 25-11-05 Image 7_8_crop_000.png,train,1,schizont,101,819,192,915,ground_truth
images/Trip 064 Day 2 25-11-05 Image 7_8.png,Trip 064 Day 2 25-11-05 Image 7_8_crop_001.png,train,1,schizont,633,764,724,860,ground_truth
images/Trip 064 Day 2 25-11-05 Image 7_8.png,Trip 064 Day 2 25-11-05 Image 7_8_crop_002.png,train,1,schizont,553,682,644,778,ground_truth
images/Trip 064 Day 2 25-11-05 Image 7_9.png,Trip 064 Day 2 25-11-05 Image 7_9_crop_000.png,train,2,trophozoite,0,548,70,618,ground_truth
images/Trip 064 Day 2 25-11-05 Image 7_9.png,Trip 064 Day 2 25-11-05 Image 7_9_crop_001.png,train,2,trophozoite,251,245,322,315,ground_truth
images/Trip 064 Day 2 25-11-05 Image 7_9.png,Trip 064 Day 2 25-11-05 Image 7_9_crop_002.png,train,1,schizont,125,279,216,375,ground_truth
images/Trip 064 Day 2 25-11-05 Image 7_9.png,Trip 064 Day 2 25-11-05 Image 7_9_crop_003.png,train,1,schizont,829,772,920,868,ground_truth
images/Trip 064 Day 2 25-11-05 Image 7_9.png,Trip 064 Day 2 25-11-05 Image 7_9_crop_004.png,train,0,ring,556,449,597,484,ground_truth
images/Trip 065 Day 2 01-12-05 Image 1_1.png,Trip 065 Day 2 01-12-05 Image 1_1_crop_000.png,train,1,schizont,175,661,266,757,ground_truth
images/Trip 065 Day 2 01-12-05 Image 1_1.png,Trip 065 Day 2 01-12-05 Image 1_1_crop_001.png,train,1,schizont,419,922,510,1018,ground_truth
images/Trip 065 Day 2 01-12-05 Image 1_1.png,Trip 065 Day 2 01-12-05 Image 1_1_crop_002.png,train,1,schizont,795,106,886,202,ground_truth
images/Trip 065 Day 2 01-12-05 Image 1_1.png,Trip 065 Day 2 01-12-05 Image 1_1_crop_003.png,train,0,ring,611,341,651,377,ground_truth
images/Trip 065 Day 2 01-12-05 Image 1_1.png,Trip 065 Day 2 01-12-05 Image 1_1_crop_004.png,train,2,trophozoite,452,535,523,604,ground_truth
images/Trip 065 Day 2 01-12-05 Image 1_1.png,Trip 065 Day 2 01-12-05 Image 1_1_crop_005.png,train,2,trophozoite,1081,767,1152,837,ground_truth
images/Trip 065 Day 2 01-12-05 Image 1_1.png,Trip 065 Day 2 01-12-05 Image 1_1_crop_006.png,train,2,trophozoite,1116,706,1187,776,ground_truth
images/Trip 065 Day 2 01-12-05 Image 1_1.png,Trip 065 Day 2 01-12-05 Image 1_1_crop_007.png,train,1,schizont,1170,780,1261,876,ground_truth
images/Trip 065 Day 2 01-12-05 Image 1_10.png,Trip 065 Day 2 01-12-05 Image 1_10_crop_000.png,train,1,schizont,1085,440,1176,536,ground_truth
images/Trip 065 Day 2 01-12-05 Image 1_10.png,Trip 065 Day 2 01-12-05 Image 1_10_crop_001.png,train,1,schizont,1029,304,1120,400,ground_truth
images/Trip 065 Day 2 01-12-05 Image 1_10.png,Trip 065 Day 2 01-12-05 Image 1_10_crop_002.png,train,1,schizont,950,490,1041,587,ground_truth
images/Trip 065 Day 2 01-12-05 Image 1_10.png,Trip 065 Day 2 01-12-05 Image 1_10_crop_003.png,train,1,schizont,392,52,483,148,ground_truth
images/Trip 065 Day 2 01-12-05 Image 1_10.png,Trip 065 Day 2 01-12-05 Image 1_10_crop_004.png,train,1,schizont,241,566,332,662,ground_truth
images/Trip 065 Day 2 01-12-05 Image 1_10.png,Trip 065 Day 2 01-12-05 Image 1_10_crop_005.png,train,2,trophozoite,780,347,851,417,ground_truth
images/Trip 065 Day 2 01-12-05 Image 1_10.png,Trip 065 Day 2 01-12-05 Image 1_10_crop_006.png,train,1,schizont,594,539,685,635,ground_truth
images/Trip 065 Day 2 01-12-05 Image 1_10.png,Trip 065 Day 2 01-12-05 Image 1_10_crop_007.png,train,2,trophozoite,1308,0,1379,70,ground_truth
images/Trip 065 Day 2 01-12-05 Image 1_10.png,Trip 065 Day 2 01-12-05 Image 1_10_crop_008.png,train,2,trophozoite,789,658,860,728,ground_truth
images/Trip 065 Day 2 01-12-05 Image 1_11.png,Trip 065 Day 2 01-12-05 Image 1_11_crop_000.png,train,1,schizont,112,873,203,969,ground_truth
images/Trip 065 Day 2 01-12-05 Image 1_11.png,Trip 065 Day 2 01-12-05 Image 1_11_crop_001.png,train,2,trophozoite,421,552,492,622,ground_truth
images/Trip 065 Day 2 01-12-05 Image 1_11.png,Trip 065 Day 2 01-12-05 Image 1_11_crop_002.png,train,1,schizont,515,377,606,473,ground_truth
images/Trip 065 Day 2 01-12-05 Image 1_12.png,Trip 065 Day 2 01-12-05 Image 1_12_crop_000.png,train,1,schizont,88,949,179,1030,ground_truth
images/Trip 065 Day 2 01-12-05 Image 1_12.png,Trip 065 Day 2 01-12-05 Image 1_12_crop_001.png,train,2,trophozoite,541,702,612,771,ground_truth
images/Trip 065 Day 2 01-12-05 Image 1_12.png,Trip 065 Day 2 01-12-05 Image 1_12_crop_002.png,train,1,schizont,338,389,429,485,ground_truth
images/Trip 065 Day 2 01-12-05 Image 1_12.png,Trip 065 Day 2 01-12-05 Image 1_12_crop_003.png,train,2,trophozoite,930,309,1001,379,ground_truth
images/Trip 065 Day 2 01-12-05 Image 1_12.png,Trip 065 Day 2 01-12-05 Image 1_12_crop_004.png,train,1,schizont,434,367,525,463,ground_truth
images/Trip 065 Day 2 01-12-05 Image 1_12.png,Trip 065 Day 2 01-12-05 Image 1_12_crop_005.png,train,1,schizont,289,296,380,392,ground_truth
images/Trip 065 Day 2 01-12-05 Image 1_12.png,Trip 065 Day 2 01-12-05 Image 1_12_crop_006.png,train,1,schizont,1147,398,1238,494,ground_truth
images/Trip 065 Day 2 01-12-05 Image 1_12.png,Trip 065 Day 2 01-12-05 Image 1_12_crop_007.png,train,1,schizont,1083,818,1174,914,ground_truth
images/Trip 065 Day 2 01-12-05 Image 1_13.png,Trip 065 Day 2 01-12-05 Image 1_13_crop_000.png,val,0,ring,999,807,1040,842,ground_truth
images/Trip 065 Day 2 01-12-05 Image 1_13.png,Trip 065 Day 2 01-12-05 Image 1_13_crop_001.png,val,0,ring,908,63,949,98,ground_truth
images/Trip 065 Day 2 01-12-05 Image 1_13.png,Trip 065 Day 2 01-12-05 Image 1_13_crop_002.png,val,2,trophozoite,1191,301,1262,371,ground_truth
images/Trip 065 Day 2 01-12-05 Image 1_13.png,Trip 065 Day 2 01-12-05 Image 1_13_crop_003.png,val,2,trophozoite,646,238,717,308,ground_truth
images/Trip 065 Day 2 01-12-05 Image 1_13.png,Trip 065 Day 2 01-12-05 Image 1_13_crop_004.png,val,2,trophozoite,144,616,215,686,ground_truth
images/Trip 065 Day 2 01-12-05 Image 1_13.png,Trip 065 Day 2 01-12-05 Image 1_13_crop_005.png,val,2,trophozoite,161,474,232,544,ground_truth
images/Trip 065 Day 2 01-12-05 Image 1_13.png,Trip 065 Day 2 01-12-05 Image 1_13_crop_006.png,val,2,trophozoite,646,633,717,703,ground_truth
images/Trip 065 Day 2 01-12-05 Image 1_13.png,Trip 065 Day 2 01-12-05 Image 1_13_crop_007.png,val,0,ring,258,246,298,282,ground_truth
images/Trip 065 Day 2 01-12-05 Image 1_14.png,Trip 065 Day 2 01-12-05 Image 1_14_crop_000.png,train,0,ring,465,464,505,499,ground_truth
images/Trip 065 Day 2 01-12-05 Image 1_14.png,Trip 065 Day 2 01-12-05 Image 1_14_crop_001.png,train,2,trophozoite,938,829,1009,898,ground_truth
images/Trip 065 Day 2 01-12-05 Image 1_14.png,Trip 065 Day 2 01-12-05 Image 1_14_crop_002.png,train,2,trophozoite,751,533,822,603,ground_truth
images/Trip 065 Day 2 01-12-05 Image 1_14.png,Trip 065 Day 2 01-12-05 Image 1_14_crop_003.png,train,2,trophozoite,107,563,178,633,ground_truth
images/Trip 065 Day 2 01-12-05 Image 1_14.png,Trip 065 Day 2 01-12-05 Image 1_14_crop_004.png,train,1,schizont,1164,729,1255,825,ground_truth
images/Trip 065 Day 2 01-12-05 Image 1_14.png,Trip 065 Day 2 01-12-05 Image 1_14_crop_005.png,train,1,schizont,462,500,553,596,ground_truth
images/Trip 065 Day 2 01-12-05 Image 1_15.png,Trip 065 Day 2 01-12-05 Image 1_15_crop_000.png,train,2,trophozoite,590,364,661,434,ground_truth
images/Trip 065 Day 2 01-12-05 Image 1_15.png,Trip 065 Day 2 01-12-05 Image 1_15_crop_001.png,train,1,schizont,90,550,181,646,ground_truth
images/Trip 065 Day 2 01-12-05 Image 1_15.png,Trip 065 Day 2 01-12-05 Image 1_15_crop_002.png,train,1,schizont,455,139,546,235,ground_truth
images/Trip 065 Day 2 01-12-05 Image 1_15.png,Trip 065 Day 2 01-12-05 Image 1_15_crop_003.png,train,2,trophozoite,130,475,201,545,ground_truth
images/Trip 065 Day 2 01-12-05 Image 1_15.png,Trip 065 Day 2 01-12-05 Image 1_15_crop_004.png,train,2,trophozoite,293,116,364,185,ground_truth
images/Trip 065 Day 2 01-12-05 Image 1_15.png,Trip 065 Day 2 01-12-05 Image 1_15_crop_005.png,train,1,schizont,90,550,181,646,ground_truth
images/Trip 065 Day 2 01-12-05 Image 1_15.png,Trip 065 Day 2 01-12-05 Image 1_15_crop_006.png,train,1,schizont,752,629,843,725,ground_truth
images/Trip 065 Day 2 01-12-05 Image 1_16.png,Trip 065 Day 2 01-12-05 Image 1_16_crop_000.png,train,1,schizont,847,208,938,304,ground_truth
images/Trip 065 Day 2 01-12-05 Image 1_16.png,Trip 065 Day 2 01-12-05 Image 1_16_crop_001.png,train,1,schizont,49,541,140,637,ground_truth
images/Trip 065 Day 2 01-12-05 Image 1_16.png,Trip 065 Day 2 01-12-05 Image 1_16_crop_002.png,train,2,trophozoite,456,774,527,844,ground_truth
images/Trip 065 Day 2 01-12-05 Image 1_16.png,Trip 065 Day 2 01-12-05 Image 1_16_crop_003.png,train,1,schizont,921,888,1012,984,ground_truth
images/Trip 065 Day 2 01-12-05 Image 1_16.png,Trip 065 Day 2 01-12-05 Image 1_16_crop_004.png,train,1,schizont,1097,200,1188,296,ground_truth
images/Trip 065 Day 2 01-12-05 Image 1_16.png,Trip 065 Day 2 01-12-05 Image 1_16_crop_005.png,train,1,schizont,1314,251,1382,347,ground_truth
images/Trip 065 Day 2 01-12-05 Image 1_16.png,Trip 065 Day 2 01-12-05 Image 1_16_crop_006.png,train,1,schizont,1019,371,1110,468,ground_truth
images/Trip 065 Day 2 01-12-05 Image 1_16.png,Trip 065 Day 2 01-12-05 Image 1_16_crop_007.png,train,0,ring,628,485,668,521,ground_truth
images/Trip 065 Day 2 01-12-05 Image 1_16.png,Trip 065 Day 2 01-12-05 Image 1_16_crop_008.png,train,1,schizont,432,961,523,1030,ground_truth
images/Trip 065 Day 2 01-12-05 Image 1_2.png,Trip 065 Day 2 01-12-05 Image 1_2_crop_000.png,train,2,trophozoite,1323,306,1382,375,ground_truth
images/Trip 065 Day 2 01-12-05 Image 1_2.png,Trip 065 Day 2 01-12-05 Image 1_2_crop_001.png,train,1,schizont,892,526,983,622,ground_truth
images/Trip 065 Day 2 01-12-05 Image 1_3.png,Trip 065 Day 2 01-12-05 Image 1_3_crop_000.png,train,1,schizont,957,781,1048,877,ground_truth
images/Trip 065 Day 2 01-12-05 Image 1_3.png,Trip 065 Day 2 01-12-05 Image 1_3_crop_001.png,train,1,schizont,963,456,1054,552,ground_truth
images/Trip 065 Day 2 01-12-05 Image 1_3.png,Trip 065 Day 2 01-12-05 Image 1_3_crop_002.png,train,1,schizont,213,0,304,70,ground_truth
images/Trip 065 Day 2 01-12-05 Image 1_3.png,Trip 065 Day 2 01-12-05 Image 1_3_crop_003.png,train,1,schizont,992,975,1083,1030,ground_truth
images/Trip 065 Day 2 01-12-05 Image 1_3.png,Trip 065 Day 2 01-12-05 Image 1_3_crop_004.png,train,0,ring,44,765,84,800,ground_truth
images/Trip 065 Day 2 01-12-05 Image 1_4.png,Trip 065 Day 2 01-12-05 Image 1_4_crop_000.png,train,2,trophozoite,105,115,176,184,ground_truth
images/Trip 065 Day 2 01-12-05 Image 1_4.png,Trip 065 Day 2 01-12-05 Image 1_4_crop_001.png,train,2,trophozoite,389,421,460,491,ground_truth
images/Trip 065 Day 2 01-12-05 Image 1_4.png,Trip 065 Day 2 01-12-05 Image 1_4_crop_002.png,train,1,schizont,630,228,721,325,ground_truth
images/Trip 065 Day 2 01-12-05 Image 1_4.png,Trip 065 Day 2 01-12-05 Image 1_4_crop_003.png,train,2,trophozoite,598,571,669,641,ground_truth
images/Trip 065 Day 2 01-12-05 Image 1_4.png,Trip 065 Day 2 01-12-05 Image 1_4_crop_004.png,train,1,schizont,877,389,968,485,ground_truth
images/Trip 065 Day 2 01-12-05 Image 1_4.png,Trip 065 Day 2 01-12-05 Image 1_4_crop_005.png,train,0,ring,261,2,302,38,ground_truth
images/Trip 065 Day 2 01-12-05 Image 1_4.png,Trip 065 Day 2 01-12-05 Image 1_4_crop_006.png,train,1,schizont,0,40,55,136,ground_truth
images/Trip 065 Day 2 01-12-05 Image 1_4.png,Trip 065 Day 2 01-12-05 Image 1_4_crop_007.png,train,2,trophozoite,499,78,570,148,ground_truth
images/Trip 065 Day 2 01-12-05 Image 1_4.png,Trip 065 Day 2 01-12-05 Image 1_4_crop_008.png,train,1,schizont,1305,835,1382,931,ground_truth
images/Trip 065 Day 2 01-12-05 Image 1_5.png,Trip 065 Day 2 01-12-05 Image 1_5_crop_000.png,train,1,schizont,751,434,842,531,ground_truth
images/Trip 065 Day 2 01-12-05 Image 1_5.png,Trip 065 Day 2 01-12-05 Image 1_5_crop_001.png,train,2,trophozoite,1111,692,1182,762,ground_truth
images/Trip 065 Day 2 01-12-05 Image 1_5.png,Trip 065 Day 2 01-12-05 Image 1_5_crop_002.png,train,2,trophozoite,24,119,95,189,ground_truth
images/Trip 065 Day 2 01-12-05 Image 1_5.png,Trip 065 Day 2 01-12-05 Image 1_5_crop_003.png,train,2,trophozoite,445,809,516,879,ground_truth
images/Trip 065 Day 2 01-12-05 Image 1_5.png,Trip 065 Day 2 01-12-05 Image 1_5_crop_004.png,train,2,trophozoite,1090,81,1161,151,ground_truth
images/Trip 065 Day 2 01-12-05 Image 1_5.png,Trip 065 Day 2 01-12-05 Image 1_5_crop_005.png,train,2,trophozoite,1325,294,1382,364,ground_truth
images/Trip 065 Day 2 01-12-05 Image 1_5.png,Trip 065 Day 2 01-12-05 Image 1_5_crop_006.png,train,1,schizont,239,606,330,702,ground_truth
images/Trip 065 Day 2 01-12-05 Image 1_6.png,Trip 065 Day 2 01-12-05 Image 1_6_crop_000.png,train,1,schizont,605,735,696,832,ground_truth
images/Trip 065 Day 2 01-12-05 Image 1_6.png,Trip 065 Day 2 01-12-05 Image 1_6_crop_001.png,train,1,schizont,299,662,390,758,ground_truth
images/Trip 065 Day 2 01-12-05 Image 1_6.png,Trip 065 Day 2 01-12-05 Image 1_6_crop_002.png,train,2,trophozoite,1328,370,1382,440,ground_truth
images/Trip 065 Day 2 01-12-05 Image 1_6.png,Trip 065 Day 2 01-12-05 Image 1_6_crop_003.png,train,0,ring,1018,71,1059,107,ground_truth
images/Trip 065 Day 2 01-12-05 Image 1_6.png,Trip 065 Day 2 01-12-05 Image 1_6_crop_004.png,train,0,ring,879,460,919,496,ground_truth
images/Trip 065 Day 2 01-12-05 Image 1_7.png,Trip 065 Day 2 01-12-05 Image 1_7_crop_000.png,val,1,schizont,1000,0,1091,73,ground_truth
images/Trip 065 Day 2 01-12-05 Image 1_7.png,Trip 065 Day 2 01-12-05 Image 1_7_crop_001.png,val,1,schizont,338,242,429,338,ground_truth
images/Trip 065 Day 2 01-12-05 Image 1_7.png,Trip 065 Day 2 01-12-05 Image 1_7_crop_002.png,val,1,schizont,937,122,1028,218,ground_truth
images/Trip 065 Day 2 01-12-05 Image 1_7.png,Trip 065 Day 2 01-12-05 Image 1_7_crop_003.png,val,2,trophozoite,272,53,343,123,ground_truth
images/Trip 065 Day 2 01-12-05 Image 1_7.png,Trip 065 Day 2 01-12-05 Image 1_7_crop_004.png,val,1,schizont,937,121,1028,217,ground_truth
images/Trip 065 Day 2 01-12-05 Image 1_7.png,Trip 065 Day 2 01-12-05 Image 1_7_crop_005.png,val,0,ring,1025,7,1066,42,ground_truth
images/Trip 065 Day 2 01-12-05 Image 1_7.png,Trip 065 Day 2 01-12-05 Image 1_7_crop_006.png,val,0,ring,414,880,454,916,ground_truth
images/Trip 065 Day 2 01-12-05 Image 1_8.png,Trip 065 Day 2 01-12-05 Image 1_8_crop_000.png,train,1,schizont,0,870,77,967,ground_truth
images/Trip 065 Day 2 01-12-05 Image 1_8.png,Trip 065 Day 2 01-12-05 Image 1_8_crop_001.png,train,1,schizont,685,872,776,968,ground_truth
images/Trip 065 Day 2 01-12-05 Image 1_9.png,Trip 065 Day 2 01-12-05 Image 1_9_crop_000.png,train,1,schizont,1204,627,1295,723,ground_truth
images/Trip 065 Day 2 01-12-05 Image 1_9.png,Trip 065 Day 2 01-12-05 Image 1_9_crop_001.png,train,1,schizont,1081,339,1172,436,ground_truth
images/Trip 065 Day 2 01-12-05 Image 1_9.png,Trip 065 Day 2 01-12-05 Image 1_9_crop_002.png,train,1,schizont,1201,105,1292,201,ground_truth
images/Trip 065 Day 2 01-12-05 Image 1_9.png,Trip 065 Day 2 01-12-05 Image 1_9_crop_003.png,train,1,schizont,0,240,78,336,ground_truth
images/Trip 065 Day 2 01-12-05 Image 1_9.png,Trip 065 Day 2 01-12-05 Image 1_9_crop_004.png,train,1,schizont,1262,389,1353,485,ground_truth
images/Trip 065 Day 2 01-12-05 Image 1_9.png,Trip 065 Day 2 01-12-05 Image 1_9_crop_005.png,train,2,trophozoite,95,10,166,80,ground_truth
images/Trip 065 Day 2 01-12-05 Image 1_9.png,Trip 065 Day 2 01-12-05 Image 1_9_crop_006.png,train,1,schizont,1014,450,1105,547,ground_truth
images/Trip 065 Day 2 01-12-05 Image 7_1.png,Trip 065 Day 2 01-12-05 Image 7_1_crop_000.png,train,1,schizont,1103,354,1194,450,ground_truth
images/Trip 065 Day 2 01-12-05 Image 7_1.png,Trip 065 Day 2 01-12-05 Image 7_1_crop_001.png,train,1,schizont,1101,225,1192,321,ground_truth
images/Trip 065 Day 2 01-12-05 Image 7_1.png,Trip 065 Day 2 01-12-05 Image 7_1_crop_002.png,train,1,schizont,256,154,347,250,ground_truth
images/Trip 065 Day 2 01-12-05 Image 7_1.png,Trip 065 Day 2 01-12-05 Image 7_1_crop_003.png,train,1,schizont,157,940,248,1030,ground_truth
images/Trip 065 Day 2 01-12-05 Image 7_1.png,Trip 065 Day 2 01-12-05 Image 7_1_crop_004.png,train,1,schizont,148,515,239,611,ground_truth
images/Trip 065 Day 2 01-12-05 Image 7_1.png,Trip 065 Day 2 01-12-05 Image 7_1_crop_005.png,train,1,schizont,164,620,255,716,ground_truth
images/Trip 065 Day 2 01-12-05 Image 7_1.png,Trip 065 Day 2 01-12-05 Image 7_1_crop_006.png,train,1,schizont,894,27,985,123,ground_truth
images/Trip 065 Day 2 01-12-05 Image 7_10.png,Trip 065 Day 2 01-12-05 Image 7_10_crop_000.png,train,1,schizont,0,26,64,122,ground_truth
images/Trip 065 Day 2 01-12-05 Image 7_10.png,Trip 065 Day 2 01-12-05 Image 7_10_crop_001.png,train,0,ring,568,326,609,362,ground_truth
images/Trip 065 Day 2 01-12-05 Image 7_10.png,Trip 065 Day 2 01-12-05 Image 7_10_crop_002.png,train,2,trophozoite,1144,348,1215,418,ground_truth
images/Trip 065 Day 2 01-12-05 Image 7_10.png,Trip 065 Day 2 01-12-05 Image 7_10_crop_003.png,train,2,trophozoite,761,711,832,781,ground_truth
images/Trip 065 Day 2 01-12-05 Image 7_10.png,Trip 065 Day 2 01-12-05 Image 7_10_crop_004.png,train,1,schizont,1031,694,1122,790,ground_truth
images/Trip 065 Day 2 01-12-05 Image 7_10.png,Trip 065 Day 2 01-12-05 Image 7_10_crop_005.png,train,0,ring,1334,993,1374,1029,ground_truth
images/Trip 065 Day 2 01-12-05 Image 7_11.png,Trip 065 Day 2 01-12-05 Image 7_11_crop_000.png,train,0,ring,747,247,787,283,ground_truth
images/Trip 065 Day 2 01-12-05 Image 7_11.png,Trip 065 Day 2 01-12-05 Image 7_11_crop_001.png,train,1,schizont,137,543,228,639,ground_truth
images/Trip 065 Day 2 01-12-05 Image 7_11.png,Trip 065 Day 2 01-12-05 Image 7_11_crop_002.png,train,1,schizont,356,596,447,692,ground_truth
images/Trip 065 Day 2 01-12-05 Image 7_11.png,Trip 065 Day 2 01-12-05 Image 7_11_crop_003.png,train,1,schizont,850,687,941,783,ground_truth
images/Trip 065 Day 2 01-12-05 Image 7_11.png,Trip 065 Day 2 01-12-05 Image 7_11_crop_004.png,train,0,ring,876,718,916,753,ground_truth
images/Trip 065 Day 2 01-12-05 Image 7_11.png,Trip 065 Day 2 01-12-05 Image 7_11_crop_005.png,train,0,ring,42,778,82,814,ground_truth
images/Trip 065 Day 2 01-12-05 Image 7_12.png,Trip 065 Day 2 01-12-05 Image 7_12_crop_000.png,train,1,schizont,117,422,208,518,ground_truth
images/Trip 065 Day 2 01-12-05 Image 7_12.png,Trip 065 Day 2 01-12-05 Image 7_12_crop_001.png,train,1,schizont,749,413,840,509,ground_truth
images/Trip 065 Day 2 01-12-05 Image 7_12.png,Trip 065 Day 2 01-12-05 Image 7_12_crop_002.png,train,2,trophozoite,714,539,785,609,ground_truth
images/Trip 065 Day 2 01-12-05 Image 7_12.png,Trip 065 Day 2 01-12-05 Image 7_12_crop_003.png,train,1,schizont,670,707,761,803,ground_truth
images/Trip 065 Day 2 01-12-05 Image 7_12.png,Trip 065 Day 2 01-12-05 Image 7_12_crop_004.png,train,1,schizont,765,764,856,860,ground_truth
images/Trip 065 Day 2 01-12-05 Image 7_12.png,Trip 065 Day 2 01-12-05 Image 7_12_crop_005.png,train,1,schizont,976,857,1067,953,ground_truth
images/Trip 065 Day 2 01-12-05 Image 7_12.png,Trip 065 Day 2 01-12-05 Image 7_12_crop_006.png,train,0,ring,414,953,454,989,ground_truth
images/Trip 065 Day 2 01-12-05 Image 7_12.png,Trip 065 Day 2 01-12-05 Image 7_12_crop_007.png,train,0,ring,52,947,93,982,ground_truth
images/Trip 065 Day 2 01-12-05 Image 7_12.png,Trip 065 Day 2 01-12-05 Image 7_12_crop_008.png,train,2,trophozoite,46,673,117,743,ground_truth
images/Trip 065 Day 2 01-12-05 Image 7_13.png,Trip 065 Day 2 01-12-05 Image 7_13_crop_000.png,val,1,schizont,88,779,179,875,ground_truth
images/Trip 065 Day 2 01-12-05 Image 7_13.png,Trip 065 Day 2 01-12-05 Image 7_13_crop_001.png,val,2,trophozoite,305,299,376,369,ground_truth
images/Trip 065 Day 2 01-12-05 Image 7_13.png,Trip 065 Day 2 01-12-05 Image 7_13_crop_002.png,val,1,schizont,624,74,715,170,ground_truth
images/Trip 065 Day 2 01-12-05 Image 7_13.png,Trip 065 Day 2 01-12-05 Image 7_13_crop_003.png,val,2,trophozoite,1231,798,1302,868,ground_truth
images/Trip 065 Day 2 01-12-05 Image 7_13.png,Trip 065 Day 2 01-12-05 Image 7_13_crop_004.png,val,1,schizont,555,0,646,73,ground_truth
images/Trip 065 Day 2 01-12-05 Image 7_13.png,Trip 065 Day 2 01-12-05 Image 7_13_crop_005.png,val,1,schizont,1036,319,1127,415,ground_truth
images/Trip 065 Day 2 01-12-05 Image 7_13.png,Trip 065 Day 2 01-12-05 Image 7_13_crop_006.png,val,0,ring,16,152,57,188,ground_truth
images/Trip 065 Day 2 01-12-05 Image 7_13.png,Trip 065 Day 2 01-12-05 Image 7_13_crop_007.png,val,0,ring,1305,210,1346,245,ground_truth
images/Trip 065 Day 2 01-12-05 Image 7_14.png,Trip 065 Day 2 01-12-05 Image 7_14_crop_000.png,val,1,schizont,625,201,716,297,ground_truth
images/Trip 065 Day 2 01-12-05 Image 7_14.png,Trip 065 Day 2 01-12-05 Image 7_14_crop_001.png,val,2,trophozoite,1312,0,1381,50,ground_truth
images/Trip 065 Day 2 01-12-05 Image 7_14.png,Trip 065 Day 2 01-12-05 Image 7_14_crop_002.png,val,2,trophozoite,473,0,544,66,ground_truth
images/Trip 065 Day 2 01-12-05 Image 7_14.png,Trip 065 Day 2 01-12-05 Image 7_14_crop_003.png,val,2,trophozoite,218,769,289,839,ground_truth
images/Trip 065 Day 2 01-12-05 Image 7_14.png,Trip 065 Day 2 01-12-05 Image 7_14_crop_004.png,val,1,schizont,762,280,853,376,ground_truth
images/Trip 065 Day 2 01-12-05 Image 7_15.png,Trip 065 Day 2 01-12-05 Image 7_15_crop_000.png,train,2,trophozoite,58,530,129,600,ground_truth
images/Trip 065 Day 2 01-12-05 Image 7_15.png,Trip 065 Day 2 01-12-05 Image 7_15_crop_001.png,train,1,schizont,395,915,486,1011,ground_truth
images/Trip 065 Day 2 01-12-05 Image 7_15.png,Trip 065 Day 2 01-12-05 Image 7_15_crop_002.png,train,1,schizont,1015,798,1106,894,ground_truth
images/Trip 065 Day 2 01-12-05 Image 7_16.png,Trip 065 Day 2 01-12-05 Image 7_16_crop_000.png,train,1,schizont,82,264,173,360,ground_truth
images/Trip 065 Day 2 01-12-05 Image 7_16.png,Trip 065 Day 2 01-12-05 Image 7_16_crop_001.png,train,1,schizont,334,233,425,329,ground_truth
images/Trip 065 Day 2 01-12-05 Image 7_2.png,Trip 065 Day 2 01-12-05 Image 7_2_crop_000.png,test,1,schizont,1305,303,1382,399,ground_truth
images/Trip 065 Day 2 01-12-05 Image 7_2.png,Trip 065 Day 2 01-12-05 Image 7_2_crop_001.png,test,2,trophozoite,655,961,726,1030,ground_truth
images/Trip 065 Day 2 01-12-05 Image 7_2.png,Trip 065 Day 2 01-12-05 Image 7_2_crop_002.png,test,2,trophozoite,983,931,1054,1000,ground_truth
images/Trip 065 Day 2 01-12-05 Image 7_2.png,Trip 065 Day 2 01-12-05 Image 7_2_crop_003.png,test,2,trophozoite,734,441,805,510,ground_truth
images/Trip 065 Day 2 01-12-05 Image 7_2.png,Trip 065 Day 2 01-12-05 Image 7_2_crop_004.png,test,1,schizont,482,460,573,556,ground_truth
images/Trip 065 Day 2 01-12-05 Image 7_2.png,Trip 065 Day 2 01-12-05 Image 7_2_crop_005.png,test,2,trophozoite,320,41,391,111,ground_truth
images/Trip 065 Day 2 01-12-05 Image 7_2.png,Trip 065 Day 2 01-12-05 Image 7_2_crop_006.png,test,1,schizont,104,157,195,254,ground_truth
images/Trip 065 Day 2 01-12-05 Image 7_3.png,Trip 065 Day 2 01-12-05 Image 7_3_crop_000.png,test,1,schizont,392,0,483,77,ground_truth
images/Trip 065 Day 2 01-12-05 Image 7_3.png,Trip 065 Day 2 01-12-05 Image 7_3_crop_001.png,test,1,schizont,998,212,1089,309,ground_truth
images/Trip 065 Day 2 01-12-05 Image 7_3.png,Trip 065 Day 2 01-12-05 Image 7_3_crop_002.png,test,2,trophozoite,290,436,361,506,ground_truth
images/Trip 065 Day 2 01-12-05 Image 7_3.png,Trip 065 Day 2 01-12-05 Image 7_3_crop_003.png,test,0,ring,725,488,765,523,ground_truth
images/Trip 065 Day 2 01-12-05 Image 7_3.png,Trip 065 Day 2 01-12-05 Image 7_3_crop_004.png,test,1,schizont,844,524,935,620,ground_truth
images/Trip 065 Day 2 01-12-05 Image 7_3.png,Trip 065 Day 2 01-12-05 Image 7_3_crop_005.png,test,2,trophozoite,774,602,845,672,ground_truth
images/Trip 065 Day 2 01-12-05 Image 7_3.png,Trip 065 Day 2 01-12-05 Image 7_3_crop_006.png,test,0,ring,1300,667,1341,703,ground_truth
images/Trip 065 Day 2 01-12-05 Image 7_3.png,Trip 065 Day 2 01-12-05 Image 7_3_crop_007.png,test,1,schizont,362,595,453,691,ground_truth
images/Trip 065 Day 2 01-12-05 Image 7_3.png,Trip 065 Day 2 01-12-05 Image 7_3_crop_008.png,test,1,schizont,571,965,662,1030,ground_truth
images/Trip 065 Day 2 01-12-05 Image 7_4.png,Trip 065 Day 2 01-12-05 Image 7_4_crop_000.png,train,1,schizont,39,54,130,151,ground_truth
images/Trip 065 Day 2 01-12-05 Image 7_4.png,Trip 065 Day 2 01-12-05 Image 7_4_crop_001.png,train,2,trophozoite,534,109,605,179,ground_truth
images/Trip 065 Day 2 01-12-05 Image 7_4.png,Trip 065 Day 2 01-12-05 Image 7_4_crop_002.png,train,0,ring,862,81,903,117,ground_truth
images/Trip 065 Day 2 01-12-05 Image 7_4.png,Trip 065 Day 2 01-12-05 Image 7_4_crop_003.png,train,1,schizont,662,288,753,384,ground_truth
images/Trip 065 Day 2 01-12-05 Image 7_4.png,Trip 065 Day 2 01-12-05 Image 7_4_crop_004.png,train,1,schizont,590,272,681,368,ground_truth
images/Trip 065 Day 2 01-12-05 Image 7_4.png,Trip 065 Day 2 01-12-05 Image 7_4_crop_005.png,train,1,schizont,1141,906,1232,1002,ground_truth
images/Trip 065 Day 2 01-12-05 Image 7_5.png,Trip 065 Day 2 01-12-05 Image 7_5_crop_000.png,train,1,schizont,1002,186,1093,282,ground_truth
images/Trip 065 Day 2 01-12-05 Image 7_6.png,Trip 065 Day 2 01-12-05 Image 7_6_crop_000.png,train,0,ring,1322,132,1363,167,ground_truth
images/Trip 065 Day 2 01-12-05 Image 7_6.png,Trip 065 Day 2 01-12-05 Image 7_6_crop_001.png,train,2,trophozoite,104,373,175,443,ground_truth
images/Trip 065 Day 2 01-12-05 Image 7_6.png,Trip 065 Day 2 01-12-05 Image 7_6_crop_002.png,train,0,ring,1217,567,1258,602,ground_truth
images/Trip 065 Day 2 01-12-05 Image 7_6.png,Trip 065 Day 2 01-12-05 Image 7_6_crop_003.png,train,1,schizont,983,482,1074,579,ground_truth
images/Trip 065 Day 2 01-12-05 Image 7_7.png,Trip 065 Day 2 01-12-05 Image 7_7_crop_000.png,val,1,schizont,554,0,645,59,ground_truth
images/Trip 065 Day 2 01-12-05 Image 7_7.png,Trip 065 Day 2 01-12-05 Image 7_7_crop_001.png,val,1,schizont,1284,183,1375,279,ground_truth
images/Trip 065 Day 2 01-12-05 Image 7_7.png,Trip 065 Day 2 01-12-05 Image 7_7_crop_002.png,val,1,schizont,15,103,106,199,ground_truth
images/Trip 065 Day 2 01-12-05 Image 7_7.png,Trip 065 Day 2 01-12-05 Image 7_7_crop_003.png,val,1,schizont,764,397,855,493,ground_truth
images/Trip 065 Day 2 01-12-05 Image 7_7.png,Trip 065 Day 2 01-12-05 Image 7_7_crop_004.png,val,1,schizont,916,456,1007,552,ground_truth
images/Trip 065 Day 2 01-12-05 Image 7_7.png,Trip 065 Day 2 01-12-05 Image 7_7_crop_005.png,val,1,schizont,1054,804,1145,900,ground_truth
images/Trip 065 Day 2 01-12-05 Image 7_8.png,Trip 065 Day 2 01-12-05 Image 7_8_crop_000.png,train,0,ring,597,61,638,96,ground_truth
images/Trip 065 Day 2 01-12-05 Image 7_8.png,Trip 065 Day 2 01-12-05 Image 7_8_crop_001.png,train,1,schizont,582,214,673,310,ground_truth
images/Trip 065 Day 2 01-12-05 Image 7_8.png,Trip 065 Day 2 01-12-05 Image 7_8_crop_002.png,train,1,schizont,833,234,924,330,ground_truth
images/Trip 065 Day 2 01-12-05 Image 7_8.png,Trip 065 Day 2 01-12-05 Image 7_8_crop_003.png,train,1,schizont,795,318,886,414,ground_truth
images/Trip 065 Day 2 01-12-05 Image 7_8.png,Trip 065 Day 2 01-12-05 Image 7_8_crop_004.png,train,2,trophozoite,1315,89,1382,159,ground_truth
images/Trip 065 Day 2 01-12-05 Image 7_8.png,Trip 065 Day 2 01-12-05 Image 7_8_crop_005.png,train,2,trophozoite,633,540,704,610,ground_truth
images/Trip 065 Day 2 01-12-05 Image 7_8.png,Trip 065 Day 2 01-12-05 Image 7_8_crop_006.png,train,1,schizont,394,436,485,532,ground_truth
images/Trip 065 Day 2 01-12-05 Image 7_8.png,Trip 065 Day 2 01-12-05 Image 7_8_crop_007.png,train,0,ring,550,802,590,838,ground_truth
images/Trip 065 Day 2 01-12-05 Image 7_8.png,Trip 065 Day 2 01-12-05 Image 7_8_crop_008.png,train,1,schizont,1201,797,1292,893,ground_truth
images/Trip 065 Day 2 01-12-05 Image 7_9.png,Trip 065 Day 2 01-12-05 Image 7_9_crop_000.png,train,1,schizont,1012,409,1103,505,ground_truth
images/Trip 065 Day 2 01-12-05 Image 7_9.png,Trip 065 Day 2 01-12-05 Image 7_9_crop_001.png,train,1,schizont,249,656,340,753,ground_truth
images/Trip 065 Day 2 01-12-05 Image 7_9.png,Trip 065 Day 2 01-12-05 Image 7_9_crop_002.png,train,1,schizont,428,838,519,935,ground_truth
images/Trip 065 Day 2 01-12-05 Image 7_9.png,Trip 065 Day 2 01-12-05 Image 7_9_crop_003.png,train,1,schizont,350,310,441,406,ground_truth
images/Trip 065 Day 2 01-12-05 Image 7_9.png,Trip 065 Day 2 01-12-05 Image 7_9_crop_004.png,train,0,ring,1324,317,1364,353,ground_truth
images/Trip 065 Day 2 01-12-05 Image 7_9.png,Trip 065 Day 2 01-12-05 Image 7_9_crop_005.png,train,1,schizont,1326,27,1381,123,ground_truth
images/Trip 065 Day 2 01-12-05 Image 7_9.png,Trip 065 Day 2 01-12-05 Image 7_9_crop_006.png,train,1,schizont,1158,283,1249,379,ground_truth
images/Trip 065 Day 2 01-12-05 Image 7_9.png,Trip 065 Day 2 01-12-05 Image 7_9_crop_007.png,train,0,ring,1321,313,1361,348,ground_truth
images/Trip 067 Day 2 01-12-05 Image 1_1.png,Trip 067 Day 2 01-12-05 Image 1_1_crop_000.png,val,1,schizont,559,806,650,902,ground_truth
images/Trip 067 Day 2 01-12-05 Image 1_1.png,Trip 067 Day 2 01-12-05 Image 1_1_crop_001.png,val,2,trophozoite,376,603,447,673,ground_truth
images/Trip 067 Day 2 01-12-05 Image 1_1.png,Trip 067 Day 2 01-12-05 Image 1_1_crop_002.png,val,2,trophozoite,1082,635,1153,705,ground_truth
images/Trip 067 Day 2 01-12-05 Image 1_1.png,Trip 067 Day 2 01-12-05 Image 1_1_crop_003.png,val,1,schizont,137,224,228,320,ground_truth
images/Trip 067 Day 2 01-12-05 Image 1_1.png,Trip 067 Day 2 01-12-05 Image 1_1_crop_004.png,val,1,schizont,813,88,904,184,ground_truth
images/Trip 067 Day 2 01-12-05 Image 1_1.png,Trip 067 Day 2 01-12-05 Image 1_1_crop_005.png,val,1,schizont,593,306,684,402,ground_truth
images/Trip 067 Day 2 01-12-05 Image 1_10.png,Trip 067 Day 2 01-12-05 Image 1_10_crop_000.png,test,2,trophozoite,1194,805,1265,874,ground_truth
images/Trip 067 Day 2 01-12-05 Image 1_10.png,Trip 067 Day 2 01-12-05 Image 1_10_crop_001.png,test,1,schizont,1083,813,1174,909,ground_truth
images/Trip 067 Day 2 01-12-05 Image 1_10.png,Trip 067 Day 2 01-12-05 Image 1_10_crop_002.png,test,1,schizont,978,878,1069,975,ground_truth
images/Trip 067 Day 2 01-12-05 Image 1_11.png,Trip 067 Day 2 01-12-05 Image 1_11_crop_000.png,train,1,schizont,686,0,777,89,ground_truth
images/Trip 067 Day 2 01-12-05 Image 1_11.png,Trip 067 Day 2 01-12-05 Image 1_11_crop_001.png,train,2,trophozoite,101,586,172,656,ground_truth
images/Trip 067 Day 2 01-12-05 Image 1_11.png,Trip 067 Day 2 01-12-05 Image 1_11_crop_002.png,train,1,schizont,0,376,85,472,ground_truth
images/Trip 067 Day 2 01-12-05 Image 1_11.png,Trip 067 Day 2 01-12-05 Image 1_11_crop_003.png,train,1,schizont,120,463,211,559,ground_truth
images/Trip 067 Day 2 01-12-05 Image 1_11.png,Trip 067 Day 2 01-12-05 Image 1_11_crop_004.png,train,2,trophozoite,1074,908,1145,977,ground_truth
images/Trip 067 Day 2 01-12-05 Image 1_11.png,Trip 067 Day 2 01-12-05 Image 1_11_crop_005.png,train,0,ring,787,971,828,1006,ground_truth
images/Trip 067 Day 2 01-12-05 Image 1_11.png,Trip 067 Day 2 01-12-05 Image 1_11_crop_006.png,train,0,ring,669,617,709,652,ground_truth
images/Trip 067 Day 2 01-12-05 Image 1_11.png,Trip 067 Day 2 01-12-05 Image 1_11_crop_007.png,train,2,trophozoite,953,852,1024,921,ground_truth
images/Trip 067 Day 2 01-12-05 Image 1_12.png,Trip 067 Day 2 01-12-05 Image 1_12_crop_000.png,train,1,schizont,862,878,953,975,ground_truth
images/Trip 067 Day 2 01-12-05 Image 1_12.png,Trip 067 Day 2 01-12-05 Image 1_12_crop_001.png,train,0,ring,702,925,743,960,ground_truth
images/Trip 067 Day 2 01-12-05 Image 1_12.png,Trip 067 Day 2 01-12-05 Image 1_12_crop_002.png,train,0,ring,88,666,128,702,ground_truth
images/Trip 067 Day 2 01-12-05 Image 1_12.png,Trip 067 Day 2 01-12-05 Image 1_12_crop_003.png,train,0,ring,702,925,743,960,ground_truth
images/Trip 067 Day 2 01-12-05 Image 1_13.png,Trip 067 Day 2 01-12-05 Image 1_13_crop_000.png,train,1,schizont,639,167,730,263,ground_truth
images/Trip 067 Day 2 01-12-05 Image 1_14.png,Trip 067 Day 2 01-12-05 Image 1_14_crop_000.png,train,1,schizont,872,509,963,605,ground_truth
images/Trip 067 Day 2 01-12-05 Image 1_14.png,Trip 067 Day 2 01-12-05 Image 1_14_crop_001.png,train,1,schizont,1190,930,1281,1026,ground_truth
images/Trip 067 Day 2 01-12-05 Image 1_14.png,Trip 067 Day 2 01-12-05 Image 1_14_crop_002.png,train,0,ring,587,942,627,977,ground_truth
images/Trip 067 Day 2 01-12-05 Image 1_14.png,Trip 067 Day 2 01-12-05 Image 1_14_crop_003.png,train,0,ring,105,428,145,464,ground_truth
images/Trip 067 Day 2 01-12-05 Image 1_15.png,Trip 067 Day 2 01-12-05 Image 1_15_crop_000.png,train,2,trophozoite,890,22,961,92,ground_truth
images/Trip 067 Day 2 01-12-05 Image 1_15.png,Trip 067 Day 2 01-12-05 Image 1_15_crop_001.png,train,1,schizont,625,268,716,365,ground_truth
images/Trip 067 Day 2 01-12-05 Image 1_15.png,Trip 067 Day 2 01-12-05 Image 1_15_crop_002.png,train,2,trophozoite,1257,12,1328,81,ground_truth
images/Trip 067 Day 2 01-12-05 Image 1_15.png,Trip 067 Day 2 01-12-05 Image 1_15_crop_003.png,train,2,trophozoite,451,949,522,1019,ground_truth
images/Trip 067 Day 2 01-12-05 Image 1_15.png,Trip 067 Day 2 01-12-05 Image 1_15_crop_004.png,train,0,ring,1080,82,1120,118,ground_truth
images/Trip 067 Day 2 01-12-05 Image 1_15.png,Trip 067 Day 2 01-12-05 Image 1_15_crop_005.png,train,0,ring,282,374,322,410,ground_truth
images/Trip 067 Day 2 01-12-05 Image 1_15.png,Trip 067 Day 2 01-12-05 Image 1_15_crop_006.png,train,0,ring,449,266,490,301,ground_truth
images/Trip 067 Day 2 01-12-05 Image 1_15.png,Trip 067 Day 2 01-12-05 Image 1_15_crop_007.png,train,1,schizont,83,788,174,884,ground_truth
images/Trip 067 Day 2 01-12-05 Image 1_16.png,Trip 067 Day 2 01-12-05 Image 1_16_crop_000.png,val,1,schizont,717,916,808,1012,ground_truth
images/Trip 067 Day 2 01-12-05 Image 1_16.png,Trip 067 Day 2 01-12-05 Image 1_16_crop_001.png,val,1,schizont,75,338,166,434,ground_truth
images/Trip 067 Day 2 01-12-05 Image 1_16.png,Trip 067 Day 2 01-12-05 Image 1_16_crop_002.png,val,2,trophozoite,752,85,823,155,ground_truth
images/Trip 067 Day 2 01-12-05 Image 1_2.png,Trip 067 Day 2 01-12-05 Image 1_2_crop_000.png,train,1,schizont,1198,394,1289,490,ground_truth
images/Trip 067 Day 2 01-12-05 Image 1_2.png,Trip 067 Day 2 01-12-05 Image 1_2_crop_001.png,train,2,trophozoite,801,211,872,280,ground_truth
images/Trip 067 Day 2 01-12-05 Image 1_2.png,Trip 067 Day 2 01-12-05 Image 1_2_crop_002.png,train,1,schizont,668,271,759,367,ground_truth
images/Trip 067 Day 2 01-12-05 Image 1_3.png,Trip 067 Day 2 01-12-05 Image 1_3_crop_000.png,val,1,schizont,816,724,907,820,ground_truth
images/Trip 067 Day 2 01-12-05 Image 1_3.png,Trip 067 Day 2 01-12-05 Image 1_3_crop_001.png,val,0,ring,428,519,468,554,ground_truth
images/Trip 067 Day 2 01-12-05 Image 1_3.png,Trip 067 Day 2 01-12-05 Image 1_3_crop_002.png,val,1,schizont,403,75,494,171,ground_truth
images/Trip 067 Day 2 01-12-05 Image 1_3.png,Trip 067 Day 2 01-12-05 Image 1_3_crop_003.png,val,0,ring,1175,538,1215,573,ground_truth
images/Trip 067 Day 2 01-12-05 Image 1_3.png,Trip 067 Day 2 01-12-05 Image 1_3_crop_004.png,val,0,ring,18,294,59,330,ground_truth
images/Trip 067 Day 2 01-12-05 Image 1_3.png,Trip 067 Day 2 01-12-05 Image 1_3_crop_005.png,val,1,schizont,262,2,353,98,ground_truth
images/Trip 067 Day 2 01-12-05 Image 1_3.png,Trip 067 Day 2 01-12-05 Image 1_3_crop_006.png,val,0,ring,140,247,181,283,ground_truth
images/Trip 067 Day 2 01-12-05 Image 1_3.png,Trip 067 Day 2 01-12-05 Image 1_3_crop_007.png,val,0,ring,535,616,575,651,ground_truth
images/Trip 067 Day 2 01-12-05 Image 1_3.png,Trip 067 Day 2 01-12-05 Image 1_3_crop_008.png,val,0,ring,1232,686,1273,721,ground_truth
images/Trip 067 Day 2 01-12-05 Image 1_3.png,Trip 067 Day 2 01-12-05 Image 1_3_crop_009.png,val,2,trophozoite,750,539,821,609,ground_truth
images/Trip 067 Day 2 01-12-05 Image 1_4.png,Trip 067 Day 2 01-12-05 Image 1_4_crop_000.png,test,1,schizont,948,759,1039,856,ground_truth
images/Trip 067 Day 2 01-12-05 Image 1_4.png,Trip 067 Day 2 01-12-05 Image 1_4_crop_001.png,test,0,ring,343,546,383,581,ground_truth
images/Trip 067 Day 2 01-12-05 Image 1_4.png,Trip 067 Day 2 01-12-05 Image 1_4_crop_002.png,test,0,ring,484,731,524,767,ground_truth
images/Trip 067 Day 2 01-12-05 Image 1_4.png,Trip 067 Day 2 01-12-05 Image 1_4_crop_003.png,test,1,schizont,1036,99,1127,195,ground_truth
images/Trip 067 Day 2 01-12-05 Image 1_4.png,Trip 067 Day 2 01-12-05 Image 1_4_crop_004.png,test,0,ring,453,902,493,937,ground_truth
images/Trip 067 Day 2 01-12-05 Image 1_5.png,Trip 067 Day 2 01-12-05 Image 1_5_crop_000.png,train,1,schizont,666,940,757,1030,ground_truth
images/Trip 067 Day 2 01-12-05 Image 1_5.png,Trip 067 Day 2 01-12-05 Image 1_5_crop_001.png,train,0,ring,993,416,1033,451,ground_truth
images/Trip 067 Day 2 01-12-05 Image 1_5.png,Trip 067 Day 2 01-12-05 Image 1_5_crop_002.png,train,0,ring,1297,325,1337,361,ground_truth
images/Trip 067 Day 2 01-12-05 Image 1_5.png,Trip 067 Day 2 01-12-05 Image 1_5_crop_003.png,train,2,trophozoite,639,370,710,440,ground_truth
images/Trip 067 Day 2 01-12-05 Image 1_5.png,Trip 067 Day 2 01-12-05 Image 1_5_crop_004.png,train,2,trophozoite,842,104,913,174,ground_truth
images/Trip 067 Day 2 01-12-05 Image 1_5.png,Trip 067 Day 2 01-12-05 Image 1_5_crop_005.png,train,2,trophozoite,867,389,938,459,ground_truth
images/Trip 067 Day 2 01-12-05 Image 1_5.png,Trip 067 Day 2 01-12-05 Image 1_5_crop_006.png,train,2,trophozoite,900,486,971,556,ground_truth
images/Trip 067 Day 2 01-12-05 Image 1_5.png,Trip 067 Day 2 01-12-05 Image 1_5_crop_007.png,train,1,schizont,1211,201,1302,297,ground_truth
images/Trip 067 Day 2 01-12-05 Image 1_5.png,Trip 067 Day 2 01-12-05 Image 1_5_crop_008.png,train,1,schizont,596,342,687,438,ground_truth
images/Trip 067 Day 2 01-12-05 Image 1_5.png,Trip 067 Day 2 01-12-05 Image 1_5_crop_009.png,train,2,trophozoite,676,952,747,1022,ground_truth
images/Trip 067 Day 2 01-12-05 Image 1_6.png,Trip 067 Day 2 01-12-05 Image 1_6_crop_000.png,train,1,schizont,1293,534,1382,630,ground_truth
images/Trip 067 Day 2 01-12-05 Image 1_6.png,Trip 067 Day 2 01-12-05 Image 1_6_crop_001.png,train,1,schizont,1170,280,1261,376,ground_truth
images/Trip 067 Day 2 01-12-05 Image 1_6.png,Trip 067 Day 2 01-12-05 Image 1_6_crop_002.png,train,1,schizont,1036,518,1127,614,ground_truth
images/Trip 067 Day 2 01-12-05 Image 1_6.png,Trip 067 Day 2 01-12-05 Image 1_6_crop_003.png,train,2,trophozoite,577,508,648,578,ground_truth
images/Trip 067 Day 2 01-12-05 Image 1_6.png,Trip 067 Day 2 01-12-05 Image 1_6_crop_004.png,train,0,ring,320,47,361,82,ground_truth
images/Trip 067 Day 2 01-12-05 Image 1_6.png,Trip 067 Day 2 01-12-05 Image 1_6_crop_005.png,train,1,schizont,786,473,877,569,ground_truth
images/Trip 067 Day 2 01-12-05 Image 1_7.png,Trip 067 Day 2 01-12-05 Image 1_7_crop_000.png,train,1,schizont,878,402,969,498,ground_truth
images/Trip 067 Day 2 01-12-05 Image 1_7.png,Trip 067 Day 2 01-12-05 Image 1_7_crop_001.png,train,2,trophozoite,518,879,589,949,ground_truth
images/Trip 067 Day 2 01-12-05 Image 1_7.png,Trip 067 Day 2 01-12-05 Image 1_7_crop_002.png,train,1,schizont,368,236,459,333,ground_truth
images/Trip 067 Day 2 01-12-05 Image 1_7.png,Trip 067 Day 2 01-12-05 Image 1_7_crop_003.png,train,1,schizont,155,127,246,223,ground_truth
images/Trip 067 Day 2 01-12-05 Image 1_7.png,Trip 067 Day 2 01-12-05 Image 1_7_crop_004.png,train,1,schizont,506,780,597,876,ground_truth
images/Trip 067 Day 2 01-12-05 Image 1_7.png,Trip 067 Day 2 01-12-05 Image 1_7_crop_005.png,train,0,ring,355,15,395,50,ground_truth
images/Trip 067 Day 2 01-12-05 Image 1_7.png,Trip 067 Day 2 01-12-05 Image 1_7_crop_006.png,train,0,ring,672,914,713,950,ground_truth
images/Trip 067 Day 2 01-12-05 Image 1_8.png,Trip 067 Day 2 01-12-05 Image 1_8_crop_000.png,train,1,schizont,1291,694,1382,790,ground_truth
images/Trip 067 Day 2 01-12-05 Image 1_8.png,Trip 067 Day 2 01-12-05 Image 1_8_crop_001.png,train,1,schizont,812,390,903,486,ground_truth
images/Trip 067 Day 2 01-12-05 Image 1_8.png,Trip 067 Day 2 01-12-05 Image 1_8_crop_002.png,train,1,schizont,362,613,453,709,ground_truth
images/Trip 067 Day 2 01-12-05 Image 1_8.png,Trip 067 Day 2 01-12-05 Image 1_8_crop_003.png,train,1,schizont,1215,408,1306,504,ground_truth
images/Trip 067 Day 2 01-12-05 Image 1_8.png,Trip 067 Day 2 01-12-05 Image 1_8_crop_004.png,train,2,trophozoite,907,345,978,414,ground_truth
images/Trip 067 Day 2 01-12-05 Image 1_8.png,Trip 067 Day 2 01-12-05 Image 1_8_crop_005.png,train,1,schizont,1208,859,1299,955,ground_truth
images/Trip 067 Day 2 01-12-05 Image 1_9.png,Trip 067 Day 2 01-12-05 Image 1_9_crop_000.png,train,2,trophozoite,661,24,732,94,ground_truth
images/Trip 067 Day 2 01-12-05 Image 1_9.png,Trip 067 Day 2 01-12-05 Image 1_9_crop_001.png,train,1,schizont,896,214,987,310,ground_truth
images/Trip 067 Day 2 01-12-05 Image 1_9.png,Trip 067 Day 2 01-12-05 Image 1_9_crop_002.png,train,1,schizont,12,441,103,537,ground_truth
images/Trip 067 Day 2 01-12-05 Image 1_9.png,Trip 067 Day 2 01-12-05 Image 1_9_crop_003.png,train,0,ring,539,199,580,235,ground_truth
images/Trip 067 Day 2 01-12-05 Image 1_9.png,Trip 067 Day 2 01-12-05 Image 1_9_crop_004.png,train,0,ring,101,383,142,419,ground_truth
images/Trip 067 Day 2 01-12-05 Image 3_1.png,Trip 067 Day 2 01-12-05 Image 3_1_crop_000.png,val,1,schizont,1022,577,1113,674,ground_truth
images/Trip 067 Day 2 01-12-05 Image 3_1.png,Trip 067 Day 2 01-12-05 Image 3_1_crop_001.png,val,0,ring,550,433,590,468,ground_truth
images/Trip 067 Day 2 01-12-05 Image 3_1.png,Trip 067 Day 2 01-12-05 Image 3_1_crop_002.png,val,1,schizont,642,789,733,885,ground_truth
images/Trip 067 Day 2 01-12-05 Image 3_1.png,Trip 067 Day 2 01-12-05 Image 3_1_crop_003.png,val,1,schizont,538,34,629,130,ground_truth
images/Trip 067 Day 2 01-12-05 Image 3_1.png,Trip 067 Day 2 01-12-05 Image 3_1_crop_004.png,val,1,schizont,747,423,838,519,ground_truth
images/Trip 067 Day 2 01-12-05 Image 3_1.png,Trip 067 Day 2 01-12-05 Image 3_1_crop_005.png,val,1,schizont,377,72,468,168,ground_truth
images/Trip 067 Day 2 01-12-05 Image 3_1.png,Trip 067 Day 2 01-12-05 Image 3_1_crop_006.png,val,1,schizont,1232,473,1323,569,ground_truth
images/Trip 067 Day 2 01-12-05 Image 3_1.png,Trip 067 Day 2 01-12-05 Image 3_1_crop_007.png,val,1,schizont,55,943,146,1029,ground_truth
images/Trip 067 Day 2 01-12-05 Image 3_10.png,Trip 067 Day 2 01-12-05 Image 3_10_crop_000.png,val,1,schizont,568,283,659,379,ground_truth
images/Trip 067 Day 2 01-12-05 Image 3_10.png,Trip 067 Day 2 01-12-05 Image 3_10_crop_001.png,val,2,trophozoite,509,713,580,783,ground_truth
images/Trip 067 Day 2 01-12-05 Image 3_10.png,Trip 067 Day 2 01-12-05 Image 3_10_crop_002.png,val,1,schizont,219,22,310,119,ground_truth
images/Trip 067 Day 2 01-12-05 Image 3_10.png,Trip 067 Day 2 01-12-05 Image 3_10_crop_003.png,val,1,schizont,1208,878,1299,975,ground_truth
images/Trip 067 Day 2 01-12-05 Image 3_11.png,Trip 067 Day 2 01-12-05 Image 3_11_crop_000.png,train,1,schizont,359,684,450,780,ground_truth
images/Trip 067 Day 2 01-12-05 Image 3_11.png,Trip 067 Day 2 01-12-05 Image 3_11_crop_001.png,train,1,schizont,512,968,603,1029,ground_truth
images/Trip 067 Day 2 01-12-05 Image 3_11.png,Trip 067 Day 2 01-12-05 Image 3_11_crop_002.png,train,0,ring,1338,602,1378,638,ground_truth
images/Trip 067 Day 2 01-12-05 Image 3_11.png,Trip 067 Day 2 01-12-05 Image 3_11_crop_003.png,train,0,ring,502,539,543,575,ground_truth
images/Trip 067 Day 2 01-12-05 Image 3_11.png,Trip 067 Day 2 01-12-05 Image 3_11_crop_004.png,train,0,ring,119,383,159,419,ground_truth
images/Trip 067 Day 2 01-12-05 Image 3_11.png,Trip 067 Day 2 01-12-05 Image 3_11_crop_005.png,train,1,schizont,308,223,399,319,ground_truth
images/Trip 067 Day 2 01-12-05 Image 3_11.png,Trip 067 Day 2 01-12-05 Image 3_11_crop_006.png,train,1,schizont,422,738,513,834,ground_truth
images/Trip 067 Day 2 01-12-05 Image 3_11.png,Trip 067 Day 2 01-12-05 Image 3_11_crop_007.png,train,1,schizont,50,0,141,80,ground_truth
images/Trip 067 Day 2 01-12-05 Image 3_11.png,Trip 067 Day 2 01-12-05 Image 3_11_crop_008.png,train,1,schizont,1125,93,1216,189,ground_truth
images/Trip 067 Day 2 01-12-05 Image 3_12.png,Trip 067 Day 2 01-12-05 Image 3_12_crop_000.png,train,1,schizont,768,225,859,321,ground_truth
images/Trip 067 Day 2 01-12-05 Image 3_12.png,Trip 067 Day 2 01-12-05 Image 3_12_crop_001.png,train,1,schizont,1170,352,1261,448,ground_truth
images/Trip 067 Day 2 01-12-05 Image 3_12.png,Trip 067 Day 2 01-12-05 Image 3_12_crop_002.png,train,1,schizont,659,130,750,226,ground_truth
images/Trip 067 Day 2 01-12-05 Image 3_12.png,Trip 067 Day 2 01-12-05 Image 3_12_crop_003.png,train,1,schizont,1167,352,1258,448,ground_truth
images/Trip 067 Day 2 01-12-05 Image 3_12.png,Trip 067 Day 2 01-12-05 Image 3_12_crop_004.png,train,1,schizont,328,11,419,107,ground_truth
images/Trip 067 Day 2 01-12-05 Image 3_12.png,Trip 067 Day 2 01-12-05 Image 3_12_crop_005.png,train,1,schizont,203,50,294,146,ground_truth
images/Trip 067 Day 2 01-12-05 Image 3_12.png,Trip 067 Day 2 01-12-05 Image 3_12_crop_006.png,train,1,schizont,670,965,761,1030,ground_truth
images/Trip 067 Day 2 01-12-05 Image 3_13.png,Trip 067 Day 2 01-12-05 Image 3_13_crop_000.png,train,1,schizont,320,347,411,444,ground_truth
images/Trip 067 Day 2 01-12-05 Image 3_13.png,Trip 067 Day 2 01-12-05 Image 3_13_crop_001.png,train,1,schizont,962,74,1053,170,ground_truth
images/Trip 067 Day 2 01-12-05 Image 3_13.png,Trip 067 Day 2 01-12-05 Image 3_13_crop_002.png,train,1,schizont,75,0,166,59,ground_truth
images/Trip 067 Day 2 01-12-05 Image 3_13.png,Trip 067 Day 2 01-12-05 Image 3_13_crop_003.png,train,1,schizont,473,506,564,603,ground_truth
images/Trip 067 Day 2 01-12-05 Image 3_14.png,Trip 067 Day 2 01-12-05 Image 3_14_crop_000.png,train,1,schizont,1154,436,1245,532,ground_truth
images/Trip 067 Day 2 01-12-05 Image 3_14.png,Trip 067 Day 2 01-12-05 Image 3_14_crop_001.png,train,0,ring,560,799,601,834,ground_truth
images/Trip 067 Day 2 01-12-05 Image 3_14.png,Trip 067 Day 2 01-12-05 Image 3_14_crop_002.png,train,1,schizont,1258,505,1349,601,ground_truth
images/Trip 067 Day 2 01-12-05 Image 3_14.png,Trip 067 Day 2 01-12-05 Image 3_14_crop_003.png,train,1,schizont,336,838,427,935,ground_truth
images/Trip 067 Day 2 01-12-05 Image 3_15.png,Trip 067 Day 2 01-12-05 Image 3_15_crop_000.png,train,1,schizont,503,103,594,199,ground_truth
images/Trip 067 Day 2 01-12-05 Image 3_15.png,Trip 067 Day 2 01-12-05 Image 3_15_crop_001.png,train,1,schizont,329,485,420,581,ground_truth
images/Trip 067 Day 2 01-12-05 Image 3_15.png,Trip 067 Day 2 01-12-05 Image 3_15_crop_002.png,train,1,schizont,509,0,600,70,ground_truth
images/Trip 067 Day 2 01-12-05 Image 3_16.png,Trip 067 Day 2 01-12-05 Image 3_16_crop_000.png,train,1,schizont,617,68,708,164,ground_truth
images/Trip 067 Day 2 01-12-05 Image 3_16.png,Trip 067 Day 2 01-12-05 Image 3_16_crop_001.png,train,0,ring,517,293,558,329,ground_truth
images/Trip 067 Day 2 01-12-05 Image 3_16.png,Trip 067 Day 2 01-12-05 Image 3_16_crop_002.png,train,1,schizont,258,283,349,379,ground_truth
images/Trip 067 Day 2 01-12-05 Image 3_16.png,Trip 067 Day 2 01-12-05 Image 3_16_crop_003.png,train,1,schizont,612,917,703,1013,ground_truth
images/Trip 067 Day 2 01-12-05 Image 3_2.png,Trip 067 Day 2 01-12-05 Image 3_2_crop_000.png,test,1,schizont,205,358,296,454,ground_truth
images/Trip 067 Day 2 01-12-05 Image 3_2.png,Trip 067 Day 2 01-12-05 Image 3_2_crop_001.png,test,1,schizont,150,480,241,576,ground_truth
images/Trip 067 Day 2 01-12-05 Image 3_2.png,Trip 067 Day 2 01-12-05 Image 3_2_crop_002.png,test,2,trophozoite,490,607,561,676,ground_truth
images/Trip 067 Day 2 01-12-05 Image 3_2.png,Trip 067 Day 2 01-12-05 Image 3_2_crop_003.png,test,2,trophozoite,105,573,176,643,ground_truth
images/Trip 067 Day 2 01-12-05 Image 3_3.png,Trip 067 Day 2 01-12-05 Image 3_3_crop_000.png,test,1,schizont,221,708,312,804,ground_truth
images/Trip 067 Day 2 01-12-05 Image 3_3.png,Trip 067 Day 2 01-12-05 Image 3_3_crop_001.png,test,1,schizont,1047,838,1138,935,ground_truth
images/Trip 067 Day 2 01-12-05 Image 3_3.png,Trip 067 Day 2 01-12-05 Image 3_3_crop_002.png,test,1,schizont,879,889,970,985,ground_truth
images/Trip 067 Day 2 01-12-05 Image 3_3.png,Trip 067 Day 2 01-12-05 Image 3_3_crop_003.png,test,1,schizont,0,601,69,698,ground_truth
images/Trip 067 Day 2 01-12-05 Image 3_3.png,Trip 067 Day 2 01-12-05 Image 3_3_crop_004.png,test,2,trophozoite,444,412,515,482,ground_truth
images/Trip 067 Day 2 01-12-05 Image 3_3.png,Trip 067 Day 2 01-12-05 Image 3_3_crop_005.png,test,0,ring,1269,230,1310,266,ground_truth
images/Trip 067 Day 2 01-12-05 Image 3_3.png,Trip 067 Day 2 01-12-05 Image 3_3_crop_006.png,test,1,schizont,1095,97,1186,193,ground_truth
images/Trip 067 Day 2 01-12-05 Image 3_3.png,Trip 067 Day 2 01-12-05 Image 3_3_crop_007.png,test,1,schizont,261,225,352,321,ground_truth
images/Trip 067 Day 2 01-12-05 Image 3_3.png,Trip 067 Day 2 01-12-05 Image 3_3_crop_008.png,test,1,schizont,3,263,94,359,ground_truth
images/Trip 067 Day 2 01-12-05 Image 3_3.png,Trip 067 Day 2 01-12-05 Image 3_3_crop_009.png,test,1,schizont,968,748,1059,844,ground_truth
images/Trip 067 Day 2 01-12-05 Image 3_3.png,Trip 067 Day 2 01-12-05 Image 3_3_crop_010.png,test,1,schizont,1046,958,1137,1030,ground_truth
images/Trip 067 Day 2 01-12-05 Image 3_4.png,Trip 067 Day 2 01-12-05 Image 3_4_crop_000.png,train,1,schizont,906,410,997,506,ground_truth
images/Trip 067 Day 2 01-12-05 Image 3_4.png,Trip 067 Day 2 01-12-05 Image 3_4_crop_001.png,train,1,schizont,238,830,329,927,ground_truth
images/Trip 067 Day 2 01-12-05 Image 3_4.png,Trip 067 Day 2 01-12-05 Image 3_4_crop_002.png,train,1,schizont,946,442,1037,539,ground_truth
images/Trip 067 Day 2 01-12-05 Image 3_4.png,Trip 067 Day 2 01-12-05 Image 3_4_crop_003.png,train,1,schizont,1200,177,1291,273,ground_truth
images/Trip 067 Day 2 01-12-05 Image 3_4.png,Trip 067 Day 2 01-12-05 Image 3_4_crop_004.png,train,1,schizont,357,357,448,453,ground_truth
images/Trip 067 Day 2 01-12-05 Image 3_4.png,Trip 067 Day 2 01-12-05 Image 3_4_crop_005.png,train,2,trophozoite,1187,0,1258,68,ground_truth
images/Trip 067 Day 2 01-12-05 Image 3_4.png,Trip 067 Day 2 01-12-05 Image 3_4_crop_006.png,train,0,ring,937,183,977,219,ground_truth
images/Trip 067 Day 2 01-12-05 Image 3_4.png,Trip 067 Day 2 01-12-05 Image 3_4_crop_007.png,train,1,schizont,1293,605,1382,701,ground_truth
images/Trip 067 Day 2 01-12-05 Image 3_4.png,Trip 067 Day 2 01-12-05 Image 3_4_crop_008.png,train,1,schizont,858,954,949,1030,ground_truth
images/Trip 067 Day 2 01-12-05 Image 3_4.png,Trip 067 Day 2 01-12-05 Image 3_4_crop_009.png,train,0,ring,1275,0,1315,34,ground_truth
images/Trip 067 Day 2 01-12-05 Image 3_5.png,Trip 067 Day 2 01-12-05 Image 3_5_crop_000.png,train,2,trophozoite,1263,573,1334,643,ground_truth
images/Trip 067 Day 2 01-12-05 Image 3_5.png,Trip 067 Day 2 01-12-05 Image 3_5_crop_001.png,train,0,ring,1127,912,1167,948,ground_truth
images/Trip 067 Day 2 01-12-05 Image 3_5.png,Trip 067 Day 2 01-12-05 Image 3_5_crop_002.png,train,0,ring,59,418,100,453,ground_truth
images/Trip 067 Day 2 01-12-05 Image 3_6.png,Trip 067 Day 2 01-12-05 Image 3_6_crop_000.png,train,1,schizont,0,312,82,408,ground_truth
images/Trip 067 Day 2 01-12-05 Image 3_6.png,Trip 067 Day 2 01-12-05 Image 3_6_crop_001.png,train,1,schizont,0,438,76,534,ground_truth
images/Trip 067 Day 2 01-12-05 Image 3_6.png,Trip 067 Day 2 01-12-05 Image 3_6_crop_002.png,train,2,trophozoite,980,21,1051,90,ground_truth
images/Trip 067 Day 2 01-12-05 Image 3_6.png,Trip 067 Day 2 01-12-05 Image 3_6_crop_003.png,train,1,schizont,726,172,817,268,ground_truth
images/Trip 067 Day 2 01-12-05 Image 3_6.png,Trip 067 Day 2 01-12-05 Image 3_6_crop_004.png,train,0,ring,226,654,266,689,ground_truth
images/Trip 067 Day 2 01-12-05 Image 3_6.png,Trip 067 Day 2 01-12-05 Image 3_6_crop_005.png,train,0,ring,601,93,641,128,ground_truth
images/Trip 067 Day 2 01-12-05 Image 3_6.png,Trip 067 Day 2 01-12-05 Image 3_6_crop_006.png,train,1,schizont,508,561,599,658,ground_truth
images/Trip 067 Day 2 01-12-05 Image 3_6.png,Trip 067 Day 2 01-12-05 Image 3_6_crop_007.png,train,0,ring,938,943,979,979,ground_truth
images/Trip 067 Day 2 01-12-05 Image 3_7.png,Trip 067 Day 2 01-12-05 Image 3_7_crop_000.png,train,1,schizont,1167,280,1258,376,ground_truth
images/Trip 067 Day 2 01-12-05 Image 3_7.png,Trip 067 Day 2 01-12-05 Image 3_7_crop_001.png,train,1,schizont,1167,280,1258,376,ground_truth
images/Trip 067 Day 2 01-12-05 Image 3_7.png,Trip 067 Day 2 01-12-05 Image 3_7_crop_002.png,train,1,schizont,825,0,916,82,ground_truth
images/Trip 067 Day 2 01-12-05 Image 3_7.png,Trip 067 Day 2 01-12-05 Image 3_7_crop_003.png,train,1,schizont,1307,187,1381,283,ground_truth
images/Trip 067 Day 2 01-12-05 Image 3_7.png,Trip 067 Day 2 01-12-05 Image 3_7_crop_004.png,train,2,trophozoite,1069,301,1140,371,ground_truth
images/Trip 067 Day 2 01-12-05 Image 3_7.png,Trip 067 Day 2 01-12-05 Image 3_7_crop_005.png,train,0,ring,891,848,931,884,ground_truth
images/Trip 067 Day 2 01-12-05 Image 3_8.png,Trip 067 Day 2 01-12-05 Image 3_8_crop_000.png,train,1,schizont,384,843,475,939,ground_truth
images/Trip 067 Day 2 01-12-05 Image 3_8.png,Trip 067 Day 2 01-12-05 Image 3_8_crop_001.png,train,1,schizont,109,3,200,99,ground_truth
images/Trip 067 Day 2 01-12-05 Image 3_8.png,Trip 067 Day 2 01-12-05 Image 3_8_crop_002.png,train,1,schizont,551,938,642,1030,ground_truth
images/Trip 067 Day 2 01-12-05 Image 3_8.png,Trip 067 Day 2 01-12-05 Image 3_8_crop_003.png,train,1,schizont,852,0,943,59,ground_truth
images/Trip 067 Day 2 01-12-05 Image 3_9.png,Trip 067 Day 2 01-12-05 Image 3_9_crop_000.png,train,1,schizont,540,43,631,139,ground_truth
images/Trip 067 Day 2 01-12-05 Image 3_9.png,Trip 067 Day 2 01-12-05 Image 3_9_crop_001.png,train,1,schizont,73,961,164,1029,ground_truth
images/Trip 067 Day 2 01-12-05 Image 3_9.png,Trip 067 Day 2 01-12-05 Image 3_9_crop_002.png,train,1,schizont,940,120,1031,216,ground_truth
images/Trip 067 Day 2 01-12-05 Image 3_9.png,Trip 067 Day 2 01-12-05 Image 3_9_crop_003.png,train,1,schizont,550,307,641,403,ground_truth
images/Trip 067 Day 2 01-12-05 Image 3_9.png,Trip 067 Day 2 01-12-05 Image 3_9_crop_004.png,train,1,schizont,482,707,573,803,ground_truth
images/Trip 067 Day 2 01-12-05 Image 3_9.png,Trip 067 Day 2 01-12-05 Image 3_9_crop_005.png,train,1,schizont,504,249,595,345,ground_truth
images/Trip 067 Day 2 01-12-05 Image 3_9.png,Trip 067 Day 2 01-12-05 Image 3_9_crop_006.png,train,1,schizont,1082,567,1173,663,ground_truth
images/Trip 067 Day 2 01-12-05 Image 3_9.png,Trip 067 Day 2 01-12-05 Image 3_9_crop_007.png,train,1,schizont,1306,88,1382,184,ground_truth
images/Trip 067 Day 2 01-12-05 Image 3_9.png,Trip 067 Day 2 01-12-05 Image 3_9_crop_008.png,train,1,schizont,1005,14,1096,111,ground_truth
images/Trip 067 Day 2 01-12-05 Image 3_9.png,Trip 067 Day 2 01-12-05 Image 3_9_crop_009.png,train,1,schizont,404,258,495,354,ground_truth
images/Trip 073 Day 2 01-12-05 Image 1_1.png,Trip 073 Day 2 01-12-05 Image 1_1_crop_000.png,train,1,schizont,320,558,411,654,ground_truth
images/Trip 073 Day 2 01-12-05 Image 1_1.png,Trip 073 Day 2 01-12-05 Image 1_1_crop_001.png,train,1,schizont,138,825,229,921,ground_truth
images/Trip 073 Day 2 01-12-05 Image 1_1.png,Trip 073 Day 2 01-12-05 Image 1_1_crop_002.png,train,0,ring,721,213,762,248,ground_truth
images/Trip 073 Day 2 01-12-05 Image 1_1.png,Trip 073 Day 2 01-12-05 Image 1_1_crop_003.png,train,0,ring,225,363,266,398,ground_truth
images/Trip 073 Day 2 01-12-05 Image 1_1.png,Trip 073 Day 2 01-12-05 Image 1_1_crop_004.png,train,2,trophozoite,491,674,562,744,ground_truth
images/Trip 073 Day 2 01-12-05 Image 1_1.png,Trip 073 Day 2 01-12-05 Image 1_1_crop_005.png,train,2,trophozoite,269,849,340,919,ground_truth
images/Trip 073 Day 2 01-12-05 Image 1_1.png,Trip 073 Day 2 01-12-05 Image 1_1_crop_006.png,train,1,schizont,1121,675,1212,771,ground_truth
images/Trip 073 Day 2 01-12-05 Image 1_1.png,Trip 073 Day 2 01-12-05 Image 1_1_crop_007.png,train,0,ring,1049,952,1089,988,ground_truth
images/Trip 073 Day 2 01-12-05 Image 1_1.png,Trip 073 Day 2 01-12-05 Image 1_1_crop_008.png,train,0,ring,438,149,478,184,ground_truth
images/Trip 073 Day 2 01-12-05 Image 1_1.png,Trip 073 Day 2 01-12-05 Image 1_1_crop_009.png,train,2,trophozoite,1324,32,1382,102,ground_truth
images/Trip 073 Day 2 01-12-05 Image 1_1.png,Trip 073 Day 2 01-12-05 Image 1_1_crop_010.png,train,2,trophozoite,1249,919,1320,989,ground_truth
images/Trip 073 Day 2 01-12-05 Image 1_1.png,Trip 073 Day 2 01-12-05 Image 1_1_crop_011.png,train,0,ring,1302,722,1342,758,ground_truth
images/Trip 073 Day 2 01-12-05 Image 1_10.png,Trip 073 Day 2 01-12-05 Image 1_10_crop_000.png,train,1,schizont,1312,0,1381,84,ground_truth
images/Trip 073 Day 2 01-12-05 Image 1_10.png,Trip 073 Day 2 01-12-05 Image 1_10_crop_001.png,train,0,ring,718,726,758,761,ground_truth
images/Trip 073 Day 2 01-12-05 Image 1_10.png,Trip 073 Day 2 01-12-05 Image 1_10_crop_002.png,train,2,trophozoite,1111,934,1182,1004,ground_truth
images/Trip 073 Day 2 01-12-05 Image 1_10.png,Trip 073 Day 2 01-12-05 Image 1_10_crop_003.png,train,2,trophozoite,92,283,163,353,ground_truth
images/Trip 073 Day 2 01-12-05 Image 1_10.png,Trip 073 Day 2 01-12-05 Image 1_10_crop_004.png,train,2,trophozoite,409,885,480,955,ground_truth
images/Trip 073 Day 2 01-12-05 Image 1_10.png,Trip 073 Day 2 01-12-05 Image 1_10_crop_005.png,train,2,trophozoite,1020,38,1091,108,ground_truth
images/Trip 073 Day 2 01-12-05 Image 1_10.png,Trip 073 Day 2 01-12-05 Image 1_10_crop_006.png,train,0,ring,25,596,66,632,ground_truth
images/Trip 073 Day 2 01-12-05 Image 1_10.png,Trip 073 Day 2 01-12-05 Image 1_10_crop_007.png,train,0,ring,886,429,926,465,ground_truth
images/Trip 073 Day 2 01-12-05 Image 1_10.png,Trip 073 Day 2 01-12-05 Image 1_10_crop_008.png,train,0,ring,611,285,651,321,ground_truth
images/Trip 073 Day 2 01-12-05 Image 1_10.png,Trip 073 Day 2 01-12-05 Image 1_10_crop_009.png,train,0,ring,18,516,59,552,ground_truth
images/Trip 073 Day 2 01-12-05 Image 1_10.png,Trip 073 Day 2 01-12-05 Image 1_10_crop_010.png,train,0,ring,1100,424,1140,459,ground_truth
images/Trip 073 Day 2 01-12-05 Image 1_10.png,Trip 073 Day 2 01-12-05 Image 1_10_crop_011.png,train,0,ring,1230,57,1271,93,ground_truth
images/Trip 073 Day 2 01-12-05 Image 1_10.png,Trip 073 Day 2 01-12-05 Image 1_10_crop_012.png,train,0,ring,1336,17,1376,53,ground_truth
images/Trip 073 Day 2 01-12-05 Image 1_10.png,Trip 073 Day 2 01-12-05 Image 1_10_crop_013.png,train,1,schizont,476,917,567,1013,ground_truth
images/Trip 073 Day 2 01-12-05 Image 1_11.png,Trip 073 Day 2 01-12-05 Image 1_11_crop_000.png,test,1,schizont,582,866,673,962,ground_truth
images/Trip 073 Day 2 01-12-05 Image 1_11.png,Trip 073 Day 2 01-12-05 Image 1_11_crop_001.png,test,1,schizont,1026,850,1117,946,ground_truth
images/Trip 073 Day 2 01-12-05 Image 1_11.png,Trip 073 Day 2 01-12-05 Image 1_11_crop_002.png,test,1,schizont,21,485,112,581,ground_truth
images/Trip 073 Day 2 01-12-05 Image 1_11.png,Trip 073 Day 2 01-12-05 Image 1_11_crop_003.png,test,0,ring,1297,377,1337,412,ground_truth
images/Trip 073 Day 2 01-12-05 Image 1_11.png,Trip 073 Day 2 01-12-05 Image 1_11_crop_004.png,test,2,trophozoite,584,157,655,227,ground_truth
images/Trip 073 Day 2 01-12-05 Image 1_11.png,Trip 073 Day 2 01-12-05 Image 1_11_crop_005.png,test,0,ring,623,689,663,725,ground_truth
images/Trip 073 Day 2 01-12-05 Image 1_11.png,Trip 073 Day 2 01-12-05 Image 1_11_crop_006.png,test,0,ring,475,366,515,402,ground_truth
images/Trip 073 Day 2 01-12-05 Image 1_11.png,Trip 073 Day 2 01-12-05 Image 1_11_crop_007.png,test,1,schizont,26,0,117,61,ground_truth
images/Trip 073 Day 2 01-12-05 Image 1_11.png,Trip 073 Day 2 01-12-05 Image 1_11_crop_008.png,test,0,ring,497,2,538,38,ground_truth
images/Trip 073 Day 2 01-12-05 Image 1_11.png,Trip 073 Day 2 01-12-05 Image 1_11_crop_009.png,test,0,ring,723,670,764,705,ground_truth
images/Trip 073 Day 2 01-12-05 Image 1_11.png,Trip 073 Day 2 01-12-05 Image 1_11_crop_010.png,test,0,ring,607,896,648,932,ground_truth
images/Trip 073 Day 2 01-12-05 Image 1_12.png,Trip 073 Day 2 01-12-05 Image 1_12_crop_000.png,val,1,schizont,758,611,849,707,ground_truth
images/Trip 073 Day 2 01-12-05 Image 1_12.png,Trip 073 Day 2 01-12-05 Image 1_12_crop_001.png,val,1,schizont,144,305,235,401,ground_truth
images/Trip 073 Day 2 01-12-05 Image 1_12.png,Trip 073 Day 2 01-12-05 Image 1_12_crop_002.png,val,0,ring,146,549,186,585,ground_truth
images/Trip 073 Day 2 01-12-05 Image 1_13.png,Trip 073 Day 2 01-12-05 Image 1_13_crop_000.png,val,0,ring,1064,378,1105,413,ground_truth
images/Trip 073 Day 2 01-12-05 Image 1_13.png,Trip 073 Day 2 01-12-05 Image 1_13_crop_001.png,val,0,ring,740,129,780,165,ground_truth
images/Trip 073 Day 2 01-12-05 Image 1_13.png,Trip 073 Day 2 01-12-05 Image 1_13_crop_002.png,val,2,trophozoite,27,60,98,129,ground_truth
images/Trip 073 Day 2 01-12-05 Image 1_13.png,Trip 073 Day 2 01-12-05 Image 1_13_crop_003.png,val,2,trophozoite,1250,886,1321,956,ground_truth
images/Trip 073 Day 2 01-12-05 Image 1_13.png,Trip 073 Day 2 01-12-05 Image 1_13_crop_004.png,val,2,trophozoite,783,77,854,147,ground_truth
images/Trip 073 Day 2 01-12-05 Image 1_13.png,Trip 073 Day 2 01-12-05 Image 1_13_crop_005.png,val,0,ring,876,445,916,481,ground_truth
images/Trip 073 Day 2 01-12-05 Image 1_13.png,Trip 073 Day 2 01-12-05 Image 1_13_crop_006.png,val,0,ring,1227,472,1268,507,ground_truth
images/Trip 073 Day 2 01-12-05 Image 1_13.png,Trip 073 Day 2 01-12-05 Image 1_13_crop_007.png,val,0,ring,1183,887,1223,922,ground_truth
images/Trip 073 Day 2 01-12-05 Image 1_13.png,Trip 073 Day 2 01-12-05 Image 1_13_crop_008.png,val,1,schizont,361,963,452,1030,ground_truth
images/Trip 073 Day 2 01-12-05 Image 1_13.png,Trip 073 Day 2 01-12-05 Image 1_13_crop_009.png,val,0,ring,0,873,31,909,ground_truth
images/Trip 073 Day 2 01-12-05 Image 1_14.png,Trip 073 Day 2 01-12-05 Image 1_14_crop_000.png,train,0,ring,999,727,1040,762,ground_truth
images/Trip 073 Day 2 01-12-05 Image 1_14.png,Trip 073 Day 2 01-12-05 Image 1_14_crop_001.png,train,2,trophozoite,954,817,1025,887,ground_truth
images/Trip 073 Day 2 01-12-05 Image 1_14.png,Trip 073 Day 2 01-12-05 Image 1_14_crop_002.png,train,2,trophozoite,229,0,300,66,ground_truth
images/Trip 073 Day 2 01-12-05 Image 1_14.png,Trip 073 Day 2 01-12-05 Image 1_14_crop_003.png,train,2,trophozoite,999,410,1070,480,ground_truth
images/Trip 073 Day 2 01-12-05 Image 1_14.png,Trip 073 Day 2 01-12-05 Image 1_14_crop_004.png,train,0,ring,471,359,512,395,ground_truth
images/Trip 073 Day 2 01-12-05 Image 1_14.png,Trip 073 Day 2 01-12-05 Image 1_14_crop_005.png,train,1,schizont,1318,96,1382,192,ground_truth
images/Trip 073 Day 2 01-12-05 Image 1_14.png,Trip 073 Day 2 01-12-05 Image 1_14_crop_006.png,train,0,ring,753,849,794,885,ground_truth
images/Trip 073 Day 2 01-12-05 Image 1_15.png,Trip 073 Day 2 01-12-05 Image 1_15_crop_000.png,test,1,schizont,1228,634,1319,730,ground_truth
images/Trip 073 Day 2 01-12-05 Image 1_15.png,Trip 073 Day 2 01-12-05 Image 1_15_crop_001.png,test,2,trophozoite,11,646,82,715,ground_truth
images/Trip 073 Day 2 01-12-05 Image 1_15.png,Trip 073 Day 2 01-12-05 Image 1_15_crop_002.png,test,0,ring,162,244,203,279,ground_truth
images/Trip 073 Day 2 01-12-05 Image 1_15.png,Trip 073 Day 2 01-12-05 Image 1_15_crop_003.png,test,0,ring,460,782,500,817,ground_truth
images/Trip 073 Day 2 01-12-05 Image 1_15.png,Trip 073 Day 2 01-12-05 Image 1_15_crop_004.png,test,0,ring,285,69,325,104,ground_truth
images/Trip 073 Day 2 01-12-05 Image 1_15.png,Trip 073 Day 2 01-12-05 Image 1_15_crop_005.png,test,1,schizont,0,81,53,177,ground_truth
images/Trip 073 Day 2 01-12-05 Image 1_15.png,Trip 073 Day 2 01-12-05 Image 1_15_crop_006.png,test,2,trophozoite,362,736,433,806,ground_truth
images/Trip 073 Day 2 01-12-05 Image 1_15.png,Trip 073 Day 2 01-12-05 Image 1_15_crop_007.png,test,0,ring,1288,564,1329,600,ground_truth
images/Trip 073 Day 2 01-12-05 Image 1_16.png,Trip 073 Day 2 01-12-05 Image 1_16_crop_000.png,train,2,trophozoite,872,692,943,762,ground_truth
images/Trip 073 Day 2 01-12-05 Image 1_16.png,Trip 073 Day 2 01-12-05 Image 1_16_crop_001.png,train,0,ring,633,65,674,101,ground_truth
images/Trip 073 Day 2 01-12-05 Image 1_16.png,Trip 073 Day 2 01-12-05 Image 1_16_crop_002.png,train,0,ring,236,815,276,850,ground_truth
images/Trip 073 Day 2 01-12-05 Image 1_16.png,Trip 073 Day 2 01-12-05 Image 1_16_crop_003.png,train,0,ring,730,569,770,604,ground_truth
images/Trip 073 Day 2 01-12-05 Image 1_16.png,Trip 073 Day 2 01-12-05 Image 1_16_crop_004.png,train,0,ring,169,370,210,405,ground_truth
images/Trip 073 Day 2 01-12-05 Image 1_16.png,Trip 073 Day 2 01-12-05 Image 1_16_crop_005.png,train,0,ring,181,610,222,646,ground_truth
images/Trip 073 Day 2 01-12-05 Image 1_16.png,Trip 073 Day 2 01-12-05 Image 1_16_crop_006.png,train,0,ring,543,803,583,839,ground_truth
images/Trip 073 Day 2 01-12-05 Image 1_16.png,Trip 073 Day 2 01-12-05 Image 1_16_crop_007.png,train,0,ring,672,797,712,832,ground_truth
images/Trip 073 Day 2 01-12-05 Image 1_2.png,Trip 073 Day 2 01-12-05 Image 1_2_crop_000.png,train,1,schizont,894,287,985,383,ground_truth
images/Trip 073 Day 2 01-12-05 Image 1_2.png,Trip 073 Day 2 01-12-05 Image 1_2_crop_001.png,train,1,schizont,55,679,146,775,ground_truth
images/Trip 073 Day 2 01-12-05 Image 1_2.png,Trip 073 Day 2 01-12-05 Image 1_2_crop_002.png,train,2,trophozoite,192,941,263,1011,ground_truth
images/Trip 073 Day 2 01-12-05 Image 1_2.png,Trip 073 Day 2 01-12-05 Image 1_2_crop_003.png,train,2,trophozoite,1027,135,1098,205,ground_truth
images/Trip 073 Day 2 01-12-05 Image 1_2.png,Trip 073 Day 2 01-12-05 Image 1_2_crop_004.png,train,0,ring,217,643,258,679,ground_truth
images/Trip 073 Day 2 01-12-05 Image 1_2.png,Trip 073 Day 2 01-12-05 Image 1_2_crop_005.png,train,0,ring,687,107,728,142,ground_truth
images/Trip 073 Day 2 01-12-05 Image 1_2.png,Trip 073 Day 2 01-12-05 Image 1_2_crop_006.png,train,2,trophozoite,1204,816,1275,886,ground_truth
images/Trip 073 Day 2 01-12-05 Image 1_2.png,Trip 073 Day 2 01-12-05 Image 1_2_crop_007.png,train,1,schizont,1073,970,1164,1030,ground_truth
images/Trip 073 Day 2 01-12-05 Image 1_3.png,Trip 073 Day 2 01-12-05 Image 1_3_crop_000.png,test,1,schizont,0,556,89,652,ground_truth
images/Trip 073 Day 2 01-12-05 Image 1_3.png,Trip 073 Day 2 01-12-05 Image 1_3_crop_001.png,test,1,schizont,1160,597,1251,693,ground_truth
images/Trip 073 Day 2 01-12-05 Image 1_3.png,Trip 073 Day 2 01-12-05 Image 1_3_crop_002.png,test,1,schizont,971,64,1062,160,ground_truth
images/Trip 073 Day 2 01-12-05 Image 1_3.png,Trip 073 Day 2 01-12-05 Image 1_3_crop_003.png,test,1,schizont,1009,310,1100,406,ground_truth
images/Trip 073 Day 2 01-12-05 Image 1_3.png,Trip 073 Day 2 01-12-05 Image 1_3_crop_004.png,test,2,trophozoite,610,483,681,553,ground_truth
images/Trip 073 Day 2 01-12-05 Image 1_3.png,Trip 073 Day 2 01-12-05 Image 1_3_crop_005.png,test,2,trophozoite,331,535,402,604,ground_truth
images/Trip 073 Day 2 01-12-05 Image 1_3.png,Trip 073 Day 2 01-12-05 Image 1_3_crop_006.png,test,2,trophozoite,231,527,302,596,ground_truth
images/Trip 073 Day 2 01-12-05 Image 1_3.png,Trip 073 Day 2 01-12-05 Image 1_3_crop_007.png,test,0,ring,738,338,779,373,ground_truth
images/Trip 073 Day 2 01-12-05 Image 1_3.png,Trip 073 Day 2 01-12-05 Image 1_3_crop_008.png,test,0,ring,129,372,169,407,ground_truth
images/Trip 073 Day 2 01-12-05 Image 1_3.png,Trip 073 Day 2 01-12-05 Image 1_3_crop_009.png,test,0,ring,580,316,621,351,ground_truth
images/Trip 073 Day 2 01-12-05 Image 1_3.png,Trip 073 Day 2 01-12-05 Image 1_3_crop_010.png,test,0,ring,1198,785,1239,821,ground_truth
images/Trip 073 Day 2 01-12-05 Image 1_3.png,Trip 073 Day 2 01-12-05 Image 1_3_crop_011.png,test,2,trophozoite,435,798,506,868,ground_truth
images/Trip 073 Day 2 01-12-05 Image 1_4.png,Trip 073 Day 2 01-12-05 Image 1_4_crop_000.png,train,1,schizont,349,571,440,667,ground_truth
images/Trip 073 Day 2 01-12-05 Image 1_4.png,Trip 073 Day 2 01-12-05 Image 1_4_crop_001.png,train,1,schizont,273,12,364,108,ground_truth
images/Trip 073 Day 2 01-12-05 Image 1_4.png,Trip 073 Day 2 01-12-05 Image 1_4_crop_002.png,train,1,schizont,659,775,750,872,ground_truth
images/Trip 073 Day 2 01-12-05 Image 1_4.png,Trip 073 Day 2 01-12-05 Image 1_4_crop_003.png,train,1,schizont,73,624,164,721,ground_truth
images/Trip 073 Day 2 01-12-05 Image 1_4.png,Trip 073 Day 2 01-12-05 Image 1_4_crop_004.png,train,1,schizont,1068,312,1159,408,ground_truth
images/Trip 073 Day 2 01-12-05 Image 1_4.png,Trip 073 Day 2 01-12-05 Image 1_4_crop_005.png,train,2,trophozoite,0,293,65,363,ground_truth
images/Trip 073 Day 2 01-12-05 Image 1_4.png,Trip 073 Day 2 01-12-05 Image 1_4_crop_006.png,train,2,trophozoite,106,41,177,111,ground_truth
images/Trip 073 Day 2 01-12-05 Image 1_4.png,Trip 073 Day 2 01-12-05 Image 1_4_crop_007.png,train,2,trophozoite,269,502,340,572,ground_truth
images/Trip 073 Day 2 01-12-05 Image 1_4.png,Trip 073 Day 2 01-12-05 Image 1_4_crop_008.png,train,0,ring,512,307,553,342,ground_truth
images/Trip 073 Day 2 01-12-05 Image 1_4.png,Trip 073 Day 2 01-12-05 Image 1_4_crop_009.png,train,0,ring,904,480,945,515,ground_truth
images/Trip 073 Day 2 01-12-05 Image 1_4.png,Trip 073 Day 2 01-12-05 Image 1_4_crop_010.png,train,0,ring,1188,540,1228,576,ground_truth
images/Trip 073 Day 2 01-12-05 Image 1_4.png,Trip 073 Day 2 01-12-05 Image 1_4_crop_011.png,train,0,ring,742,145,782,181,ground_truth
images/Trip 073 Day 2 01-12-05 Image 1_4.png,Trip 073 Day 2 01-12-05 Image 1_4_crop_012.png,train,1,schizont,1148,975,1239,1029,ground_truth
images/Trip 073 Day 2 01-12-05 Image 1_4.png,Trip 073 Day 2 01-12-05 Image 1_4_crop_013.png,train,0,ring,906,714,947,750,ground_truth
images/Trip 073 Day 2 01-12-05 Image 1_5.png,Trip 073 Day 2 01-12-05 Image 1_5_crop_000.png,train,1,schizont,1301,902,1382,999,ground_truth
images/Trip 073 Day 2 01-12-05 Image 1_5.png,Trip 073 Day 2 01-12-05 Image 1_5_crop_001.png,train,1,schizont,1301,905,1382,1001,ground_truth
images/Trip 073 Day 2 01-12-05 Image 1_5.png,Trip 073 Day 2 01-12-05 Image 1_5_crop_002.png,train,2,trophozoite,381,808,452,878,ground_truth
images/Trip 073 Day 2 01-12-05 Image 1_5.png,Trip 073 Day 2 01-12-05 Image 1_5_crop_003.png,train,2,trophozoite,1262,123,1333,192,ground_truth
images/Trip 073 Day 2 01-12-05 Image 1_5.png,Trip 073 Day 2 01-12-05 Image 1_5_crop_004.png,train,2,trophozoite,340,695,411,765,ground_truth
images/Trip 073 Day 2 01-12-05 Image 1_5.png,Trip 073 Day 2 01-12-05 Image 1_5_crop_005.png,train,0,ring,465,125,505,160,ground_truth
images/Trip 073 Day 2 01-12-05 Image 1_5.png,Trip 073 Day 2 01-12-05 Image 1_5_crop_006.png,train,0,ring,471,892,512,927,ground_truth
images/Trip 073 Day 2 01-12-05 Image 1_5.png,Trip 073 Day 2 01-12-05 Image 1_5_crop_007.png,train,1,schizont,165,956,256,1030,ground_truth
images/Trip 073 Day 2 01-12-05 Image 1_5.png,Trip 073 Day 2 01-12-05 Image 1_5_crop_008.png,train,0,ring,1096,380,1137,416,ground_truth
images/Trip 073 Day 2 01-12-05 Image 1_5.png,Trip 073 Day 2 01-12-05 Image 1_5_crop_009.png,train,0,ring,667,951,707,987,ground_truth
images/Trip 073 Day 2 01-12-05 Image 1_5.png,Trip 073 Day 2 01-12-05 Image 1_5_crop_010.png,train,0,ring,507,1004,548,1030,ground_truth
images/Trip 073 Day 2 01-12-05 Image 1_6.png,Trip 073 Day 2 01-12-05 Image 1_6_crop_000.png,test,1,schizont,1159,464,1250,560,ground_truth
images/Trip 073 Day 2 01-12-05 Image 1_6.png,Trip 073 Day 2 01-12-05 Image 1_6_crop_001.png,test,1,schizont,903,137,994,233,ground_truth
images/Trip 073 Day 2 01-12-05 Image 1_6.png,Trip 073 Day 2 01-12-05 Image 1_6_crop_002.png,test,1,schizont,308,516,399,612,ground_truth
images/Trip 073 Day 2 01-12-05 Image 1_6.png,Trip 073 Day 2 01-12-05 Image 1_6_crop_003.png,test,2,trophozoite,879,888,950,958,ground_truth
images/Trip 073 Day 2 01-12-05 Image 1_6.png,Trip 073 Day 2 01-12-05 Image 1_6_crop_004.png,test,2,trophozoite,1056,172,1127,242,ground_truth
images/Trip 073 Day 2 01-12-05 Image 1_6.png,Trip 073 Day 2 01-12-05 Image 1_6_crop_005.png,test,0,ring,794,830,835,865,ground_truth
images/Trip 073 Day 2 01-12-05 Image 1_6.png,Trip 073 Day 2 01-12-05 Image 1_6_crop_006.png,test,0,ring,105,611,146,647,ground_truth
images/Trip 073 Day 2 01-12-05 Image 1_6.png,Trip 073 Day 2 01-12-05 Image 1_6_crop_007.png,test,0,ring,1012,646,1052,681,ground_truth
images/Trip 073 Day 2 01-12-05 Image 1_6.png,Trip 073 Day 2 01-12-05 Image 1_6_crop_008.png,test,2,trophozoite,1141,201,1212,271,ground_truth
images/Trip 073 Day 2 01-12-05 Image 1_6.png,Trip 073 Day 2 01-12-05 Image 1_6_crop_009.png,test,1,schizont,1078,0,1169,55,ground_truth
images/Trip 073 Day 2 01-12-05 Image 1_7.png,Trip 073 Day 2 01-12-05 Image 1_7_crop_000.png,val,1,schizont,647,832,738,928,ground_truth
images/Trip 073 Day 2 01-12-05 Image 1_7.png,Trip 073 Day 2 01-12-05 Image 1_7_crop_001.png,val,0,ring,935,66,976,102,ground_truth
images/Trip 073 Day 2 01-12-05 Image 1_7.png,Trip 073 Day 2 01-12-05 Image 1_7_crop_002.png,val,2,trophozoite,590,96,661,166,ground_truth
images/Trip 073 Day 2 01-12-05 Image 1_7.png,Trip 073 Day 2 01-12-05 Image 1_7_crop_003.png,val,0,ring,445,39,485,74,ground_truth
images/Trip 073 Day 2 01-12-05 Image 1_7.png,Trip 073 Day 2 01-12-05 Image 1_7_crop_004.png,val,0,ring,90,255,130,291,ground_truth
images/Trip 073 Day 2 01-12-05 Image 1_7.png,Trip 073 Day 2 01-12-05 Image 1_7_crop_005.png,val,1,schizont,29,970,120,1030,ground_truth
images/Trip 073 Day 2 01-12-05 Image 1_7.png,Trip 073 Day 2 01-12-05 Image 1_7_crop_006.png,val,0,ring,1132,200,1172,236,ground_truth
images/Trip 073 Day 2 01-12-05 Image 1_8.png,Trip 073 Day 2 01-12-05 Image 1_8_crop_000.png,test,1,schizont,918,154,1009,250,ground_truth
images/Trip 073 Day 2 01-12-05 Image 1_8.png,Trip 073 Day 2 01-12-05 Image 1_8_crop_001.png,test,1,schizont,214,344,305,440,ground_truth
images/Trip 073 Day 2 01-12-05 Image 1_8.png,Trip 073 Day 2 01-12-05 Image 1_8_crop_002.png,test,1,schizont,682,124,773,220,ground_truth
images/Trip 073 Day 2 01-12-05 Image 1_8.png,Trip 073 Day 2 01-12-05 Image 1_8_crop_003.png,test,0,ring,597,690,638,726,ground_truth
images/Trip 073 Day 2 01-12-05 Image 1_8.png,Trip 073 Day 2 01-12-05 Image 1_8_crop_004.png,test,0,ring,692,989,733,1024,ground_truth
images/Trip 073 Day 2 01-12-05 Image 1_8.png,Trip 073 Day 2 01-12-05 Image 1_8_crop_005.png,test,2,trophozoite,0,0,55,61,ground_truth
images/Trip 073 Day 2 01-12-05 Image 1_8.png,Trip 073 Day 2 01-12-05 Image 1_8_crop_006.png,test,2,trophozoite,933,440,1004,509,ground_truth
images/Trip 073 Day 2 01-12-05 Image 1_8.png,Trip 073 Day 2 01-12-05 Image 1_8_crop_007.png,test,2,trophozoite,223,613,294,683,ground_truth
images/Trip 073 Day 2 01-12-05 Image 1_8.png,Trip 073 Day 2 01-12-05 Image 1_8_crop_008.png,test,2,trophozoite,1067,397,1138,467,ground_truth
images/Trip 073 Day 2 01-12-05 Image 1_8.png,Trip 073 Day 2 01-12-05 Image 1_8_crop_009.png,test,2,trophozoite,1161,0,1232,48,ground_truth
images/Trip 073 Day 2 01-12-05 Image 1_8.png,Trip 073 Day 2 01-12-05 Image 1_8_crop_010.png,test,2,trophozoite,279,92,350,161,ground_truth
images/Trip 073 Day 2 01-12-05 Image 1_8.png,Trip 073 Day 2 01-12-05 Image 1_8_crop_011.png,test,0,ring,188,386,229,421,ground_truth
images/Trip 073 Day 2 01-12-05 Image 1_8.png,Trip 073 Day 2 01-12-05 Image 1_8_crop_012.png,test,0,ring,1246,21,1286,56,ground_truth
images/Trip 073 Day 2 01-12-05 Image 1_8.png,Trip 073 Day 2 01-12-05 Image 1_8_crop_013.png,test,0,ring,370,470,410,506,ground_truth
images/Trip 073 Day 2 01-12-05 Image 1_8.png,Trip 073 Day 2 01-12-05 Image 1_8_crop_014.png,test,0,ring,140,968,181,1004,ground_truth
images/Trip 073 Day 2 01-12-05 Image 1_8.png,Trip 073 Day 2 01-12-05 Image 1_8_crop_015.png,test,0,ring,1025,858,1065,894,ground_truth
images/Trip 073 Day 2 01-12-05 Image 1_8.png,Trip 073 Day 2 01-12-05 Image 1_8_crop_016.png,test,0,ring,368,470,409,506,ground_truth
images/Trip 073 Day 2 01-12-05 Image 1_8.png,Trip 073 Day 2 01-12-05 Image 1_8_crop_017.png,test,0,ring,1023,860,1064,895,ground_truth
images/Trip 073 Day 2 01-12-05 Image 1_9.png,Trip 073 Day 2 01-12-05 Image 1_9_crop_000.png,test,1,schizont,1112,694,1203,790,ground_truth
images/Trip 073 Day 2 01-12-05 Image 1_9.png,Trip 073 Day 2 01-12-05 Image 1_9_crop_001.png,test,1,schizont,1010,881,1101,977,ground_truth
images/Trip 073 Day 2 01-12-05 Image 1_9.png,Trip 073 Day 2 01-12-05 Image 1_9_crop_002.png,test,1,schizont,1301,890,1382,986,ground_truth
images/Trip 073 Day 2 01-12-05 Image 1_9.png,Trip 073 Day 2 01-12-05 Image 1_9_crop_003.png,test,0,ring,1023,625,1064,660,ground_truth
images/Trip 073 Day 2 01-12-05 Image 1_9.png,Trip 073 Day 2 01-12-05 Image 1_9_crop_004.png,test,2,trophozoite,1134,109,1205,179,ground_truth
images/Trip 073 Day 2 01-12-05 Image 1_9.png,Trip 073 Day 2 01-12-05 Image 1_9_crop_005.png,test,2,trophozoite,261,777,332,847,ground_truth
images/Trip 073 Day 2 01-12-05 Image 1_9.png,Trip 073 Day 2 01-12-05 Image 1_9_crop_006.png,test,2,trophozoite,418,313,489,382,ground_truth
images/Trip 073 Day 2 01-12-05 Image 1_9.png,Trip 073 Day 2 01-12-05 Image 1_9_crop_007.png,test,2,trophozoite,80,198,151,268,ground_truth
images/Trip 073 Day 2 01-12-05 Image 1_9.png,Trip 073 Day 2 01-12-05 Image 1_9_crop_008.png,test,0,ring,657,466,697,501,ground_truth
images/Trip 073 Day 2 01-12-05 Image 1_9.png,Trip 073 Day 2 01-12-05 Image 1_9_crop_009.png,test,2,trophozoite,885,695,956,765,ground_truth
images/Trip 073 Day 2 01-12-05 Image 1_9.png,Trip 073 Day 2 01-12-05 Image 1_9_crop_010.png,test,0,ring,777,783,818,818,ground_truth
images/Trip 073 Day 2 01-12-05 Image 1_9.png,Trip 073 Day 2 01-12-05 Image 1_9_crop_011.png,test,0,ring,27,898,67,934,ground_truth
images/Trip 073 Day 2 01-12-05 Image 1_9.png,Trip 073 Day 2 01-12-05 Image 1_9_crop_012.png,test,0,ring,657,465,697,500,ground_truth
images/Trip 083 Day 2 07-12-05 Image 2_1.png,Trip 083 Day 2 07-12-05 Image 2_1_crop_000.png,train,1,schizont,839,49,930,145,ground_truth
images/Trip 083 Day 2 07-12-05 Image 2_1.png,Trip 083 Day 2 07-12-05 Image 2_1_crop_001.png,train,2,trophozoite,222,888,293,958,ground_truth
images/Trip 083 Day 2 07-12-05 Image 2_1.png,Trip 083 Day 2 07-12-05 Image 2_1_crop_002.png,train,1,schizont,446,463,537,559,ground_truth
images/Trip 083 Day 2 07-12-05 Image 2_1.png,Trip 083 Day 2 07-12-05 Image 2_1_crop_003.png,train,1,schizont,327,678,418,774,ground_truth
images/Trip 083 Day 2 07-12-05 Image 2_10.png,Trip 083 Day 2 07-12-05 Image 2_10_crop_000.png,train,2,trophozoite,550,776,621,846,ground_truth
images/Trip 083 Day 2 07-12-05 Image 2_10.png,Trip 083 Day 2 07-12-05 Image 2_10_crop_001.png,train,2,trophozoite,529,704,600,774,ground_truth
images/Trip 083 Day 2 07-12-05 Image 2_10.png,Trip 083 Day 2 07-12-05 Image 2_10_crop_002.png,train,2,trophozoite,975,266,1046,335,ground_truth
images/Trip 083 Day 2 07-12-05 Image 2_10.png,Trip 083 Day 2 07-12-05 Image 2_10_crop_003.png,train,2,trophozoite,480,361,551,430,ground_truth
images/Trip 083 Day 2 07-12-05 Image 2_10.png,Trip 083 Day 2 07-12-05 Image 2_10_crop_004.png,train,2,trophozoite,481,361,552,430,ground_truth
images/Trip 083 Day 2 07-12-05 Image 2_10.png,Trip 083 Day 2 07-12-05 Image 2_10_crop_005.png,train,1,schizont,110,387,201,484,ground_truth
images/Trip 083 Day 2 07-12-05 Image 2_10.png,Trip 083 Day 2 07-12-05 Image 2_10_crop_006.png,train,1,schizont,110,387,201,484,ground_truth
images/Trip 083 Day 2 07-12-05 Image 2_11.png,Trip 083 Day 2 07-12-05 Image 2_11_crop_000.png,test,1,schizont,226,21,317,117,ground_truth
images/Trip 083 Day 2 07-12-05 Image 2_11.png,Trip 083 Day 2 07-12-05 Image 2_11_crop_001.png,test,2,trophozoite,109,529,180,599,ground_truth
images/Trip 083 Day 2 07-12-05 Image 2_11.png,Trip 083 Day 2 07-12-05 Image 2_11_crop_002.png,test,1,schizont,449,699,540,795,ground_truth
images/Trip 083 Day 2 07-12-05 Image 2_11.png,Trip 083 Day 2 07-12-05 Image 2_11_crop_003.png,test,1,schizont,447,345,538,441,ground_truth
images/Trip 083 Day 2 07-12-05 Image 2_11.png,Trip 083 Day 2 07-12-05 Image 2_11_crop_004.png,test,2,trophozoite,1210,619,1281,689,ground_truth
images/Trip 083 Day 2 07-12-05 Image 2_11.png,Trip 083 Day 2 07-12-05 Image 2_11_crop_005.png,test,2,trophozoite,199,425,270,494,ground_truth
images/Trip 083 Day 2 07-12-05 Image 2_11.png,Trip 083 Day 2 07-12-05 Image 2_11_crop_006.png,test,2,trophozoite,337,357,408,427,ground_truth
images/Trip 083 Day 2 07-12-05 Image 2_11.png,Trip 083 Day 2 07-12-05 Image 2_11_crop_007.png,test,2,trophozoite,1113,754,1184,824,ground_truth
images/Trip 083 Day 2 07-12-05 Image 2_11.png,Trip 083 Day 2 07-12-05 Image 2_11_crop_008.png,test,1,schizont,1237,762,1328,858,ground_truth
images/Trip 083 Day 2 07-12-05 Image 2_11.png,Trip 083 Day 2 07-12-05 Image 2_11_crop_009.png,test,2,trophozoite,0,386,64,456,ground_truth
images/Trip 083 Day 2 07-12-05 Image 2_11.png,Trip 083 Day 2 07-12-05 Image 2_11_crop_010.png,test,0,ring,876,424,916,459,ground_truth
images/Trip 083 Day 2 07-12-05 Image 2_12.png,Trip 083 Day 2 07-12-05 Image 2_12_crop_000.png,train,2,trophozoite,872,296,943,366,ground_truth
images/Trip 083 Day 2 07-12-05 Image 2_12.png,Trip 083 Day 2 07-12-05 Image 2_12_crop_001.png,train,1,schizont,896,585,987,682,ground_truth
images/Trip 083 Day 2 07-12-05 Image 2_12.png,Trip 083 Day 2 07-12-05 Image 2_12_crop_002.png,train,1,schizont,216,687,307,783,ground_truth
images/Trip 083 Day 2 07-12-05 Image 2_12.png,Trip 083 Day 2 07-12-05 Image 2_12_crop_003.png,train,2,trophozoite,123,783,194,853,ground_truth
images/Trip 083 Day 2 07-12-05 Image 2_13.png,Trip 083 Day 2 07-12-05 Image 2_13_crop_000.png,train,0,ring,168,517,208,553,ground_truth
images/Trip 083 Day 2 07-12-05 Image 2_13.png,Trip 083 Day 2 07-12-05 Image 2_13_crop_001.png,train,1,schizont,20,85,111,181,ground_truth
images/Trip 083 Day 2 07-12-05 Image 2_13.png,Trip 083 Day 2 07-12-05 Image 2_13_crop_002.png,train,1,schizont,107,291,198,387,ground_truth
images/Trip 083 Day 2 07-12-05 Image 2_14.png,Trip 083 Day 2 07-12-05 Image 2_14_crop_000.png,train,0,ring,628,357,668,393,ground_truth
images/Trip 083 Day 2 07-12-05 Image 2_14.png,Trip 083 Day 2 07-12-05 Image 2_14_crop_001.png,train,2,trophozoite,1092,293,1163,363,ground_truth
images/Trip 083 Day 2 07-12-05 Image 2_14.png,Trip 083 Day 2 07-12-05 Image 2_14_crop_002.png,train,1,schizont,970,446,1061,542,ground_truth
images/Trip 083 Day 2 07-12-05 Image 2_14.png,Trip 083 Day 2 07-12-05 Image 2_14_crop_003.png,train,2,trophozoite,1012,684,1083,754,ground_truth
images/Trip 083 Day 2 07-12-05 Image 2_14.png,Trip 083 Day 2 07-12-05 Image 2_14_crop_004.png,train,2,trophozoite,311,754,382,824,ground_truth
images/Trip 083 Day 2 07-12-05 Image 2_14.png,Trip 083 Day 2 07-12-05 Image 2_14_crop_005.png,train,0,ring,1224,680,1264,715,ground_truth
images/Trip 083 Day 2 07-12-05 Image 2_14.png,Trip 083 Day 2 07-12-05 Image 2_14_crop_006.png,train,2,trophozoite,613,341,684,411,ground_truth
images/Trip 083 Day 2 07-12-05 Image 2_15.png,Trip 083 Day 2 07-12-05 Image 2_15_crop_000.png,train,1,schizont,535,782,626,878,ground_truth
images/Trip 083 Day 2 07-12-05 Image 2_15.png,Trip 083 Day 2 07-12-05 Image 2_15_crop_001.png,train,2,trophozoite,1070,833,1141,903,ground_truth
images/Trip 083 Day 2 07-12-05 Image 2_15.png,Trip 083 Day 2 07-12-05 Image 2_15_crop_002.png,train,2,trophozoite,1228,6,1299,76,ground_truth
images/Trip 083 Day 2 07-12-05 Image 2_15.png,Trip 083 Day 2 07-12-05 Image 2_15_crop_003.png,train,2,trophozoite,954,776,1025,846,ground_truth
images/Trip 083 Day 2 07-12-05 Image 2_15.png,Trip 083 Day 2 07-12-05 Image 2_15_crop_004.png,train,1,schizont,880,428,971,524,ground_truth
images/Trip 083 Day 2 07-12-05 Image 2_15.png,Trip 083 Day 2 07-12-05 Image 2_15_crop_005.png,train,0,ring,887,90,928,126,ground_truth
images/Trip 083 Day 2 07-12-05 Image 2_16.png,Trip 083 Day 2 07-12-05 Image 2_16_crop_000.png,train,0,ring,552,849,592,885,ground_truth
images/Trip 083 Day 2 07-12-05 Image 2_16.png,Trip 083 Day 2 07-12-05 Image 2_16_crop_001.png,train,1,schizont,572,0,663,84,ground_truth
images/Trip 083 Day 2 07-12-05 Image 2_16.png,Trip 083 Day 2 07-12-05 Image 2_16_crop_002.png,train,2,trophozoite,1195,100,1266,169,ground_truth
images/Trip 083 Day 2 07-12-05 Image 2_16.png,Trip 083 Day 2 07-12-05 Image 2_16_crop_003.png,train,1,schizont,446,802,537,898,ground_truth
images/Trip 083 Day 2 07-12-05 Image 2_16.png,Trip 083 Day 2 07-12-05 Image 2_16_crop_004.png,train,1,schizont,1260,0,1351,91,ground_truth
images/Trip 083 Day 2 07-12-05 Image 2_16.png,Trip 083 Day 2 07-12-05 Image 2_16_crop_005.png,train,1,schizont,605,735,696,832,ground_truth
images/Trip 083 Day 2 07-12-05 Image 2_16.png,Trip 083 Day 2 07-12-05 Image 2_16_crop_006.png,train,1,schizont,447,802,538,898,ground_truth
images/Trip 083 Day 2 07-12-05 Image 2_2.png,Trip 083 Day 2 07-12-05 Image 2_2_crop_000.png,train,1,schizont,1244,703,1335,799,ground_truth
images/Trip 083 Day 2 07-12-05 Image 2_2.png,Trip 083 Day 2 07-12-05 Image 2_2_crop_001.png,train,2,trophozoite,877,589,948,659,ground_truth
images/Trip 083 Day 2 07-12-05 Image 2_2.png,Trip 083 Day 2 07-12-05 Image 2_2_crop_002.png,train,1,schizont,628,336,719,432,ground_truth
images/Trip 083 Day 2 07-12-05 Image 2_2.png,Trip 083 Day 2 07-12-05 Image 2_2_crop_003.png,train,1,schizont,452,70,543,167,ground_truth
images/Trip 083 Day 2 07-12-05 Image 2_2.png,Trip 083 Day 2 07-12-05 Image 2_2_crop_004.png,train,2,trophozoite,251,49,322,119,ground_truth
images/Trip 083 Day 2 07-12-05 Image 2_2.png,Trip 083 Day 2 07-12-05 Image 2_2_crop_005.png,train,1,schizont,1258,270,1349,366,ground_truth
images/Trip 083 Day 2 07-12-05 Image 2_2.png,Trip 083 Day 2 07-12-05 Image 2_2_crop_006.png,train,1,schizont,1271,676,1362,772,ground_truth
images/Trip 083 Day 2 07-12-05 Image 2_3.png,Trip 083 Day 2 07-12-05 Image 2_3_crop_000.png,test,2,trophozoite,1073,24,1144,94,ground_truth
images/Trip 083 Day 2 07-12-05 Image 2_3.png,Trip 083 Day 2 07-12-05 Image 2_3_crop_001.png,test,1,schizont,569,472,660,568,ground_truth
images/Trip 083 Day 2 07-12-05 Image 2_3.png,Trip 083 Day 2 07-12-05 Image 2_3_crop_002.png,test,1,schizont,1084,908,1175,1004,ground_truth
images/Trip 083 Day 2 07-12-05 Image 2_4.png,Trip 083 Day 2 07-12-05 Image 2_4_crop_000.png,train,1,schizont,1192,149,1283,246,ground_truth
images/Trip 083 Day 2 07-12-05 Image 2_4.png,Trip 083 Day 2 07-12-05 Image 2_4_crop_001.png,train,2,trophozoite,428,112,499,182,ground_truth
images/Trip 083 Day 2 07-12-05 Image 2_4.png,Trip 083 Day 2 07-12-05 Image 2_4_crop_002.png,train,1,schizont,927,582,1018,678,ground_truth
images/Trip 083 Day 2 07-12-05 Image 2_5.png,Trip 083 Day 2 07-12-05 Image 2_5_crop_000.png,val,1,schizont,782,252,873,349,ground_truth
images/Trip 083 Day 2 07-12-05 Image 2_6.png,Trip 083 Day 2 07-12-05 Image 2_6_crop_000.png,train,2,trophozoite,974,337,1045,406,ground_truth
images/Trip 083 Day 2 07-12-05 Image 2_6.png,Trip 083 Day 2 07-12-05 Image 2_6_crop_001.png,train,2,trophozoite,0,759,61,829,ground_truth
images/Trip 083 Day 2 07-12-05 Image 2_6.png,Trip 083 Day 2 07-12-05 Image 2_6_crop_002.png,train,1,schizont,199,691,290,787,ground_truth
images/Trip 083 Day 2 07-12-05 Image 2_6.png,Trip 083 Day 2 07-12-05 Image 2_6_crop_003.png,train,1,schizont,530,12,621,108,ground_truth
images/Trip 083 Day 2 07-12-05 Image 2_7.png,Trip 083 Day 2 07-12-05 Image 2_7_crop_000.png,val,2,trophozoite,241,842,312,912,ground_truth
images/Trip 083 Day 2 07-12-05 Image 2_7.png,Trip 083 Day 2 07-12-05 Image 2_7_crop_001.png,val,2,trophozoite,699,165,770,235,ground_truth
images/Trip 083 Day 2 07-12-05 Image 2_7.png,Trip 083 Day 2 07-12-05 Image 2_7_crop_002.png,val,2,trophozoite,1036,199,1107,269,ground_truth
images/Trip 083 Day 2 07-12-05 Image 2_7.png,Trip 083 Day 2 07-12-05 Image 2_7_crop_003.png,val,2,trophozoite,279,932,350,1001,ground_truth
images/Trip 083 Day 2 07-12-05 Image 2_7.png,Trip 083 Day 2 07-12-05 Image 2_7_crop_004.png,val,2,trophozoite,662,298,733,367,ground_truth
images/Trip 083 Day 2 07-12-05 Image 2_8.png,Trip 083 Day 2 07-12-05 Image 2_8_crop_000.png,train,0,ring,630,350,670,386,ground_truth
images/Trip 083 Day 2 07-12-05 Image 2_8.png,Trip 083 Day 2 07-12-05 Image 2_8_crop_001.png,train,1,schizont,390,296,481,392,ground_truth
images/Trip 083 Day 2 07-12-05 Image 2_8.png,Trip 083 Day 2 07-12-05 Image 2_8_crop_002.png,train,1,schizont,1023,553,1114,650,ground_truth
images/Trip 083 Day 2 07-12-05 Image 2_8.png,Trip 083 Day 2 07-12-05 Image 2_8_crop_003.png,train,1,schizont,1023,552,1114,648,ground_truth
images/Trip 083 Day 2 07-12-05 Image 2_9.png,Trip 083 Day 2 07-12-05 Image 2_9_crop_000.png,train,1,schizont,771,886,862,983,ground_truth
images/Trip 083 Day 2 07-12-05 Image 2_9.png,Trip 083 Day 2 07-12-05 Image 2_9_crop_001.png,train,2,trophozoite,354,981,425,1030,ground_truth
images/Trip 083 Day 2 07-12-05 Image 2_9.png,Trip 083 Day 2 07-12-05 Image 2_9_crop_002.png,train,2,trophozoite,345,865,416,935,ground_truth
images/Trip 083 Day 2 07-12-05 Image 2_9.png,Trip 083 Day 2 07-12-05 Image 2_9_crop_003.png,train,2,trophozoite,347,127,418,197,ground_truth
images/Trip 083 Day 2 07-12-05 Image 2_9.png,Trip 083 Day 2 07-12-05 Image 2_9_crop_004.png,train,2,trophozoite,74,833,145,903,ground_truth
images/Trip 083 Day 2 07-12-05 Image 3_1.png,Trip 083 Day 2 07-12-05 Image 3_1_crop_000.png,train,1,schizont,28,526,119,622,ground_truth
images/Trip 083 Day 2 07-12-05 Image 3_1.png,Trip 083 Day 2 07-12-05 Image 3_1_crop_001.png,train,1,schizont,362,360,453,456,ground_truth
images/Trip 083 Day 2 07-12-05 Image 3_1.png,Trip 083 Day 2 07-12-05 Image 3_1_crop_002.png,train,1,schizont,992,131,1083,227,ground_truth
images/Trip 083 Day 2 07-12-05 Image 3_1.png,Trip 083 Day 2 07-12-05 Image 3_1_crop_003.png,train,1,schizont,31,187,122,283,ground_truth
images/Trip 083 Day 2 07-12-05 Image 3_1.png,Trip 083 Day 2 07-12-05 Image 3_1_crop_004.png,train,1,schizont,225,20,316,116,ground_truth
images/Trip 083 Day 2 07-12-05 Image 3_1.png,Trip 083 Day 2 07-12-05 Image 3_1_crop_005.png,train,0,ring,842,815,882,850,ground_truth
images/Trip 083 Day 2 07-12-05 Image 3_10.png,Trip 083 Day 2 07-12-05 Image 3_10_crop_000.png,val,2,trophozoite,1317,604,1381,674,ground_truth
images/Trip 083 Day 2 07-12-05 Image 3_10.png,Trip 083 Day 2 07-12-05 Image 3_10_crop_001.png,val,2,trophozoite,544,781,615,850,ground_truth
images/Trip 083 Day 2 07-12-05 Image 3_10.png,Trip 083 Day 2 07-12-05 Image 3_10_crop_002.png,val,1,schizont,228,489,319,585,ground_truth
images/Trip 083 Day 2 07-12-05 Image 3_10.png,Trip 083 Day 2 07-12-05 Image 3_10_crop_003.png,val,1,schizont,483,920,574,1016,ground_truth
images/Trip 083 Day 2 07-12-05 Image 3_10.png,Trip 083 Day 2 07-12-05 Image 3_10_crop_004.png,val,2,trophozoite,1328,521,1382,591,ground_truth
images/Trip 083 Day 2 07-12-05 Image 3_10.png,Trip 083 Day 2 07-12-05 Image 3_10_crop_005.png,val,2,trophozoite,427,100,498,169,ground_truth
images/Trip 083 Day 2 07-12-05 Image 3_10.png,Trip 083 Day 2 07-12-05 Image 3_10_crop_006.png,val,1,schizont,1189,972,1280,1030,ground_truth
images/Trip 083 Day 2 07-12-05 Image 3_10.png,Trip 083 Day 2 07-12-05 Image 3_10_crop_007.png,val,1,schizont,461,837,552,933,ground_truth
images/Trip 083 Day 2 07-12-05 Image 3_11.png,Trip 083 Day 2 07-12-05 Image 3_11_crop_000.png,train,1,schizont,404,806,495,902,ground_truth
images/Trip 083 Day 2 07-12-05 Image 3_11.png,Trip 083 Day 2 07-12-05 Image 3_11_crop_001.png,train,1,schizont,911,91,1002,187,ground_truth
images/Trip 083 Day 2 07-12-05 Image 3_11.png,Trip 083 Day 2 07-12-05 Image 3_11_crop_002.png,train,2,trophozoite,421,238,492,308,ground_truth
images/Trip 083 Day 2 07-12-05 Image 3_11.png,Trip 083 Day 2 07-12-05 Image 3_11_crop_003.png,train,2,trophozoite,318,583,389,652,ground_truth
images/Trip 083 Day 2 07-12-05 Image 3_11.png,Trip 083 Day 2 07-12-05 Image 3_11_crop_004.png,train,2,trophozoite,1061,714,1132,784,ground_truth
images/Trip 083 Day 2 07-12-05 Image 3_11.png,Trip 083 Day 2 07-12-05 Image 3_11_crop_005.png,train,2,trophozoite,1186,188,1257,258,ground_truth
images/Trip 083 Day 2 07-12-05 Image 3_11.png,Trip 083 Day 2 07-12-05 Image 3_11_crop_006.png,train,1,schizont,620,193,711,289,ground_truth
images/Trip 083 Day 2 07-12-05 Image 3_12.png,Trip 083 Day 2 07-12-05 Image 3_12_crop_000.png,test,1,schizont,1201,407,1292,503,ground_truth
images/Trip 083 Day 2 07-12-05 Image 3_12.png,Trip 083 Day 2 07-12-05 Image 3_12_crop_001.png,test,0,ring,370,287,410,323,ground_truth
images/Trip 083 Day 2 07-12-05 Image 3_12.png,Trip 083 Day 2 07-12-05 Image 3_12_crop_002.png,test,1,schizont,0,531,85,627,ground_truth
images/Trip 083 Day 2 07-12-05 Image 3_12.png,Trip 083 Day 2 07-12-05 Image 3_12_crop_003.png,test,1,schizont,874,72,965,168,ground_truth
images/Trip 083 Day 2 07-12-05 Image 3_12.png,Trip 083 Day 2 07-12-05 Image 3_12_crop_004.png,test,0,ring,976,65,1016,101,ground_truth
images/Trip 083 Day 2 07-12-05 Image 3_12.png,Trip 083 Day 2 07-12-05 Image 3_12_crop_005.png,test,1,schizont,420,970,511,1030,ground_truth
images/Trip 083 Day 2 07-12-05 Image 3_13.png,Trip 083 Day 2 07-12-05 Image 3_13_crop_000.png,train,1,schizont,272,185,363,281,ground_truth
images/Trip 083 Day 2 07-12-05 Image 3_13.png,Trip 083 Day 2 07-12-05 Image 3_13_crop_001.png,train,1,schizont,742,168,833,264,ground_truth
images/Trip 083 Day 2 07-12-05 Image 3_13.png,Trip 083 Day 2 07-12-05 Image 3_13_crop_002.png,train,2,trophozoite,1333,786,1382,856,ground_truth
images/Trip 083 Day 2 07-12-05 Image 3_13.png,Trip 083 Day 2 07-12-05 Image 3_13_crop_003.png,train,1,schizont,1046,852,1137,948,ground_truth
images/Trip 083 Day 2 07-12-05 Image 3_13.png,Trip 083 Day 2 07-12-05 Image 3_13_crop_004.png,train,1,schizont,246,952,337,1029,ground_truth
images/Trip 083 Day 2 07-12-05 Image 3_13.png,Trip 083 Day 2 07-12-05 Image 3_13_crop_005.png,train,2,trophozoite,1282,650,1353,720,ground_truth
images/Trip 083 Day 2 07-12-05 Image 3_13.png,Trip 083 Day 2 07-12-05 Image 3_13_crop_006.png,train,0,ring,1134,228,1174,263,ground_truth
images/Trip 083 Day 2 07-12-05 Image 3_13.png,Trip 083 Day 2 07-12-05 Image 3_13_crop_007.png,train,2,trophozoite,246,279,317,349,ground_truth
images/Trip 083 Day 2 07-12-05 Image 3_13.png,Trip 083 Day 2 07-12-05 Image 3_13_crop_008.png,train,1,schizont,498,386,589,482,ground_truth
images/Trip 083 Day 2 07-12-05 Image 3_13.png,Trip 083 Day 2 07-12-05 Image 3_13_crop_009.png,train,1,schizont,924,846,1015,943,ground_truth
images/Trip 083 Day 2 07-12-05 Image 3_14.png,Trip 083 Day 2 07-12-05 Image 3_14_crop_000.png,train,1,schizont,1191,0,1282,73,ground_truth
images/Trip 083 Day 2 07-12-05 Image 3_14.png,Trip 083 Day 2 07-12-05 Image 3_14_crop_001.png,train,2,trophozoite,928,64,999,134,ground_truth
images/Trip 083 Day 2 07-12-05 Image 3_14.png,Trip 083 Day 2 07-12-05 Image 3_14_crop_002.png,train,2,trophozoite,181,366,252,436,ground_truth
images/Trip 083 Day 2 07-12-05 Image 3_14.png,Trip 083 Day 2 07-12-05 Image 3_14_crop_003.png,train,2,trophozoite,928,66,999,136,ground_truth
images/Trip 083 Day 2 07-12-05 Image 3_14.png,Trip 083 Day 2 07-12-05 Image 3_14_crop_004.png,train,1,schizont,1302,669,1381,765,ground_truth
images/Trip 083 Day 2 07-12-05 Image 3_14.png,Trip 083 Day 2 07-12-05 Image 3_14_crop_005.png,train,1,schizont,351,458,442,555,ground_truth
images/Trip 083 Day 2 07-12-05 Image 3_14.png,Trip 083 Day 2 07-12-05 Image 3_14_crop_006.png,train,2,trophozoite,457,520,528,589,ground_truth
images/Trip 083 Day 2 07-12-05 Image 3_14.png,Trip 083 Day 2 07-12-05 Image 3_14_crop_007.png,train,2,trophozoite,475,171,546,240,ground_truth
images/Trip 083 Day 2 07-12-05 Image 3_14.png,Trip 083 Day 2 07-12-05 Image 3_14_crop_008.png,train,1,schizont,0,761,58,857,ground_truth
images/Trip 083 Day 2 07-12-05 Image 3_15.png,Trip 083 Day 2 07-12-05 Image 3_15_crop_000.png,train,0,ring,227,425,268,460,ground_truth
images/Trip 083 Day 2 07-12-05 Image 3_15.png,Trip 083 Day 2 07-12-05 Image 3_15_crop_001.png,train,1,schizont,385,275,476,371,ground_truth
images/Trip 083 Day 2 07-12-05 Image 3_15.png,Trip 083 Day 2 07-12-05 Image 3_15_crop_002.png,train,1,schizont,33,669,124,765,ground_truth
images/Trip 083 Day 2 07-12-05 Image 3_15.png,Trip 083 Day 2 07-12-05 Image 3_15_crop_003.png,train,1,schizont,669,574,760,670,ground_truth
images/Trip 083 Day 2 07-12-05 Image 3_15.png,Trip 083 Day 2 07-12-05 Image 3_15_crop_004.png,train,0,ring,723,32,763,68,ground_truth
images/Trip 083 Day 2 07-12-05 Image 3_15.png,Trip 083 Day 2 07-12-05 Image 3_15_crop_005.png,train,0,ring,562,643,602,679,ground_truth
images/Trip 083 Day 2 07-12-05 Image 3_15.png,Trip 083 Day 2 07-12-05 Image 3_15_crop_006.png,train,0,ring,382,452,422,488,ground_truth
images/Trip 083 Day 2 07-12-05 Image 3_16.png,Trip 083 Day 2 07-12-05 Image 3_16_crop_000.png,val,1,schizont,744,232,835,328,ground_truth
images/Trip 083 Day 2 07-12-05 Image 3_16.png,Trip 083 Day 2 07-12-05 Image 3_16_crop_001.png,val,2,trophozoite,439,0,510,54,ground_truth
images/Trip 083 Day 2 07-12-05 Image 3_16.png,Trip 083 Day 2 07-12-05 Image 3_16_crop_002.png,val,0,ring,884,22,925,57,ground_truth
images/Trip 083 Day 2 07-12-05 Image 3_16.png,Trip 083 Day 2 07-12-05 Image 3_16_crop_003.png,val,0,ring,1151,193,1191,229,ground_truth
images/Trip 083 Day 2 07-12-05 Image 3_16.png,Trip 083 Day 2 07-12-05 Image 3_16_crop_004.png,val,1,schizont,1314,11,1382,107,ground_truth
images/Trip 083 Day 2 07-12-05 Image 3_2.png,Trip 083 Day 2 07-12-05 Image 3_2_crop_000.png,test,0,ring,1013,277,1054,313,ground_truth
images/Trip 083 Day 2 07-12-05 Image 3_3.png,Trip 083 Day 2 07-12-05 Image 3_3_crop_000.png,test,1,schizont,1300,132,1382,228,ground_truth
images/Trip 083 Day 2 07-12-05 Image 3_3.png,Trip 083 Day 2 07-12-05 Image 3_3_crop_001.png,test,1,schizont,1257,478,1348,574,ground_truth
images/Trip 083 Day 2 07-12-05 Image 3_3.png,Trip 083 Day 2 07-12-05 Image 3_3_crop_002.png,test,1,schizont,528,789,619,885,ground_truth
images/Trip 083 Day 2 07-12-05 Image 3_3.png,Trip 083 Day 2 07-12-05 Image 3_3_crop_003.png,test,1,schizont,1089,876,1180,972,ground_truth
images/Trip 083 Day 2 07-12-05 Image 3_3.png,Trip 083 Day 2 07-12-05 Image 3_3_crop_004.png,test,1,schizont,561,486,652,582,ground_truth
images/Trip 083 Day 2 07-12-05 Image 3_4.png,Trip 083 Day 2 07-12-05 Image 3_4_crop_000.png,val,0,ring,657,29,697,64,ground_truth
images/Trip 083 Day 2 07-12-05 Image 3_4.png,Trip 083 Day 2 07-12-05 Image 3_4_crop_001.png,val,2,trophozoite,1229,777,1300,847,ground_truth
images/Trip 083 Day 2 07-12-05 Image 3_4.png,Trip 083 Day 2 07-12-05 Image 3_4_crop_002.png,val,2,trophozoite,1119,68,1190,137,ground_truth
images/Trip 083 Day 2 07-12-05 Image 3_4.png,Trip 083 Day 2 07-12-05 Image 3_4_crop_003.png,val,2,trophozoite,563,919,634,989,ground_truth
images/Trip 083 Day 2 07-12-05 Image 3_4.png,Trip 083 Day 2 07-12-05 Image 3_4_crop_004.png,val,1,schizont,254,106,345,202,ground_truth
images/Trip 083 Day 2 07-12-05 Image 3_4.png,Trip 083 Day 2 07-12-05 Image 3_4_crop_005.png,val,2,trophozoite,544,365,615,435,ground_truth
images/Trip 083 Day 2 07-12-05 Image 3_5.png,Trip 083 Day 2 07-12-05 Image 3_5_crop_000.png,train,1,schizont,730,353,821,449,ground_truth
images/Trip 083 Day 2 07-12-05 Image 3_5.png,Trip 083 Day 2 07-12-05 Image 3_5_crop_001.png,train,1,schizont,1036,183,1127,279,ground_truth
images/Trip 083 Day 2 07-12-05 Image 3_5.png,Trip 083 Day 2 07-12-05 Image 3_5_crop_002.png,train,2,trophozoite,986,524,1057,594,ground_truth
images/Trip 083 Day 2 07-12-05 Image 3_5.png,Trip 083 Day 2 07-12-05 Image 3_5_crop_003.png,train,1,schizont,6,40,97,136,ground_truth
images/Trip 083 Day 2 07-12-05 Image 3_5.png,Trip 083 Day 2 07-12-05 Image 3_5_crop_004.png,train,1,schizont,772,824,863,920,ground_truth
images/Trip 083 Day 2 07-12-05 Image 3_5.png,Trip 083 Day 2 07-12-05 Image 3_5_crop_005.png,train,1,schizont,431,260,522,357,ground_truth
images/Trip 083 Day 2 07-12-05 Image 3_5.png,Trip 083 Day 2 07-12-05 Image 3_5_crop_006.png,train,1,schizont,1055,881,1146,977,ground_truth
images/Trip 083 Day 2 07-12-05 Image 3_6.png,Trip 083 Day 2 07-12-05 Image 3_6_crop_000.png,val,1,schizont,241,241,332,337,ground_truth
images/Trip 083 Day 2 07-12-05 Image 3_6.png,Trip 083 Day 2 07-12-05 Image 3_6_crop_001.png,val,1,schizont,1061,692,1152,788,ground_truth
images/Trip 083 Day 2 07-12-05 Image 3_6.png,Trip 083 Day 2 07-12-05 Image 3_6_crop_002.png,val,2,trophozoite,404,245,475,315,ground_truth
images/Trip 083 Day 2 07-12-05 Image 3_6.png,Trip 083 Day 2 07-12-05 Image 3_6_crop_003.png,val,2,trophozoite,1134,351,1205,421,ground_truth
images/Trip 083 Day 2 07-12-05 Image 3_6.png,Trip 083 Day 2 07-12-05 Image 3_6_crop_004.png,val,2,trophozoite,1042,231,1113,301,ground_truth
images/Trip 083 Day 2 07-12-05 Image 3_6.png,Trip 083 Day 2 07-12-05 Image 3_6_crop_005.png,val,1,schizont,286,620,377,716,ground_truth
images/Trip 083 Day 2 07-12-05 Image 3_6.png,Trip 083 Day 2 07-12-05 Image 3_6_crop_006.png,val,1,schizont,740,884,831,980,ground_truth
images/Trip 083 Day 2 07-12-05 Image 3_6.png,Trip 083 Day 2 07-12-05 Image 3_6_crop_007.png,val,1,schizont,286,620,377,716,ground_truth
images/Trip 083 Day 2 07-12-05 Image 3_7.png,Trip 083 Day 2 07-12-05 Image 3_7_crop_000.png,test,0,ring,402,747,443,783,ground_truth
images/Trip 083 Day 2 07-12-05 Image 3_7.png,Trip 083 Day 2 07-12-05 Image 3_7_crop_001.png,test,2,trophozoite,1323,525,1382,595,ground_truth
images/Trip 083 Day 2 07-12-05 Image 3_7.png,Trip 083 Day 2 07-12-05 Image 3_7_crop_002.png,test,2,trophozoite,760,96,831,166,ground_truth
images/Trip 083 Day 2 07-12-05 Image 3_7.png,Trip 083 Day 2 07-12-05 Image 3_7_crop_003.png,test,2,trophozoite,276,374,347,444,ground_truth
images/Trip 083 Day 2 07-12-05 Image 3_8.png,Trip 083 Day 2 07-12-05 Image 3_8_crop_000.png,train,1,schizont,324,597,415,693,ground_truth
images/Trip 083 Day 2 07-12-05 Image 3_8.png,Trip 083 Day 2 07-12-05 Image 3_8_crop_001.png,train,1,schizont,1280,257,1371,353,ground_truth
images/Trip 083 Day 2 07-12-05 Image 3_8.png,Trip 083 Day 2 07-12-05 Image 3_8_crop_002.png,train,0,ring,738,375,779,411,ground_truth
images/Trip 083 Day 2 07-12-05 Image 3_8.png,Trip 083 Day 2 07-12-05 Image 3_8_crop_003.png,train,2,trophozoite,120,536,191,605,ground_truth
images/Trip 083 Day 2 07-12-05 Image 3_8.png,Trip 083 Day 2 07-12-05 Image 3_8_crop_004.png,train,1,schizont,1310,50,1382,146,ground_truth
images/Trip 083 Day 2 07-12-05 Image 3_9.png,Trip 083 Day 2 07-12-05 Image 3_9_crop_000.png,train,1,schizont,41,660,132,756,ground_truth
images/Trip 083 Day 2 07-12-05 Image 3_9.png,Trip 083 Day 2 07-12-05 Image 3_9_crop_001.png,train,1,schizont,1218,826,1309,922,ground_truth
images/Trip 083 Day 2 07-12-05 Image 3_9.png,Trip 083 Day 2 07-12-05 Image 3_9_crop_002.png,train,0,ring,730,643,770,679,ground_truth
images/Trip 083 Day 2 07-12-05 Image 3_9.png,Trip 083 Day 2 07-12-05 Image 3_9_crop_003.png,train,0,ring,1006,127,1047,163,ground_truth
images/Trip 802 Day 2 01-12-05 Image 5_1.png,Trip 802 Day 2 01-12-05 Image 5_1_crop_000.png,train,1,schizont,993,624,1084,721,ground_truth
images/Trip 802 Day 2 01-12-05 Image 5_1.png,Trip 802 Day 2 01-12-05 Image 5_1_crop_001.png,train,1,schizont,605,933,696,1030,ground_truth
images/Trip 802 Day 2 01-12-05 Image 5_1.png,Trip 802 Day 2 01-12-05 Image 5_1_crop_002.png,train,0,ring,689,367,729,403,ground_truth
images/Trip 802 Day 2 01-12-05 Image 5_1.png,Trip 802 Day 2 01-12-05 Image 5_1_crop_003.png,train,1,schizont,321,395,412,492,ground_truth
images/Trip 802 Day 2 01-12-05 Image 5_1.png,Trip 802 Day 2 01-12-05 Image 5_1_crop_004.png,train,0,ring,651,26,692,62,ground_truth
images/Trip 802 Day 2 01-12-05 Image 5_10.png,Trip 802 Day 2 01-12-05 Image 5_10_crop_000.png,train,1,schizont,1202,692,1293,788,ground_truth
images/Trip 802 Day 2 01-12-05 Image 5_10.png,Trip 802 Day 2 01-12-05 Image 5_10_crop_001.png,train,1,schizont,138,465,229,561,ground_truth
images/Trip 802 Day 2 01-12-05 Image 5_10.png,Trip 802 Day 2 01-12-05 Image 5_10_crop_002.png,train,0,ring,915,532,955,568,ground_truth
images/Trip 802 Day 2 01-12-05 Image 5_10.png,Trip 802 Day 2 01-12-05 Image 5_10_crop_003.png,train,0,ring,213,603,254,639,ground_truth
images/Trip 802 Day 2 01-12-05 Image 5_10.png,Trip 802 Day 2 01-12-05 Image 5_10_crop_004.png,train,0,ring,990,770,1030,806,ground_truth
images/Trip 802 Day 2 01-12-05 Image 5_11.png,Trip 802 Day 2 01-12-05 Image 5_11_crop_000.png,test,1,schizont,245,880,336,976,ground_truth
images/Trip 802 Day 2 01-12-05 Image 5_11.png,Trip 802 Day 2 01-12-05 Image 5_11_crop_001.png,test,2,trophozoite,26,974,97,1030,ground_truth
images/Trip 802 Day 2 01-12-05 Image 5_11.png,Trip 802 Day 2 01-12-05 Image 5_11_crop_002.png,test,2,trophozoite,608,943,679,1013,ground_truth
images/Trip 802 Day 2 01-12-05 Image 5_13.png,Trip 802 Day 2 01-12-05 Image 5_13_crop_000.png,test,2,trophozoite,331,192,402,262,ground_truth
images/Trip 802 Day 2 01-12-05 Image 5_13.png,Trip 802 Day 2 01-12-05 Image 5_13_crop_001.png,test,2,trophozoite,912,745,983,815,ground_truth
images/Trip 802 Day 2 01-12-05 Image 5_14.png,Trip 802 Day 2 01-12-05 Image 5_14_crop_000.png,train,1,schizont,819,51,910,147,ground_truth
images/Trip 802 Day 2 01-12-05 Image 5_14.png,Trip 802 Day 2 01-12-05 Image 5_14_crop_001.png,train,1,schizont,1263,888,1354,984,ground_truth
images/Trip 802 Day 2 01-12-05 Image 5_15.png,Trip 802 Day 2 01-12-05 Image 5_15_crop_000.png,train,1,schizont,801,470,892,566,ground_truth
images/Trip 802 Day 2 01-12-05 Image 5_15.png,Trip 802 Day 2 01-12-05 Image 5_15_crop_001.png,train,0,ring,1008,705,1049,741,ground_truth
images/Trip 802 Day 2 01-12-05 Image 5_2.png,Trip 802 Day 2 01-12-05 Image 5_2_crop_000.png,train,2,trophozoite,318,325,389,395,ground_truth
images/Trip 802 Day 2 01-12-05 Image 5_2.png,Trip 802 Day 2 01-12-05 Image 5_2_crop_001.png,train,2,trophozoite,454,97,525,167,ground_truth
images/Trip 802 Day 2 01-12-05 Image 5_2.png,Trip 802 Day 2 01-12-05 Image 5_2_crop_002.png,train,2,trophozoite,465,961,536,1030,ground_truth
images/Trip 802 Day 2 01-12-05 Image 5_2.png,Trip 802 Day 2 01-12-05 Image 5_2_crop_003.png,train,0,ring,1205,572,1246,608,ground_truth
images/Trip 802 Day 2 01-12-05 Image 5_3.png,Trip 802 Day 2 01-12-05 Image 5_3_crop_000.png,val,1,schizont,42,44,133,140,ground_truth
images/Trip 802 Day 2 01-12-05 Image 5_4.png,Trip 802 Day 2 01-12-05 Image 5_4_crop_000.png,train,0,ring,557,633,597,668,ground_truth
images/Trip 802 Day 2 01-12-05 Image 5_4.png,Trip 802 Day 2 01-12-05 Image 5_4_crop_001.png,train,2,trophozoite,844,512,915,581,ground_truth
images/Trip 802 Day 2 01-12-05 Image 5_4.png,Trip 802 Day 2 01-12-05 Image 5_4_crop_002.png,train,2,trophozoite,473,805,544,874,ground_truth
images/Trip 802 Day 2 01-12-05 Image 5_5.png,Trip 802 Day 2 01-12-05 Image 5_5_crop_000.png,train,0,ring,351,997,391,1030,ground_truth
images/Trip 802 Day 2 01-12-05 Image 5_6.png,Trip 802 Day 2 01-12-05 Image 5_6_crop_000.png,train,1,schizont,854,159,945,255,ground_truth
images/Trip 802 Day 2 01-12-05 Image 5_6.png,Trip 802 Day 2 01-12-05 Image 5_6_crop_001.png,train,2,trophozoite,642,670,713,739,ground_truth
images/Trip 802 Day 2 01-12-05 Image 5_6.png,Trip 802 Day 2 01-12-05 Image 5_6_crop_002.png,train,2,trophozoite,739,745,810,815,ground_truth
images/Trip 802 Day 2 01-12-05 Image 5_7.png,Trip 802 Day 2 01-12-05 Image 5_7_crop_000.png,val,0,ring,725,2,765,38,ground_truth
images/Trip 802 Day 2 01-12-05 Image 5_8.png,Trip 802 Day 2 01-12-05 Image 5_8_crop_000.png,train,1,schizont,738,541,829,637,ground_truth
images/Trip 802 Day 2 01-12-05 Image 5_8.png,Trip 802 Day 2 01-12-05 Image 5_8_crop_001.png,train,0,ring,1015,865,1055,901,ground_truth
images/Trip 802 Day 2 01-12-05 Image 5_9.png,Trip 802 Day 2 01-12-05 Image 5_9_crop_000.png,train,2,trophozoite,647,959,718,1029,ground_truth
images/Trip 802 Day 2 01-12-05 Image 5_9.png,Trip 802 Day 2 01-12-05 Image 5_9_crop_001.png,train,2,trophozoite,1227,396,1298,466,ground_truth
images/Trip 802 Day 2 01-12-05 Image 5_9.png,Trip 802 Day 2 01-12-05 Image 5_9_crop_002.png,train,1,schizont,1092,440,1183,536,ground_truth
images/Trip 802 Day 2 01-12-05 Image 6_1.png,Trip 802 Day 2 01-12-05 Image 6_1_crop_000.png,train,2,trophozoite,1077,630,1148,699,ground_truth
images/Trip 802 Day 2 01-12-05 Image 6_1.png,Trip 802 Day 2 01-12-05 Image 6_1_crop_001.png,train,1,schizont,774,580,865,676,ground_truth
images/Trip 802 Day 2 01-12-05 Image 6_1.png,Trip 802 Day 2 01-12-05 Image 6_1_crop_002.png,train,2,trophozoite,515,468,586,538,ground_truth
images/Trip 802 Day 2 01-12-05 Image 6_1.png,Trip 802 Day 2 01-12-05 Image 6_1_crop_003.png,train,2,trophozoite,856,632,927,702,ground_truth
images/Trip 802 Day 2 01-12-05 Image 6_1.png,Trip 802 Day 2 01-12-05 Image 6_1_crop_004.png,train,0,ring,368,559,408,594,ground_truth
images/Trip 802 Day 2 01-12-05 Image 6_10.png,Trip 802 Day 2 01-12-05 Image 6_10_crop_000.png,train,1,schizont,930,431,1021,527,ground_truth
images/Trip 802 Day 2 01-12-05 Image 6_10.png,Trip 802 Day 2 01-12-05 Image 6_10_crop_001.png,train,1,schizont,306,738,397,834,ground_truth
images/Trip 802 Day 2 01-12-05 Image 6_10.png,Trip 802 Day 2 01-12-05 Image 6_10_crop_002.png,train,2,trophozoite,1191,288,1262,358,ground_truth
images/Trip 802 Day 2 01-12-05 Image 6_10.png,Trip 802 Day 2 01-12-05 Image 6_10_crop_003.png,train,2,trophozoite,958,965,1029,1030,ground_truth
images/Trip 802 Day 2 01-12-05 Image 6_11.png,Trip 802 Day 2 01-12-05 Image 6_11_crop_000.png,train,1,schizont,932,175,1023,271,ground_truth
images/Trip 802 Day 2 01-12-05 Image 6_12.png,Trip 802 Day 2 01-12-05 Image 6_12_crop_000.png,train,2,trophozoite,1236,981,1307,1030,ground_truth
images/Trip 802 Day 2 01-12-05 Image 6_13.png,Trip 802 Day 2 01-12-05 Image 6_13_crop_000.png,train,0,ring,59,681,100,716,ground_truth
images/Trip 802 Day 2 01-12-05 Image 6_14.png,Trip 802 Day 2 01-12-05 Image 6_14_crop_000.png,train,2,trophozoite,914,287,985,357,ground_truth
images/Trip 802 Day 2 01-12-05 Image 6_15.png,Trip 802 Day 2 01-12-05 Image 6_15_crop_000.png,val,1,schizont,517,930,608,1026,ground_truth
images/Trip 802 Day 2 01-12-05 Image 6_16.png,Trip 802 Day 2 01-12-05 Image 6_16_crop_000.png,train,2,trophozoite,1233,0,1304,45,ground_truth
images/Trip 802 Day 2 01-12-05 Image 6_16.png,Trip 802 Day 2 01-12-05 Image 6_16_crop_001.png,train,0,ring,582,737,623,773,ground_truth
images/Trip 802 Day 2 01-12-05 Image 6_2.png,Trip 802 Day 2 01-12-05 Image 6_2_crop_000.png,train,2,trophozoite,934,136,1005,206,ground_truth
images/Trip 802 Day 2 01-12-05 Image 6_2.png,Trip 802 Day 2 01-12-05 Image 6_2_crop_001.png,train,0,ring,869,881,910,917,ground_truth
images/Trip 802 Day 2 01-12-05 Image 6_3.png,Trip 802 Day 2 01-12-05 Image 6_3_crop_000.png,val,1,schizont,786,835,877,931,ground_truth
images/Trip 802 Day 2 01-12-05 Image 6_3.png,Trip 802 Day 2 01-12-05 Image 6_3_crop_001.png,val,2,trophozoite,139,442,210,512,ground_truth
images/Trip 802 Day 2 01-12-05 Image 6_3.png,Trip 802 Day 2 01-12-05 Image 6_3_crop_002.png,val,1,schizont,238,189,329,286,ground_truth
images/Trip 802 Day 2 01-12-05 Image 6_3.png,Trip 802 Day 2 01-12-05 Image 6_3_crop_003.png,val,0,ring,276,31,317,66,ground_truth
images/Trip 802 Day 2 01-12-05 Image 6_3.png,Trip 802 Day 2 01-12-05 Image 6_3_crop_004.png,val,1,schizont,129,429,220,525,ground_truth
images/Trip 802 Day 2 01-12-05 Image 6_4.png,Trip 802 Day 2 01-12-05 Image 6_4_crop_000.png,train,2,trophozoite,29,243,100,313,ground_truth
images/Trip 802 Day 2 01-12-05 Image 6_5.png,Trip 802 Day 2 01-12-05 Image 6_5_crop_000.png,train,2,trophozoite,1229,588,1300,658,ground_truth
images/Trip 802 Day 2 01-12-05 Image 6_9.png,Trip 802 Day 2 01-12-05 Image 6_9_crop_000.png,train,1,schizont,287,463,378,559,ground_truth
images/Trip 802 Day 2 01-12-05 Image 6_9.png,Trip 802 Day 2 01-12-05 Image 6_9_crop_001.png,train,2,trophozoite,610,293,681,363,ground_truth
images/Trip 802 Day 2 01-12-05 Image 6_9.png,Trip 802 Day 2 01-12-05 Image 6_9_crop_002.png,train,1,schizont,554,821,645,917,ground_truth
images/Trip 802 Day 2 01-12-05 Image 9 add_1.png,Trip 802 Day 2 01-12-05 Image 9 add_1_crop_000.png,test,1,schizont,71,750,162,846,ground_truth
images/Trip 802 Day 2 01-12-05 Image 9 add_1.png,Trip 802 Day 2 01-12-05 Image 9 add_1_crop_001.png,test,1,schizont,1038,14,1129,111,ground_truth
images/Trip 802 Day 2 01-12-05 Image 9 add_1.png,Trip 802 Day 2 01-12-05 Image 9 add_1_crop_002.png,test,1,schizont,816,661,907,757,ground_truth
images/Trip 802 Day 2 01-12-05 Image 9 add_1.png,Trip 802 Day 2 01-12-05 Image 9 add_1_crop_003.png,test,2,trophozoite,837,0,908,66,ground_truth
images/Trip 802 Day 2 01-12-05 Image 9 add_1.png,Trip 802 Day 2 01-12-05 Image 9 add_1_crop_004.png,test,0,ring,395,559,436,594,ground_truth
images/Trip 802 Day 2 01-12-05 Image 9 add_1.png,Trip 802 Day 2 01-12-05 Image 9 add_1_crop_005.png,test,1,schizont,284,236,375,333,ground_truth
images/Trip 802 Day 2 01-12-05 Image 9 add_1.png,Trip 802 Day 2 01-12-05 Image 9 add_1_crop_006.png,test,1,schizont,252,671,343,767,ground_truth
images/Trip 802 Day 2 01-12-05 Image 9 add_1.png,Trip 802 Day 2 01-12-05 Image 9 add_1_crop_007.png,test,0,ring,779,515,820,551,ground_truth
images/Trip 802 Day 2 01-12-05 Image 9 add_10.png,Trip 802 Day 2 01-12-05 Image 9 add_10_crop_000.png,val,2,trophozoite,874,824,945,894,ground_truth
images/Trip 802 Day 2 01-12-05 Image 9 add_10.png,Trip 802 Day 2 01-12-05 Image 9 add_10_crop_001.png,val,1,schizont,1204,740,1295,836,ground_truth
images/Trip 802 Day 2 01-12-05 Image 9 add_10.png,Trip 802 Day 2 01-12-05 Image 9 add_10_crop_002.png,val,2,trophozoite,425,449,496,519,ground_truth
images/Trip 802 Day 2 01-12-05 Image 9 add_10.png,Trip 802 Day 2 01-12-05 Image 9 add_10_crop_003.png,val,0,ring,1210,397,1251,433,ground_truth
images/Trip 802 Day 2 01-12-05 Image 9 add_10.png,Trip 802 Day 2 01-12-05 Image 9 add_10_crop_004.png,val,0,ring,78,547,118,583,ground_truth
images/Trip 802 Day 2 01-12-05 Image 9 add_10.png,Trip 802 Day 2 01-12-05 Image 9 add_10_crop_005.png,val,2,trophozoite,891,81,962,151,ground_truth
images/Trip 802 Day 2 01-12-05 Image 9 add_11.png,Trip 802 Day 2 01-12-05 Image 9 add_11_crop_000.png,train,2,trophozoite,1255,650,1326,720,ground_truth
images/Trip 802 Day 2 01-12-05 Image 9 add_11.png,Trip 802 Day 2 01-12-05 Image 9 add_11_crop_001.png,train,2,trophozoite,360,806,431,876,ground_truth
images/Trip 802 Day 2 01-12-05 Image 9 add_11.png,Trip 802 Day 2 01-12-05 Image 9 add_11_crop_002.png,train,1,schizont,200,169,291,265,ground_truth
images/Trip 802 Day 2 01-12-05 Image 9 add_12.png,Trip 802 Day 2 01-12-05 Image 9 add_12_crop_000.png,val,1,schizont,1195,12,1286,108,ground_truth
images/Trip 802 Day 2 01-12-05 Image 9 add_12.png,Trip 802 Day 2 01-12-05 Image 9 add_12_crop_001.png,val,2,trophozoite,447,0,518,68,ground_truth
images/Trip 802 Day 2 01-12-05 Image 9 add_12.png,Trip 802 Day 2 01-12-05 Image 9 add_12_crop_002.png,val,2,trophozoite,884,754,955,824,ground_truth
images/Trip 802 Day 2 01-12-05 Image 9 add_12.png,Trip 802 Day 2 01-12-05 Image 9 add_12_crop_003.png,val,2,trophozoite,1060,571,1131,641,ground_truth
images/Trip 802 Day 2 01-12-05 Image 9 add_12.png,Trip 802 Day 2 01-12-05 Image 9 add_12_crop_004.png,val,0,ring,575,469,616,505,ground_truth
images/Trip 802 Day 2 01-12-05 Image 9 add_12.png,Trip 802 Day 2 01-12-05 Image 9 add_12_crop_005.png,val,0,ring,1171,640,1211,675,ground_truth
images/Trip 802 Day 2 01-12-05 Image 9 add_13.png,Trip 802 Day 2 01-12-05 Image 9 add_13_crop_000.png,test,1,schizont,830,0,921,66,ground_truth
images/Trip 802 Day 2 01-12-05 Image 9 add_13.png,Trip 802 Day 2 01-12-05 Image 9 add_13_crop_001.png,test,0,ring,1351,397,1382,433,ground_truth
images/Trip 802 Day 2 01-12-05 Image 9 add_14.png,Trip 802 Day 2 01-12-05 Image 9 add_14_crop_000.png,train,2,trophozoite,1020,679,1091,749,ground_truth
images/Trip 802 Day 2 01-12-05 Image 9 add_14.png,Trip 802 Day 2 01-12-05 Image 9 add_14_crop_001.png,train,2,trophozoite,981,753,1052,823,ground_truth
images/Trip 802 Day 2 01-12-05 Image 9 add_14.png,Trip 802 Day 2 01-12-05 Image 9 add_14_crop_002.png,train,2,trophozoite,893,84,964,153,ground_truth
images/Trip 802 Day 2 01-12-05 Image 9 add_14.png,Trip 802 Day 2 01-12-05 Image 9 add_14_crop_003.png,train,1,schizont,904,240,995,336,ground_truth
images/Trip 802 Day 2 01-12-05 Image 9 add_14.png,Trip 802 Day 2 01-12-05 Image 9 add_14_crop_004.png,train,2,trophozoite,566,911,637,981,ground_truth
images/Trip 802 Day 2 01-12-05 Image 9 add_14.png,Trip 802 Day 2 01-12-05 Image 9 add_14_crop_005.png,train,2,trophozoite,551,738,622,808,ground_truth
images/Trip 802 Day 2 01-12-05 Image 9 add_14.png,Trip 802 Day 2 01-12-05 Image 9 add_14_crop_006.png,train,2,trophozoite,903,0,974,41,ground_truth
images/Trip 802 Day 2 01-12-05 Image 9 add_15.png,Trip 802 Day 2 01-12-05 Image 9 add_15_crop_000.png,val,0,ring,969,830,1010,865,ground_truth
images/Trip 802 Day 2 01-12-05 Image 9 add_15.png,Trip 802 Day 2 01-12-05 Image 9 add_15_crop_001.png,val,1,schizont,486,626,577,722,ground_truth
images/Trip 802 Day 2 01-12-05 Image 9 add_15.png,Trip 802 Day 2 01-12-05 Image 9 add_15_crop_002.png,val,2,trophozoite,172,143,243,213,ground_truth
images/Trip 802 Day 2 01-12-05 Image 9 add_15.png,Trip 802 Day 2 01-12-05 Image 9 add_15_crop_003.png,val,0,ring,1011,452,1052,488,ground_truth
images/Trip 802 Day 2 01-12-05 Image 9 add_16.png,Trip 802 Day 2 01-12-05 Image 9 add_16_crop_000.png,val,1,schizont,794,43,885,139,ground_truth
images/Trip 802 Day 2 01-12-05 Image 9 add_16.png,Trip 802 Day 2 01-12-05 Image 9 add_16_crop_001.png,val,1,schizont,565,754,656,850,ground_truth
images/Trip 802 Day 2 01-12-05 Image 9 add_16.png,Trip 802 Day 2 01-12-05 Image 9 add_16_crop_002.png,val,2,trophozoite,911,674,982,744,ground_truth
images/Trip 802 Day 2 01-12-05 Image 9 add_16.png,Trip 802 Day 2 01-12-05 Image 9 add_16_crop_003.png,val,0,ring,324,17,364,53,ground_truth
images/Trip 802 Day 2 01-12-05 Image 9 add_2.png,Trip 802 Day 2 01-12-05 Image 9 add_2_crop_000.png,train,2,trophozoite,1181,63,1252,133,ground_truth
images/Trip 802 Day 2 01-12-05 Image 9 add_2.png,Trip 802 Day 2 01-12-05 Image 9 add_2_crop_001.png,train,2,trophozoite,540,443,611,513,ground_truth
images/Trip 802 Day 2 01-12-05 Image 9 add_2.png,Trip 802 Day 2 01-12-05 Image 9 add_2_crop_002.png,train,2,trophozoite,477,119,548,189,ground_truth
images/Trip 802 Day 2 01-12-05 Image 9 add_2.png,Trip 802 Day 2 01-12-05 Image 9 add_2_crop_003.png,train,2,trophozoite,1054,625,1125,695,ground_truth
images/Trip 802 Day 2 01-12-05 Image 9 add_3.png,Trip 802 Day 2 01-12-05 Image 9 add_3_crop_000.png,val,2,trophozoite,694,650,765,720,ground_truth
images/Trip 802 Day 2 01-12-05 Image 9 add_3.png,Trip 802 Day 2 01-12-05 Image 9 add_3_crop_001.png,val,2,trophozoite,798,283,869,353,ground_truth
images/Trip 802 Day 2 01-12-05 Image 9 add_3.png,Trip 802 Day 2 01-12-05 Image 9 add_3_crop_002.png,val,1,schizont,1302,283,1381,379,ground_truth
images/Trip 802 Day 2 01-12-05 Image 9 add_4.png,Trip 802 Day 2 01-12-05 Image 9 add_4_crop_000.png,test,1,schizont,1120,304,1211,400,ground_truth
images/Trip 802 Day 2 01-12-05 Image 9 add_4.png,Trip 802 Day 2 01-12-05 Image 9 add_4_crop_001.png,test,2,trophozoite,1109,428,1180,498,ground_truth
images/Trip 802 Day 2 01-12-05 Image 9 add_4.png,Trip 802 Day 2 01-12-05 Image 9 add_4_crop_002.png,test,0,ring,522,961,563,997,ground_truth
images/Trip 802 Day 2 01-12-05 Image 9 add_4.png,Trip 802 Day 2 01-12-05 Image 9 add_4_crop_003.png,test,2,trophozoite,24,650,95,720,ground_truth
images/Trip 802 Day 2 01-12-05 Image 9 add_5.png,Trip 802 Day 2 01-12-05 Image 9 add_5_crop_000.png,train,1,schizont,608,197,699,294,ground_truth
images/Trip 802 Day 2 01-12-05 Image 9 add_5.png,Trip 802 Day 2 01-12-05 Image 9 add_5_crop_001.png,train,2,trophozoite,1216,556,1287,626,ground_truth
images/Trip 802 Day 2 01-12-05 Image 9 add_5.png,Trip 802 Day 2 01-12-05 Image 9 add_5_crop_002.png,train,2,trophozoite,377,965,448,1030,ground_truth
images/Trip 802 Day 2 01-12-05 Image 9 add_5.png,Trip 802 Day 2 01-12-05 Image 9 add_5_crop_003.png,train,2,trophozoite,688,943,759,1013,ground_truth
images/Trip 802 Day 2 01-12-05 Image 9 add_5.png,Trip 802 Day 2 01-12-05 Image 9 add_5_crop_004.png,train,2,trophozoite,863,205,934,275,ground_truth
images/Trip 802 Day 2 01-12-05 Image 9 add_5.png,Trip 802 Day 2 01-12-05 Image 9 add_5_crop_005.png,train,0,ring,628,775,668,810,ground_truth
images/Trip 802 Day 2 01-12-05 Image 9 add_5.png,Trip 802 Day 2 01-12-05 Image 9 add_5_crop_006.png,train,2,trophozoite,64,66,135,136,ground_truth
images/Trip 802 Day 2 01-12-05 Image 9 add_5.png,Trip 802 Day 2 01-12-05 Image 9 add_5_crop_007.png,train,2,trophozoite,471,475,542,545,ground_truth
images/Trip 802 Day 2 01-12-05 Image 9 add_5.png,Trip 802 Day 2 01-12-05 Image 9 add_5_crop_008.png,train,0,ring,50,782,91,817,ground_truth
images/Trip 802 Day 2 01-12-05 Image 9 add_5.png,Trip 802 Day 2 01-12-05 Image 9 add_5_crop_009.png,train,0,ring,1348,513,1382,548,ground_truth
images/Trip 802 Day 2 01-12-05 Image 9 add_5.png,Trip 802 Day 2 01-12-05 Image 9 add_5_crop_010.png,train,0,ring,50,782,91,817,ground_truth
images/Trip 802 Day 2 01-12-05 Image 9 add_6.png,Trip 802 Day 2 01-12-05 Image 9 add_6_crop_000.png,train,2,trophozoite,225,462,296,532,ground_truth
images/Trip 802 Day 2 01-12-05 Image 9 add_6.png,Trip 802 Day 2 01-12-05 Image 9 add_6_crop_001.png,train,2,trophozoite,910,387,981,457,ground_truth
images/Trip 802 Day 2 01-12-05 Image 9 add_6.png,Trip 802 Day 2 01-12-05 Image 9 add_6_crop_002.png,train,2,trophozoite,205,953,276,1023,ground_truth
images/Trip 802 Day 2 01-12-05 Image 9 add_7.png,Trip 802 Day 2 01-12-05 Image 9 add_7_crop_000.png,train,1,schizont,983,215,1074,311,ground_truth
images/Trip 802 Day 2 01-12-05 Image 9 add_7.png,Trip 802 Day 2 01-12-05 Image 9 add_7_crop_001.png,train,2,trophozoite,249,129,320,199,ground_truth
images/Trip 802 Day 2 01-12-05 Image 9 add_8.png,Trip 802 Day 2 01-12-05 Image 9 add_8_crop_000.png,test,2,trophozoite,696,292,767,362,ground_truth
images/Trip 802 Day 2 01-12-05 Image 9 add_8.png,Trip 802 Day 2 01-12-05 Image 9 add_8_crop_001.png,test,2,trophozoite,991,894,1062,964,ground_truth
images/Trip 802 Day 2 01-12-05 Image 9 add_8.png,Trip 802 Day 2 01-12-05 Image 9 add_8_crop_002.png,test,2,trophozoite,898,730,969,800,ground_truth
images/Trip 802 Day 2 01-12-05 Image 9 add_9.png,Trip 802 Day 2 01-12-05 Image 9 add_9_crop_000.png,test,1,schizont,800,959,891,1029,ground_truth
images/Trip 804 Day 1 02-12-05 Image 19 add_1.png,Trip 804 Day 1 02-12-05 Image 19 add_1_crop_000.png,train,1,schizont,274,840,365,936,ground_truth
images/Trip 804 Day 1 02-12-05 Image 19 add_1.png,Trip 804 Day 1 02-12-05 Image 19 add_1_crop_001.png,train,1,schizont,165,120,256,216,ground_truth
images/Trip 804 Day 1 02-12-05 Image 19 add_1.png,Trip 804 Day 1 02-12-05 Image 19 add_1_crop_002.png,train,1,schizont,708,867,799,963,ground_truth
images/Trip 804 Day 1 02-12-05 Image 19 add_1.png,Trip 804 Day 1 02-12-05 Image 19 add_1_crop_003.png,train,1,schizont,770,185,861,281,ground_truth
images/Trip 804 Day 1 02-12-05 Image 19 add_10.png,Trip 804 Day 1 02-12-05 Image 19 add_10_crop_000.png,test,1,schizont,1055,318,1146,414,ground_truth
images/Trip 804 Day 1 02-12-05 Image 19 add_10.png,Trip 804 Day 1 02-12-05 Image 19 add_10_crop_001.png,test,2,trophozoite,146,246,217,316,ground_truth
images/Trip 804 Day 1 02-12-05 Image 19 add_10.png,Trip 804 Day 1 02-12-05 Image 19 add_10_crop_002.png,test,0,ring,475,243,515,278,ground_truth
images/Trip 804 Day 1 02-12-05 Image 19 add_10.png,Trip 804 Day 1 02-12-05 Image 19 add_10_crop_003.png,test,0,ring,375,438,415,474,ground_truth
images/Trip 804 Day 1 02-12-05 Image 19 add_11.png,Trip 804 Day 1 02-12-05 Image 19 add_11_crop_000.png,test,1,schizont,512,504,603,600,ground_truth
images/Trip 804 Day 1 02-12-05 Image 19 add_11.png,Trip 804 Day 1 02-12-05 Image 19 add_11_crop_001.png,test,1,schizont,857,303,948,399,ground_truth
images/Trip 804 Day 1 02-12-05 Image 19 add_11.png,Trip 804 Day 1 02-12-05 Image 19 add_11_crop_002.png,test,1,schizont,970,223,1061,319,ground_truth
images/Trip 804 Day 1 02-12-05 Image 19 add_11.png,Trip 804 Day 1 02-12-05 Image 19 add_11_crop_003.png,test,0,ring,188,918,229,953,ground_truth
images/Trip 804 Day 1 02-12-05 Image 19 add_12.png,Trip 804 Day 1 02-12-05 Image 19 add_12_crop_000.png,val,1,schizont,378,34,469,130,ground_truth
images/Trip 804 Day 1 02-12-05 Image 19 add_12.png,Trip 804 Day 1 02-12-05 Image 19 add_12_crop_001.png,val,1,schizont,98,518,189,614,ground_truth
images/Trip 804 Day 1 02-12-05 Image 19 add_12.png,Trip 804 Day 1 02-12-05 Image 19 add_12_crop_002.png,val,1,schizont,102,528,193,624,ground_truth
images/Trip 804 Day 1 02-12-05 Image 19 add_13.png,Trip 804 Day 1 02-12-05 Image 19 add_13_crop_000.png,train,1,schizont,1251,331,1342,428,ground_truth
images/Trip 804 Day 1 02-12-05 Image 19 add_13.png,Trip 804 Day 1 02-12-05 Image 19 add_13_crop_001.png,train,2,trophozoite,781,975,852,1029,ground_truth
images/Trip 804 Day 1 02-12-05 Image 19 add_13.png,Trip 804 Day 1 02-12-05 Image 19 add_13_crop_002.png,train,0,ring,91,833,132,869,ground_truth
images/Trip 804 Day 1 02-12-05 Image 19 add_14.png,Trip 804 Day 1 02-12-05 Image 19 add_14_crop_000.png,train,1,schizont,513,906,604,1002,ground_truth
images/Trip 804 Day 1 02-12-05 Image 19 add_14.png,Trip 804 Day 1 02-12-05 Image 19 add_14_crop_001.png,train,1,schizont,334,880,425,976,ground_truth
images/Trip 804 Day 1 02-12-05 Image 19 add_14.png,Trip 804 Day 1 02-12-05 Image 19 add_14_crop_002.png,train,1,schizont,1194,392,1285,488,ground_truth
images/Trip 804 Day 1 02-12-05 Image 19 add_14.png,Trip 804 Day 1 02-12-05 Image 19 add_14_crop_003.png,train,0,ring,565,184,606,220,ground_truth
images/Trip 804 Day 1 02-12-05 Image 19 add_15.png,Trip 804 Day 1 02-12-05 Image 19 add_15_crop_000.png,train,1,schizont,21,84,112,180,ground_truth
images/Trip 804 Day 1 02-12-05 Image 19 add_15.png,Trip 804 Day 1 02-12-05 Image 19 add_15_crop_001.png,train,1,schizont,251,133,342,230,ground_truth
images/Trip 804 Day 1 02-12-05 Image 19 add_15.png,Trip 804 Day 1 02-12-05 Image 19 add_15_crop_002.png,train,1,schizont,228,518,319,614,ground_truth
images/Trip 804 Day 1 02-12-05 Image 19 add_15.png,Trip 804 Day 1 02-12-05 Image 19 add_15_crop_003.png,train,1,schizont,80,930,171,1026,ground_truth
images/Trip 804 Day 1 02-12-05 Image 19 add_15.png,Trip 804 Day 1 02-12-05 Image 19 add_15_crop_004.png,train,1,schizont,312,772,403,868,ground_truth
images/Trip 804 Day 1 02-12-05 Image 19 add_15.png,Trip 804 Day 1 02-12-05 Image 19 add_15_crop_005.png,train,1,schizont,48,512,139,608,ground_truth
images/Trip 804 Day 1 02-12-05 Image 19 add_15.png,Trip 804 Day 1 02-12-05 Image 19 add_15_crop_006.png,train,1,schizont,44,661,135,757,ground_truth
images/Trip 804 Day 1 02-12-05 Image 19 add_15.png,Trip 804 Day 1 02-12-05 Image 19 add_15_crop_007.png,train,1,schizont,788,111,879,207,ground_truth
images/Trip 804 Day 1 02-12-05 Image 19 add_15.png,Trip 804 Day 1 02-12-05 Image 19 add_15_crop_008.png,train,1,schizont,10,268,101,365,ground_truth
images/Trip 804 Day 1 02-12-05 Image 19 add_2.png,Trip 804 Day 1 02-12-05 Image 19 add_2_crop_000.png,val,1,schizont,882,336,973,432,ground_truth
images/Trip 804 Day 1 02-12-05 Image 19 add_2.png,Trip 804 Day 1 02-12-05 Image 19 add_2_crop_001.png,val,1,schizont,710,684,801,780,ground_truth
images/Trip 804 Day 1 02-12-05 Image 19 add_3.png,Trip 804 Day 1 02-12-05 Image 19 add_3_crop_000.png,train,1,schizont,919,49,1010,145,ground_truth
images/Trip 804 Day 1 02-12-05 Image 19 add_3.png,Trip 804 Day 1 02-12-05 Image 19 add_3_crop_001.png,train,0,ring,458,20,499,55,ground_truth
images/Trip 804 Day 1 02-12-05 Image 19 add_3.png,Trip 804 Day 1 02-12-05 Image 19 add_3_crop_002.png,train,1,schizont,0,280,69,376,ground_truth
images/Trip 804 Day 1 02-12-05 Image 19 add_3.png,Trip 804 Day 1 02-12-05 Image 19 add_3_crop_003.png,train,2,trophozoite,537,496,608,565,ground_truth
images/Trip 804 Day 1 02-12-05 Image 19 add_4.png,Trip 804 Day 1 02-12-05 Image 19 add_4_crop_000.png,train,2,trophozoite,923,556,994,626,ground_truth
images/Trip 804 Day 1 02-12-05 Image 19 add_4.png,Trip 804 Day 1 02-12-05 Image 19 add_4_crop_001.png,train,1,schizont,957,474,1048,571,ground_truth
images/Trip 804 Day 1 02-12-05 Image 19 add_4.png,Trip 804 Day 1 02-12-05 Image 19 add_4_crop_002.png,train,1,schizont,890,0,981,66,ground_truth
images/Trip 804 Day 1 02-12-05 Image 19 add_5.png,Trip 804 Day 1 02-12-05 Image 19 add_5_crop_000.png,train,1,schizont,44,732,135,828,ground_truth
images/Trip 804 Day 1 02-12-05 Image 19 add_5.png,Trip 804 Day 1 02-12-05 Image 19 add_5_crop_001.png,train,1,schizont,12,766,103,862,ground_truth
images/Trip 804 Day 1 02-12-05 Image 19 add_5.png,Trip 804 Day 1 02-12-05 Image 19 add_5_crop_002.png,train,0,ring,1018,730,1059,766,ground_truth
images/Trip 804 Day 1 02-12-05 Image 19 add_6.png,Trip 804 Day 1 02-12-05 Image 19 add_6_crop_000.png,train,1,schizont,139,151,230,247,ground_truth
images/Trip 804 Day 1 02-12-05 Image 19 add_6.png,Trip 804 Day 1 02-12-05 Image 19 add_6_crop_001.png,train,1,schizont,795,905,886,1001,ground_truth
images/Trip 804 Day 1 02-12-05 Image 19 add_6.png,Trip 804 Day 1 02-12-05 Image 19 add_6_crop_002.png,train,1,schizont,1214,423,1305,519,ground_truth
images/Trip 804 Day 1 02-12-05 Image 19 add_7.png,Trip 804 Day 1 02-12-05 Image 19 add_7_crop_000.png,train,1,schizont,288,958,379,1030,ground_truth
images/Trip 804 Day 1 02-12-05 Image 19 add_7.png,Trip 804 Day 1 02-12-05 Image 19 add_7_crop_001.png,train,1,schizont,1277,171,1368,267,ground_truth
images/Trip 804 Day 1 02-12-05 Image 19 add_8.png,Trip 804 Day 1 02-12-05 Image 19 add_8_crop_000.png,train,1,schizont,1086,922,1177,1018,ground_truth
images/Trip 804 Day 1 02-12-05 Image 19 add_8.png,Trip 804 Day 1 02-12-05 Image 19 add_8_crop_001.png,train,1,schizont,785,819,876,915,ground_truth
images/Trip 804 Day 1 02-12-05 Image 19 add_9.png,Trip 804 Day 1 02-12-05 Image 19 add_9_crop_000.png,train,0,ring,969,22,1009,57,ground_truth
images/Trip 804 Day 1 02-12-05 Image 1_1.png,Trip 804 Day 1 02-12-05 Image 1_1_crop_000.png,val,1,schizont,161,322,252,418,ground_truth
images/Trip 804 Day 1 02-12-05 Image 1_1.png,Trip 804 Day 1 02-12-05 Image 1_1_crop_001.png,val,1,schizont,549,738,640,834,ground_truth
images/Trip 804 Day 1 02-12-05 Image 1_1.png,Trip 804 Day 1 02-12-05 Image 1_1_crop_002.png,val,1,schizont,188,59,279,155,ground_truth
images/Trip 804 Day 1 02-12-05 Image 1_1.png,Trip 804 Day 1 02-12-05 Image 1_1_crop_003.png,val,1,schizont,288,913,379,1009,ground_truth
images/Trip 804 Day 1 02-12-05 Image 1_1.png,Trip 804 Day 1 02-12-05 Image 1_1_crop_004.png,val,1,schizont,532,81,623,177,ground_truth
images/Trip 804 Day 1 02-12-05 Image 1_1.png,Trip 804 Day 1 02-12-05 Image 1_1_crop_005.png,val,1,schizont,808,599,899,695,ground_truth
images/Trip 804 Day 1 02-12-05 Image 1_1.png,Trip 804 Day 1 02-12-05 Image 1_1_crop_006.png,val,2,trophozoite,125,699,196,769,ground_truth
images/Trip 804 Day 1 02-12-05 Image 1_1.png,Trip 804 Day 1 02-12-05 Image 1_1_crop_007.png,val,1,schizont,216,869,307,965,ground_truth
images/Trip 804 Day 1 02-12-05 Image 1_10.png,Trip 804 Day 1 02-12-05 Image 1_10_crop_000.png,train,1,schizont,262,0,353,64,ground_truth
images/Trip 804 Day 1 02-12-05 Image 1_10.png,Trip 804 Day 1 02-12-05 Image 1_10_crop_001.png,train,0,ring,16,333,57,369,ground_truth
images/Trip 804 Day 1 02-12-05 Image 1_11.png,Trip 804 Day 1 02-12-05 Image 1_11_crop_000.png,train,1,schizont,1188,311,1279,407,ground_truth
images/Trip 804 Day 1 02-12-05 Image 1_11.png,Trip 804 Day 1 02-12-05 Image 1_11_crop_001.png,train,1,schizont,1028,344,1119,440,ground_truth
images/Trip 804 Day 1 02-12-05 Image 1_11.png,Trip 804 Day 1 02-12-05 Image 1_11_crop_002.png,train,0,ring,850,176,891,212,ground_truth
images/Trip 804 Day 1 02-12-05 Image 1_12.png,Trip 804 Day 1 02-12-05 Image 1_12_crop_000.png,train,1,schizont,5,83,96,179,ground_truth
images/Trip 804 Day 1 02-12-05 Image 1_12.png,Trip 804 Day 1 02-12-05 Image 1_12_crop_001.png,train,1,schizont,307,373,398,469,ground_truth
images/Trip 804 Day 1 02-12-05 Image 1_12.png,Trip 804 Day 1 02-12-05 Image 1_12_crop_002.png,train,2,trophozoite,598,242,669,311,ground_truth
images/Trip 804 Day 1 02-12-05 Image 1_12.png,Trip 804 Day 1 02-12-05 Image 1_12_crop_003.png,train,0,ring,127,301,168,337,ground_truth
images/Trip 804 Day 1 02-12-05 Image 1_15.png,Trip 804 Day 1 02-12-05 Image 1_15_crop_000.png,train,1,schizont,938,606,1029,702,ground_truth
images/Trip 804 Day 1 02-12-05 Image 1_15.png,Trip 804 Day 1 02-12-05 Image 1_15_crop_001.png,train,2,trophozoite,1172,607,1243,676,ground_truth
images/Trip 804 Day 1 02-12-05 Image 1_15.png,Trip 804 Day 1 02-12-05 Image 1_15_crop_002.png,train,0,ring,417,279,458,315,ground_truth
images/Trip 804 Day 1 02-12-05 Image 1_16.png,Trip 804 Day 1 02-12-05 Image 1_16_crop_000.png,val,1,schizont,66,264,157,360,ground_truth
images/Trip 804 Day 1 02-12-05 Image 1_2.png,Trip 804 Day 1 02-12-05 Image 1_2_crop_000.png,test,1,schizont,524,209,615,305,ground_truth
images/Trip 804 Day 1 02-12-05 Image 1_2.png,Trip 804 Day 1 02-12-05 Image 1_2_crop_001.png,test,2,trophozoite,453,802,524,872,ground_truth
images/Trip 804 Day 1 02-12-05 Image 1_2.png,Trip 804 Day 1 02-12-05 Image 1_2_crop_002.png,test,0,ring,572,763,612,799,ground_truth
images/Trip 804 Day 1 02-12-05 Image 1_3.png,Trip 804 Day 1 02-12-05 Image 1_3_crop_000.png,train,1,schizont,51,900,142,996,ground_truth
images/Trip 804 Day 1 02-12-05 Image 1_3.png,Trip 804 Day 1 02-12-05 Image 1_3_crop_001.png,train,1,schizont,483,524,574,620,ground_truth
images/Trip 804 Day 1 02-12-05 Image 1_3.png,Trip 804 Day 1 02-12-05 Image 1_3_crop_002.png,train,0,ring,1341,459,1381,494,ground_truth
images/Trip 804 Day 1 02-12-05 Image 1_5.png,Trip 804 Day 1 02-12-05 Image 1_5_crop_000.png,test,1,schizont,495,685,586,781,ground_truth
images/Trip 804 Day 1 02-12-05 Image 1_5.png,Trip 804 Day 1 02-12-05 Image 1_5_crop_001.png,test,1,schizont,67,711,158,807,ground_truth
images/Trip 804 Day 1 02-12-05 Image 1_5.png,Trip 804 Day 1 02-12-05 Image 1_5_crop_002.png,test,1,schizont,804,99,895,195,ground_truth
images/Trip 804 Day 1 02-12-05 Image 1_5.png,Trip 804 Day 1 02-12-05 Image 1_5_crop_003.png,test,1,schizont,650,958,741,1030,ground_truth
images/Trip 804 Day 1 02-12-05 Image 1_5.png,Trip 804 Day 1 02-12-05 Image 1_5_crop_004.png,test,2,trophozoite,114,176,185,246,ground_truth
images/Trip 804 Day 1 02-12-05 Image 1_5.png,Trip 804 Day 1 02-12-05 Image 1_5_crop_005.png,test,1,schizont,830,848,921,944,ground_truth
images/Trip 804 Day 1 02-12-05 Image 1_6.png,Trip 804 Day 1 02-12-05 Image 1_6_crop_000.png,val,1,schizont,1296,632,1382,729,ground_truth
images/Trip 804 Day 1 02-12-05 Image 1_6.png,Trip 804 Day 1 02-12-05 Image 1_6_crop_001.png,val,1,schizont,1308,524,1382,620,ground_truth
images/Trip 804 Day 1 02-12-05 Image 1_6.png,Trip 804 Day 1 02-12-05 Image 1_6_crop_002.png,val,2,trophozoite,375,625,446,695,ground_truth
images/Trip 804 Day 1 02-12-05 Image 1_6.png,Trip 804 Day 1 02-12-05 Image 1_6_crop_003.png,val,1,schizont,265,956,356,1030,ground_truth
images/Trip 804 Day 1 02-12-05 Image 1_6.png,Trip 804 Day 1 02-12-05 Image 1_6_crop_004.png,val,0,ring,689,0,730,36,ground_truth
images/Trip 804 Day 1 02-12-05 Image 1_7.png,Trip 804 Day 1 02-12-05 Image 1_7_crop_000.png,val,0,ring,612,711,653,746,ground_truth
images/Trip 804 Day 1 02-12-05 Image 1_7.png,Trip 804 Day 1 02-12-05 Image 1_7_crop_001.png,val,0,ring,1271,586,1312,622,ground_truth
images/Trip 804 Day 1 02-12-05 Image 1_8.png,Trip 804 Day 1 02-12-05 Image 1_8_crop_000.png,train,0,ring,855,350,896,386,ground_truth
images/Trip 804 Day 1 02-12-05 Image 1_8.png,Trip 804 Day 1 02-12-05 Image 1_8_crop_001.png,train,0,ring,309,430,349,466,ground_truth
images/Trip 804 Day 1 02-12-05 Image 1_9.png,Trip 804 Day 1 02-12-05 Image 1_9_crop_000.png,test,1,schizont,1094,288,1185,384,ground_truth
images/Trip 804 Day 1 02-12-05 Image 1_9.png,Trip 804 Day 1 02-12-05 Image 1_9_crop_001.png,test,1,schizont,315,298,406,394,ground_truth
images/Trip 804 Day 1 02-12-05 Image 1_9.png,Trip 804 Day 1 02-12-05 Image 1_9_crop_002.png,test,1,schizont,1037,199,1128,295,ground_truth
images/Trip 804 Day 1 02-12-05 Image 1_9.png,Trip 804 Day 1 02-12-05 Image 1_9_crop_003.png,test,1,schizont,285,0,376,95,ground_truth
images/Trip 804 Day 1 02-12-05 Image 1_9.png,Trip 804 Day 1 02-12-05 Image 1_9_crop_004.png,test,1,schizont,652,0,743,63,ground_truth
images/Trip 804 Day 1 02-12-05 Image 1_9.png,Trip 804 Day 1 02-12-05 Image 1_9_crop_005.png,test,0,ring,633,546,674,581,ground_truth
images/Trip 804 Day 1 02-12-05 Image 3_1.png,Trip 804 Day 1 02-12-05 Image 3_1_crop_000.png,train,1,schizont,289,616,380,712,ground_truth
images/Trip 804 Day 1 02-12-05 Image 3_1.png,Trip 804 Day 1 02-12-05 Image 3_1_crop_001.png,train,1,schizont,79,931,170,1027,ground_truth
images/Trip 804 Day 1 02-12-05 Image 3_1.png,Trip 804 Day 1 02-12-05 Image 3_1_crop_002.png,train,1,schizont,405,127,496,223,ground_truth
images/Trip 804 Day 1 02-12-05 Image 3_1.png,Trip 804 Day 1 02-12-05 Image 3_1_crop_003.png,train,1,schizont,921,136,1012,232,ground_truth
images/Trip 804 Day 1 02-12-05 Image 3_1.png,Trip 804 Day 1 02-12-05 Image 3_1_crop_004.png,train,1,schizont,183,772,274,868,ground_truth
images/Trip 804 Day 1 02-12-05 Image 3_1.png,Trip 804 Day 1 02-12-05 Image 3_1_crop_005.png,train,0,ring,949,169,989,205,ground_truth
images/Trip 804 Day 1 02-12-05 Image 3_10.png,Trip 804 Day 1 02-12-05 Image 3_10_crop_000.png,train,1,schizont,1193,172,1284,268,ground_truth
images/Trip 804 Day 1 02-12-05 Image 3_10.png,Trip 804 Day 1 02-12-05 Image 3_10_crop_001.png,train,1,schizont,600,906,691,1002,ground_truth
images/Trip 804 Day 1 02-12-05 Image 3_10.png,Trip 804 Day 1 02-12-05 Image 3_10_crop_002.png,train,1,schizont,464,441,555,537,ground_truth
images/Trip 804 Day 1 02-12-05 Image 3_10.png,Trip 804 Day 1 02-12-05 Image 3_10_crop_003.png,train,1,schizont,478,548,569,644,ground_truth
images/Trip 804 Day 1 02-12-05 Image 3_10.png,Trip 804 Day 1 02-12-05 Image 3_10_crop_004.png,train,1,schizont,1198,890,1289,986,ground_truth
images/Trip 804 Day 1 02-12-05 Image 3_11.png,Trip 804 Day 1 02-12-05 Image 3_11_crop_000.png,train,1,schizont,918,510,1009,606,ground_truth
images/Trip 804 Day 1 02-12-05 Image 3_11.png,Trip 804 Day 1 02-12-05 Image 3_11_crop_001.png,train,1,schizont,929,772,1020,868,ground_truth
images/Trip 804 Day 1 02-12-05 Image 3_11.png,Trip 804 Day 1 02-12-05 Image 3_11_crop_002.png,train,2,trophozoite,617,648,688,718,ground_truth
images/Trip 804 Day 1 02-12-05 Image 3_12.png,Trip 804 Day 1 02-12-05 Image 3_12_crop_000.png,train,1,schizont,0,597,74,693,ground_truth
images/Trip 804 Day 1 02-12-05 Image 3_12.png,Trip 804 Day 1 02-12-05 Image 3_12_crop_001.png,train,1,schizont,220,0,311,89,ground_truth
images/Trip 804 Day 1 02-12-05 Image 3_12.png,Trip 804 Day 1 02-12-05 Image 3_12_crop_002.png,train,1,schizont,515,496,606,592,ground_truth
images/Trip 804 Day 1 02-12-05 Image 3_12.png,Trip 804 Day 1 02-12-05 Image 3_12_crop_003.png,train,1,schizont,0,259,62,355,ground_truth
images/Trip 804 Day 1 02-12-05 Image 3_12.png,Trip 804 Day 1 02-12-05 Image 3_12_crop_004.png,train,1,schizont,742,642,833,738,ground_truth
images/Trip 804 Day 1 02-12-05 Image 3_12.png,Trip 804 Day 1 02-12-05 Image 3_12_crop_005.png,train,1,schizont,1171,98,1262,194,ground_truth
images/Trip 804 Day 1 02-12-05 Image 3_13.png,Trip 804 Day 1 02-12-05 Image 3_13_crop_000.png,train,1,schizont,33,898,124,994,ground_truth
images/Trip 804 Day 1 02-12-05 Image 3_13.png,Trip 804 Day 1 02-12-05 Image 3_13_crop_001.png,train,0,ring,1154,874,1195,910,ground_truth
images/Trip 804 Day 1 02-12-05 Image 3_14.png,Trip 804 Day 1 02-12-05 Image 3_14_crop_000.png,train,1,schizont,272,663,363,759,ground_truth
images/Trip 804 Day 1 02-12-05 Image 3_14.png,Trip 804 Day 1 02-12-05 Image 3_14_crop_001.png,train,1,schizont,1304,367,1382,463,ground_truth
images/Trip 804 Day 1 02-12-05 Image 3_15.png,Trip 804 Day 1 02-12-05 Image 3_15_crop_000.png,train,1,schizont,572,81,663,177,ground_truth
images/Trip 804 Day 1 02-12-05 Image 3_15.png,Trip 804 Day 1 02-12-05 Image 3_15_crop_001.png,train,2,trophozoite,114,697,185,767,ground_truth
images/Trip 804 Day 1 02-12-05 Image 3_15.png,Trip 804 Day 1 02-12-05 Image 3_15_crop_002.png,train,0,ring,874,584,915,619,ground_truth
images/Trip 804 Day 1 02-12-05 Image 3_16.png,Trip 804 Day 1 02-12-05 Image 3_16_crop_000.png,train,1,schizont,382,559,473,655,ground_truth
images/Trip 804 Day 1 02-12-05 Image 3_16.png,Trip 804 Day 1 02-12-05 Image 3_16_crop_001.png,train,1,schizont,1171,153,1262,249,ground_truth
images/Trip 804 Day 1 02-12-05 Image 3_16.png,Trip 804 Day 1 02-12-05 Image 3_16_crop_002.png,train,1,schizont,546,469,637,565,ground_truth
images/Trip 804 Day 1 02-12-05 Image 3_2.png,Trip 804 Day 1 02-12-05 Image 3_2_crop_000.png,train,1,schizont,1093,248,1184,344,ground_truth
images/Trip 804 Day 1 02-12-05 Image 3_2.png,Trip 804 Day 1 02-12-05 Image 3_2_crop_001.png,train,1,schizont,1182,196,1273,292,ground_truth
images/Trip 804 Day 1 02-12-05 Image 3_2.png,Trip 804 Day 1 02-12-05 Image 3_2_crop_002.png,train,0,ring,482,247,522,283,ground_truth
images/Trip 804 Day 1 02-12-05 Image 3_2.png,Trip 804 Day 1 02-12-05 Image 3_2_crop_003.png,train,2,trophozoite,1134,465,1205,535,ground_truth
images/Trip 804 Day 1 02-12-05 Image 3_2.png,Trip 804 Day 1 02-12-05 Image 3_2_crop_004.png,train,0,ring,1042,974,1082,1009,ground_truth
images/Trip 804 Day 1 02-12-05 Image 3_2.png,Trip 804 Day 1 02-12-05 Image 3_2_crop_005.png,train,0,ring,1304,833,1344,869,ground_truth
images/Trip 804 Day 1 02-12-05 Image 3_3.png,Trip 804 Day 1 02-12-05 Image 3_3_crop_000.png,val,1,schizont,1078,883,1169,979,ground_truth
images/Trip 804 Day 1 02-12-05 Image 3_3.png,Trip 804 Day 1 02-12-05 Image 3_3_crop_001.png,val,1,schizont,135,8,226,104,ground_truth
images/Trip 804 Day 1 02-12-05 Image 3_3.png,Trip 804 Day 1 02-12-05 Image 3_3_crop_002.png,val,1,schizont,770,310,861,406,ground_truth
images/Trip 804 Day 1 02-12-05 Image 3_3.png,Trip 804 Day 1 02-12-05 Image 3_3_crop_003.png,val,1,schizont,820,407,911,503,ground_truth
images/Trip 804 Day 1 02-12-05 Image 3_3.png,Trip 804 Day 1 02-12-05 Image 3_3_crop_004.png,val,1,schizont,919,374,1010,470,ground_truth
images/Trip 804 Day 1 02-12-05 Image 3_3.png,Trip 804 Day 1 02-12-05 Image 3_3_crop_005.png,val,0,ring,585,624,626,659,ground_truth
images/Trip 804 Day 1 02-12-05 Image 3_4.png,Trip 804 Day 1 02-12-05 Image 3_4_crop_000.png,val,2,trophozoite,797,981,868,1030,ground_truth
images/Trip 804 Day 1 02-12-05 Image 3_4.png,Trip 804 Day 1 02-12-05 Image 3_4_crop_001.png,val,2,trophozoite,525,791,596,861,ground_truth
images/Trip 804 Day 1 02-12-05 Image 3_4.png,Trip 804 Day 1 02-12-05 Image 3_4_crop_002.png,val,0,ring,652,667,692,703,ground_truth
images/Trip 804 Day 1 02-12-05 Image 3_4.png,Trip 804 Day 1 02-12-05 Image 3_4_crop_003.png,val,0,ring,1332,492,1373,528,ground_truth
images/Trip 804 Day 1 02-12-05 Image 3_4.png,Trip 804 Day 1 02-12-05 Image 3_4_crop_004.png,val,0,ring,857,910,898,945,ground_truth
images/Trip 804 Day 1 02-12-05 Image 3_5.png,Trip 804 Day 1 02-12-05 Image 3_5_crop_000.png,train,1,schizont,695,44,786,140,ground_truth
images/Trip 804 Day 1 02-12-05 Image 3_5.png,Trip 804 Day 1 02-12-05 Image 3_5_crop_001.png,train,1,schizont,756,707,847,803,ground_truth
images/Trip 804 Day 1 02-12-05 Image 3_6.png,Trip 804 Day 1 02-12-05 Image 3_6_crop_000.png,train,1,schizont,985,279,1076,375,ground_truth
images/Trip 804 Day 1 02-12-05 Image 3_6.png,Trip 804 Day 1 02-12-05 Image 3_6_crop_001.png,train,1,schizont,1282,597,1373,693,ground_truth
images/Trip 804 Day 1 02-12-05 Image 3_6.png,Trip 804 Day 1 02-12-05 Image 3_6_crop_002.png,train,1,schizont,816,296,907,392,ground_truth
images/Trip 804 Day 1 02-12-05 Image 3_6.png,Trip 804 Day 1 02-12-05 Image 3_6_crop_003.png,train,1,schizont,76,89,167,185,ground_truth
images/Trip 804 Day 1 02-12-05 Image 3_6.png,Trip 804 Day 1 02-12-05 Image 3_6_crop_004.png,train,1,schizont,1260,731,1351,827,ground_truth
images/Trip 804 Day 1 02-12-05 Image 3_7.png,Trip 804 Day 1 02-12-05 Image 3_7_crop_000.png,train,1,schizont,900,188,991,284,ground_truth
images/Trip 804 Day 1 02-12-05 Image 3_7.png,Trip 804 Day 1 02-12-05 Image 3_7_crop_001.png,train,1,schizont,885,345,976,441,ground_truth
images/Trip 804 Day 1 02-12-05 Image 3_7.png,Trip 804 Day 1 02-12-05 Image 3_7_crop_002.png,train,1,schizont,1003,465,1094,561,ground_truth
images/Trip 804 Day 1 02-12-05 Image 3_7.png,Trip 804 Day 1 02-12-05 Image 3_7_crop_003.png,train,1,schizont,748,185,839,281,ground_truth
images/Trip 804 Day 1 02-12-05 Image 3_8.png,Trip 804 Day 1 02-12-05 Image 3_8_crop_000.png,test,1,schizont,644,581,735,677,ground_truth
images/Trip 804 Day 1 02-12-05 Image 3_8.png,Trip 804 Day 1 02-12-05 Image 3_8_crop_001.png,test,2,trophozoite,1278,212,1349,282,ground_truth
images/Trip 804 Day 1 02-12-05 Image 3_8.png,Trip 804 Day 1 02-12-05 Image 3_8_crop_002.png,test,1,schizont,794,0,885,61,ground_truth
images/Trip 804 Day 1 02-12-05 Image 3_9.png,Trip 804 Day 1 02-12-05 Image 3_9_crop_000.png,train,1,schizont,741,700,832,796,ground_truth
images/Trip 804 Day 1 02-12-05 Image 3_9.png,Trip 804 Day 1 02-12-05 Image 3_9_crop_001.png,train,1,schizont,363,865,454,961,ground_truth
images/Trip 804 Day 1 02-12-05 Image 3_9.png,Trip 804 Day 1 02-12-05 Image 3_9_crop_002.png,train,1,schizont,0,830,68,927,ground_truth
images/Trip 807 Day 1 07-12-05 Image 1_1.png,Trip 807 Day 1 07-12-05 Image 1_1_crop_000.png,train,2,trophozoite,149,184,220,254,ground_truth
images/Trip 807 Day 1 07-12-05 Image 1_1.png,Trip 807 Day 1 07-12-05 Image 1_1_crop_001.png,train,1,schizont,252,222,343,318,ground_truth
images/Trip 807 Day 1 07-12-05 Image 1_1.png,Trip 807 Day 1 07-12-05 Image 1_1_crop_002.png,train,1,schizont,192,90,283,186,ground_truth
images/Trip 807 Day 1 07-12-05 Image 1_10.png,Trip 807 Day 1 07-12-05 Image 1_10_crop_000.png,train,2,trophozoite,76,7,147,77,ground_truth
images/Trip 807 Day 1 07-12-05 Image 1_10.png,Trip 807 Day 1 07-12-05 Image 1_10_crop_001.png,train,2,trophozoite,76,7,147,77,ground_truth
images/Trip 807 Day 1 07-12-05 Image 1_10.png,Trip 807 Day 1 07-12-05 Image 1_10_crop_002.png,train,1,schizont,1248,331,1339,428,ground_truth
images/Trip 807 Day 1 07-12-05 Image 1_10.png,Trip 807 Day 1 07-12-05 Image 1_10_crop_003.png,train,1,schizont,1159,569,1250,666,ground_truth
images/Trip 807 Day 1 07-12-05 Image 1_10.png,Trip 807 Day 1 07-12-05 Image 1_10_crop_004.png,train,0,ring,916,847,957,882,ground_truth
images/Trip 807 Day 1 07-12-05 Image 1_11.png,Trip 807 Day 1 07-12-05 Image 1_11_crop_000.png,test,1,schizont,897,413,988,509,ground_truth
images/Trip 807 Day 1 07-12-05 Image 1_11.png,Trip 807 Day 1 07-12-05 Image 1_11_crop_001.png,test,1,schizont,110,708,201,804,ground_truth
images/Trip 807 Day 1 07-12-05 Image 1_12.png,Trip 807 Day 1 07-12-05 Image 1_12_crop_000.png,train,1,schizont,740,869,831,965,ground_truth
images/Trip 807 Day 1 07-12-05 Image 1_13.png,Trip 807 Day 1 07-12-05 Image 1_13_crop_000.png,test,1,schizont,418,448,509,544,ground_truth
images/Trip 807 Day 1 07-12-05 Image 1_13.png,Trip 807 Day 1 07-12-05 Image 1_13_crop_001.png,test,2,trophozoite,630,145,701,215,ground_truth
images/Trip 807 Day 1 07-12-05 Image 1_13.png,Trip 807 Day 1 07-12-05 Image 1_13_crop_002.png,test,1,schizont,443,593,534,690,ground_truth
images/Trip 807 Day 1 07-12-05 Image 1_13.png,Trip 807 Day 1 07-12-05 Image 1_13_crop_003.png,test,1,schizont,517,597,608,693,ground_truth
images/Trip 807 Day 1 07-12-05 Image 1_13.png,Trip 807 Day 1 07-12-05 Image 1_13_crop_004.png,test,1,schizont,0,203,79,299,ground_truth
images/Trip 807 Day 1 07-12-05 Image 1_14.png,Trip 807 Day 1 07-12-05 Image 1_14_crop_000.png,train,1,schizont,130,106,221,202,ground_truth
images/Trip 807 Day 1 07-12-05 Image 1_14.png,Trip 807 Day 1 07-12-05 Image 1_14_crop_001.png,train,1,schizont,1147,287,1238,383,ground_truth
images/Trip 807 Day 1 07-12-05 Image 1_15.png,Trip 807 Day 1 07-12-05 Image 1_15_crop_000.png,train,1,schizont,895,526,986,622,ground_truth
images/Trip 807 Day 1 07-12-05 Image 1_15.png,Trip 807 Day 1 07-12-05 Image 1_15_crop_001.png,train,2,trophozoite,544,711,615,781,ground_truth
images/Trip 807 Day 1 07-12-05 Image 1_16.png,Trip 807 Day 1 07-12-05 Image 1_16_crop_000.png,test,2,trophozoite,1140,365,1211,435,ground_truth
images/Trip 807 Day 1 07-12-05 Image 1_16.png,Trip 807 Day 1 07-12-05 Image 1_16_crop_001.png,test,2,trophozoite,552,484,623,554,ground_truth
images/Trip 807 Day 1 07-12-05 Image 1_2.png,Trip 807 Day 1 07-12-05 Image 1_2_crop_000.png,train,1,schizont,582,870,673,967,ground_truth
images/Trip 807 Day 1 07-12-05 Image 1_3.png,Trip 807 Day 1 07-12-05 Image 1_3_crop_000.png,test,2,trophozoite,930,226,1001,295,ground_truth
images/Trip 807 Day 1 07-12-05 Image 1_3.png,Trip 807 Day 1 07-12-05 Image 1_3_crop_001.png,test,1,schizont,546,38,637,135,ground_truth
images/Trip 807 Day 1 07-12-05 Image 1_3.png,Trip 807 Day 1 07-12-05 Image 1_3_crop_002.png,test,1,schizont,85,807,176,904,ground_truth
images/Trip 807 Day 1 07-12-05 Image 1_3.png,Trip 807 Day 1 07-12-05 Image 1_3_crop_003.png,test,1,schizont,941,101,1032,197,ground_truth
images/Trip 807 Day 1 07-12-05 Image 1_5.png,Trip 807 Day 1 07-12-05 Image 1_5_crop_000.png,test,2,trophozoite,1193,665,1264,735,ground_truth
images/Trip 807 Day 1 07-12-05 Image 1_5.png,Trip 807 Day 1 07-12-05 Image 1_5_crop_001.png,test,1,schizont,1242,416,1333,512,ground_truth
images/Trip 807 Day 1 07-12-05 Image 1_5.png,Trip 807 Day 1 07-12-05 Image 1_5_crop_002.png,test,1,schizont,476,605,567,701,ground_truth
images/Trip 807 Day 1 07-12-05 Image 1_6.png,Trip 807 Day 1 07-12-05 Image 1_6_crop_000.png,train,2,trophozoite,1105,357,1176,427,ground_truth
images/Trip 807 Day 1 07-12-05 Image 1_6.png,Trip 807 Day 1 07-12-05 Image 1_6_crop_001.png,train,0,ring,113,357,154,393,ground_truth
images/Trip 807 Day 1 07-12-05 Image 1_7.png,Trip 807 Day 1 07-12-05 Image 1_7_crop_000.png,val,2,trophozoite,98,712,169,782,ground_truth
images/Trip 807 Day 1 07-12-05 Image 1_7.png,Trip 807 Day 1 07-12-05 Image 1_7_crop_001.png,val,1,schizont,441,167,532,263,ground_truth
images/Trip 807 Day 1 07-12-05 Image 1_8.png,Trip 807 Day 1 07-12-05 Image 1_8_crop_000.png,train,1,schizont,1073,494,1164,590,ground_truth
images/Trip 807 Day 1 07-12-05 Image 1_8.png,Trip 807 Day 1 07-12-05 Image 1_8_crop_001.png,train,2,trophozoite,905,285,976,355,ground_truth
images/Trip 807 Day 1 07-12-05 Image 1_8.png,Trip 807 Day 1 07-12-05 Image 1_8_crop_002.png,train,2,trophozoite,402,167,473,237,ground_truth
images/Trip 807 Day 1 07-12-05 Image 1_8.png,Trip 807 Day 1 07-12-05 Image 1_8_crop_003.png,train,1,schizont,1252,813,1343,909,ground_truth
images/Trip 807 Day 1 07-12-05 Image 1_8.png,Trip 807 Day 1 07-12-05 Image 1_8_crop_004.png,train,1,schizont,1314,749,1382,845,ground_truth
images/Trip 807 Day 1 07-12-05 Image 1_9.png,Trip 807 Day 1 07-12-05 Image 1_9_crop_000.png,train,2,trophozoite,602,725,673,794,ground_truth
images/Trip 807 Day 1 07-12-05 Image 1_9.png,Trip 807 Day 1 07-12-05 Image 1_9_crop_001.png,train,1,schizont,560,774,651,870,ground_truth
images/Trip 807 Day 1 07-12-05 Image 1_9.png,Trip 807 Day 1 07-12-05 Image 1_9_crop_002.png,train,1,schizont,365,503,456,599,ground_truth
images/Trip 807 Day 1 07-12-05 Image 2_1.png,Trip 807 Day 1 07-12-05 Image 2_1_crop_000.png,train,1,schizont,134,672,225,769,ground_truth
images/Trip 807 Day 1 07-12-05 Image 2_1.png,Trip 807 Day 1 07-12-05 Image 2_1_crop_001.png,train,1,schizont,118,441,209,537,ground_truth
images/Trip 807 Day 1 07-12-05 Image 2_1.png,Trip 807 Day 1 07-12-05 Image 2_1_crop_002.png,train,1,schizont,1259,272,1350,368,ground_truth
images/Trip 807 Day 1 07-12-05 Image 2_1.png,Trip 807 Day 1 07-12-05 Image 2_1_crop_003.png,train,1,schizont,912,637,1003,733,ground_truth
images/Trip 807 Day 1 07-12-05 Image 2_1.png,Trip 807 Day 1 07-12-05 Image 2_1_crop_004.png,train,1,schizont,1048,877,1139,973,ground_truth
images/Trip 807 Day 1 07-12-05 Image 2_1.png,Trip 807 Day 1 07-12-05 Image 2_1_crop_005.png,train,1,schizont,280,336,371,432,ground_truth
images/Trip 807 Day 1 07-12-05 Image 2_1.png,Trip 807 Day 1 07-12-05 Image 2_1_crop_006.png,train,2,trophozoite,40,115,111,184,ground_truth
images/Trip 807 Day 1 07-12-05 Image 2_1.png,Trip 807 Day 1 07-12-05 Image 2_1_crop_007.png,train,0,ring,45,948,86,983,ground_truth
images/Trip 807 Day 1 07-12-05 Image 2_10.png,Trip 807 Day 1 07-12-05 Image 2_10_crop_000.png,train,1,schizont,647,690,738,786,ground_truth
images/Trip 807 Day 1 07-12-05 Image 2_10.png,Trip 807 Day 1 07-12-05 Image 2_10_crop_001.png,train,1,schizont,1054,375,1145,471,ground_truth
images/Trip 807 Day 1 07-12-05 Image 2_11.png,Trip 807 Day 1 07-12-05 Image 2_11_crop_000.png,test,1,schizont,1129,440,1220,536,ground_truth
images/Trip 807 Day 1 07-12-05 Image 2_11.png,Trip 807 Day 1 07-12-05 Image 2_11_crop_001.png,test,1,schizont,158,873,249,969,ground_truth
images/Trip 807 Day 1 07-12-05 Image 2_11.png,Trip 807 Day 1 07-12-05 Image 2_11_crop_002.png,test,2,trophozoite,1100,214,1171,284,ground_truth
images/Trip 807 Day 1 07-12-05 Image 2_11.png,Trip 807 Day 1 07-12-05 Image 2_11_crop_003.png,test,1,schizont,296,222,387,318,ground_truth
images/Trip 807 Day 1 07-12-05 Image 2_12.png,Trip 807 Day 1 07-12-05 Image 2_12_crop_000.png,train,1,schizont,1128,571,1219,667,ground_truth
images/Trip 807 Day 1 07-12-05 Image 2_12.png,Trip 807 Day 1 07-12-05 Image 2_12_crop_001.png,train,1,schizont,145,383,236,479,ground_truth
images/Trip 807 Day 1 07-12-05 Image 2_12.png,Trip 807 Day 1 07-12-05 Image 2_12_crop_002.png,train,1,schizont,268,209,359,305,ground_truth
images/Trip 807 Day 1 07-12-05 Image 2_12.png,Trip 807 Day 1 07-12-05 Image 2_12_crop_003.png,train,1,schizont,538,181,629,278,ground_truth
images/Trip 807 Day 1 07-12-05 Image 2_13.png,Trip 807 Day 1 07-12-05 Image 2_13_crop_000.png,train,1,schizont,217,782,308,878,ground_truth
images/Trip 807 Day 1 07-12-05 Image 2_13.png,Trip 807 Day 1 07-12-05 Image 2_13_crop_001.png,train,1,schizont,104,928,195,1024,ground_truth
images/Trip 807 Day 1 07-12-05 Image 2_13.png,Trip 807 Day 1 07-12-05 Image 2_13_crop_002.png,train,1,schizont,76,867,167,963,ground_truth
images/Trip 807 Day 1 07-12-05 Image 2_13.png,Trip 807 Day 1 07-12-05 Image 2_13_crop_003.png,train,1,schizont,704,344,795,440,ground_truth
images/Trip 807 Day 1 07-12-05 Image 2_13.png,Trip 807 Day 1 07-12-05 Image 2_13_crop_004.png,train,1,schizont,15,41,106,137,ground_truth
images/Trip 807 Day 1 07-12-05 Image 2_13.png,Trip 807 Day 1 07-12-05 Image 2_13_crop_005.png,train,1,schizont,162,536,253,632,ground_truth
images/Trip 807 Day 1 07-12-05 Image 2_13.png,Trip 807 Day 1 07-12-05 Image 2_13_crop_006.png,train,1,schizont,1006,684,1097,780,ground_truth
images/Trip 807 Day 1 07-12-05 Image 2_13.png,Trip 807 Day 1 07-12-05 Image 2_13_crop_007.png,train,1,schizont,0,954,68,1030,ground_truth
images/Trip 807 Day 1 07-12-05 Image 2_13.png,Trip 807 Day 1 07-12-05 Image 2_13_crop_008.png,train,1,schizont,997,965,1088,1030,ground_truth
images/Trip 807 Day 1 07-12-05 Image 2_13.png,Trip 807 Day 1 07-12-05 Image 2_13_crop_009.png,train,1,schizont,921,961,1012,1030,ground_truth
images/Trip 807 Day 1 07-12-05 Image 2_14.png,Trip 807 Day 1 07-12-05 Image 2_14_crop_000.png,test,2,trophozoite,345,848,416,918,ground_truth
images/Trip 807 Day 1 07-12-05 Image 2_15.png,Trip 807 Day 1 07-12-05 Image 2_15_crop_000.png,train,1,schizont,544,910,635,1007,ground_truth
images/Trip 807 Day 1 07-12-05 Image 2_15.png,Trip 807 Day 1 07-12-05 Image 2_15_crop_001.png,train,1,schizont,1045,880,1136,976,ground_truth
images/Trip 807 Day 1 07-12-05 Image 2_15.png,Trip 807 Day 1 07-12-05 Image 2_15_crop_002.png,train,1,schizont,265,295,356,391,ground_truth
images/Trip 807 Day 1 07-12-05 Image 2_15.png,Trip 807 Day 1 07-12-05 Image 2_15_crop_003.png,train,1,schizont,231,14,322,111,ground_truth
images/Trip 807 Day 1 07-12-05 Image 2_15.png,Trip 807 Day 1 07-12-05 Image 2_15_crop_004.png,train,1,schizont,889,399,980,495,ground_truth
images/Trip 807 Day 1 07-12-05 Image 2_15.png,Trip 807 Day 1 07-12-05 Image 2_15_crop_005.png,train,2,trophozoite,1302,261,1373,331,ground_truth
images/Trip 807 Day 1 07-12-05 Image 2_15.png,Trip 807 Day 1 07-12-05 Image 2_15_crop_006.png,train,0,ring,132,73,172,109,ground_truth
images/Trip 807 Day 1 07-12-05 Image 2_15.png,Trip 807 Day 1 07-12-05 Image 2_15_crop_007.png,train,1,schizont,692,0,783,61,ground_truth
images/Trip 807 Day 1 07-12-05 Image 2_16.png,Trip 807 Day 1 07-12-05 Image 2_16_crop_000.png,train,1,schizont,201,520,292,616,ground_truth
images/Trip 807 Day 1 07-12-05 Image 2_16.png,Trip 807 Day 1 07-12-05 Image 2_16_crop_001.png,train,1,schizont,695,358,786,454,ground_truth
images/Trip 807 Day 1 07-12-05 Image 2_16.png,Trip 807 Day 1 07-12-05 Image 2_16_crop_002.png,train,1,schizont,695,358,786,454,ground_truth
images/Trip 807 Day 1 07-12-05 Image 2_16.png,Trip 807 Day 1 07-12-05 Image 2_16_crop_003.png,train,2,trophozoite,0,132,62,201,ground_truth
images/Trip 807 Day 1 07-12-05 Image 2_16.png,Trip 807 Day 1 07-12-05 Image 2_16_crop_004.png,train,1,schizont,153,837,244,933,ground_truth
images/Trip 807 Day 1 07-12-05 Image 2_16.png,Trip 807 Day 1 07-12-05 Image 2_16_crop_005.png,train,1,schizont,949,952,1040,1029,ground_truth
images/Trip 807 Day 1 07-12-05 Image 2_3.png,Trip 807 Day 1 07-12-05 Image 2_3_crop_000.png,train,1,schizont,848,848,939,944,ground_truth
images/Trip 807 Day 1 07-12-05 Image 2_3.png,Trip 807 Day 1 07-12-05 Image 2_3_crop_001.png,train,1,schizont,243,669,334,765,ground_truth
images/Trip 807 Day 1 07-12-05 Image 2_3.png,Trip 807 Day 1 07-12-05 Image 2_3_crop_002.png,train,1,schizont,187,797,278,893,ground_truth
images/Trip 807 Day 1 07-12-05 Image 2_3.png,Trip 807 Day 1 07-12-05 Image 2_3_crop_003.png,train,1,schizont,642,183,733,279,ground_truth
images/Trip 807 Day 1 07-12-05 Image 2_3.png,Trip 807 Day 1 07-12-05 Image 2_3_crop_004.png,train,1,schizont,1222,272,1313,368,ground_truth
images/Trip 807 Day 1 07-12-05 Image 2_3.png,Trip 807 Day 1 07-12-05 Image 2_3_crop_005.png,train,1,schizont,844,970,935,1030,ground_truth
images/Trip 807 Day 1 07-12-05 Image 2_4.png,Trip 807 Day 1 07-12-05 Image 2_4_crop_000.png,train,2,trophozoite,502,124,573,193,ground_truth
images/Trip 807 Day 1 07-12-05 Image 2_4.png,Trip 807 Day 1 07-12-05 Image 2_4_crop_001.png,train,1,schizont,1244,492,1335,588,ground_truth
images/Trip 807 Day 1 07-12-05 Image 2_5.png,Trip 807 Day 1 07-12-05 Image 2_5_crop_000.png,train,1,schizont,842,558,933,654,ground_truth
images/Trip 807 Day 1 07-12-05 Image 2_5.png,Trip 807 Day 1 07-12-05 Image 2_5_crop_001.png,train,1,schizont,1122,906,1213,1002,ground_truth
images/Trip 807 Day 1 07-12-05 Image 2_5.png,Trip 807 Day 1 07-12-05 Image 2_5_crop_002.png,train,2,trophozoite,347,751,418,821,ground_truth
images/Trip 807 Day 1 07-12-05 Image 2_5.png,Trip 807 Day 1 07-12-05 Image 2_5_crop_003.png,train,2,trophozoite,974,500,1045,570,ground_truth
images/Trip 807 Day 1 07-12-05 Image 2_7.png,Trip 807 Day 1 07-12-05 Image 2_7_crop_000.png,train,1,schizont,1028,88,1119,184,ground_truth
images/Trip 807 Day 1 07-12-05 Image 2_7.png,Trip 807 Day 1 07-12-05 Image 2_7_crop_001.png,train,2,trophozoite,856,0,927,48,ground_truth
images/Trip 807 Day 1 07-12-05 Image 2_8.png,Trip 807 Day 1 07-12-05 Image 2_8_crop_000.png,train,1,schizont,300,287,391,383,ground_truth
images/Trip 807 Day 1 07-12-05 Image 2_8.png,Trip 807 Day 1 07-12-05 Image 2_8_crop_001.png,train,1,schizont,115,799,206,896,ground_truth
images/Trip 807 Day 1 07-12-05 Image 2_8.png,Trip 807 Day 1 07-12-05 Image 2_8_crop_002.png,train,1,schizont,115,93,206,189,ground_truth
images/Trip 807 Day 1 07-12-05 Image 2_8.png,Trip 807 Day 1 07-12-05 Image 2_8_crop_003.png,train,1,schizont,502,97,593,193,ground_truth
images/Trip 807 Day 1 07-12-05 Image 2_8.png,Trip 807 Day 1 07-12-05 Image 2_8_crop_004.png,train,1,schizont,1309,256,1382,352,ground_truth
images/Trip 807 Day 1 07-12-05 Image 2_8.png,Trip 807 Day 1 07-12-05 Image 2_8_crop_005.png,train,1,schizont,1165,868,1256,964,ground_truth
images/Trip 807 Day 1 07-12-05 Image 2_9.png,Trip 807 Day 1 07-12-05 Image 2_9_crop_000.png,val,1,schizont,1071,260,1162,357,ground_truth
images/Trip 807 Day 1 07-12-05 Image 2_9.png,Trip 807 Day 1 07-12-05 Image 2_9_crop_001.png,val,1,schizont,912,656,1003,753,ground_truth
images/Trip 807 Day 1 07-12-05 Image 2_9.png,Trip 807 Day 1 07-12-05 Image 2_9_crop_002.png,val,2,trophozoite,733,700,804,770,ground_truth
images/Trip 807 Day 1 07-12-05 Image 2_9.png,Trip 807 Day 1 07-12-05 Image 2_9_crop_003.png,val,2,trophozoite,1135,349,1206,419,ground_truth
images/Trip 807 Day 1 07-12-05 Image 6_1.png,Trip 807 Day 1 07-12-05 Image 6_1_crop_000.png,test,1,schizont,152,224,243,320,ground_truth
images/Trip 807 Day 1 07-12-05 Image 6_1.png,Trip 807 Day 1 07-12-05 Image 6_1_crop_001.png,test,1,schizont,381,169,472,265,ground_truth
images/Trip 807 Day 1 07-12-05 Image 6_1.png,Trip 807 Day 1 07-12-05 Image 6_1_crop_002.png,test,1,schizont,470,271,561,367,ground_truth
images/Trip 807 Day 1 07-12-05 Image 6_1.png,Trip 807 Day 1 07-12-05 Image 6_1_crop_003.png,test,2,trophozoite,1148,627,1219,697,ground_truth
images/Trip 807 Day 1 07-12-05 Image 6_1.png,Trip 807 Day 1 07-12-05 Image 6_1_crop_004.png,test,1,schizont,427,821,518,917,ground_truth
images/Trip 807 Day 1 07-12-05 Image 6_10.png,Trip 807 Day 1 07-12-05 Image 6_10_crop_000.png,train,1,schizont,974,74,1065,170,ground_truth
images/Trip 807 Day 1 07-12-05 Image 6_10.png,Trip 807 Day 1 07-12-05 Image 6_10_crop_001.png,train,1,schizont,104,667,195,763,ground_truth
images/Trip 807 Day 1 07-12-05 Image 6_10.png,Trip 807 Day 1 07-12-05 Image 6_10_crop_002.png,train,1,schizont,767,725,858,821,ground_truth
images/Trip 807 Day 1 07-12-05 Image 6_10.png,Trip 807 Day 1 07-12-05 Image 6_10_crop_003.png,train,1,schizont,763,622,854,718,ground_truth
images/Trip 807 Day 1 07-12-05 Image 6_10.png,Trip 807 Day 1 07-12-05 Image 6_10_crop_004.png,train,2,trophozoite,749,940,820,1009,ground_truth
images/Trip 807 Day 1 07-12-05 Image 6_10.png,Trip 807 Day 1 07-12-05 Image 6_10_crop_005.png,train,1,schizont,974,74,1065,170,ground_truth
images/Trip 807 Day 1 07-12-05 Image 6_10.png,Trip 807 Day 1 07-12-05 Image 6_10_crop_006.png,train,0,ring,582,261,622,296,ground_truth
images/Trip 807 Day 1 07-12-05 Image 6_11.png,Trip 807 Day 1 07-12-05 Image 6_11_crop_000.png,train,1,schizont,128,704,219,801,ground_truth
images/Trip 807 Day 1 07-12-05 Image 6_13.png,Trip 807 Day 1 07-12-05 Image 6_13_crop_000.png,val,2,trophozoite,852,345,923,414,ground_truth
images/Trip 807 Day 1 07-12-05 Image 6_13.png,Trip 807 Day 1 07-12-05 Image 6_13_crop_001.png,val,2,trophozoite,501,203,572,272,ground_truth
images/Trip 807 Day 1 07-12-05 Image 6_13.png,Trip 807 Day 1 07-12-05 Image 6_13_crop_002.png,val,1,schizont,589,945,680,1030,ground_truth
images/Trip 807 Day 1 07-12-05 Image 6_13.png,Trip 807 Day 1 07-12-05 Image 6_13_crop_003.png,val,2,trophozoite,702,986,773,1030,ground_truth
images/Trip 807 Day 1 07-12-05 Image 6_14.png,Trip 807 Day 1 07-12-05 Image 6_14_crop_000.png,test,1,schizont,191,406,282,502,ground_truth
images/Trip 807 Day 1 07-12-05 Image 6_14.png,Trip 807 Day 1 07-12-05 Image 6_14_crop_001.png,test,1,schizont,923,335,1014,431,ground_truth
images/Trip 807 Day 1 07-12-05 Image 6_15.png,Trip 807 Day 1 07-12-05 Image 6_15_crop_000.png,train,1,schizont,271,740,362,836,ground_truth
images/Trip 807 Day 1 07-12-05 Image 6_16.png,Trip 807 Day 1 07-12-05 Image 6_16_crop_000.png,train,1,schizont,75,452,166,548,ground_truth
images/Trip 807 Day 1 07-12-05 Image 6_16.png,Trip 807 Day 1 07-12-05 Image 6_16_crop_001.png,train,2,trophozoite,622,671,693,741,ground_truth
images/Trip 807 Day 1 07-12-05 Image 6_2.png,Trip 807 Day 1 07-12-05 Image 6_2_crop_000.png,val,1,schizont,1052,614,1143,710,ground_truth
images/Trip 807 Day 1 07-12-05 Image 6_4.png,Trip 807 Day 1 07-12-05 Image 6_4_crop_000.png,train,2,trophozoite,27,698,98,768,ground_truth
images/Trip 807 Day 1 07-12-05 Image 6_5.png,Trip 807 Day 1 07-12-05 Image 6_5_crop_000.png,train,1,schizont,983,531,1074,627,ground_truth
images/Trip 807 Day 1 07-12-05 Image 6_5.png,Trip 807 Day 1 07-12-05 Image 6_5_crop_001.png,train,1,schizont,1189,505,1280,601,ground_truth
images/Trip 807 Day 1 07-12-05 Image 6_5.png,Trip 807 Day 1 07-12-05 Image 6_5_crop_002.png,train,2,trophozoite,1022,357,1093,427,ground_truth
images/Trip 807 Day 1 07-12-05 Image 6_7.png,Trip 807 Day 1 07-12-05 Image 6_7_crop_000.png,train,1,schizont,510,954,601,1030,ground_truth
images/Trip 807 Day 1 07-12-05 Image 6_8.png,Trip 807 Day 1 07-12-05 Image 6_8_crop_000.png,train,1,schizont,1182,439,1273,535,ground_truth
images/Trip 807 Day 1 07-12-05 Image 8_1.png,Trip 807 Day 1 07-12-05 Image 8_1_crop_000.png,train,1,schizont,865,303,956,399,ground_truth
images/Trip 807 Day 1 07-12-05 Image 8_1.png,Trip 807 Day 1 07-12-05 Image 8_1_crop_001.png,train,1,schizont,238,162,329,258,ground_truth
images/Trip 807 Day 1 07-12-05 Image 8_1.png,Trip 807 Day 1 07-12-05 Image 8_1_crop_002.png,train,1,schizont,299,266,390,362,ground_truth
images/Trip 807 Day 1 07-12-05 Image 8_1.png,Trip 807 Day 1 07-12-05 Image 8_1_crop_003.png,train,1,schizont,462,870,553,967,ground_truth
images/Trip 807 Day 1 07-12-05 Image 8_1.png,Trip 807 Day 1 07-12-05 Image 8_1_crop_004.png,train,1,schizont,411,627,502,723,ground_truth
images/Trip 807 Day 1 07-12-05 Image 8_10.png,Trip 807 Day 1 07-12-05 Image 8_10_crop_000.png,train,1,schizont,1176,163,1267,259,ground_truth
images/Trip 807 Day 1 07-12-05 Image 8_10.png,Trip 807 Day 1 07-12-05 Image 8_10_crop_001.png,train,1,schizont,783,621,874,717,ground_truth
images/Trip 807 Day 1 07-12-05 Image 8_10.png,Trip 807 Day 1 07-12-05 Image 8_10_crop_002.png,train,1,schizont,891,695,982,791,ground_truth
images/Trip 807 Day 1 07-12-05 Image 8_10.png,Trip 807 Day 1 07-12-05 Image 8_10_crop_003.png,train,1,schizont,343,571,434,667,ground_truth
images/Trip 807 Day 1 07-12-05 Image 8_11.png,Trip 807 Day 1 07-12-05 Image 8_11_crop_000.png,train,1,schizont,501,100,592,196,ground_truth
images/Trip 807 Day 1 07-12-05 Image 8_12.png,Trip 807 Day 1 07-12-05 Image 8_12_crop_000.png,train,1,schizont,813,297,904,393,ground_truth
images/Trip 807 Day 1 07-12-05 Image 8_12.png,Trip 807 Day 1 07-12-05 Image 8_12_crop_001.png,train,1,schizont,1095,724,1186,820,ground_truth
images/Trip 807 Day 1 07-12-05 Image 8_13.png,Trip 807 Day 1 07-12-05 Image 8_13_crop_000.png,val,1,schizont,303,732,394,828,ground_truth
images/Trip 807 Day 1 07-12-05 Image 8_13.png,Trip 807 Day 1 07-12-05 Image 8_13_crop_001.png,val,1,schizont,90,330,181,426,ground_truth
images/Trip 807 Day 1 07-12-05 Image 8_14.png,Trip 807 Day 1 07-12-05 Image 8_14_crop_000.png,train,1,schizont,346,367,437,463,ground_truth
images/Trip 807 Day 1 07-12-05 Image 8_14.png,Trip 807 Day 1 07-12-05 Image 8_14_crop_001.png,train,2,trophozoite,299,842,370,912,ground_truth
images/Trip 807 Day 1 07-12-05 Image 8_15.png,Trip 807 Day 1 07-12-05 Image 8_15_crop_000.png,train,1,schizont,763,691,854,787,ground_truth
images/Trip 807 Day 1 07-12-05 Image 8_15.png,Trip 807 Day 1 07-12-05 Image 8_15_crop_001.png,train,1,schizont,181,703,272,799,ground_truth
images/Trip 807 Day 1 07-12-05 Image 8_15.png,Trip 807 Day 1 07-12-05 Image 8_15_crop_002.png,train,1,schizont,882,0,973,89,ground_truth
images/Trip 807 Day 1 07-12-05 Image 8_16.png,Trip 807 Day 1 07-12-05 Image 8_16_crop_000.png,train,1,schizont,291,367,382,463,ground_truth
images/Trip 807 Day 1 07-12-05 Image 8_16.png,Trip 807 Day 1 07-12-05 Image 8_16_crop_001.png,train,1,schizont,130,464,221,560,ground_truth
images/Trip 807 Day 1 07-12-05 Image 8_16.png,Trip 807 Day 1 07-12-05 Image 8_16_crop_002.png,train,1,schizont,902,922,993,1018,ground_truth
images/Trip 807 Day 1 07-12-05 Image 8_16.png,Trip 807 Day 1 07-12-05 Image 8_16_crop_003.png,train,2,trophozoite,54,903,125,973,ground_truth
images/Trip 807 Day 1 07-12-05 Image 8_16.png,Trip 807 Day 1 07-12-05 Image 8_16_crop_004.png,train,1,schizont,1316,164,1381,260,ground_truth
images/Trip 807 Day 1 07-12-05 Image 8_16.png,Trip 807 Day 1 07-12-05 Image 8_16_crop_005.png,train,1,schizont,351,952,442,1029,ground_truth
images/Trip 807 Day 1 07-12-05 Image 8_2.png,Trip 807 Day 1 07-12-05 Image 8_2_crop_000.png,train,1,schizont,721,704,812,801,ground_truth
images/Trip 807 Day 1 07-12-05 Image 8_3.png,Trip 807 Day 1 07-12-05 Image 8_3_crop_000.png,train,1,schizont,562,970,653,1030,ground_truth
images/Trip 807 Day 1 07-12-05 Image 8_4.png,Trip 807 Day 1 07-12-05 Image 8_4_crop_000.png,val,1,schizont,459,606,550,702,ground_truth
images/Trip 807 Day 1 07-12-05 Image 8_5.png,Trip 807 Day 1 07-12-05 Image 8_5_crop_000.png,train,1,schizont,687,421,778,517,ground_truth
images/Trip 807 Day 1 07-12-05 Image 8_6.png,Trip 807 Day 1 07-12-05 Image 8_6_crop_000.png,train,1,schizont,76,635,167,731,ground_truth
images/Trip 807 Day 1 07-12-05 Image 8_6.png,Trip 807 Day 1 07-12-05 Image 8_6_crop_001.png,train,1,schizont,1042,227,1133,323,ground_truth
images/Trip 807 Day 1 07-12-05 Image 8_6.png,Trip 807 Day 1 07-12-05 Image 8_6_crop_002.png,train,1,schizont,878,341,969,437,ground_truth
images/Trip 807 Day 1 07-12-05 Image 8_6.png,Trip 807 Day 1 07-12-05 Image 8_6_crop_003.png,train,1,schizont,1087,304,1178,400,ground_truth
images/Trip 807 Day 1 07-12-05 Image 8_6.png,Trip 807 Day 1 07-12-05 Image 8_6_crop_004.png,train,1,schizont,710,551,801,647,ground_truth
images/Trip 807 Day 1 07-12-05 Image 8_7.png,Trip 807 Day 1 07-12-05 Image 8_7_crop_000.png,train,1,schizont,970,42,1061,138,ground_truth
images/Trip 807 Day 1 07-12-05 Image 8_7.png,Trip 807 Day 1 07-12-05 Image 8_7_crop_001.png,train,2,trophozoite,580,0,651,50,ground_truth
images/Trip 807 Day 1 07-12-05 Image 8_8.png,Trip 807 Day 1 07-12-05 Image 8_8_crop_000.png,val,1,schizont,1246,774,1337,870,ground_truth
images/Trip 807 Day 1 07-12-05 Image 8_8.png,Trip 807 Day 1 07-12-05 Image 8_8_crop_001.png,val,1,schizont,272,375,363,471,ground_truth
images/Trip 807 Day 1 07-12-05 Image 8_9.png,Trip 807 Day 1 07-12-05 Image 8_9_crop_000.png,val,2,trophozoite,950,195,1021,264,ground_truth
images/Trip 807 Day 1 07-12-05 Image 8_9.png,Trip 807 Day 1 07-12-05 Image 8_9_crop_001.png,val,1,schizont,255,56,346,152,ground_truth
images/Trip 808 Day 2 08-12-05 Image 1_1.png,Trip 808 Day 2 08-12-05 Image 1_1_crop_000.png,val,1,schizont,96,234,187,330,ground_truth
images/Trip 808 Day 2 08-12-05 Image 1_1.png,Trip 808 Day 2 08-12-05 Image 1_1_crop_001.png,val,2,trophozoite,1014,211,1085,280,ground_truth
images/Trip 808 Day 2 08-12-05 Image 1_1.png,Trip 808 Day 2 08-12-05 Image 1_1_crop_002.png,val,2,trophozoite,963,72,1034,142,ground_truth
images/Trip 808 Day 2 08-12-05 Image 1_1.png,Trip 808 Day 2 08-12-05 Image 1_1_crop_003.png,val,2,trophozoite,389,715,460,785,ground_truth
images/Trip 808 Day 2 08-12-05 Image 1_10.png,Trip 808 Day 2 08-12-05 Image 1_10_crop_000.png,train,1,schizont,803,220,894,317,ground_truth
images/Trip 808 Day 2 08-12-05 Image 1_10.png,Trip 808 Day 2 08-12-05 Image 1_10_crop_001.png,train,1,schizont,1253,0,1344,77,ground_truth
images/Trip 808 Day 2 08-12-05 Image 1_10.png,Trip 808 Day 2 08-12-05 Image 1_10_crop_002.png,train,0,ring,614,382,655,418,ground_truth
images/Trip 808 Day 2 08-12-05 Image 1_10.png,Trip 808 Day 2 08-12-05 Image 1_10_crop_003.png,train,0,ring,169,555,210,591,ground_truth
images/Trip 808 Day 2 08-12-05 Image 1_11.png,Trip 808 Day 2 08-12-05 Image 1_11_crop_000.png,val,1,schizont,1084,702,1175,798,ground_truth
images/Trip 808 Day 2 08-12-05 Image 1_11.png,Trip 808 Day 2 08-12-05 Image 1_11_crop_001.png,val,1,schizont,741,314,832,410,ground_truth
images/Trip 808 Day 2 08-12-05 Image 1_11.png,Trip 808 Day 2 08-12-05 Image 1_11_crop_002.png,val,1,schizont,191,387,282,484,ground_truth
images/Trip 808 Day 2 08-12-05 Image 1_11.png,Trip 808 Day 2 08-12-05 Image 1_11_crop_003.png,val,0,ring,208,960,249,996,ground_truth
images/Trip 808 Day 2 08-12-05 Image 1_11.png,Trip 808 Day 2 08-12-05 Image 1_11_crop_004.png,val,2,trophozoite,1074,893,1145,963,ground_truth
images/Trip 808 Day 2 08-12-05 Image 1_11.png,Trip 808 Day 2 08-12-05 Image 1_11_crop_005.png,val,2,trophozoite,1081,623,1152,692,ground_truth
images/Trip 808 Day 2 08-12-05 Image 1_11.png,Trip 808 Day 2 08-12-05 Image 1_11_crop_006.png,val,2,trophozoite,75,968,146,1030,ground_truth
images/Trip 808 Day 2 08-12-05 Image 1_11.png,Trip 808 Day 2 08-12-05 Image 1_11_crop_007.png,val,0,ring,268,711,308,746,ground_truth
images/Trip 808 Day 2 08-12-05 Image 1_12.png,Trip 808 Day 2 08-12-05 Image 1_12_crop_000.png,val,2,trophozoite,260,339,331,409,ground_truth
images/Trip 808 Day 2 08-12-05 Image 1_12.png,Trip 808 Day 2 08-12-05 Image 1_12_crop_001.png,val,2,trophozoite,243,119,314,189,ground_truth
images/Trip 808 Day 2 08-12-05 Image 1_13.png,Trip 808 Day 2 08-12-05 Image 1_13_crop_000.png,val,1,schizont,1230,801,1321,897,ground_truth
images/Trip 808 Day 2 08-12-05 Image 1_13.png,Trip 808 Day 2 08-12-05 Image 1_13_crop_001.png,val,0,ring,1095,5,1135,40,ground_truth
images/Trip 808 Day 2 08-12-05 Image 1_13.png,Trip 808 Day 2 08-12-05 Image 1_13_crop_002.png,val,0,ring,976,691,1016,727,ground_truth
images/Trip 808 Day 2 08-12-05 Image 1_13.png,Trip 808 Day 2 08-12-05 Image 1_13_crop_003.png,val,0,ring,1278,294,1318,330,ground_truth
images/Trip 808 Day 2 08-12-05 Image 1_14.png,Trip 808 Day 2 08-12-05 Image 1_14_crop_000.png,train,0,ring,528,521,568,556,ground_truth
images/Trip 808 Day 2 08-12-05 Image 1_14.png,Trip 808 Day 2 08-12-05 Image 1_14_crop_001.png,train,2,trophozoite,1246,77,1317,147,ground_truth
images/Trip 808 Day 2 08-12-05 Image 1_14.png,Trip 808 Day 2 08-12-05 Image 1_14_crop_002.png,train,2,trophozoite,922,771,993,841,ground_truth
images/Trip 808 Day 2 08-12-05 Image 1_14.png,Trip 808 Day 2 08-12-05 Image 1_14_crop_003.png,train,2,trophozoite,89,836,160,905,ground_truth
images/Trip 808 Day 2 08-12-05 Image 1_14.png,Trip 808 Day 2 08-12-05 Image 1_14_crop_004.png,train,0,ring,1083,522,1123,557,ground_truth
images/Trip 808 Day 2 08-12-05 Image 1_16.png,Trip 808 Day 2 08-12-05 Image 1_16_crop_000.png,train,1,schizont,745,936,836,1029,ground_truth
images/Trip 808 Day 2 08-12-05 Image 1_16.png,Trip 808 Day 2 08-12-05 Image 1_16_crop_001.png,train,2,trophozoite,756,803,827,873,ground_truth
images/Trip 808 Day 2 08-12-05 Image 1_16.png,Trip 808 Day 2 08-12-05 Image 1_16_crop_002.png,train,2,trophozoite,261,670,332,739,ground_truth
images/Trip 808 Day 2 08-12-05 Image 1_16.png,Trip 808 Day 2 08-12-05 Image 1_16_crop_003.png,train,0,ring,674,887,714,922,ground_truth
images/Trip 808 Day 2 08-12-05 Image 1_2.png,Trip 808 Day 2 08-12-05 Image 1_2_crop_000.png,train,2,trophozoite,787,694,858,763,ground_truth
images/Trip 808 Day 2 08-12-05 Image 1_3.png,Trip 808 Day 2 08-12-05 Image 1_3_crop_000.png,train,2,trophozoite,826,0,897,63,ground_truth
images/Trip 808 Day 2 08-12-05 Image 1_4.png,Trip 808 Day 2 08-12-05 Image 1_4_crop_000.png,train,2,trophozoite,407,640,478,710,ground_truth
images/Trip 808 Day 2 08-12-05 Image 1_4.png,Trip 808 Day 2 08-12-05 Image 1_4_crop_001.png,train,2,trophozoite,332,20,403,89,ground_truth
images/Trip 808 Day 2 08-12-05 Image 1_4.png,Trip 808 Day 2 08-12-05 Image 1_4_crop_002.png,train,2,trophozoite,1335,272,1382,342,ground_truth
images/Trip 808 Day 2 08-12-05 Image 1_4.png,Trip 808 Day 2 08-12-05 Image 1_4_crop_003.png,train,0,ring,37,133,78,168,ground_truth
images/Trip 808 Day 2 08-12-05 Image 1_4.png,Trip 808 Day 2 08-12-05 Image 1_4_crop_004.png,train,0,ring,1061,553,1101,588,ground_truth
images/Trip 808 Day 2 08-12-05 Image 1_6.png,Trip 808 Day 2 08-12-05 Image 1_6_crop_000.png,train,1,schizont,1292,945,1381,1029,ground_truth
images/Trip 808 Day 2 08-12-05 Image 1_6.png,Trip 808 Day 2 08-12-05 Image 1_6_crop_001.png,train,1,schizont,887,141,978,238,ground_truth
images/Trip 808 Day 2 08-12-05 Image 1_6.png,Trip 808 Day 2 08-12-05 Image 1_6_crop_002.png,train,0,ring,415,567,456,602,ground_truth
images/Trip 808 Day 2 08-12-05 Image 1_7.png,Trip 808 Day 2 08-12-05 Image 1_7_crop_000.png,train,1,schizont,871,745,962,841,ground_truth
images/Trip 808 Day 2 08-12-05 Image 1_7.png,Trip 808 Day 2 08-12-05 Image 1_7_crop_001.png,train,2,trophozoite,256,494,327,564,ground_truth
images/Trip 808 Day 2 08-12-05 Image 1_8.png,Trip 808 Day 2 08-12-05 Image 1_8_crop_000.png,train,2,trophozoite,131,638,202,707,ground_truth
images/Trip 808 Day 2 08-12-05 Image 1_8.png,Trip 808 Day 2 08-12-05 Image 1_8_crop_001.png,train,2,trophozoite,896,808,967,878,ground_truth
images/Trip 808 Day 2 08-12-05 Image 1_8.png,Trip 808 Day 2 08-12-05 Image 1_8_crop_002.png,train,0,ring,173,893,213,928,ground_truth
images/Trip 808 Day 2 08-12-05 Image 1_9.png,Trip 808 Day 2 08-12-05 Image 1_9_crop_000.png,train,1,schizont,0,72,86,168,ground_truth
images/Trip 808 Day 2 08-12-05 Image 1_9.png,Trip 808 Day 2 08-12-05 Image 1_9_crop_001.png,train,0,ring,876,849,916,885,ground_truth
images/Trip 808 Day 2 08-12-05 Image 3_1.png,Trip 808 Day 2 08-12-05 Image 3_1_crop_000.png,train,1,schizont,1305,680,1382,777,ground_truth
images/Trip 808 Day 2 08-12-05 Image 3_1.png,Trip 808 Day 2 08-12-05 Image 3_1_crop_001.png,train,0,ring,84,311,125,347,ground_truth
images/Trip 808 Day 2 08-12-05 Image 3_1.png,Trip 808 Day 2 08-12-05 Image 3_1_crop_002.png,train,0,ring,319,364,359,399,ground_truth
images/Trip 808 Day 2 08-12-05 Image 3_1.png,Trip 808 Day 2 08-12-05 Image 3_1_crop_003.png,train,1,schizont,192,222,283,318,ground_truth
images/Trip 808 Day 2 08-12-05 Image 3_1.png,Trip 808 Day 2 08-12-05 Image 3_1_crop_004.png,train,2,trophozoite,637,942,708,1012,ground_truth
images/Trip 808 Day 2 08-12-05 Image 3_1.png,Trip 808 Day 2 08-12-05 Image 3_1_crop_005.png,train,2,trophozoite,1194,379,1265,449,ground_truth
images/Trip 808 Day 2 08-12-05 Image 3_10.png,Trip 808 Day 2 08-12-05 Image 3_10_crop_000.png,test,1,schizont,762,930,853,1026,ground_truth
images/Trip 808 Day 2 08-12-05 Image 3_11.png,Trip 808 Day 2 08-12-05 Image 3_11_crop_000.png,val,1,schizont,971,14,1062,111,ground_truth
images/Trip 808 Day 2 08-12-05 Image 3_11.png,Trip 808 Day 2 08-12-05 Image 3_11_crop_001.png,val,1,schizont,332,460,423,556,ground_truth
images/Trip 808 Day 2 08-12-05 Image 3_11.png,Trip 808 Day 2 08-12-05 Image 3_11_crop_002.png,val,1,schizont,1317,383,1381,479,ground_truth
images/Trip 808 Day 2 08-12-05 Image 3_11.png,Trip 808 Day 2 08-12-05 Image 3_11_crop_003.png,val,0,ring,1066,342,1106,378,ground_truth
images/Trip 808 Day 2 08-12-05 Image 3_12.png,Trip 808 Day 2 08-12-05 Image 3_12_crop_000.png,train,1,schizont,95,284,186,381,ground_truth
images/Trip 808 Day 2 08-12-05 Image 3_12.png,Trip 808 Day 2 08-12-05 Image 3_12_crop_001.png,train,1,schizont,311,615,402,711,ground_truth
images/Trip 808 Day 2 08-12-05 Image 3_12.png,Trip 808 Day 2 08-12-05 Image 3_12_crop_002.png,train,2,trophozoite,1071,104,1142,174,ground_truth
images/Trip 808 Day 2 08-12-05 Image 3_12.png,Trip 808 Day 2 08-12-05 Image 3_12_crop_003.png,train,0,ring,175,842,215,878,ground_truth
images/Trip 808 Day 2 08-12-05 Image 3_13.png,Trip 808 Day 2 08-12-05 Image 3_13_crop_000.png,train,1,schizont,864,238,955,334,ground_truth
images/Trip 808 Day 2 08-12-05 Image 3_13.png,Trip 808 Day 2 08-12-05 Image 3_13_crop_001.png,train,2,trophozoite,873,866,944,936,ground_truth
images/Trip 808 Day 2 08-12-05 Image 3_13.png,Trip 808 Day 2 08-12-05 Image 3_13_crop_002.png,train,2,trophozoite,1048,230,1119,300,ground_truth
images/Trip 808 Day 2 08-12-05 Image 3_13.png,Trip 808 Day 2 08-12-05 Image 3_13_crop_003.png,train,2,trophozoite,1267,713,1338,783,ground_truth
images/Trip 808 Day 2 08-12-05 Image 3_13.png,Trip 808 Day 2 08-12-05 Image 3_13_crop_004.png,train,0,ring,132,421,172,457,ground_truth
images/Trip 808 Day 2 08-12-05 Image 3_14.png,Trip 808 Day 2 08-12-05 Image 3_14_crop_000.png,val,2,trophozoite,570,458,641,528,ground_truth
images/Trip 808 Day 2 08-12-05 Image 3_14.png,Trip 808 Day 2 08-12-05 Image 3_14_crop_001.png,val,2,trophozoite,28,199,99,269,ground_truth
images/Trip 808 Day 2 08-12-05 Image 3_14.png,Trip 808 Day 2 08-12-05 Image 3_14_crop_002.png,val,2,trophozoite,822,143,893,213,ground_truth
images/Trip 808 Day 2 08-12-05 Image 3_14.png,Trip 808 Day 2 08-12-05 Image 3_14_crop_003.png,val,1,schizont,1319,613,1382,709,ground_truth
images/Trip 808 Day 2 08-12-05 Image 3_14.png,Trip 808 Day 2 08-12-05 Image 3_14_crop_004.png,val,0,ring,188,702,229,737,ground_truth
images/Trip 808 Day 2 08-12-05 Image 3_15.png,Trip 808 Day 2 08-12-05 Image 3_15_crop_000.png,train,0,ring,475,354,515,389,ground_truth
images/Trip 808 Day 2 08-12-05 Image 3_15.png,Trip 808 Day 2 08-12-05 Image 3_15_crop_001.png,train,1,schizont,792,42,883,138,ground_truth
images/Trip 808 Day 2 08-12-05 Image 3_15.png,Trip 808 Day 2 08-12-05 Image 3_15_crop_002.png,train,0,ring,905,311,945,347,ground_truth
images/Trip 808 Day 2 08-12-05 Image 3_15.png,Trip 808 Day 2 08-12-05 Image 3_15_crop_003.png,train,1,schizont,0,606,66,702,ground_truth
images/Trip 808 Day 2 08-12-05 Image 3_16.png,Trip 808 Day 2 08-12-05 Image 3_16_crop_000.png,val,1,schizont,912,684,1003,780,ground_truth
images/Trip 808 Day 2 08-12-05 Image 3_16.png,Trip 808 Day 2 08-12-05 Image 3_16_crop_001.png,val,0,ring,809,96,850,132,ground_truth
images/Trip 808 Day 2 08-12-05 Image 3_16.png,Trip 808 Day 2 08-12-05 Image 3_16_crop_002.png,val,2,trophozoite,1199,848,1270,918,ground_truth
images/Trip 808 Day 2 08-12-05 Image 3_2.png,Trip 808 Day 2 08-12-05 Image 3_2_crop_000.png,train,0,ring,16,611,57,647,ground_truth
images/Trip 808 Day 2 08-12-05 Image 3_2.png,Trip 808 Day 2 08-12-05 Image 3_2_crop_001.png,train,1,schizont,1127,0,1218,73,ground_truth
images/Trip 808 Day 2 08-12-05 Image 3_2.png,Trip 808 Day 2 08-12-05 Image 3_2_crop_002.png,train,1,schizont,1226,0,1317,73,ground_truth
images/Trip 808 Day 2 08-12-05 Image 3_2.png,Trip 808 Day 2 08-12-05 Image 3_2_crop_003.png,train,0,ring,409,502,449,538,ground_truth
images/Trip 808 Day 2 08-12-05 Image 3_5.png,Trip 808 Day 2 08-12-05 Image 3_5_crop_000.png,train,1,schizont,794,151,885,247,ground_truth
images/Trip 808 Day 2 08-12-05 Image 3_5.png,Trip 808 Day 2 08-12-05 Image 3_5_crop_001.png,train,1,schizont,727,418,818,515,ground_truth
images/Trip 808 Day 2 08-12-05 Image 3_5.png,Trip 808 Day 2 08-12-05 Image 3_5_crop_002.png,train,1,schizont,1068,44,1159,140,ground_truth
images/Trip 808 Day 2 08-12-05 Image 3_5.png,Trip 808 Day 2 08-12-05 Image 3_5_crop_003.png,train,0,ring,30,778,71,814,ground_truth
images/Trip 808 Day 2 08-12-05 Image 3_6.png,Trip 808 Day 2 08-12-05 Image 3_6_crop_000.png,train,1,schizont,766,379,857,476,ground_truth
images/Trip 808 Day 2 08-12-05 Image 3_6.png,Trip 808 Day 2 08-12-05 Image 3_6_crop_001.png,train,1,schizont,719,572,810,668,ground_truth
images/Trip 808 Day 2 08-12-05 Image 3_6.png,Trip 808 Day 2 08-12-05 Image 3_6_crop_002.png,train,2,trophozoite,531,642,602,712,ground_truth
images/Trip 808 Day 2 08-12-05 Image 3_7.png,Trip 808 Day 2 08-12-05 Image 3_7_crop_000.png,test,1,schizont,1028,360,1119,456,ground_truth
images/Trip 808 Day 2 08-12-05 Image 3_7.png,Trip 808 Day 2 08-12-05 Image 3_7_crop_001.png,test,1,schizont,521,865,612,961,ground_truth
images/Trip 808 Day 2 08-12-05 Image 3_7.png,Trip 808 Day 2 08-12-05 Image 3_7_crop_002.png,test,0,ring,23,441,64,476,ground_truth
images/Trip 808 Day 2 08-12-05 Image 3_8.png,Trip 808 Day 2 08-12-05 Image 3_8_crop_000.png,train,0,ring,585,228,626,263,ground_truth
images/Trip 808 Day 2 08-12-05 Image 3_8.png,Trip 808 Day 2 08-12-05 Image 3_8_crop_001.png,train,1,schizont,732,424,823,520,ground_truth
images/Trip 808 Day 2 08-12-05 Image 3_8.png,Trip 808 Day 2 08-12-05 Image 3_8_crop_002.png,train,2,trophozoite,719,537,790,607,ground_truth
images/Trip 808 Day 2 08-12-05 Image 3_8.png,Trip 808 Day 2 08-12-05 Image 3_8_crop_003.png,train,0,ring,918,117,959,152,ground_truth
images/Trip 808 Day 2 08-12-05 Image 3_8.png,Trip 808 Day 2 08-12-05 Image 3_8_crop_004.png,train,0,ring,830,953,870,989,ground_truth
images/Trip 808 Day 2 08-12-05 Image 3_9.png,Trip 808 Day 2 08-12-05 Image 3_9_crop_000.png,train,1,schizont,1268,3,1359,99,ground_truth
images/Trip 808 Day 2 08-12-05 Image 3_9.png,Trip 808 Day 2 08-12-05 Image 3_9_crop_001.png,train,0,ring,998,494,1038,530,ground_truth
images/Trip 808 Day 2 08-12-05 Image 3_9.png,Trip 808 Day 2 08-12-05 Image 3_9_crop_002.png,train,1,schizont,28,653,119,749,ground_truth
images/Trip 808 Day 2 08-12-05 Image 3_9.png,Trip 808 Day 2 08-12-05 Image 3_9_crop_003.png,train,2,trophozoite,1166,141,1237,211,ground_truth
images/Trip 808 Day 2 08-12-05 Image 3_9.png,Trip 808 Day 2 08-12-05 Image 3_9_crop_004.png,train,0,ring,556,599,597,634,ground_truth
images/Trip 808 Day 2 08-12-05 Image 3_9.png,Trip 808 Day 2 08-12-05 Image 3_9_crop_005.png,train,1,schizont,374,67,465,163,ground_truth
images/Trip 808 Day 2 08-12-05 Image 5_1.png,Trip 808 Day 2 08-12-05 Image 5_1_crop_000.png,train,1,schizont,320,624,411,721,ground_truth
images/Trip 808 Day 2 08-12-05 Image 5_1.png,Trip 808 Day 2 08-12-05 Image 5_1_crop_001.png,train,2,trophozoite,511,81,582,151,ground_truth
images/Trip 808 Day 2 08-12-05 Image 5_1.png,Trip 808 Day 2 08-12-05 Image 5_1_crop_002.png,train,2,trophozoite,237,870,308,940,ground_truth
images/Trip 808 Day 2 08-12-05 Image 5_1.png,Trip 808 Day 2 08-12-05 Image 5_1_crop_003.png,train,0,ring,229,537,269,572,ground_truth
images/Trip 808 Day 2 08-12-05 Image 5_1.png,Trip 808 Day 2 08-12-05 Image 5_1_crop_004.png,train,0,ring,90,579,130,615,ground_truth
images/Trip 808 Day 2 08-12-05 Image 5_10.png,Trip 808 Day 2 08-12-05 Image 5_10_crop_000.png,test,1,schizont,1040,869,1131,965,ground_truth
images/Trip 808 Day 2 08-12-05 Image 5_10.png,Trip 808 Day 2 08-12-05 Image 5_10_crop_001.png,test,2,trophozoite,248,757,319,826,ground_truth
images/Trip 808 Day 2 08-12-05 Image 5_11.png,Trip 808 Day 2 08-12-05 Image 5_11_crop_000.png,train,1,schizont,943,171,1034,267,ground_truth
images/Trip 808 Day 2 08-12-05 Image 5_11.png,Trip 808 Day 2 08-12-05 Image 5_11_crop_001.png,train,1,schizont,857,29,948,125,ground_truth
images/Trip 808 Day 2 08-12-05 Image 5_11.png,Trip 808 Day 2 08-12-05 Image 5_11_crop_002.png,train,1,schizont,710,542,801,638,ground_truth
images/Trip 808 Day 2 08-12-05 Image 5_11.png,Trip 808 Day 2 08-12-05 Image 5_11_crop_003.png,train,2,trophozoite,625,801,696,871,ground_truth
images/Trip 808 Day 2 08-12-05 Image 5_11.png,Trip 808 Day 2 08-12-05 Image 5_11_crop_004.png,train,2,trophozoite,293,580,364,650,ground_truth
images/Trip 808 Day 2 08-12-05 Image 5_12.png,Trip 808 Day 2 08-12-05 Image 5_12_crop_000.png,train,1,schizont,178,739,269,835,ground_truth
images/Trip 808 Day 2 08-12-05 Image 5_13.png,Trip 808 Day 2 08-12-05 Image 5_13_crop_000.png,test,1,schizont,427,621,518,717,ground_truth
images/Trip 808 Day 2 08-12-05 Image 5_14.png,Trip 808 Day 2 08-12-05 Image 5_14_crop_000.png,train,2,trophozoite,63,0,134,63,ground_truth
images/Trip 808 Day 2 08-12-05 Image 5_15.png,Trip 808 Day 2 08-12-05 Image 5_15_crop_000.png,test,1,schizont,1004,82,1095,178,ground_truth
images/Trip 808 Day 2 08-12-05 Image 5_16.png,Trip 808 Day 2 08-12-05 Image 5_16_crop_000.png,test,1,schizont,880,225,971,321,ground_truth
images/Trip 808 Day 2 08-12-05 Image 5_16.png,Trip 808 Day 2 08-12-05 Image 5_16_crop_001.png,test,1,schizont,947,315,1038,412,ground_truth
images/Trip 808 Day 2 08-12-05 Image 5_16.png,Trip 808 Day 2 08-12-05 Image 5_16_crop_002.png,test,1,schizont,1025,532,1116,628,ground_truth
images/Trip 808 Day 2 08-12-05 Image 5_16.png,Trip 808 Day 2 08-12-05 Image 5_16_crop_003.png,test,0,ring,445,421,485,457,ground_truth
images/Trip 808 Day 2 08-12-05 Image 5_2.png,Trip 808 Day 2 08-12-05 Image 5_2_crop_000.png,train,1,schizont,248,442,339,539,ground_truth
images/Trip 808 Day 2 08-12-05 Image 5_3.png,Trip 808 Day 2 08-12-05 Image 5_3_crop_000.png,train,2,trophozoite,198,348,269,418,ground_truth
images/Trip 808 Day 2 08-12-05 Image 5_3.png,Trip 808 Day 2 08-12-05 Image 5_3_crop_001.png,train,0,ring,677,977,718,1013,ground_truth
images/Trip 808 Day 2 08-12-05 Image 5_4.png,Trip 808 Day 2 08-12-05 Image 5_4_crop_000.png,train,2,trophozoite,772,979,843,1030,ground_truth
images/Trip 808 Day 2 08-12-05 Image 5_5.png,Trip 808 Day 2 08-12-05 Image 5_5_crop_000.png,val,1,schizont,1255,9,1346,105,ground_truth
images/Trip 808 Day 2 08-12-05 Image 5_5.png,Trip 808 Day 2 08-12-05 Image 5_5_crop_001.png,val,0,ring,458,836,499,871,ground_truth
images/Trip 808 Day 2 08-12-05 Image 5_5.png,Trip 808 Day 2 08-12-05 Image 5_5_crop_002.png,val,0,ring,942,502,982,538,ground_truth
images/Trip 808 Day 2 08-12-05 Image 5_5.png,Trip 808 Day 2 08-12-05 Image 5_5_crop_003.png,val,0,ring,314,925,354,960,ground_truth
images/Trip 808 Day 2 08-12-05 Image 5_6.png,Trip 808 Day 2 08-12-05 Image 5_6_crop_000.png,train,1,schizont,1024,247,1115,343,ground_truth
images/Trip 808 Day 2 08-12-05 Image 5_7.png,Trip 808 Day 2 08-12-05 Image 5_7_crop_000.png,val,1,schizont,680,155,771,251,ground_truth
images/Trip 808 Day 2 08-12-05 Image 5_7.png,Trip 808 Day 2 08-12-05 Image 5_7_crop_001.png,val,2,trophozoite,474,412,545,482,ground_truth
images/Trip 808 Day 2 08-12-05 Image 5_7.png,Trip 808 Day 2 08-12-05 Image 5_7_crop_002.png,val,1,schizont,669,646,760,742,ground_truth
images/Trip 808 Day 2 08-12-05 Image 5_7.png,Trip 808 Day 2 08-12-05 Image 5_7_crop_003.png,val,1,schizont,754,851,845,947,ground_truth
images/Trip 808 Day 2 08-12-05 Image 5_8.png,Trip 808 Day 2 08-12-05 Image 5_8_crop_000.png,train,1,schizont,1217,801,1308,897,ground_truth
images/Trip 808 Day 2 08-12-05 Image 5_8.png,Trip 808 Day 2 08-12-05 Image 5_8_crop_001.png,train,0,ring,577,985,617,1021,ground_truth
images/Trip 808 Day 2 08-12-05 Image 5_8.png,Trip 808 Day 2 08-12-05 Image 5_8_crop_002.png,train,1,schizont,1216,290,1307,386,ground_truth
images/Trip 808 Day 2 08-12-05 Image 5_9.png,Trip 808 Day 2 08-12-05 Image 5_9_crop_000.png,train,2,trophozoite,652,721,723,791,ground_truth
